TITLE,
DATA TYPE,FLUORESCENCE SPECTRUM
ORIGIN,JASCO
OWNER,
DATE,2023/08/03
TIME,11:18:43
SPECTROMETER/DATA SYSTEM,JASCO Corp., FP-8550, Rev. 1.00
DELTAX,0.5
XUNITS,NANOMETERS
YUNITS,INTENSITY
FIRSTX,  500.0000
LASTX,  800.0000
NPOINTS,     601
FIRSTY,    11.30478
MAXY,   430.71680
MINY,     5.81230
XYDATA
,350,355,360,365,370,375,380,385,390,395,400,405,410,415,420,425,430,435,440,445,450,455,460,465,470,475,480,485,490,495,500,505,510,515,520,525,530,535,540,545,550,555,560,565,570,575,580,585,590,595,600,605,610,615,620,625,630,635,640,645,650
500,11.3048,11.4547,11.1685,10.5395,10.386,9.77628,8.80948,8.8771,8.37807,8.28271,8.24833,8.11584,7.18015,6.64334,6.20789,6.00486,5.85444,5.33277,4.93983,5.05467,5.67872,6.34512,7.31536,7.22884,7.79276,10.0053,17.5729,79.4795,316.123,0,0,0,0,0,0,0,0,0,0,0,0,0,0,0,0,0,0,0,0,0,0,0,0,0,0,0,0,0,0,0,0
500.5,11.3401,11.3082,11.12,10.3719,10.3625,9.80688,8.83767,8.68006,8.37506,8.21418,8.21618,8.10282,7.16968,6.61708,6.2296,6.01141,5.89204,5.33951,4.90843,4.99233,5.63592,6.28982,7.2068,7.16177,7.66768,9.72715,16.0946,68.1621,290.465,0,0,0,0,0,0,0,0,0,0,0,0,0,0,0,0,0,0,0,0,0,0,0,0,0,0,0,0,0,0,0,0
501,11.3049,11.1594,11.2167,10.3505,10.395,9.86466,8.83138,8.6233,8.35011,8.17329,8.20076,8.1114,7.17077,6.5403,6.20431,6.00974,5.92406,5.26648,4.85868,5.00509,5.66341,6.21528,7.1312,7.164,7.59536,9.62432,14.8619,57.7269,264.693,0,0,0,0,0,0,0,0,0,0,0,0,0,0,0,0,0,0,0,0,0,0,0,0,0,0,0,0,0,0,0,0
501.5,11.2351,11.0944,11.128,10.2297,10.3635,9.88482,8.8046,8.51451,8.27375,8.15707,8.13742,8.07773,7.19857,6.51165,6.13253,6.05084,5.84021,5.27382,4.87668,4.96595,5.65153,6.15952,7.00868,7.14062,7.50939,9.40143,13.9849,48.9646,241.642,0,0,0,0,0,0,0,0,0,0,0,0,0,0,0,0,0,0,0,0,0,0,0,0,0,0,0,0,0,0,0,0
502,11.1773,10.9964,11.1138,10.2555,10.2966,9.76812,8.77469,8.54041,8.20305,8.11217,8.1503,8.00841,7.24906,6.54503,6.16116,6.03781,5.82454,5.21326,4.88068,4.8949,5.60088,6.08888,6.86971,7.17688,7.46207,9.2312,13.3522,41.4869,217.506,0,0,0,0,0,0,0,0,0,0,0,0,0,0,0,0,0,0,0,0,0,0,0,0,0,0,0,0,0,0,0,0
502.5,11.1712,10.9942,10.9561,10.2275,10.1774,9.73856,8.77824,8.54358,8.18584,8.15432,8.15959,7.92053,7.26475,6.61979,6.1183,6.02643,5.78052,5.23253,4.88502,4.89689,5.56557,6.04808,6.77937,7.15309,7.33478,9.00303,12.7162,35.7495,194.49,0,0,0,0,0,0,0,0,0,0,0,0,0,0,0,0,0,0,0,0,0,0,0,0,0,0,0,0,0,0,0,0
503,11.1495,10.9268,10.9157,10.2011,10.138,9.70435,8.72596,8.42883,8.27732,8.09959,8.0755,7.90211,7.25475,6.66038,6.14306,6.02039,5.75619,5.26162,4.89843,4.92628,5.47346,6.06605,6.66643,7.16071,7.3071,8.79009,12.2338,30.7734,171.733,0,0,0,0,0,0,0,0,0,0,0,0,0,0,0,0,0,0,0,0,0,0,0,0,0,0,0,0,0,0,0,0
503.5,11.1554,10.7997,10.8877,10.2983,10.1029,9.74381,8.75706,8.4504,8.26507,7.9924,8.03612,7.90046,7.22234,6.6895,6.12515,6.03807,5.79435,5.28423,4.9314,4.97666,5.45547,6.08123,6.62201,7.15465,7.30024,8.70689,11.8415,26.7584,149.559,0,0,0,0,0,0,0,0,0,0,0,0,0,0,0,0,0,0,0,0,0,0,0,0,0,0,0,0,0,0,0,0
504,11.107,10.7168,10.7597,10.3379,9.99868,9.81504,8.64877,8.41227,8.27601,7.9422,7.9527,7.84146,7.14636,6.67046,6.1802,6.02654,5.79798,5.29966,4.92459,5.02648,5.4233,6.13862,6.54209,7.15576,7.30917,8.54336,11.5328,23.4516,130.225,0,0,0,0,0,0,0,0,0,0,0,0,0,0,0,0,0,0,0,0,0,0,0,0,0,0,0,0,0,0,0,0
504.5,10.9536,10.6627,10.5993,10.3688,9.96673,9.93587,8.73985,8.37164,8.28334,7.91463,7.9128,7.74865,7.16108,6.66276,6.25672,6.03885,5.78814,5.32081,4.9441,5.00083,5.43281,6.16278,6.43508,7.12281,7.25102,8.39582,11.2035,20.7186,112.414,0,0,0,0,0,0,0,0,0,0,0,0,0,0,0,0,0,0,0,0,0,0,0,0,0,0,0,0,0,0,0,0
505,10.9137,10.6855,10.3977,10.2996,9.87237,9.89076,8.69671,8.39317,8.22999,7.90613,7.87057,7.65731,7.19739,6.63544,6.25757,5.99493,5.77446,5.3137,4.9235,5.01887,5.36713,6.21548,6.35169,7.03224,7.24477,8.25847,10.9657,18.6498,96.6002,309.964,0,0,0,0,0,0,0,0,0,0,0,0,0,0,0,0,0,0,0,0,0,0,0,0,0,0,0,0,0,0,0
505.5,10.8353,10.6514,10.3435,10.2809,9.95468,9.83145,8.67,8.43629,8.2222,7.98155,7.86804,7.59175,7.27342,6.61539,6.26495,5.97876,5.74626,5.32783,4.8969,5.03106,5.31423,6.24408,6.29533,7.0008,7.21985,8.09542,10.7131,17.0378,82.5181,285.334,0,0,0,0,0,0,0,0,0,0,0,0,0,0,0,0,0,0,0,0,0,0,0,0,0,0,0,0,0,0,0
506,10.9017,10.6664,10.4546,10.246,9.88637,9.75747,8.60492,8.44525,8.22201,7.93894,7.83692,7.57622,7.3289,6.54385,6.2368,5.96454,5.75678,5.30726,4.92302,4.99366,5.15875,6.2516,6.2739,6.76291,7.20036,7.89916,10.5086,15.6516,70.1497,260.266,0,0,0,0,0,0,0,0,0,0,0,0,0,0,0,0,0,0,0,0,0,0,0,0,0,0,0,0,0,0,0
506.5,10.8352,10.6681,10.5366,10.2949,9.95734,9.66009,8.54743,8.37031,8.14071,7.93602,7.79876,7.52838,7.28564,6.51853,6.1902,5.96429,5.75689,5.30845,4.97992,4.96185,5.18085,6.21699,6.25159,6.64078,7.17108,7.67803,10.2409,14.5708,59.4758,236.399,0,0,0,0,0,0,0,0,0,0,0,0,0,0,0,0,0,0,0,0,0,0,0,0,0,0,0,0,0,0,0
507,10.8461,10.5994,10.4618,10.2388,9.98343,9.60022,8.46261,8.13068,8.17163,7.92879,7.79395,7.5477,7.29895,6.47341,6.20443,5.95714,5.75105,5.28112,4.99327,4.91558,5.15531,6.19955,6.13926,6.49565,7.09445,7.48571,9.92758,13.5988,50.416,211.044,0,0,0,0,0,0,0,0,0,0,0,0,0,0,0,0,0,0,0,0,0,0,0,0,0,0,0,0,0,0,0
507.5,10.7875,10.5627,10.5209,10.1758,9.90129,9.58413,8.51295,7.86443,8.11148,7.95609,7.74989,7.60336,7.26622,6.46907,6.16679,5.95657,5.7524,5.23447,4.99043,4.89707,5.13767,6.18828,6.11636,6.46072,7.08688,7.38648,9.799,12.9361,42.8981,186.811,0,0,0,0,0,0,0,0,0,0,0,0,0,0,0,0,0,0,0,0,0,0,0,0,0,0,0,0,0,0,0
508,10.764,10.5348,10.5283,10.123,9.79072,9.50855,8.54707,7.73094,8.08766,7.95701,7.75696,7.57164,7.27017,6.46297,6.10434,5.9567,5.7365,5.2078,4.96063,4.85954,5.22842,6.15973,6.11803,6.40487,6.99945,7.40647,9.61975,12.4694,36.8433,165.594,0,0,0,0,0,0,0,0,0,0,0,0,0,0,0,0,0,0,0,0,0,0,0,0,0,0,0,0,0,0,0
508.5,10.7516,10.5216,10.4092,10.1829,9.64869,9.46606,8.61447,7.71235,8.1185,7.92788,7.75682,7.57863,7.25876,6.4465,5.99941,5.96036,5.6772,5.16996,4.95981,4.86146,5.18231,6.12211,6.12798,6.34083,6.92281,7.4758,9.46094,11.9188,31.3711,145.945,0,0,0,0,0,0,0,0,0,0,0,0,0,0,0,0,0,0,0,0,0,0,0,0,0,0,0,0,0,0,0
509,10.6996,10.6002,10.4753,10.1341,9.62254,9.37786,8.65256,7.87141,8.0247,7.88752,7.7419,7.50438,7.18444,6.45606,5.96121,5.89794,5.63737,5.1097,4.94134,4.86761,5.25221,6.04977,6.12153,6.27482,6.88321,7.48298,9.26585,11.4165,26.8861,126.715,0,0,0,0,0,0,0,0,0,0,0,0,0,0,0,0,0,0,0,0,0,0,0,0,0,0,0,0,0,0,0
509.5,10.6786,10.6216,10.2646,10.077,9.61447,9.38648,8.63621,7.93394,8.01987,7.86879,7.7524,7.45881,7.05734,6.49839,5.94093,5.86732,5.58468,5.17041,4.83444,4.87938,5.24286,5.98526,6.11734,6.21018,6.8463,7.41283,9.05559,11.0464,23.28,109.776,0,0,0,0,0,0,0,0,0,0,0,0,0,0,0,0,0,0,0,0,0,0,0,0,0,0,0,0,0,0,0
510,10.6592,10.6253,10.2797,10.0385,9.59614,9.39879,8.62296,7.97571,7.99728,7.82515,7.7519,7.27842,6.97863,6.52556,5.98572,5.86856,5.56888,5.18094,4.80053,4.88565,5.23163,5.96664,6.09131,6.10122,6.8272,7.36129,8.84105,10.8294,20.2716,94.3889,318.813,0,0,0,0,0,0,0,0,0,0,0,0,0,0,0,0,0,0,0,0,0,0,0,0,0,0,0,0,0,0
510.5,10.6267,10.6827,10.1714,9.90806,9.58187,9.38893,8.55342,7.93993,7.98595,7.81108,7.67563,7.20501,6.92008,6.59837,6.0173,5.87172,5.51978,5.20534,4.80734,4.88505,5.25476,5.92764,6.00754,6.03771,6.71734,7.33083,8.64241,10.6322,17.9383,80.9093,291.32,0,0,0,0,0,0,0,0,0,0,0,0,0,0,0,0,0,0,0,0,0,0,0,0,0,0,0,0,0,0
511,10.5911,10.6661,10.0983,10.027,9.5517,9.37952,8.52923,7.89781,7.93702,7.76749,7.65714,7.15135,6.93785,6.60099,6.07802,5.86192,5.5935,5.24609,4.82397,4.88453,5.22684,5.91632,6.01361,5.98704,6.58624,7.28912,8.46566,10.4659,16.0921,68.5631,260.171,0,0,0,0,0,0,0,0,0,0,0,0,0,0,0,0,0,0,0,0,0,0,0,0,0,0,0,0,0,0
511.5,10.5529,10.6712,10.1085,9.91113,9.4425,9.3181,8.48511,8.03188,7.91391,7.75216,7.6189,7.14707,6.99313,6.57318,6.05099,5.83291,5.61486,5.19566,4.91557,4.87046,5.16421,5.89257,5.99562,5.95137,6.50305,7.26868,8.27619,10.1637,14.5919,57.7816,237.178,0,0,0,0,0,0,0,0,0,0,0,0,0,0,0,0,0,0,0,0,0,0,0,0,0,0,0,0,0,0
512,10.5176,10.6026,10.1362,9.88058,9.41906,9.26698,8.41677,8.07671,7.88432,7.74118,7.66852,7.22396,7.01861,6.55726,5.97219,5.84878,5.62681,5.21916,4.89014,4.92092,5.17568,5.84751,5.98835,5.87805,6.35961,7.2602,8.15216,9.90429,13.6902,48.8842,215.038,0,0,0,0,0,0,0,0,0,0,0,0,0,0,0,0,0,0,0,0,0,0,0,0,0,0,0,0,0,0
512.5,10.4743,10.5255,10.0605,9.77886,9.32626,9.25952,8.35492,8.02341,7.93271,7.69418,7.68653,7.24383,6.93513,6.48535,5.96516,5.80836,5.65126,5.20356,4.83909,4.89391,5.17794,5.81854,5.92253,5.79119,6.2035,7.26695,7.95841,9.76981,12.7915,41.4854,194.577,0,0,0,0,0,0,0,0,0,0,0,0,0,0,0,0,0,0,0,0,0,0,0,0,0,0,0,0,0,0
513,10.4647,10.4299,9.93376,9.65111,9.29357,9.18919,8.30471,7.98734,7.88332,7.61845,7.71062,7.13308,6.77504,6.45185,5.93859,5.79201,5.60861,5.19175,4.7725,4.92461,5.15279,5.73688,5.87817,5.77284,6.06208,7.16891,7.88637,9.60777,12.1731,35.6154,174.387,0,0,0,0,0,0,0,0,0,0,0,0,0,0,0,0,0,0,0,0,0,0,0,0,0,0,0,0,0,0
513.5,10.4015,10.4167,9.85943,9.55254,9.18642,9.12173,8.22852,7.89145,7.90408,7.61311,7.64549,7.12461,6.71249,6.41194,5.94265,5.74195,5.56419,5.0961,4.71717,4.90865,5.16962,5.71499,5.82606,5.72169,5.90288,7.03368,7.85183,9.34802,11.6021,30.9627,153.384,0,0,0,0,0,0,0,0,0,0,0,0,0,0,0,0,0,0,0,0,0,0,0,0,0,0,0,0,0,0
514,10.265,10.3361,9.77324,9.46483,9.14644,9.0093,8.12288,7.91729,7.95326,7.64327,7.59411,7.0434,6.69306,6.398,5.9694,5.69658,5.49119,5.02311,4.69381,4.88048,5.08896,5.66372,5.75158,5.70392,5.75506,6.92023,7.88311,9.09755,11.138,26.6147,134.557,0,0,0,0,0,0,0,0,0,0,0,0,0,0,0,0,0,0,0,0,0,0,0,0,0,0,0,0,0,0
514.5,10.1299,10.2689,9.86086,9.48748,9.21237,8.91631,8.03644,7.8456,7.90623,7.5867,7.5504,7.04588,6.75969,6.34443,5.97134,5.69819,5.45764,4.97801,4.72986,4.8831,5.05638,5.64061,5.71938,5.68109,5.63235,6.79949,7.83359,8.89691,10.7985,22.9133,117.386,0,0,0,0,0,0,0,0,0,0,0,0,0,0,0,0,0,0,0,0,0,0,0,0,0,0,0,0,0,0
515,10.0133,10.1615,9.85841,9.67235,9.21456,8.75815,7.92497,7.71538,7.77073,7.64612,7.54218,6.95711,6.67388,6.28125,5.93436,5.68711,5.45539,4.96617,4.70113,4.77981,5.00415,5.59213,5.64669,5.65969,5.50413,6.68892,7.80111,8.69388,10.4788,19.8778,101.867,324.638,0,0,0,0,0,0,0,0,0,0,0,0,0,0,0,0,0,0,0,0,0,0,0,0,0,0,0,0,0
515.5,9.86796,10.1067,9.99908,9.75378,9.15415,8.65852,7.97717,7.58392,7.70611,7.5314,7.51421,6.81929,6.58376,6.26187,5.9526,5.68077,5.46343,4.97459,4.66235,4.71613,5.00994,5.56963,5.63028,5.60603,5.50124,6.55029,7.71798,8.52447,10.1089,17.4534,87.3396,298.244,0,0,0,0,0,0,0,0,0,0,0,0,0,0,0,0,0,0,0,0,0,0,0,0,0,0,0,0,0
516,9.74854,9.99932,10.1983,9.73907,8.86525,8.61235,7.94541,7.49757,7.68529,7.42806,7.46294,6.69763,6.49847,6.20597,5.99645,5.56541,5.44081,4.90282,4.6541,4.66742,5.00075,5.50877,5.59206,5.60594,5.43839,6.39929,7.67531,8.30594,9.88577,15.547,75.6471,275.671,0,0,0,0,0,0,0,0,0,0,0,0,0,0,0,0,0,0,0,0,0,0,0,0,0,0,0,0,0
516.5,9.71211,9.95609,10.3606,9.64337,8.74055,8.52075,7.83672,7.30578,7.64182,7.2666,7.44052,6.60544,6.43049,6.19599,6.09169,5.49416,5.39711,4.83152,4.64543,4.67351,4.99351,5.45651,5.54463,5.57893,5.34034,6.30737,7.63778,8.0614,9.65935,14.0454,63.9744,247.961,0,0,0,0,0,0,0,0,0,0,0,0,0,0,0,0,0,0,0,0,0,0,0,0,0,0,0,0,0
517,9.58365,9.91041,10.344,9.53988,8.61955,8.5686,7.65991,7.34577,7.59049,7.16585,7.36034,6.57044,6.42503,6.13363,6.09015,5.42945,5.34415,4.81877,4.63386,4.69104,4.98477,5.44933,5.44287,5.55725,5.29897,6.17334,7.58449,7.8726,9.47393,12.87,54.9949,222.73,0,0,0,0,0,0,0,0,0,0,0,0,0,0,0,0,0,0,0,0,0,0,0,0,0,0,0,0,0
517.5,9.54403,9.80246,10.0758,9.40466,8.73006,8.50062,7.64604,7.33005,7.41128,7.17556,7.34,6.59934,6.31996,6.05582,6.02845,5.35091,5.30267,4.83753,4.58818,4.62415,4.98305,5.42994,5.38742,5.42173,5.24428,6.09677,7.50948,7.74754,9.27609,11.9951,46.1909,197.984,0,0,0,0,0,0,0,0,0,0,0,0,0,0,0,0,0,0,0,0,0,0,0,0,0,0,0,0,0
518,9.33928,9.75276,9.63164,9.22339,8.79755,8.41852,7.60038,7.29815,7.29231,7.03747,7.30378,6.63976,6.24805,5.93657,6.00032,5.44532,5.2766,4.81954,4.52372,4.56501,4.97582,5.42318,5.32669,5.32159,5.21762,5.99349,7.40691,7.6134,9.04514,11.3201,38.9103,174.508,0,0,0,0,0,0,0,0,0,0,0,0,0,0,0,0,0,0,0,0,0,0,0,0,0,0,0,0,0
518.5,9.33325,9.62155,9.36549,9.09034,8.79583,8.36372,7.65095,7.28372,7.197,7.03268,7.29148,6.68922,6.16968,5.84124,5.95424,5.45545,5.20985,4.77915,4.47654,4.56925,4.94014,5.41416,5.28743,5.26528,5.20895,5.87911,7.25291,7.61311,8.81759,10.7485,32.9401,153.769,0,0,0,0,0,0,0,0,0,0,0,0,0,0,0,0,0,0,0,0,0,0,0,0,0,0,0,0,0
519,9.43317,9.53695,9.21934,9.01186,8.69474,8.24026,7.54027,7.12107,7.12376,6.99773,7.22776,6.65698,6.17258,5.80118,5.92015,5.43274,5.21807,4.72688,4.48066,4.54594,4.90645,5.39856,5.29033,5.27417,5.18958,5.78796,7.10661,7.51792,8.53841,10.3247,28.1223,134.8,0,0,0,0,0,0,0,0,0,0,0,0,0,0,0,0,0,0,0,0,0,0,0,0,0,0,0,0,0
519.5,9.46903,9.43402,9.20504,8.94898,8.62149,8.1987,7.46014,7.0207,7.13397,7.03066,7.12523,6.58331,6.13094,5.77497,5.83944,5.35654,5.15177,4.71055,4.46421,4.47866,4.87134,5.29897,5.26314,5.22779,5.13693,5.65738,6.88642,7.367,8.39278,9.90919,24.093,117.388,0,0,0,0,0,0,0,0,0,0,0,0,0,0,0,0,0,0,0,0,0,0,0,0,0,0,0,0,0
520,9.40773,9.3263,9.11215,8.93199,8.52725,8.06053,7.42078,7.02268,7.10317,7.02187,7.09289,6.53667,6.10598,5.78496,5.76424,5.31672,5.15031,4.68712,4.44419,4.4482,4.79099,5.1965,5.30246,5.15931,5.09164,5.51423,6.73844,7.28685,8.13561,9.66417,20.7182,102.633,319.293,0,0,0,0,0,0,0,0,0,0,0,0,0,0,0,0,0,0,0,0,0,0,0,0,0,0,0,0
520.5,9.33641,9.14749,9.08818,8.79802,8.435,7.95865,7.37428,7.03796,7.07844,6.94195,7.02864,6.46899,6.04557,5.72261,5.71913,5.30294,5.1135,4.63677,4.35862,4.36767,4.74153,5.11368,5.27063,5.1026,5.07421,5.38036,6.66866,7.18905,7.93546,9.40108,17.9272,88.0353,293.411,0,0,0,0,0,0,0,0,0,0,0,0,0,0,0,0,0,0,0,0,0,0,0,0,0,0,0,0
521,9.229,8.97752,8.98271,8.65603,8.32094,7.77762,7.28073,7.02355,7.04027,6.88516,6.91148,6.37683,5.98622,5.66047,5.60986,5.35501,5.08032,4.61478,4.3016,4.27532,4.68754,5.15975,5.23231,5.04969,5.07016,5.25714,6.56005,7.1541,7.76532,9.17879,15.6172,75.6648,264.575,0,0,0,0,0,0,0,0,0,0,0,0,0,0,0,0,0,0,0,0,0,0,0,0,0,0,0,0
521.5,9.18177,8.88408,8.89814,8.4717,8.17807,7.63744,7.20625,6.93065,6.98015,6.74097,6.84333,6.28265,5.9781,5.60314,5.5172,5.35403,5.02149,4.56539,4.25735,4.23638,4.64537,5.20698,5.19341,5.00387,5.0421,5.19298,6.4659,7.15065,7.60154,8.98026,13.8361,63.9033,237.455,0,0,0,0,0,0,0,0,0,0,0,0,0,0,0,0,0,0,0,0,0,0,0,0,0,0,0,0
522,9.12905,8.8371,8.82888,8.35327,8.03313,7.53636,7.1945,6.80474,6.95203,6.59612,6.7734,6.14507,5.92945,5.53995,5.4397,5.35944,4.93509,4.55947,4.21132,4.19873,4.62046,5.2374,5.11615,4.98414,5.00423,5.10107,6.25347,7.08228,7.463,8.83578,12.4258,54.457,209.877,0,0,0,0,0,0,0,0,0,0,0,0,0,0,0,0,0,0,0,0,0,0,0,0,0,0,0,0
522.5,9.06665,8.76485,8.73065,8.31393,7.91224,7.5688,7.00782,6.70961,6.8844,6.47157,6.74914,6.09266,5.89578,5.48167,5.37972,5.31788,4.7914,4.52422,4.14103,4.16066,4.60652,5.2009,5.00672,4.91075,4.92702,5.06184,6.0931,6.99946,7.29221,8.5839,11.52,46.2915,186.409,0,0,0,0,0,0,0,0,0,0,0,0,0,0,0,0,0,0,0,0,0,0,0,0,0,0,0,0
523,9.08497,8.68144,8.59938,8.2599,7.76542,7.55462,6.9236,6.69283,6.80917,6.42611,6.72832,6.0997,5.85198,5.42122,5.34831,5.24112,4.71057,4.49988,4.1467,4.14596,4.5584,5.18415,4.98897,4.86185,4.85138,5.04808,5.92036,6.95397,7.1651,8.35853,10.7037,39.3042,164.555,0,0,0,0,0,0,0,0,0,0,0,0,0,0,0,0,0,0,0,0,0,0,0,0,0,0,0,0
523.5,8.96792,8.58149,8.4406,8.14997,7.70582,7.51341,6.79551,6.62199,6.67649,6.35703,6.70282,6.05763,5.77755,5.33276,5.26998,5.17147,4.62879,4.43158,4.07677,4.10732,4.48038,5.15524,4.9672,4.82096,4.77799,5.00295,5.82868,6.88229,7.04459,8.07279,10.1596,33.3845,145.241,0,0,0,0,0,0,0,0,0,0,0,0,0,0,0,0,0,0,0,0,0,0,0,0,0,0,0,0
524,8.81316,8.47482,8.21316,7.9046,7.65527,7.42652,6.78082,6.55553,6.58117,6.30416,6.59567,6.10325,5.69418,5.28894,5.19197,5.11683,4.59368,4.39414,4.06042,4.02811,4.46375,5.12925,5.01786,4.76087,4.73387,5.01146,5.67173,6.74873,6.93161,7.79518,9.67782,28.2043,127.366,0,0,0,0,0,0,0,0,0,0,0,0,0,0,0,0,0,0,0,0,0,0,0,0,0,0,0,0
524.5,8.59085,8.38981,8.05297,7.78831,7.50635,7.31457,6.70385,6.42918,6.51957,6.19364,6.51433,6.07314,5.64735,5.23877,5.14555,5.07081,4.55637,4.32187,4.00206,3.98667,4.4066,5.04978,5.02888,4.7306,4.72555,4.98015,5.56503,6.63622,6.84376,7.60318,9.3338,24.1606,110.796,0,0,0,0,0,0,0,0,0,0,0,0,0,0,0,0,0,0,0,0,0,0,0,0,0,0,0,0
525,8.46087,8.29291,7.82205,7.68518,7.42056,7.278,6.60427,6.34638,6.46246,6.1801,6.41186,6.0215,5.58486,5.18714,5.11938,5.0117,4.48898,4.30951,3.97249,3.9624,4.32787,5.07214,4.96855,4.7016,4.66022,4.92676,5.43242,6.50896,6.78205,7.43731,9.04872,20.7104,95.2036,303.915,0,0,0,0,0,0,0,0,0,0,0,0,0,0,0,0,0,0,0,0,0,0,0,0,0,0,0
525.5,8.27628,8.17768,7.83943,7.76215,7.27392,7.2147,6.53148,6.21873,6.39308,6.17691,6.30182,6.00459,5.56857,5.16249,5.05842,4.99783,4.48649,4.23971,3.9294,3.89675,4.3184,5.06125,4.89905,4.69297,4.60093,4.89746,5.36927,6.39164,6.76087,7.2711,8.7903,17.9837,82.2475,275.15,0,0,0,0,0,0,0,0,0,0,0,0,0,0,0,0,0,0,0,0,0,0,0,0,0,0,0
526,8.19423,8.08014,7.73982,7.64572,7.16906,7.11484,6.45595,6.19192,6.31018,6.19142,6.14643,5.9564,5.5809,5.08177,4.9584,4.99507,4.44231,4.18984,3.87018,3.90279,4.29024,4.99587,4.83523,4.66986,4.59613,4.83568,5.3178,6.21647,6.74036,7.1129,8.56503,15.4714,70.5782,247.444,0,0,0,0,0,0,0,0,0,0,0,0,0,0,0,0,0,0,0,0,0,0,0,0,0,0,0
526.5,8.08094,7.93918,7.6822,7.551,7.08039,7.00063,6.33951,6.10106,6.23434,6.13039,6.03312,5.90789,5.53068,5.0445,4.88489,4.93132,4.37948,4.11265,3.81265,3.87298,4.32202,4.97301,4.83405,4.67085,4.59007,4.78853,5.26282,6.03619,6.69644,6.92063,8.36983,13.6062,61.1709,220.462,0,0,0,0,0,0,0,0,0,0,0,0,0,0,0,0,0,0,0,0,0,0,0,0,0,0,0
527,7.98023,7.79753,7.66043,7.47243,7.00179,6.91683,6.24727,6.01521,6.16435,6.12697,6.00247,5.854,5.4833,4.96047,4.7587,4.86339,4.36128,4.05447,3.81381,3.84391,4.27322,4.91964,4.83514,4.67931,4.59808,4.75116,5.20435,5.88407,6.66038,6.74832,8.14939,12.1988,52.873,195.041,0,0,0,0,0,0,0,0,0,0,0,0,0,0,0,0,0,0,0,0,0,0,0,0,0,0,0
527.5,7.88406,7.71827,7.55604,7.39705,6.97343,6.80566,6.15414,5.92356,6.14508,6.06847,5.93006,5.83106,5.37617,4.92837,4.6352,4.78898,4.3468,4.01065,3.78924,3.78123,4.28086,4.9153,4.83521,4.66471,4.59982,4.7205,5.17101,5.79792,6.62872,6.58398,7.93977,11.2311,44.9394,172.579,0,0,0,0,0,0,0,0,0,0,0,0,0,0,0,0,0,0,0,0,0,0,0,0,0,0,0
528,7.80441,7.67296,7.46634,7.28839,6.84981,6.73135,6.12045,5.88467,6.09223,5.99654,5.8697,5.79364,5.29573,4.88637,4.53961,4.6847,4.34528,3.97604,3.77996,3.72601,4.23876,4.90008,4.83203,4.66738,4.58179,4.73308,5.15845,5.76844,6.60982,6.47527,7.7395,10.4724,37.94,151.048,0,0,0,0,0,0,0,0,0,0,0,0,0,0,0,0,0,0,0,0,0,0,0,0,0,0,0
528.5,7.75841,7.61761,7.39891,7.17742,6.75447,6.63919,6.065,5.84779,6.0138,5.91811,5.82849,5.74424,5.15839,4.86102,4.46392,4.61842,4.35335,3.93342,3.72163,3.69641,4.21483,4.80597,4.84546,4.66876,4.62525,4.73377,5.14289,5.72733,6.59914,6.36278,7.57695,9.81027,32.054,133.706,0,0,0,0,0,0,0,0,0,0,0,0,0,0,0,0,0,0,0,0,0,0,0,0,0,0,0
529,7.75123,7.54748,7.37229,7.12753,6.67431,6.55528,6.02772,5.80358,5.93398,5.89525,5.72666,5.68633,5.09541,4.86129,4.4648,4.5038,4.39906,3.89287,3.65863,3.6384,4.20437,4.78289,4.84068,4.66062,4.58822,4.73745,5.1474,5.68487,6.50766,6.28725,7.40136,9.28399,27.2262,118.239,0,0,0,0,0,0,0,0,0,0,0,0,0,0,0,0,0,0,0,0,0,0,0,0,0,0,0
529.5,7.75624,7.42037,7.38018,7.0814,6.60718,6.50507,5.94914,5.75431,5.88851,5.77768,5.75756,5.62743,5.05202,4.81222,4.4086,4.48004,4.40391,3.87979,3.62006,3.63495,4.20694,4.7662,4.8058,4.63985,4.57447,4.70954,5.13356,5.60362,6.44965,6.25335,7.27308,8.94928,23.2727,103.974,0,0,0,0,0,0,0,0,0,0,0,0,0,0,0,0,0,0,0,0,0,0,0,0,0,0,0
530,7.75455,7.30726,7.37945,7.03059,6.50653,6.4201,5.91667,5.68333,5.85812,5.7225,5.66473,5.5508,5.0286,4.77642,4.38956,4.43802,4.38068,3.86403,3.57621,3.65854,4.19347,4.81366,4.80758,4.63377,4.5596,4.63801,5.05887,5.53803,6.3627,6.21159,7.1177,8.64278,19.9999,90.6047,283.299,0,0,0,0,0,0,0,0,0,0,0,0,0,0,0,0,0,0,0,0,0,0,0,0,0,0
530.5,7.7484,7.21686,7.2855,6.91572,6.49588,6.31581,5.92586,5.67049,5.82438,5.5863,5.63387,5.49144,4.93797,4.72991,4.34253,4.41233,4.36938,3.85502,3.63887,3.63602,4.13364,4.77691,4.73155,4.6242,4.52868,4.62457,5.01564,5.48309,6.26834,6.19716,7.01576,8.45867,17.263,78.1155,258.75,0,0,0,0,0,0,0,0,0,0,0,0,0,0,0,0,0,0,0,0,0,0,0,0,0,0
531,7.69004,7.1268,7.22977,6.84083,6.31371,6.24124,5.82553,5.61619,5.7827,5.5231,5.55178,5.45961,4.90794,4.6915,4.35368,4.35188,4.29861,3.86321,3.59417,3.63655,4.09582,4.71861,4.73184,4.58992,4.50645,4.62301,4.98608,5.43377,6.12868,6.19973,6.86829,8.28225,15.1394,67.7982,233.151,0,0,0,0,0,0,0,0,0,0,0,0,0,0,0,0,0,0,0,0,0,0,0,0,0,0
531.5,7.58574,7.08723,7.18521,6.75237,6.24399,6.19837,5.77725,5.60975,5.7366,5.43223,5.53785,5.35028,4.87107,4.66244,4.3074,4.29892,4.2158,3.82969,3.54647,3.59689,4.02776,4.68665,4.70767,4.59425,4.46064,4.63976,4.99584,5.37009,5.99961,6.18112,6.7559,8.11658,13.5714,58.6641,209.528,0,0,0,0,0,0,0,0,0,0,0,0,0,0,0,0,0,0,0,0,0,0,0,0,0,0
532,7.43386,7.0295,7.10897,6.72276,6.20304,6.2082,5.67885,5.54871,5.72926,5.42528,5.50437,5.22904,4.85666,4.63233,4.27084,4.29503,4.13565,3.84132,3.49877,3.57659,3.99548,4.69866,4.74116,4.57176,4.47016,4.67115,5.00218,5.31622,5.87951,6.19619,6.62916,7.98939,12.264,50.7844,186.327,0,0,0,0,0,0,0,0,0,0,0,0,0,0,0,0,0,0,0,0,0,0,0,0,0,0
532.5,7.30532,6.9486,6.97089,6.6906,6.22339,6.16947,5.61286,5.51872,5.66386,5.43478,5.45097,5.09301,4.77858,4.57057,4.24279,4.25617,4.10054,3.79499,3.4547,3.54284,3.94688,4.67012,4.77267,4.55423,4.47122,4.61007,4.98778,5.29675,5.78107,6.20916,6.5465,7.77855,11.2598,43.8525,165.658,0,0,0,0,0,0,0,0,0,0,0,0,0,0,0,0,0,0,0,0,0,0,0,0,0,0
533,7.21246,6.86983,6.85152,6.61861,6.27231,6.13431,5.56787,5.45528,5.59689,5.40398,5.38954,5.01785,4.7841,4.51298,4.19741,4.25944,4.11844,3.76704,3.45365,3.51393,3.92019,4.64845,4.76385,4.49074,4.53917,4.61808,4.95522,5.31676,5.73062,6.19372,6.46872,7.62765,10.5245,37.8375,147.374,0,0,0,0,0,0,0,0,0,0,0,0,0,0,0,0,0,0,0,0,0,0,0,0,0,0
533.5,7.16774,6.84115,6.73144,6.56555,6.2336,6.04801,5.54082,5.40564,5.50774,5.39935,5.31823,5.08037,4.77583,4.45668,4.19189,4.20802,4.09312,3.75864,3.45666,3.46163,3.90435,4.57203,4.75921,4.4743,4.55493,4.59257,4.98693,5.33678,5.65574,6.21874,6.42132,7.48478,9.89609,32.3114,130.168,0,0,0,0,0,0,0,0,0,0,0,0,0,0,0,0,0,0,0,0,0,0,0,0,0,0
534,7.11722,6.8093,6.53283,6.43726,6.18872,5.97883,5.51362,5.37321,5.45009,5.36132,5.26078,5.06645,4.71273,4.42603,4.15789,4.17455,4.0394,3.74646,3.42162,3.39676,3.91701,4.54958,4.77771,4.50628,4.4985,4.61483,4.97638,5.3743,5.61432,6.2315,6.34445,7.46007,9.47953,27.5374,114.93,0,0,0,0,0,0,0,0,0,0,0,0,0,0,0,0,0,0,0,0,0,0,0,0,0,0
534.5,6.96922,6.74549,6.44128,6.31942,6.18338,5.91681,5.41297,5.32832,5.39243,5.37831,5.15802,5.07914,4.66127,4.39152,4.09908,4.14996,4.007,3.74518,3.38787,3.35836,3.94908,4.49382,4.77317,4.56279,4.45753,4.59678,4.98673,5.38296,5.58045,6.26067,6.28178,7.33845,9.14823,23.7594,100.675,0,0,0,0,0,0,0,0,0,0,0,0,0,0,0,0,0,0,0,0,0,0,0,0,0,0
535,6.90359,6.74679,6.39361,6.24198,6.11254,5.89263,5.37247,5.28177,5.36857,5.36803,5.11524,5.04945,4.57672,4.33299,4.03974,4.1105,3.97832,3.70258,3.3747,3.33469,3.94848,4.45759,4.77492,4.63102,4.4459,4.57296,4.98357,5.38122,5.54996,6.24047,6.28419,7.30614,8.89164,20.5702,87.9304,263.592,0,0,0,0,0,0,0,0,0,0,0,0,0,0,0,0,0,0,0,0,0,0,0,0,0
535.5,6.83916,6.70634,6.4096,6.17215,6.04667,5.8663,5.33474,5.2394,5.31146,5.33892,5.0603,4.9602,4.57557,4.28969,3.98403,4.02853,3.98124,3.6634,3.32343,3.39202,3.94978,4.4367,4.78709,4.65287,4.49273,4.61288,4.99017,5.37943,5.49504,6.17966,6.34123,7.22812,8.62456,18.0707,76.5933,239.137,0,0,0,0,0,0,0,0,0,0,0,0,0,0,0,0,0,0,0,0,0,0,0,0,0
536,6.83866,6.7142,6.48086,6.19373,5.99843,5.84049,5.30721,5.21918,5.28244,5.3008,5.05233,4.87104,4.6168,4.2457,3.92067,3.99541,3.97141,3.61955,3.29956,3.37855,3.88973,4.38115,4.79333,4.62264,4.56822,4.66261,4.96788,5.32118,5.49352,6.10353,6.38142,7.1556,8.48173,16.0005,66.4658,216.359,0,0,0,0,0,0,0,0,0,0,0,0,0,0,0,0,0,0,0,0,0,0,0,0,0
536.5,6.82372,6.68922,6.50564,6.17237,5.91975,5.78781,5.29922,5.22,5.22511,5.27199,5.0099,4.78347,4.62708,4.21761,3.89132,3.94905,3.94273,3.62123,3.2876,3.33944,3.84714,4.31294,4.76542,4.61059,4.49262,4.66484,4.97274,5.29062,5.5082,5.98287,6.37445,7.05597,8.35213,14.3787,57.5391,195.075,0,0,0,0,0,0,0,0,0,0,0,0,0,0,0,0,0,0,0,0,0,0,0,0,0
537,6.77845,6.60856,6.37722,6.14728,5.90633,5.75392,5.22727,5.17312,5.22511,5.2656,4.90461,4.72906,4.58337,4.17411,3.8709,3.92763,3.89627,3.62705,3.25178,3.33239,3.84137,4.29118,4.78657,4.62198,4.50407,4.688,4.9979,5.29902,5.53158,5.96562,6.38061,7.02192,8.2848,13.064,49.9099,174.917,0,0,0,0,0,0,0,0,0,0,0,0,0,0,0,0,0,0,0,0,0,0,0,0,0
537.5,6.75102,6.51793,6.29632,6.05042,5.90456,5.6995,5.1893,5.16049,5.23823,5.2688,4.90038,4.67373,4.5281,4.17004,3.82185,3.90772,3.87468,3.60152,3.27076,3.31947,3.81662,4.31642,4.78258,4.6498,4.51353,4.68893,5.02212,5.3706,5.52914,5.90441,6.39784,6.98752,8.1817,12.1256,43.1662,155.494,0,0,0,0,0,0,0,0,0,0,0,0,0,0,0,0,0,0,0,0,0,0,0,0,0
538,6.67428,6.43861,6.23275,5.95579,5.96565,5.64106,5.16337,5.10668,5.19065,5.20607,4.8941,4.71713,4.50205,4.14462,3.85245,3.87793,3.8192,3.59748,3.2479,3.31188,3.81665,4.37927,4.79259,4.68583,4.60724,4.72307,5.02777,5.47368,5.55839,5.88523,6.4125,6.98893,8.07756,11.3738,36.8969,138.556,0,0,0,0,0,0,0,0,0,0,0,0,0,0,0,0,0,0,0,0,0,0,0,0,0
538.5,6.61317,6.44471,6.1999,6.01424,5.97221,5.56934,5.15767,5.10363,5.13946,5.12289,5.02706,4.7411,4.44965,4.14112,3.82568,3.83244,3.79378,3.58615,3.24183,3.30738,3.79613,4.38942,4.71512,4.67236,4.64524,4.82454,5.15574,5.49784,5.59846,5.86763,6.48383,7.02293,8.07305,10.8655,31.8402,122.468,0,0,0,0,0,0,0,0,0,0,0,0,0,0,0,0,0,0,0,0,0,0,0,0,0
539,6.54726,6.37955,6.21845,6.03849,5.93185,5.48997,5.16406,5.05589,5.06837,5.04638,4.95168,4.78557,4.44152,4.13586,3.78632,3.83331,3.76732,3.53922,3.24583,3.30459,3.80066,4.3456,4.64176,4.65717,4.66692,4.86216,5.20393,5.53888,5.70335,5.84414,6.56571,7.04186,7.97756,10.4291,27.7661,107.454,0,0,0,0,0,0,0,0,0,0,0,0,0,0,0,0,0,0,0,0,0,0,0,0,0
539.5,6.47506,6.35873,6.18731,6.05588,5.81271,5.47889,5.11743,5.02945,4.99842,5.00458,4.96491,4.79127,4.39338,4.116,3.77183,3.79713,3.6965,3.51955,3.27128,3.29139,3.77249,4.30041,4.62035,4.642,4.66708,4.93084,5.2616,5.57597,5.75815,5.88593,6.65438,7.13685,7.93958,10.1976,24.3424,94.3762,0,0,0,0,0,0,0,0,0,0,0,0,0,0,0,0,0,0,0,0,0,0,0,0,0
540,6.48727,6.30657,6.08739,6.06151,5.67345,5.5343,5.107,4.99651,4.98457,4.97967,4.92368,4.75621,4.37178,4.0778,3.74626,3.81307,3.65757,3.50446,3.236,3.25144,3.76185,4.31124,4.60326,4.61445,4.64212,4.9295,5.2662,5.62139,5.80469,5.92848,6.70552,7.15483,7.89807,10.0272,21.6573,82.2958,251.17,0,0,0,0,0,0,0,0,0,0,0,0,0,0,0,0,0,0,0,0,0,0,0,0
540.5,6.45428,6.24795,6.0188,6.00413,5.55462,5.53793,5.02498,4.98475,4.97767,4.95354,4.92664,4.70402,4.32449,4.03967,3.71777,3.77127,3.61188,3.45491,3.23748,3.21822,3.75454,4.32662,4.60224,4.65215,4.68565,4.92117,5.27552,5.64165,5.84557,6.01489,6.76092,7.19675,7.88554,9.90735,19.2822,72.3517,234.398,0,0,0,0,0,0,0,0,0,0,0,0,0,0,0,0,0,0,0,0,0,0,0,0
541,6.44255,6.20064,5.93897,5.97181,5.56623,5.55664,5.0396,5.00028,4.98898,4.92538,4.84041,4.66948,4.28416,3.99287,3.71837,3.75776,3.61709,3.42785,3.19575,3.18931,3.73713,4.3341,4.61032,4.69364,4.68605,4.93037,5.30194,5.68171,5.90071,6.093,6.83548,7.29299,7.91172,9.78993,17.3187,63.8018,215.017,0,0,0,0,0,0,0,0,0,0,0,0,0,0,0,0,0,0,0,0,0,0,0,0
541.5,6.4292,6.10529,5.92742,5.93096,5.53374,5.49648,4.91986,5.00089,4.95032,4.95625,4.79571,4.63776,4.21162,4.00752,3.69855,3.69461,3.6099,3.40611,3.17358,3.18582,3.70815,4.29138,4.61555,4.69555,4.7035,4.96128,5.3426,5.72672,5.97445,6.18471,6.95635,7.41531,7.92078,9.6509,15.914,55.9481,194.46,0,0,0,0,0,0,0,0,0,0,0,0,0,0,0,0,0,0,0,0,0,0,0,0
542,6.39638,6.05356,5.94464,5.95671,5.5005,5.49538,4.91974,4.98963,4.93086,4.93347,4.7606,4.61743,4.16143,3.99465,3.70135,3.66182,3.55816,3.38105,3.16472,3.15146,3.68523,4.21066,4.60411,4.73002,4.72007,5.02054,5.42153,5.84657,6.0163,6.28821,7.00299,7.58051,8.0275,9.63275,14.6832,49.7653,174.598,0,0,0,0,0,0,0,0,0,0,0,0,0,0,0,0,0,0,0,0,0,0,0,0
542.5,6.34922,6.04106,5.96195,5.86869,5.50639,5.4148,4.93064,5.02357,4.90833,4.92783,4.72555,4.62256,4.07761,3.99393,3.71569,3.62735,3.51634,3.34691,3.17741,3.14754,3.67995,4.1936,4.57647,4.75197,4.76096,5.06033,5.38799,5.88455,6.04348,6.37474,7.04154,7.70508,8.09158,9.74899,13.7777,43.6971,157.283,0,0,0,0,0,0,0,0,0,0,0,0,0,0,0,0,0,0,0,0,0,0,0,0
543,6.27743,6.0617,5.977,5.75468,5.45588,5.38047,4.95098,4.99807,4.92805,4.89159,4.71416,4.60392,3.99424,3.93195,3.68128,3.61049,3.48033,3.32552,3.16583,3.11609,3.6761,4.1697,4.60476,4.80218,4.83858,5.09115,5.40042,5.93483,6.08846,6.47185,7.07541,7.82852,8.14592,9.8101,13.229,38.2664,140.053,0,0,0,0,0,0,0,0,0,0,0,0,0,0,0,0,0,0,0,0,0,0,0,0
543.5,6.24792,6.04656,6.01776,5.70486,5.47032,5.30375,5.00846,4.98689,4.90586,4.91652,4.70161,4.6174,3.94862,3.87302,3.66163,3.6175,3.46079,3.2864,3.15805,3.14499,3.65121,4.11204,4.61253,4.78294,4.92778,5.10485,5.3251,5.98012,6.13482,6.5345,7.12891,7.96143,8.30617,9.84219,12.8689,33.707,124.558,0,0,0,0,0,0,0,0,0,0,0,0,0,0,0,0,0,0,0,0,0,0,0,0
544,6.24035,6.02274,6.03592,5.65532,5.50571,5.28949,4.98549,4.92565,4.84689,4.90016,4.74409,4.5719,3.92779,3.86039,3.66717,3.60893,3.42788,3.2484,3.16347,3.17259,3.60889,4.12493,4.59345,4.75537,4.93981,5.14274,5.39233,6.01784,6.21867,6.6372,7.21452,8.09032,8.46366,9.9392,12.5573,29.5787,110.084,0,0,0,0,0,0,0,0,0,0,0,0,0,0,0,0,0,0,0,0,0,0,0,0
544.5,6.24964,6.03485,6.03059,5.68807,5.53612,5.29247,4.93484,4.85146,4.84393,4.85857,4.76117,4.5305,3.94267,3.84282,3.63934,3.57723,3.44266,3.2244,3.15347,3.23621,3.57165,4.12432,4.5331,4.71775,4.94427,5.14653,5.44639,6.11304,6.30912,6.75517,7.27335,8.1642,8.57352,10.0404,12.456,26.2243,96.7357,0,0,0,0,0,0,0,0,0,0,0,0,0,0,0,0,0,0,0,0,0,0,0,0
545,6.2006,6.00071,6.0493,5.73378,5.56213,5.3032,4.93432,4.80369,4.79429,4.81453,4.72938,4.46966,3.96287,3.85093,3.6044,3.56702,3.43318,3.17296,3.16502,3.3105,3.54399,4.15037,4.50279,4.70931,4.98892,5.20043,5.57444,6.16648,6.39121,6.88014,7.34986,8.25975,8.69977,10.1122,12.3053,23.4581,85.6968,236.486,0,0,0,0,0,0,0,0,0,0,0,0,0,0,0,0,0,0,0,0,0,0,0
545.5,6.197,5.94738,6.03459,5.74359,5.54287,5.3337,4.92219,4.80668,4.82812,4.76123,4.67271,4.46254,3.95042,3.8344,3.58958,3.54106,3.35855,3.18168,3.1553,3.32212,3.56391,4.19571,4.46488,4.68788,5.04167,5.2616,5.60554,6.22785,6.44202,6.94369,7.55018,8.42143,8.89575,10.2707,12.2526,21.2519,75.7743,217.543,0,0,0,0,0,0,0,0,0,0,0,0,0,0,0,0,0,0,0,0,0,0,0
546,6.17981,5.90474,6.00159,5.71606,5.48363,5.36023,4.91418,4.85298,4.84887,4.74724,4.65377,4.49816,3.93523,3.79449,3.52434,3.57695,3.33927,3.14978,3.16365,3.3094,3.5444,4.16144,4.47091,4.66996,5.05948,5.33631,5.61408,6.30461,6.49296,6.99936,7.68121,8.63706,9.08672,10.349,12.2189,19.4419,67.3884,201.623,0,0,0,0,0,0,0,0,0,0,0,0,0,0,0,0,0,0,0,0,0,0,0
546.5,6.21313,5.87307,5.87704,5.60973,5.51441,5.37189,4.89556,4.88798,4.83266,4.79252,4.65607,4.51316,3.93212,3.784,3.49694,3.54088,3.32164,3.12437,3.13728,3.25572,3.50745,4.12924,4.48501,4.69695,5.09239,5.37069,5.65594,6.37318,6.57152,7.08067,7.86914,8.84558,9.31445,10.485,12.3239,18.0282,60.3188,182.588,0,0,0,0,0,0,0,0,0,0,0,0,0,0,0,0,0,0,0,0,0,0,0
547,6.14944,5.77886,5.84727,5.59308,5.47106,5.38096,4.88406,4.86867,4.85487,4.77168,4.69567,4.49678,3.92755,3.75295,3.47957,3.48982,3.35203,3.10065,3.08654,3.21098,3.48459,4.11804,4.46409,4.72591,5.09304,5.42833,5.69567,6.44795,6.68103,7.19221,7.99244,8.9983,9.53036,10.5716,12.2682,16.974,53.3276,163.945,0,0,0,0,0,0,0,0,0,0,0,0,0,0,0,0,0,0,0,0,0,0,0
547.5,6.13202,5.73132,5.84179,5.61965,5.48513,5.35357,4.93767,4.89476,4.84178,4.82249,4.75558,4.50111,3.92697,3.73447,3.45623,3.44957,3.31802,3.06387,3.05194,3.22778,3.47608,4.12196,4.44135,4.75485,5.09084,5.48871,5.70171,6.44936,6.78247,7.3164,8.17462,9.14954,9.6875,10.6702,12.31,16.2091,47.1561,147.542,0,0,0,0,0,0,0,0,0,0,0,0,0,0,0,0,0,0,0,0,0,0,0
548,6.07682,5.69594,5.87363,5.70231,5.47229,5.36264,4.91742,4.83994,4.83985,4.83576,4.76717,4.44999,3.95596,3.73785,3.4468,3.43927,3.24521,3.01744,3.04777,3.23339,3.48534,4.15496,4.4474,4.73755,5.11445,5.52874,5.77956,6.51527,6.88338,7.33794,8.32879,9.29842,9.7838,10.8609,12.3485,15.584,42.1855,132.819,0,0,0,0,0,0,0,0,0,0,0,0,0,0,0,0,0,0,0,0,0,0,0
548.5,6.1299,5.71737,5.87572,5.73352,5.46002,5.36998,4.96255,4.80736,4.88129,4.88327,4.74919,4.444,3.94023,3.71323,3.38112,3.42097,3.16207,3.04117,3.02442,3.24706,3.46869,4.11692,4.46119,4.71665,5.14195,5.61917,5.88661,6.55131,7.01509,7.34091,8.46092,9.38793,9.98617,11.057,12.4307,15.3338,37.3667,119.362,0,0,0,0,0,0,0,0,0,0,0,0,0,0,0,0,0,0,0,0,0,0,0
549,6.11817,5.77191,5.89461,5.74006,5.53475,5.41623,4.95099,4.7922,4.85305,4.86584,4.73402,4.40663,3.9299,3.69844,3.33227,3.40079,3.13881,2.99234,2.98416,3.23365,3.4372,4.10371,4.46419,4.69817,5.16251,5.66721,6.02483,6.60475,7.10749,7.3951,8.55203,9.47482,10.2104,11.2338,12.6011,15.1226,33.5618,107.642,0,0,0,0,0,0,0,0,0,0,0,0,0,0,0,0,0,0,0,0,0,0,0
549.5,6.12958,5.79024,5.91708,5.76123,5.49597,5.42995,4.93824,4.76406,4.88538,4.83836,4.67313,4.40458,3.87801,3.66044,3.30318,3.37733,3.13633,2.98935,2.97764,3.22967,3.44516,4.07548,4.42781,4.70631,5.19067,5.66112,6.1343,6.64023,7.18382,7.50008,8.65753,9.65284,10.5406,11.4574,12.7337,15.0599,30.4051,95.6023,0,0,0,0,0,0,0,0,0,0,0,0,0,0,0,0,0,0,0,0,0,0,0
550,6.13526,5.81037,5.8869,5.76255,5.50804,5.44639,4.91874,4.79262,4.87979,4.78567,4.66673,4.42166,3.88647,3.64532,3.30383,3.36276,3.18938,2.9641,2.93887,3.22692,3.45721,4.06043,4.41656,4.70637,5.15332,5.63454,6.18696,6.60861,7.27954,7.69285,8.75747,9.79037,10.8261,11.614,12.9061,15.0032,27.801,85.2462,230.652,0,0,0,0,0,0,0,0,0,0,0,0,0,0,0,0,0,0,0,0,0,0
550.5,6.13437,5.80802,5.92232,5.80569,5.52581,5.42777,4.91435,4.8563,4.88593,4.7779,4.66627,4.40755,3.9087,3.61855,3.33249,3.34618,3.18568,2.93901,2.94259,3.19601,3.45376,4.08649,4.41247,4.65493,5.12533,5.68032,6.30939,6.72338,7.32391,7.79648,8.8429,9.94525,11.0572,11.8262,13.0742,14.9504,25.5748,75.6847,212.976,0,0,0,0,0,0,0,0,0,0,0,0,0,0,0,0,0,0,0,0,0,0
551,6.12454,5.76392,5.92766,5.75229,5.562,5.41458,4.90765,4.85576,4.88755,4.78853,4.68889,4.41577,3.90317,3.57559,3.31604,3.32145,3.17703,2.93479,2.93424,3.17471,3.42109,4.06032,4.39223,4.65562,5.14275,5.75337,6.35784,6.82356,7.41926,7.88388,8.96545,10.054,11.1668,11.9627,13.2583,14.8773,23.6166,67.708,196.611,0,0,0,0,0,0,0,0,0,0,0,0,0,0,0,0,0,0,0,0,0,0
551.5,6.12013,5.77879,5.93293,5.68697,5.56261,5.36593,4.95512,4.88943,4.91111,4.77466,4.68941,4.38059,3.87545,3.56668,3.31643,3.29683,3.15232,2.95571,2.90424,3.1169,3.4405,4.11526,4.38109,4.63813,5.10706,5.84738,6.38972,6.97979,7.49836,7.94133,9.10051,10.251,11.2264,12.0805,13.4313,14.9211,22.123,60.1328,180.569,0,0,0,0,0,0,0,0,0,0,0,0,0,0,0,0,0,0,0,0,0,0
552,6.08406,5.76573,5.91978,5.64571,5.54926,5.37226,4.9993,4.89826,4.91771,4.80155,4.72766,4.3508,3.80152,3.56512,3.30488,3.27837,3.12735,2.94327,2.862,3.11193,3.4756,4.08697,4.36802,4.68534,5.14696,5.92111,6.46155,7.10082,7.57473,7.93784,9.24202,10.4112,11.3847,12.3032,13.5943,14.9811,20.9713,53.8513,163.732,0,0,0,0,0,0,0,0,0,0,0,0,0,0,0,0,0,0,0,0,0,0
552.5,6.07269,5.69687,5.83399,5.63873,5.5802,5.30207,4.98774,4.89151,4.93188,4.8278,4.72978,4.28862,3.80226,3.53446,3.30028,3.26797,3.08444,2.90872,2.80399,3.10859,3.515,4.06014,4.34767,4.68513,5.15862,5.89276,6.52712,7.1949,7.6518,7.95057,9.37073,10.5385,11.6179,12.6039,13.7755,15.1019,20.1274,48.0889,148.009,0,0,0,0,0,0,0,0,0,0,0,0,0,0,0,0,0,0,0,0,0,0
553,6.05708,5.65525,5.79576,5.7394,5.61787,5.34233,5.00103,4.91358,4.95979,4.85989,4.72943,4.31061,3.82733,3.49316,3.32538,3.29681,3.0656,2.88782,2.77538,3.07843,3.52626,4.00797,4.37857,4.66764,5.15338,5.89673,6.59232,7.28143,7.6977,7.99868,9.44354,10.7122,11.8899,12.9554,13.9403,15.2127,19.5942,43.8474,133.206,0,0,0,0,0,0,0,0,0,0,0,0,0,0,0,0,0,0,0,0,0,0
553.5,6.07259,5.64935,5.71538,5.78748,5.66432,5.39759,4.98953,4.92733,4.97634,4.89027,4.6839,4.3156,3.85706,3.44272,3.29007,3.30109,3.02717,2.85532,2.76859,3.06021,3.52506,4.00599,4.39369,4.63793,5.14506,5.94231,6.65519,7.35047,7.73179,8.19708,9.56042,10.8895,12.1026,13.2421,14.1154,15.2819,19.2354,39.9375,119.828,0,0,0,0,0,0,0,0,0,0,0,0,0,0,0,0,0,0,0,0,0,0
554,5.99428,5.70498,5.6276,5.86616,5.67813,5.4735,5.06731,4.9234,5.04468,4.88863,4.69091,4.37161,3.87305,3.43105,3.28187,3.28648,3.01507,2.8175,2.78311,3.02834,3.52838,3.97761,4.38927,4.61976,5.14328,5.94975,6.73983,7.44816,7.7859,8.34028,9.69052,11.0154,12.234,13.5226,14.2915,15.3857,19.1092,36.8186,107.708,0,0,0,0,0,0,0,0,0,0,0,0,0,0,0,0,0,0,0,0,0,0
554.5,5.90662,5.72141,5.61562,5.84852,5.71093,5.55644,5.08371,4.97436,5.05756,4.88661,4.72161,4.37882,3.86988,3.42495,3.26771,3.22407,3.03298,2.79944,2.78452,3.01272,3.51967,4.00274,4.38367,4.60935,5.16354,5.98661,6.82637,7.51736,7.89424,8.47697,9.79802,11.0828,12.4141,13.884,14.4582,15.518,18.98,33.6807,96.6747,0,0,0,0,0,0,0,0,0,0,0,0,0,0,0,0,0,0,0,0,0,0
555,5.85712,5.79777,5.65788,5.84972,5.68098,5.56321,5.16946,4.99641,5.07513,4.89831,4.69344,4.35722,3.83735,3.42076,3.22074,3.19548,3.0003,2.74543,2.75605,2.96299,3.53176,4.01668,4.32727,4.5839,5.14678,5.97814,6.85616,7.58351,7.94763,8.56195,9.88661,11.2103,12.6318,14.1143,14.5514,15.6947,18.8976,31.1071,87.1864,215.848,0,0,0,0,0,0,0,0,0,0,0,0,0,0,0,0,0,0,0,0,0
555.5,5.8123,5.83363,5.69609,5.8681,5.67302,5.52873,5.22159,5.00595,5.04008,4.89926,4.6865,4.31113,3.84857,3.44819,3.18655,3.13993,2.99278,2.7638,2.72718,2.96418,3.5277,4.015,4.33335,4.5505,5.14189,5.95694,6.90371,7.62283,8.01753,8.64689,9.96465,11.1628,12.7349,14.4018,14.6664,15.8311,18.8002,29.1464,78.5976,198.211,0,0,0,0,0,0,0,0,0,0,0,0,0,0,0,0,0,0,0,0,0
556,5.85209,5.83834,5.77014,5.89294,5.61157,5.48915,5.21606,4.98223,5.0799,4.86769,4.708,4.31026,3.80648,3.4177,3.13769,3.10647,2.98457,2.74153,2.71633,2.92725,3.53145,4.02816,4.29678,4.54565,5.12933,5.9914,7.00004,7.69297,8.07516,8.75479,10.0187,11.3571,13.0228,14.5439,14.9594,15.8887,18.8631,27.4623,70.7665,182.423,0,0,0,0,0,0,0,0,0,0,0,0,0,0,0,0,0,0,0,0,0
556.5,5.90178,5.84536,5.79363,5.91312,5.61249,5.50652,5.27744,4.95583,5.03357,4.84724,4.76928,4.32975,3.75019,3.41389,3.1274,3.0697,2.97574,2.72701,2.71006,2.90844,3.50355,4.04938,4.31369,4.55017,5.13381,6.05415,7.13585,7.76568,8.15552,8.75752,10.1788,11.5559,13.2149,14.7188,15.241,15.9762,18.8507,26.1251,63.7297,166.736,0,0,0,0,0,0,0,0,0,0,0,0,0,0,0,0,0,0,0,0,0
557,5.87024,5.83739,5.7673,5.94562,5.63462,5.5855,5.27995,4.96538,4.97711,4.8051,4.79155,4.35339,3.73838,3.37658,3.12726,3.02733,2.96262,2.72066,2.68228,2.89567,3.47255,4.04733,4.37389,4.5344,5.12485,6.09989,7.19766,7.86184,8.2607,8.90091,10.3252,11.7676,13.5208,14.9497,15.7633,16.1314,18.9419,25.0753,57.8738,154.404,0,0,0,0,0,0,0,0,0,0,0,0,0,0,0,0,0,0,0,0,0
557.5,5.86172,5.86656,5.81091,5.99236,5.65742,5.67779,5.33741,4.97072,4.9634,4.77483,4.77556,4.37868,3.73202,3.36068,3.10736,3.02524,2.92345,2.69438,2.63844,2.86115,3.42557,4.0964,4.36236,4.53418,5.12145,6.09116,7.27131,7.88239,8.31318,9.09146,10.397,11.9912,13.7381,15.3354,16.1126,16.2289,19.1306,24.3724,52.5401,140.457,0,0,0,0,0,0,0,0,0,0,0,0,0,0,0,0,0,0,0,0,0
558,5.8907,5.87775,5.79041,5.98336,5.67041,5.71799,5.38637,5.03697,5.0036,4.89749,4.75676,4.39504,3.72526,3.32668,3.07988,3.0223,2.91303,2.6647,2.61293,2.84574,3.42083,4.08863,4.33984,4.52237,5.08664,6.09616,7.32532,7.95806,8.40608,9.36443,10.5778,12.1481,13.9757,15.6586,16.5147,16.5638,19.274,24.0673,48.2271,126.894,0,0,0,0,0,0,0,0,0,0,0,0,0,0,0,0,0,0,0,0,0
558.5,5.93143,5.87958,5.94697,5.94623,5.73626,5.77505,5.39156,5.11532,5.09304,4.97556,4.79211,4.38864,3.79761,3.30112,3.04704,3.03118,2.94222,2.63295,2.5931,2.79517,3.38522,4.13058,4.30638,4.5237,5.07882,6.11822,7.40029,8.06578,8.54835,9.47847,10.6426,12.3096,14.2641,16.0562,16.9857,16.8947,19.4959,23.8892,44.3859,114.879,0,0,0,0,0,0,0,0,0,0,0,0,0,0,0,0,0,0,0,0,0
559,6.03418,5.98364,6.10552,6.0069,5.78634,5.78338,5.40353,5.14233,5.17238,5.02108,4.82556,4.38916,3.83829,3.31977,3.017,3.03844,2.97458,2.59595,2.59237,2.7915,3.33619,4.1414,4.29138,4.57306,5.05138,6.21666,7.43502,8.11774,8.69987,9.59018,10.7617,12.4394,14.4346,16.3922,17.4635,17.5378,19.6221,23.8985,41.1556,103.966,0,0,0,0,0,0,0,0,0,0,0,0,0,0,0,0,0,0,0,0,0
559.5,6.1058,6.08749,6.2133,6.088,5.90309,5.81682,5.43017,5.19588,5.24696,5.06091,4.85316,4.42707,3.88048,3.31311,2.99194,3.03257,2.98585,2.59131,2.58463,2.78397,3.3704,4.13175,4.30888,4.62846,5.09114,6.21566,7.49321,8.26121,8.89067,9.65834,10.9256,12.6624,14.7389,16.5487,17.9511,18.0662,19.8258,24.0922,38.7656,94.1379,0,0,0,0,0,0,0,0,0,0,0,0,0,0,0,0,0,0,0,0,0
560,6.19935,6.14895,6.35159,6.1896,5.99629,5.78319,5.48592,5.30312,5.26384,5.06775,4.91314,4.45896,3.87499,3.27105,2.98882,3.01016,2.95808,2.55089,2.5774,2.77933,3.35298,4.15413,4.31988,4.63852,5.15301,6.26146,7.55511,8.36957,9.06139,9.75345,11.1299,12.9608,14.9636,17.0956,18.4745,18.5957,20.1744,24.3449,36.8463,84.7915,199.841,0,0,0,0,0,0,0,0,0,0,0,0,0,0,0,0,0,0,0,0
560.5,6.27596,6.28176,6.49092,6.29913,6.07774,5.82062,5.58642,5.38731,5.29925,5.14178,4.9958,4.46656,3.85862,3.26216,2.98853,2.97942,2.89159,2.57294,2.56933,2.79869,3.36433,4.18946,4.33641,4.63057,5.19802,6.20515,7.63867,8.61813,9.28559,9.90915,11.4262,13.2798,15.2728,17.5883,18.9318,19.12,20.6974,24.724,35.3189,78.0182,186.387,0,0,0,0,0,0,0,0,0,0,0,0,0,0,0,0,0,0,0,0
561,6.29977,6.28554,6.59744,6.47083,6.18374,5.89035,5.72727,5.46285,5.36002,5.27511,5.06532,4.51764,3.86751,3.24623,3.00268,2.97314,2.84833,2.57726,2.56338,2.74274,3.37784,4.21741,4.36744,4.65934,5.17405,6.23624,7.80092,8.86712,9.42567,10.1679,11.5546,13.5534,15.6596,18.2057,19.4874,19.5316,21.2185,25.2015,34.1959,71.5429,173.199,0,0,0,0,0,0,0,0,0,0,0,0,0,0,0,0,0,0,0,0
561.5,6.38713,6.40553,6.67183,6.60632,6.28804,6.0388,5.86427,5.55128,5.38864,5.34127,5.10516,4.53067,3.90721,3.27839,3.01372,2.95871,2.76835,2.58424,2.57674,2.72423,3.38843,4.28473,4.39013,4.68203,5.21947,6.3575,7.91443,9.14438,9.64656,10.4359,11.7905,13.836,16.1743,18.7982,20.0533,19.996,21.9084,25.4693,33.5201,66.3825,160.896,0,0,0,0,0,0,0,0,0,0,0,0,0,0,0,0,0,0,0,0
562,6.47668,6.52593,6.62951,6.80097,6.4106,6.1534,6.0212,5.5824,5.47745,5.4689,5.17508,4.61555,3.90445,3.27148,3.01019,2.97782,2.75574,2.59558,2.57381,2.6766,3.3899,4.31183,4.42802,4.73497,5.2502,6.54536,8.05913,9.34831,9.90597,10.8271,11.9269,14.2749,16.7573,19.467,20.7084,20.5381,22.4421,25.9449,33.0793,62.209,148.323,0,0,0,0,0,0,0,0,0,0,0,0,0,0,0,0,0,0,0,0
562.5,6.59158,6.69226,6.70102,6.98334,6.58126,6.37678,6.18961,5.83615,5.48775,5.60603,5.27499,4.68208,3.9396,3.28316,3.01702,2.98946,2.75695,2.55922,2.57566,2.67339,3.37656,4.33207,4.46845,4.80031,5.34844,6.74552,8.19734,9.5443,10.1671,11.2958,12.3324,14.6619,17.3041,20.1881,21.3767,21.4249,23.0876,26.7021,33.3396,58.5982,136.397,0,0,0,0,0,0,0,0,0,0,0,0,0,0,0,0,0,0,0,0
563,6.76816,6.90241,6.89792,7.16785,6.78899,6.63474,6.37458,6.07917,5.67487,5.78726,5.3658,4.7722,4.00662,3.30937,3.03605,2.97852,2.79198,2.57385,2.5643,2.67624,3.41446,4.33161,4.58239,4.82044,5.3769,6.9088,8.36601,9.76483,10.6064,11.7439,12.7309,15.1929,17.8026,21.1344,21.9862,22.4523,23.5628,27.6917,33.7861,55.4855,124.42,0,0,0,0,0,0,0,0,0,0,0,0,0,0,0,0,0,0,0,0
563.5,6.96078,7.09813,7.23522,7.43231,6.98873,6.88783,6.59716,6.37159,5.88917,5.95337,5.43329,4.93766,4.12402,3.40038,3.0699,2.97197,2.81516,2.56456,2.55633,2.73269,3.44828,4.34788,4.6863,4.92105,5.48829,7.05522,8.56562,9.98892,10.9945,12.1555,13.1741,15.7246,18.3802,22.1391,23.2689,23.8262,24.742,28.6788,34.6035,52.4973,114.27,0,0,0,0,0,0,0,0,0,0,0,0,0,0,0,0,0,0,0,0
564,7.19123,7.28455,7.66903,7.79973,7.2969,7.23124,6.8461,6.66629,6.12148,6.0961,5.60042,5.05069,4.22928,3.46679,3.08469,2.95819,2.80593,2.60421,2.56141,2.73197,3.47141,4.3802,4.78028,5.02074,5.6294,7.19434,8.80919,10.3024,11.2912,12.6214,13.7975,16.3614,19.1662,23.1588,24.5337,25.1319,26.1552,29.9866,35.6829,51.1193,105.118,0,0,0,0,0,0,0,0,0,0,0,0,0,0,0,0,0,0,0,0
564.5,7.46551,7.477,7.96636,8.13237,7.70776,7.49161,7.17001,6.94066,6.31493,6.30608,5.81698,5.25665,4.30684,3.52003,3.12515,2.94208,2.83523,2.63287,2.55762,2.78907,3.47686,4.42337,4.87476,5.13817,5.7917,7.30021,9.12076,10.6834,11.7636,13.1015,14.3973,17.0169,20.0739,24.2171,26.5189,26.6586,28.1327,31.4852,36.6856,50.1575,98.1077,0,0,0,0,0,0,0,0,0,0,0,0,0,0,0,0,0,0,0,0
565,7.73302,7.73633,8.30296,8.53815,8.10756,7.89355,7.55873,7.39972,6.52951,6.53394,6.03658,5.47268,4.40357,3.56956,3.18843,2.93771,2.82772,2.60478,2.59051,2.8066,3.50742,4.46459,4.96946,5.26622,6.05567,7.46597,9.44291,11.1724,12.2162,13.6878,15.13,17.7908,21.1997,25.5068,27.9123,28.5115,29.7839,33.006,38.1229,49.9292,90.934,194.588,0,0,0,0,0,0,0,0,0,0,0,0,0,0,0,0,0,0,0
565.5,8.03555,8.10122,8.67727,8.84407,8.69491,8.32722,7.99905,7.68328,6.8626,6.82403,6.31872,5.69843,4.50053,3.63849,3.24767,2.97706,2.85009,2.62061,2.6173,2.82786,3.54413,4.53786,5.09807,5.36197,6.24775,7.67629,9.76458,11.7288,12.8434,14.3934,15.9679,18.8153,22.3501,26.9205,29.6513,30.386,31.836,35.0626,39.8734,50.3759,85.4891,184.963,0,0,0,0,0,0,0,0,0,0,0,0,0,0,0,0,0,0,0
566,8.42232,8.48367,9.22798,9.27472,9.09751,8.82439,8.55286,8.09728,7.23735,7.17394,6.59488,5.91211,4.64619,3.73007,3.33749,3.03232,2.82851,2.64424,2.67137,2.8125,3.60197,4.61615,5.22771,5.49952,6.46153,7.96431,10.1178,12.2338,13.4987,15.0923,16.9153,19.8989,23.7501,28.3829,31.6925,32.5443,33.8216,37.4906,41.9283,51.1521,82.2451,174.415,0,0,0,0,0,0,0,0,0,0,0,0,0,0,0,0,0,0,0
566.5,8.7904,9.03081,9.89594,9.73038,9.56251,9.46961,9.12561,8.54182,7.66182,7.6253,6.93863,6.1672,4.85001,3.85615,3.39569,3.10553,2.84575,2.7031,2.67832,2.84078,3.66148,4.67524,5.4009,5.68059,6.69193,8.31311,10.5494,12.7343,14.168,16.0045,17.9463,21.1637,25.2976,30.3149,34.0691,34.7827,36.5378,40.259,44.5531,52.5514,79.8399,164.315,0,0,0,0,0,0,0,0,0,0,0,0,0,0,0,0,0,0,0
567,9.25056,9.61715,10.6818,10.3717,10.1707,10.075,9.76479,9.08777,8.17419,8.08357,7.24537,6.45551,5.05708,4.02218,3.47314,3.12451,2.86978,2.73323,2.70437,2.89117,3.69678,4.76182,5.6144,5.88289,6.94376,8.57935,11.1389,13.3341,14.9386,17.0147,19.1435,22.5126,26.8736,32.413,36.9014,37.4967,39.0214,43.2198,47.3366,54.6953,79.1312,154.754,0,0,0,0,0,0,0,0,0,0,0,0,0,0,0,0,0,0,0
567.5,9.84135,10.3701,11.385,11.1147,10.9897,10.8131,10.3651,9.70092,8.7255,8.47312,7.62374,6.78571,5.34839,4.19582,3.53297,3.19691,2.94377,2.7728,2.72912,3.00234,3.7536,4.87271,5.7939,6.15241,7.21916,8.98605,11.7151,14.1142,15.8217,18.1545,20.3809,23.8893,28.6225,34.7477,39.9824,40.4476,42.2423,46.6239,50.6954,57.505,79.1211,146.205,0,0,0,0,0,0,0,0,0,0,0,0,0,0,0,0,0,0,0
568,10.449,11.1455,12.228,12.0894,11.9345,11.6078,11.0228,10.4169,9.36693,9.07475,8.14431,7.20177,5.59521,4.38603,3.63912,3.21762,3.00131,2.82917,2.74588,3.11,3.83395,5.00091,6.00345,6.41844,7.52329,9.38038,12.3126,14.8568,16.8425,19.4636,22.0923,25.4382,30.6554,37.2616,43.4185,43.9392,46.0585,50.4078,54.6429,61.4981,79.781,139.862,0,0,0,0,0,0,0,0,0,0,0,0,0,0,0,0,0,0,0
568.5,11.321,12.1052,13.1154,13.2936,12.966,12.7854,11.8564,11.294,10.1374,9.86626,8.73204,7.62269,5.89459,4.59123,3.78647,3.29648,3.04808,2.87785,2.82386,3.18541,3.96031,5.14793,6.20222,6.68803,7.91033,10.0479,12.9985,15.826,18.0858,21.0177,24.0021,27.3332,33.1552,40.2764,47.1466,48.0844,50.2071,55.0883,59.3672,65.6345,81.591,134.686,0,0,0,0,0,0,0,0,0,0,0,0,0,0,0,0,0,0,0
569,12.3109,13.2824,14.2099,14.5328,14.1365,14.1586,12.8735,12.2644,11.1755,10.7778,9.47354,8.10235,6.2465,4.80315,3.93679,3.39415,3.09523,2.92304,2.87575,3.27015,4.12698,5.29843,6.4496,7.03294,8.33978,10.8164,13.819,16.7717,19.4402,22.6674,25.7534,29.6897,35.7412,43.6915,51.2527,52.9669,55.5845,60.2465,64.9657,71.1478,84.1191,132.23,0,0,0,0,0,0,0,0,0,0,0,0,0,0,0,0,0,0,0
569.5,13.3831,14.6831,15.468,16.0093,15.1802,15.6129,14.2209,13.3916,12.2916,11.7674,10.4425,8.7522,6.6645,5.04509,4.12567,3.53825,3.18345,2.96447,2.9428,3.35163,4.29226,5.52429,6.72385,7.43317,8.90571,11.7189,14.8719,18.188,21.0369,24.4951,28.1815,32.531,38.6333,47.8443,55.7338,58.5873,61.2065,66.6056,71.0653,76.9851,88.2826,130.98,0,0,0,0,0,0,0,0,0,0,0,0,0,0,0,0,0,0,0
570,14.6173,16.2588,16.9768,17.7113,17.0679,16.9984,15.7604,14.8793,13.3928,12.9438,11.523,9.56686,7.21106,5.25701,4.36699,3.70724,3.26738,3.02051,3.03935,3.46167,4.48318,5.83385,7.03776,7.91871,9.5868,12.5785,16.1856,19.6459,22.9318,26.6314,30.8613,35.5911,41.9271,52.4095,60.953,64.6219,68.0995,73.9389,78.4694,84.8106,93.6396,131.761,217.713,0,0,0,0,0,0,0,0,0,0,0,0,0,0,0,0,0,0
570.5,16.0536,17.8632,18.7931,19.5969,18.8846,18.6459,17.6225,16.4649,14.8026,14.4849,12.7972,10.4036,7.79911,5.47352,4.58209,3.8561,3.36611,3.10148,3.13524,3.57,4.69771,6.14999,7.42448,8.53043,10.4327,13.4408,17.6978,21.4777,25.0019,29.092,34.0996,39.529,46.2518,57.7528,66.8506,71.857,75.4642,82.7352,87.2359,94.1405,101.319,134.844,217.217,0,0,0,0,0,0,0,0,0,0,0,0,0,0,0,0,0,0
571,17.7688,19.686,20.9397,21.9454,20.9331,20.6365,19.8816,18.2539,16.5829,16.205,14.0731,11.5008,8.60678,5.79603,4.86172,4.03069,3.49246,3.20979,3.25661,3.71803,4.91213,6.45596,7.88749,9.24473,11.3274,14.5836,19.3913,23.6478,27.5805,32.3006,37.8207,43.9513,51.8489,64.1338,73.5385,80.7519,84.3769,92.7712,97.8237,104.329,110.469,140.871,217.398,0,0,0,0,0,0,0,0,0,0,0,0,0,0,0,0,0,0
571.5,19.9414,21.8432,23.4176,24.2148,23.4189,23.4132,22.4281,20.5143,18.8457,18.1865,15.4396,12.7302,9.51943,6.37208,5.18486,4.21685,3.64602,3.32309,3.40893,3.9252,5.19364,6.89201,8.49208,10.0288,12.2918,16.1649,21.4774,26.3118,30.8055,36.0891,41.9882,48.7744,58.7498,72.1187,82.6041,91.8677,94.587,104.408,110.554,116.906,121.796,149.356,219.704,0,0,0,0,0,0,0,0,0,0,0,0,0,0,0,0,0,0
572,22.3128,24.4741,26.6415,27.188,26.0917,26.1698,25.277,23.2059,21.5053,20.474,16.9363,14.3202,10.6202,7.18898,5.66547,4.3989,3.82478,3.47828,3.58822,4.14123,5.51262,7.42112,9.27483,11.0448,13.458,18.0131,23.7417,29.4138,34.6009,40.6448,46.7966,55.1093,66.7426,81.2719,93.8039,104.476,106.024,118.021,124.542,130.681,136.89,160.53,224.183,0,0,0,0,0,0,0,0,0,0,0,0,0,0,0,0,0,0
572.5,25.0427,27.6439,29.4312,30.4831,30.309,30.012,28.5665,26.3353,24.4322,23.0761,19.0194,16.0621,11.8142,8.12459,6.14514,4.74064,4.05883,3.64745,3.81802,4.39588,5.92222,7.89414,10.0872,12.0611,14.9194,20.2033,26.5396,32.9605,39.074,45.1058,53.0456,62.0726,75.7107,92.1184,107.498,119.934,120.309,134.141,141.803,148.964,150.636,175.416,235.183,0,0,0,0,0,0,0,0,0,0,0,0,0,0,0,0,0,0
573,28.2659,31.3294,33.3796,34.3803,34.5406,34.1549,32.4677,29.9958,27.6945,26.0089,21.6052,18.2214,13.1551,9.19093,6.70932,5.14808,4.28723,3.85305,4.0031,4.66079,6.32644,8.55789,11.0829,13.0669,16.4344,22.6631,29.7043,37.0551,44.196,51.1591,60.4893,69.5231,86.0177,104.51,122.51,137.106,137.092,152.32,160.885,170.021,171.909,194.358,250.989,0,0,0,0,0,0,0,0,0,0,0,0,0,0,0,0,0,0
573.5,32.1716,35.7146,37.5027,39.5506,39.4397,39.35,36.9466,34.0079,31.1752,29.186,24.7352,20.5848,14.9001,10.3098,7.45027,5.6581,4.58984,4.08746,4.24221,4.97399,6.92978,9.29652,12.1966,14.4772,18.5361,25.5012,33.6141,41.8403,49.9474,57.7357,68.7769,79.3421,97.6454,120.709,138.735,156.393,156.622,173.765,183.818,194.422,194.75,216.843,271.404,0,0,0,0,0,0,0,0,0,0,0,0,0,0,0,0,0,0
574,36.8651,40.3,43.1359,45.6225,44.4611,44.9995,42.3647,37.755,35.2138,32.8597,28.1976,23.4361,16.7599,11.5979,8.31386,6.10154,4.91587,4.3653,4.50034,5.40916,7.64812,10.378,13.4197,16.2315,20.5748,28.6706,38.023,47.6917,56.7665,66.527,77.8879,90.226,110.681,137.665,157.395,178.978,181.996,198.803,210.541,222.415,222.914,245.046,294.201,0,0,0,0,0,0,0,0,0,0,0,0,0,0,0,0,0,0
574.5,42.0293,45.1928,49.8591,52.6226,51.4706,51.3282,48.6427,43.2679,40.0947,37.3328,31.6775,26.3937,18.7641,12.985,9.27085,6.53925,5.31476,4.62959,4.83672,5.93769,8.48846,11.6711,14.8983,18.3193,23.067,32.3815,43.2833,54.369,63.9786,76.114,88.8005,103.536,125.907,156.938,181.057,203.061,210.17,228.583,241.42,252.07,257.288,275.909,321.406,0,0,0,0,0,0,0,0,0,0,0,0,0,0,0,0,0,0
575,47.8554,51.1288,57.6561,60.2478,59.2503,58.472,55.1292,49.5641,46.0024,42.5196,35.8762,30.0087,20.9672,14.5706,10.3184,7.00184,5.72173,4.92885,5.1982,6.43866,9.36514,13.0028,16.387,20.6372,25.7372,36.6331,49.0747,62.0147,72.3747,86.8347,100.693,117.7,142.939,178.032,206.687,231.289,241.448,262.036,276.382,285.279,293.619,311.596,352.387,458.757,0,0,0,0,0,0,0,0,0,0,0,0,0,0,0,0,0
575.5,53.8893,58.0845,64.2717,68.5596,68.8432,66.2816,62.1242,56.9347,52.8142,48.1839,41.0205,33.9923,23.3992,16.437,11.4781,7.7484,6.17007,5.34269,5.59258,6.97777,10.3088,14.3832,18.2013,23.0018,29.0146,41.1812,55.3089,70.223,81.8552,98.5683,114.589,134.103,161.759,201.382,234.829,264.248,274.739,298.318,315.636,322.861,335.438,347.466,390.008,494.81,0,0,0,0,0,0,0,0,0,0,0,0,0,0,0,0,0
576,60.6599,65.9865,71.7589,77.8438,79.0636,75.083,69.5499,65.2067,59.879,54.4853,46.5343,38.5065,26.4117,18.5208,12.6692,8.42049,6.63041,5.77104,6.10766,7.54102,11.354,15.8136,20.2817,25.7266,32.7302,46.0416,62.1976,79.585,92.0592,111.234,128.581,151.768,181.794,228.267,265.788,298.844,310.102,336.896,356.89,365.417,379.051,392.373,432.037,535.99,0,0,0,0,0,0,0,0,0,0,0,0,0,0,0,0,0
576.5,67.8942,75.037,81.1236,87.6394,89.1337,84.3735,78.4732,73.2272,66.9911,60.4896,51.4321,43.1094,29.7295,20.6456,13.9309,9.33801,7.2269,6.30854,6.59774,8.17426,12.2304,17.2997,22.3642,28.4434,36.8426,51.23,68.8476,89.401,104.082,124.789,142.365,171.273,204.808,256.854,298.219,333.728,345.851,376.826,401.952,413.435,425.594,437.639,481.854,582.305,0,0,0,0,0,0,0,0,0,0,0,0,0,0,0,0,0
577,75.7383,84.4729,91.4797,98.0671,100.59,95.1194,87.9186,81.9204,73.5085,68.2417,56.6149,47.8329,32.9611,22.9087,15.2596,10.1468,7.90407,6.83754,7.113,8.84755,13.3118,18.8222,24.7653,30.8201,40.97,56.6206,76.3894,99.2578,116.566,139.246,158.188,191.163,229.622,288.09,330.209,367.717,386.845,422.985,447.57,463.211,476.089,488.891,533.646,630.729,0,0,0,0,0,0,0,0,0,0,0,0,0,0,0,0,0
577.5,84.3307,92.9956,103.669,109.154,111.195,104.87,97.1683,91.7246,81.0588,75.4868,62.572,52.5248,36.386,24.9341,16.7412,10.8482,8.6256,7.43523,7.51546,9.61985,14.436,20.5256,27.0659,33.557,44.9179,62.2563,84.2777,109.149,129.21,153.323,175.79,210.469,254.42,319.424,365.862,409.472,428.081,467.542,495.224,514.805,528.751,534.359,590.629,682.41,0,0,0,0,0,0,0,0,0,0,0,0,0,0,0,0,0
578,92.9633,100.976,113.578,119.926,121.907,115.958,107.248,101.178,88.9216,83.7145,69.4361,57.0904,39.3767,27.1615,18.2128,11.8087,9.31421,7.96782,8.01175,10.4206,15.671,22.1789,29.2916,36.8233,49.0392,68.5533,92.7938,118.87,142.151,168.262,194.642,230.962,282.887,348.377,403.498,451.444,466.44,514.586,541.051,566.321,577.196,583.493,642.866,732.447,0,0,0,0,0,0,0,0,0,0,0,0,0,0,0,0,0
578.5,101.536,110.077,123.299,130.923,130.329,126.666,117.388,110.806,97.3526,91.487,77.4937,62.0332,41.9416,29.3265,19.4244,12.6384,9.92885,8.51187,8.44701,11.1904,16.9977,23.9036,31.852,39.8092,52.7401,74.8483,101.094,129.506,155.679,182.129,214.61,250.624,303.338,381.676,441.959,492.612,510.332,556.439,589.356,618.328,631.042,644.555,693.88,783.49,0,0,0,0,0,0,0,0,0,0,0,0,0,0,0,0,0
579,110.027,119.78,131.282,140.041,141.414,137.266,125.612,118.755,105.399,99.1532,84.7803,67.4513,45.1731,31.5072,20.6669,13.706,10.5453,9.00841,8.85214,11.8398,18.2594,25.5874,34.464,42.7175,56.3357,81.0272,109.085,140.145,168.745,196.906,232.371,272.128,325.722,409.964,477.147,526.694,554.348,596.963,634.579,665.071,681.229,693.436,747.331,830.107,0,0,0,0,0,0,0,0,0,0,0,0,0,0,0,0,0
579.5,118.346,130.002,140.46,148.752,149.507,148.177,134.976,127.13,113.996,106.44,91.8339,72.3182,48.669,33.8061,21.9503,14.783,11.0771,9.40409,9.37282,12.4453,19.1389,27.3398,36.3616,45.8801,60.2108,86.9444,116.319,151.142,179.912,210.717,249.556,292.409,347.007,442.206,511.389,562.972,600.662,642.596,683.609,710.15,729.859,753.195,796.2,873.956,0,0,0,0,0,0,0,0,0,0,0,0,0,0,0,0,0
580,125.491,138.913,150.334,158.182,159.46,157.206,143.283,133.609,121.159,114.095,97.4502,76.9775,51.155,35.8303,23.2925,15.8666,11.5895,9.76462,9.83615,13.0187,20.0226,29.0019,38.5401,48.7564,64.2359,92.1109,123.461,160.681,191.141,222.881,264.702,310.363,368.964,464.382,538.17,597.756,640.412,682.125,726.135,748.296,775.55,800.385,839.265,917.521,1023.58,0,0,0,0,0,0,0,0,0,0,0,0,0,0,0,0
580.5,131.871,146.897,158.53,167.657,166.812,165.09,151.192,139.974,128.436,120.186,102.767,80.5884,54.2126,37.6219,24.6306,16.9051,11.9723,10.1504,10.3964,13.6671,20.9419,30.4839,40.5685,51.788,67.3072,96.5099,129.494,168.474,200.457,234.834,275.637,325.237,389.17,491.096,568.647,626.326,668.413,716.554,766.268,786.722,808.592,835.853,878.809,952.538,1057.41,0,0,0,0,0,0,0,0,0,0,0,0,0,0,0,0
581,137.163,154.429,168.458,176.437,174.476,171.652,157.848,146.056,132.731,124.906,106.531,83.6043,56.1454,39.0298,25.5767,17.6702,12.5011,10.493,10.7931,14.2688,21.5936,31.8315,42.4665,54.0278,70.4278,99.6846,135.482,175.664,208.147,244.605,283.935,336.88,408.134,512.284,589.846,657.108,699,744.313,802.525,822.288,838.359,861.431,906.187,983.503,1073.62,0,0,0,0,0,0,0,0,0,0,0,0,0,0,0,0
581.5,142.354,161.036,175.419,182.351,182.098,176.447,162.694,151.987,137.024,128.91,109.02,86.5454,58.6688,40.656,26.264,18.22,12.8078,10.685,11.0446,14.7064,22.1851,32.9039,44.1852,55.8698,72.7775,103.639,140.153,180.778,214.074,253.581,290.293,348.374,424.53,531.942,610.529,679.193,722.314,770.085,824.543,852.936,864.413,886.769,933.253,1007.49,1097.41,0,0,0,0,0,0,0,0,0,0,0,0,0,0,0,0
582,146.268,165.885,182.983,188.441,188.724,180.492,167.165,156.997,140.153,130.89,110.517,89.0852,59.9674,41.6482,26.822,18.5453,13.089,10.8284,11.181,15.0612,22.7516,33.8305,45.1322,57.5911,75.054,105.418,143.833,185.836,220.428,260.366,295.715,353.442,438.381,546.422,625.805,702.291,744.414,796.446,839.055,874.777,888.588,911.615,954.159,1025.11,1112.43,0,0,0,0,0,0,0,0,0,0,0,0,0,0,0,0
582.5,148.717,169.332,185.511,192.601,189.684,181.34,172.054,161.915,142.213,133.09,113.396,90.5152,60.9747,42.644,27.0298,18.8712,13.3564,11.0102,11.2091,15.3554,23.085,34.7523,45.8875,58.8555,76.9091,108.624,146.389,190.162,224.235,264.827,301.575,360.859,448.49,556.873,640.888,717.273,759.309,810.514,843.16,892.846,911.646,934.805,973.69,1042.53,1129.24,0,0,0,0,0,0,0,0,0,0,0,0,0,0,0,0
583,151.306,172.376,187.417,197.135,192.537,185.708,174.558,164.174,145.662,134.528,114.311,91.5699,61.9944,43.0761,27.206,19.0354,13.5881,11.1696,11.2852,15.6033,23.3621,35.0168,46.4438,59.4202,77.0286,109.242,148.485,192.261,226.751,266.596,307.505,363.84,455.869,563.27,654.736,723.895,770.607,818.444,847.546,901.97,921.719,946.718,987.537,1044.85,1129.09,0,0,0,0,0,0,0,0,0,0,0,0,0,0,0,0
583.5,152.638,173.533,186.146,197.503,192.412,188.284,176.253,165.965,148.189,135.07,116.96,91.8557,61.9231,43.2956,27.1157,19.016,13.7621,11.4302,11.2784,15.6851,23.1967,35.1238,47.2056,59.6558,77.6082,109.783,149.404,195.178,227.351,267.543,312.183,364.739,459.45,565.549,661.523,730.701,778.152,823.729,858.115,908.996,929.89,945.836,994.553,1045.28,1116.56,0,0,0,0,0,0,0,0,0,0,0,0,0,0,0,0
584,153.232,173.926,185.428,198.804,193.176,186.377,174.135,165.179,148.713,135.823,116.93,93.0654,62.4416,43.1396,26.9511,18.8914,13.7189,11.4364,11.3751,15.6775,23.2234,35.0223,47.3855,58.6718,78.2472,109.789,149.025,194.567,228.27,266.021,313.973,364.997,460.47,563.029,658.119,731.871,773.931,826.388,862.159,908.669,930.978,947.695,990.193,1035.06,1107.45,0,0,0,0,0,0,0,0,0,0,0,0,0,0,0,0
584.5,152.535,172.476,187.476,196.808,191.423,182.189,172.322,163.839,149.034,134.291,116.219,92.6404,62.2839,42.7622,27.1313,18.8535,13.6266,11.2604,11.5782,15.5937,23.2111,34.9103,47.0325,57.8493,78.7279,108.418,148.002,193.112,228.29,265.332,315.682,362.211,456.444,557.513,651.184,728.528,767.206,825.528,856.01,900.896,924.378,938.883,982.43,1024.07,1087.65,0,0,0,0,0,0,0,0,0,0,0,0,0,0,0,0
585,151.32,171.425,186.383,195.383,188.365,179.735,169.681,161.021,145.724,133.415,114.904,90.786,61.7345,42.6181,26.8736,18.8205,13.5732,11.1597,11.4145,15.369,22.9296,34.5726,46.4356,56.6317,77.9904,107.487,146.081,189.954,226.024,261.902,311.165,356.783,449.495,552.13,642.803,719.024,755.244,819.32,844.618,889.014,908.648,935.281,969.478,1009.72,1070.95,1097.2,0,0,0,0,0,0,0,0,0,0,0,0,0,0,0
585.5,148.784,168.65,184.837,192.14,185.979,178.472,167.938,158.696,141.456,132.07,113.007,89.5983,60.612,41.871,26.7381,18.6979,13.4212,11.0559,11.3918,15.1618,22.5825,33.9661,45.8102,55.7579,76.4533,106.035,143.325,187.881,223.315,256.714,305.651,348.95,443.18,540.631,624.21,702.648,739.9,805.59,829.415,875.171,894.81,917.82,956.639,986.831,1041.81,1080.28,0,0,0,0,0,0,0,0,0,0,0,0,0,0,0
586,145.462,165.791,181.846,189.025,185.5,175.447,164.929,154.711,136.085,127.576,111.299,88.2309,59.4058,41.0666,26.3915,18.495,13.1435,10.929,11.1752,14.8382,22.2448,33.2013,44.9175,54.8448,74.687,104.867,140.698,184.087,219.234,254.083,299.367,342.98,434.526,532.444,605.524,689.627,725.179,790.598,815.747,855.624,880.758,904.803,933.129,968.659,1014.77,1049.35,0,0,0,0,0,0,0,0,0,0,0,0,0,0,0
586.5,142.677,161.575,178.654,185.719,182.877,170.774,161.573,147.808,132.104,124.367,109.604,87.6394,57.681,40.3522,25.7254,18.2735,12.8368,10.813,11.0041,14.575,21.827,32.2941,44.2084,53.721,73.6374,102.75,136.852,180.696,213.575,247.746,291.827,337.342,422.998,522.379,586.239,676.204,710.888,768.279,800.642,817.742,857.42,880.331,909.094,936.198,984.604,1019.97,0,0,0,0,0,0,0,0,0,0,0,0,0,0,0
587,139.618,157.077,173.01,181.574,179.288,163.592,156.212,143.159,129.379,120.662,107.661,85.6957,55.9495,39.546,24.9897,17.7651,12.4776,10.5925,10.7722,14.2489,21.5615,31.4414,43.0084,52.0679,72.1555,100.571,133.069,175.376,207.564,240.858,283.316,326.655,408.577,509.411,572.606,661.473,691.318,742.314,783.034,791.805,834.435,854.757,877.126,900.659,951.598,983.692,0,0,0,0,0,0,0,0,0,0,0,0,0,0,0
587.5,136.639,152.833,168.607,174.068,170.865,158.56,153.024,139.049,128.082,118.335,105.415,82.6664,54.9728,38.4052,24.2487,17.3496,12.2784,10.2313,10.3955,13.9388,21.0704,30.5134,41.5513,50.455,70.2663,97.1816,128.505,169.788,201.282,234.307,274.833,316.687,397.57,493.36,559.26,645.494,673.024,720.875,755.103,766.72,804.538,827.845,850.021,869.75,920.068,950.261,0,0,0,0,0,0,0,0,0,0,0,0,0,0,0
588,132.935,148.292,161.945,164.125,163.957,152.387,149.072,133.731,125.609,113.663,101.377,79.4103,53.9661,36.9452,23.3137,16.8105,11.9978,9.97075,10.1545,13.4548,20.3278,29.5671,40.114,48.8533,68.0582,93.1791,123.849,163.681,194.576,226.225,263.278,307.399,384.603,472.947,545.541,619.708,651.402,701.667,730.42,745.566,776.874,794.919,819.081,838.695,881.407,910.67,0,0,0,0,0,0,0,0,0,0,0,0,0,0,0
588.5,127.976,143.29,156.189,155.147,158.252,147.139,144.759,130.217,122.888,108.306,96.8035,75.8407,52.958,35.4664,22.6742,16.1574,11.7685,9.74953,9.80089,12.9804,19.5067,28.5593,38.8242,47.353,65.6173,90.0084,120.301,157.579,186.697,217.753,251.414,297.667,372.255,452.218,525.81,592.055,628.682,674.343,695.816,724.026,745.871,763.132,786.24,805.989,844.599,866.027,0,0,0,0,0,0,0,0,0,0,0,0,0,0,0
589,123.087,137.857,150.202,147.079,153.866,141.679,140.911,126.08,117.386,102.069,93.1155,72.9322,50.7153,33.42,21.8902,15.6775,11.3381,9.47911,9.31966,12.4282,18.6996,27.7453,37.49,45.7373,62.9404,86.7921,116.417,150.771,179.098,209.836,240.1,284.833,355.954,431.765,498.44,566.688,602.642,643.436,667.042,698.768,714.446,734.851,753.992,775.238,806.053,821.016,0,0,0,0,0,0,0,0,0,0,0,0,0,0,0
589.5,117.189,132.508,144.854,142.821,148.449,134.832,134.979,122.004,112.581,98.0707,89.1568,69.4832,47.9585,31.5897,20.9863,15.258,10.8562,9.17606,8.99319,11.8488,17.8726,26.7164,35.8298,43.6069,60.1938,82.9945,111.632,144.214,170.521,199.629,228.512,273.921,337.742,408.792,475.777,544.936,576.396,613.052,636.088,670.922,691.075,707.988,721.112,740.372,768.858,778.396,0,0,0,0,0,0,0,0,0,0,0,0,0,0,0
590,112.026,127.457,139.287,138.439,141.297,128.672,129.25,117.514,106.743,93.3476,83.8531,66.6582,45.1677,30.3696,20.1423,14.7061,10.469,8.86927,8.62164,11.5402,17.1403,25.5897,34.1138,41.9562,57.5863,79.6076,106.509,136.948,163.082,189.852,220.399,261.538,324.494,389.977,453.313,518.625,548.179,587.637,611.314,637.064,656.591,674.558,689.872,710.661,731.924,739.272,614.271,0,0,0,0,0,0,0,0,0,0,0,0,0,0
590.5,106.369,121.391,133.065,134.004,132.639,122.74,122.628,112.187,101.481,90.0788,79.4293,63.7216,42.892,29.3847,19.3651,14.0679,9.96605,8.55819,8.42471,11.1069,16.5185,24.4127,32.4805,40.1391,55.0321,75.5099,101.816,130.977,155.313,180.649,211.19,247.547,309.025,371.544,435.085,490.795,519.282,559.305,578.714,607.808,623.792,644.07,654.984,677.676,698.135,697.264,581.204,0,0,0,0,0,0,0,0,0,0,0,0,0,0
591,101.161,115.876,125.856,129.666,126.785,116.27,115.878,106.7,95.568,85.7092,75.3974,60.74,40.4879,28.5553,18.8758,13.393,9.60727,8.30683,8.18694,10.6665,15.9391,23.2539,31.0218,38.2572,52.5818,71.526,97.302,124.849,147.932,172.173,201.189,234.853,296.096,352.028,413.568,466.928,492.001,532.321,554.619,575.802,592.525,610.905,623.446,642.98,662.607,661.745,549.074,0,0,0,0,0,0,0,0,0,0,0,0,0,0
591.5,95.933,110.359,119.176,124.27,120.144,111.362,109.41,101.115,90.4912,81.935,72.5374,57.8285,38.2344,27.3242,17.9496,12.6552,9.26723,8.04685,7.9129,10.2338,15.2796,22.2022,29.8505,36.3937,50.335,68.0993,92.3355,119.479,141.266,163.524,190.909,221.449,280.88,335.339,394.024,442.477,469.641,504.792,529.326,553.156,564.012,581.738,594.217,609.209,631.071,624.12,515.951,0,0,0,0,0,0,0,0,0,0,0,0,0,0
592,91.1448,105.339,112.425,117.511,114.598,105.529,102.374,95.9163,85.6423,78.1829,69.4161,53.911,36.1258,26.4635,17.1411,11.9725,8.99635,7.74391,7.69113,9.83498,14.5545,21.4565,28.4856,34.4986,47.9389,65.2252,86.7317,113.947,134.132,155.768,180.567,214.616,265.378,319.317,375.092,418.079,448.624,479.011,506.273,525.264,538.175,546.828,564.407,579.234,600.061,591.973,486.738,0,0,0,0,0,0,0,0,0,0,0,0,0,0
592.5,86.1986,100.146,105.904,111.348,109.264,102.794,96.2119,90.2701,81.414,74.0363,65.383,51.509,34.6182,25.0885,16.3607,11.6302,8.71574,7.46352,7.34266,9.45749,13.9853,20.502,27.0493,32.8432,45.7416,61.6723,81.7663,109.015,128.212,148.074,172.346,202.41,250.52,301.379,357.995,396.158,429.669,454.022,482.765,500.133,512.747,518.304,534.818,549.202,565.098,558.228,458.514,0,0,0,0,0,0,0,0,0,0,0,0,0,0
593,82.0251,95.1243,100.461,105.426,104.229,98.4797,90.9299,84.4821,78.7853,70.3827,61.6265,49.0581,33.5396,24.0536,15.6965,11.0624,8.34909,7.22194,7.08773,9.18683,13.5354,19.6638,25.9198,31.784,43.2638,58.264,77.3445,103.409,121.955,141.638,163.14,194.294,236.508,288.395,342.763,373.34,410.13,431.51,459.534,478.251,488.795,493.035,508.558,524.689,528.367,526.424,431.316,0,0,0,0,0,0,0,0,0,0,0,0,0,0
593.5,78.0624,89.7887,95.3543,100.726,100.093,93.7571,87.1314,79.896,75.251,66.7893,58.3622,47.3159,32.8014,22.9435,15.3344,10.6966,7.98435,6.97413,6.88288,8.94038,13.2112,18.7465,24.5126,30.4792,41.006,55.6134,73.7157,98.8917,116.624,134.709,155.072,183.378,223.384,273.76,326.513,359.572,389.89,409.438,437.489,456.323,465.877,474.993,484.062,498.471,499.524,497.356,404.973,0,0,0,0,0,0,0,0,0,0,0,0,0,0
594,74.9142,85.614,91.1237,95.7459,94.7649,89.9458,83.2721,75.8557,72.4502,63.8482,55.9253,45.4048,31.4879,21.8587,14.7585,10.2039,7.79215,6.77053,6.73155,8.6424,12.6993,17.9729,23.3992,29.5554,39.2121,52.893,70.9431,93.5729,111.26,128.087,148.282,172.37,212.399,263.484,310.297,345.16,368.134,388.453,417.601,434.926,443.414,452.943,461.255,473.656,475.46,471.41,380.366,0,0,0,0,0,0,0,0,0,0,0,0,0,0
594.5,71.4284,82.1157,86.5509,91.3154,90.273,85.5689,79.9938,70.8486,69.1776,60.8474,53.8335,43.0536,30.2097,21.0521,14.2694,9.99157,7.51396,6.49887,6.52359,8.30815,12.2252,17.3053,22.5093,28.3633,37.7262,50.5611,68.6963,88.8885,106.441,122.001,141.886,164.881,200.29,251.478,293.797,332.384,348.825,369.605,399.363,413.625,423.544,431.565,438.061,449.464,453.665,446.574,356.563,0,0,0,0,0,0,0,0,0,0,0,0,0,0
595,67.7601,78.8029,82.5925,87.3482,85.6568,81.7196,76.1249,67.2492,66.349,57.4134,51.1866,40.8145,28.6967,20.2531,13.7771,9.69619,7.36759,6.32561,6.30256,7.96221,11.8216,16.5365,21.7457,27.1445,36.1898,48.157,65.5981,84.1011,101.559,116.537,135.552,157.433,192.712,240.081,279.755,318.428,331.21,351.735,380.999,394.374,402.569,410.28,413.069,425.934,434.044,423.715,333.278,316.158,0,0,0,0,0,0,0,0,0,0,0,0,0
595.5,65.1131,75.4105,78.2171,83.7005,82.4701,77.5557,72.5007,63.1413,63.7394,54.2377,49.0113,38.8138,27.5221,19.3713,13.2862,9.44553,7.16849,6.10739,6.03116,7.66007,11.3878,15.8318,20.9648,25.9998,34.3598,46.0029,62.3237,79.7638,97.2013,111.343,129.127,150.685,183.683,230.184,265.758,303.172,315.577,335.143,362.58,374.969,384.365,386.935,391.472,407.98,412.487,400.42,312.617,297.46,0,0,0,0,0,0,0,0,0,0,0,0,0
596,62.2702,71.2052,74.9856,79.6684,79.386,74.3398,69.3502,61.1691,60.598,50.9195,46.9358,37.5354,26.1117,18.4136,12.7343,9.08771,6.93792,5.9534,5.85341,7.45673,10.9771,15.2096,20.1356,24.9868,32.6908,43.963,59.0601,76.9839,92.5667,106.324,122.626,145.235,175.725,219.244,253.737,289.631,300.934,320.136,343.962,357.412,364.834,368.755,374.14,390.817,392.009,379.398,292.408,277.586,0,0,0,0,0,0,0,0,0,0,0,0,0
596.5,59.9865,67.5218,71.2507,75.8578,74.8641,70.9823,66.9831,58.1915,57.8595,48.8233,44.2324,36.2291,25.3022,17.4864,12.1892,8.83601,6.73767,5.79289,5.73252,7.24437,10.5628,14.6867,19.3162,24.1353,31.363,42.3881,55.9396,73.5454,88.1925,101.663,115.176,139.332,167.278,208.511,242.051,275.832,289.453,308.149,329.746,343.038,347.138,352.651,358.705,373.983,374.989,359.381,275.096,259.054,0,0,0,0,0,0,0,0,0,0,0,0,0
597,57.5315,64.5475,68.3972,72.5956,71.7291,67.6164,64.2137,56.0643,55.0391,47.2177,42.2309,35.7035,24.1321,16.6634,11.6343,8.63943,6.53948,5.62828,5.56059,6.94719,10.0991,14.378,18.5258,23.1949,29.2937,40.6049,53.5058,71.1684,83.8455,97.3077,110.327,133.476,160.015,198.451,231.611,262.557,277.185,293.82,314.32,328.72,332.141,336.202,343.963,357.869,360.144,340.28,260.017,240.455,0,0,0,0,0,0,0,0,0,0,0,0,0
597.5,55.3145,61.7657,65.942,69.4934,68.3887,64.1788,61.3042,53.9278,52.9543,45.5602,40.4899,34.5235,23.4482,15.9895,11.2321,8.47985,6.33455,5.39271,5.45138,6.72575,9.70413,13.8057,17.8167,22.4018,27.8547,38.7758,51.0608,67.9764,80.0558,93.4186,105.689,129.119,153.553,190.688,222.885,250.456,263.085,280.044,299.033,313.05,318.443,323.904,328.256,342.271,346.603,322.371,245.622,223.605,0,0,0,0,0,0,0,0,0,0,0,0,0
598,53.2339,59.8031,64.0724,67.1432,65.9579,61.283,58.049,51.6387,50.0611,44.3294,38.2228,33.1543,22.6262,15.508,10.8675,8.17472,6.20649,5.25669,5.29215,6.5189,9.31594,13.4586,17.2648,21.7015,26.5636,37.44,49.6089,65.1074,76.5561,89.8507,102.408,123.44,147.723,183.145,213.893,239.991,249.328,265.746,287.787,299.746,305.665,308.91,314.305,327.972,330.759,308.55,232.893,206.04,0,0,0,0,0,0,0,0,0,0,0,0,0
598.5,51.321,57.5606,61.8677,64.6363,63.7144,59.4272,55.2561,50.232,47.4196,42.8169,37.4545,31.4888,21.7467,14.9997,10.5247,7.9709,6.03261,5.12233,5.11674,6.33087,9.00919,12.9404,16.7895,20.8067,25.85,36.2835,47.7769,62.3219,73.3424,86.4609,98.6867,117.826,142.058,176.396,204.553,229.384,238.878,253.922,277.509,286.835,293.944,297.528,301.22,313.201,317.546,294.971,220.362,189.451,0,0,0,0,0,0,0,0,0,0,0,0,0
599,49.0937,55.7888,60.0702,62.3737,60.7162,57.3088,53.4294,48.5712,45.1507,41.2612,36.3213,30.1527,21.1625,14.6897,10.1961,7.6504,5.943,5.0098,4.93494,6.11556,8.74057,12.5767,16.1764,19.879,25.3121,34.8438,46.183,59.658,70.6181,82.9144,94.7384,112.013,136.599,169.011,195.949,219.812,229.647,244.596,268.651,276.211,280.336,285.732,287.498,302.584,303.001,281.324,208.559,174.039,0,0,0,0,0,0,0,0,0,0,0,0,0
599.5,46.8555,54.4824,57.6912,59.4222,58.6409,55.5315,51.9582,47.0933,43.2849,39.6976,35.0671,28.9815,20.5655,14.1854,9.81351,7.46927,5.7531,4.93815,4.80988,5.92528,8.51271,12.2119,15.6625,19.0071,24.4756,33.341,44.6448,57.2976,67.8693,79.863,90.8839,107.138,132.124,161.847,189.067,210.627,222.999,235.548,259.664,265.756,270.216,275.163,275.412,289.308,292.633,269.595,197.145,159.681,0,0,0,0,0,0,0,0,0,0,0,0,0
600,44.7501,52.489,55.3737,56.3172,56.2434,53.3545,50.1727,45.8786,42.0749,38.0304,33.8998,27.8686,19.9253,13.7202,9.52728,7.25953,5.61628,4.83702,4.66241,5.76766,8.32337,11.8307,15.1777,18.204,23.7681,31.826,43.1272,55.3155,65.3661,77.2576,87.3829,103.116,127.093,154.242,182.98,204.977,213.198,226.983,248.695,255.689,259.544,265.319,265.17,278.956,281.214,258.843,185.867,147.087,225.326,0,0,0,0,0,0,0,0,0,0,0,0
600.5,43.1312,50.5342,53.8625,53.6685,54.6081,51.1258,48.9196,44.3417,41.211,36.5801,32.587,27.1558,19.1699,13.2489,9.1775,7.05971,5.49945,4.72111,4.57396,5.6168,8.08098,11.4676,14.5928,17.5406,23.0048,30.8982,41.7924,53.8343,63.0239,74.455,84.5071,100.497,123.013,147.014,177.773,195.93,205.809,218.958,238.099,247.805,249.107,255.717,255.636,269.227,270.867,249.812,178.128,136.227,214.023,0,0,0,0,0,0,0,0,0,0,0,0
601,42.0413,48.7804,52.3935,51.8283,53.0997,48.9783,47.4417,43.1352,40.1824,34.7823,31.7612,26.2046,18.3699,12.8622,8.99767,6.83241,5.42719,4.59332,4.4361,5.52272,7.8881,11.1481,14.1262,17.0743,22.4046,29.9801,40.4946,52.2214,60.6618,72.0348,81.7509,97.1862,119.131,142.862,171.959,191.321,198.924,213.119,229.174,239.651,242.82,246.264,246.866,258.823,259.958,242.077,169.799,125.963,201.089,0,0,0,0,0,0,0,0,0,0,0,0
601.5,41.0531,46.9559,51.1218,50.9599,51.6549,46.9968,45.8956,41.9619,38.6002,33.7013,31.0128,24.9135,17.5012,12.4681,8.82068,6.5919,5.30421,4.42014,4.35767,5.36476,7.7303,10.8875,13.5724,16.5477,21.8454,28.9018,39.0873,50.5772,58.6849,69.6501,78.8799,93.6037,114.897,140.581,166.166,183.655,194.328,207.543,220.955,231.213,233.605,237.445,238.976,247.512,249.177,234.115,162.057,116.853,185.961,0,0,0,0,0,0,0,0,0,0,0,0
602,40.314,45.5622,49.5985,49.7872,50.5924,45.9147,44.7788,40.2462,37.4819,32.7672,30.1812,23.9617,16.7375,12.2087,8.79928,6.37369,5.22805,4.35133,4.28974,5.24481,7.53489,10.4994,13.0961,16.143,21.3246,28.0924,37.9681,48.972,56.9837,67.5427,76.1439,90.7226,111.631,137.105,160.341,177.363,186.696,201.477,213.344,224.074,226.531,228.448,231.541,238.576,239.843,227.214,155.461,108.772,171.746,0,0,0,0,0,0,0,0,0,0,0,0
602.5,39.3047,44.0042,47.962,48.4735,49.1336,45.1693,43.6074,38.6802,36.3684,31.9784,29.4434,23.447,16.2601,11.9764,8.60821,6.2234,5.12096,4.28035,4.21989,5.15439,7.34468,10.1914,12.8054,15.7072,20.6147,27.0876,36.6747,47.3485,55.4659,65.1583,73.631,89.0141,108.047,132.663,154.84,172.002,179.861,195.86,206.732,215.716,219.271,220.782,224.662,229.822,234.889,219.509,148.88,101.712,156.415,0,0,0,0,0,0,0,0,0,0,0,0
603,38.2901,42.7927,46.5223,47.2005,48.0059,44.6657,42.275,37.3878,35.5176,31.3331,28.4712,22.8567,16.0431,11.8685,8.40777,6.1042,5.00528,4.24809,4.15508,5.07894,7.09076,9.9539,12.5994,15.3054,19.9106,26.1234,35.7974,45.9329,53.874,63.0158,71.5196,86.6183,104.623,129.07,149.664,166.189,174.43,188.086,200.353,209.229,213.048,211.946,217.822,224.248,228.507,212.756,143.431,95.5882,142.943,0,0,0,0,0,0,0,0,0,0,0,0
603.5,37.2771,41.6269,45.2631,45.7576,46.4115,43.8917,41.1233,36.3556,34.7135,30.6869,27.8226,22.3183,15.8678,11.575,8.23644,6.03266,4.9279,4.17247,4.08881,5.01759,6.94474,9.71985,12.3559,14.858,19.4918,25.6972,34.7874,44.4427,52.2902,60.8968,69.3126,84.1904,100.637,125.028,144.203,161.758,169.9,182.771,194.613,204.104,208.257,205.686,212.137,217.914,222.098,207.219,139.842,89.3113,129.599,0,0,0,0,0,0,0,0,0,0,0,0
604,36.2545,40.8778,43.6101,44.8628,44.9584,42.8286,40.0724,35.3635,33.7797,30.0178,27.2283,21.9239,15.6677,11.2771,8.06029,5.91328,4.83542,4.02675,4.03037,4.90401,6.7245,9.52849,12.1667,14.554,18.9993,24.9826,33.8895,43.0341,50.7738,59.2946,67.513,81.7333,96.4049,121.658,139.804,157.314,165.473,177.609,189.287,199.736,202.731,199.466,205.227,213.711,215.723,202.157,135.721,83.8935,117.788,0,0,0,0,0,0,0,0,0,0,0,0
604.5,35.4289,39.675,42.4722,43.7362,43.8745,41.5371,39.1522,34.4571,33.0972,29.4743,26.6395,21.6896,15.3041,10.9071,7.89524,5.78751,4.72888,3.99894,3.92857,4.79693,6.60136,9.3184,11.8441,14.3837,18.6102,25.0391,32.7934,41.9699,49.8258,57.4628,65.8099,79.5926,93.6037,117.903,136.378,153.519,161.665,173.573,184.769,194.931,197.835,193.5,199.854,206.627,209.544,194.441,131.933,79.3446,107.004,0,0,0,0,0,0,0,0,0,0,0,0
605,34.5751,38.3816,41.3745,42.6365,42.7958,40.5081,38.1126,33.6284,32.2175,28.4847,26.3692,21.3083,15.056,10.6789,7.77484,5.68093,4.6856,3.93215,3.88519,4.71787,6.39117,9.14143,11.531,14.0007,17.9435,24.567,32.1225,41.0247,48.6457,55.9363,64.2748,77.8222,90.9499,114.842,133.325,148.323,157.898,168.321,179.706,190.578,193.152,190.198,194.426,201.307,204.379,188.867,128.341,74.9453,97.6447,193.866,0,0,0,0,0,0,0,0,0,0,0
605.5,33.7565,37.5274,40.4806,41.3835,42.2195,39.6357,37.298,32.7953,31.4569,27.9627,25.8182,20.8111,14.6514,10.3378,7.56857,5.5996,4.57702,3.93246,3.81058,4.59182,6.26136,9.00295,11.2214,13.6255,17.3515,24.1542,31.3657,40.4456,47.795,54.8969,62.8353,75.1335,88.8627,112.05,130.605,144.687,154.165,163.968,172.849,186.245,188.624,186,189.878,195.523,199.437,182.419,124.977,71.4936,89.1884,182.752,0,0,0,0,0,0,0,0,0,0,0
606,33.0222,36.8147,40.0664,39.9378,41.5179,38.8742,36.4175,32.8267,30.6546,27.9411,25.4818,20.4092,14.2719,10.303,7.46735,5.57454,4.49048,3.88105,3.76392,4.53747,6.28188,8.82474,11.0044,13.2712,16.905,23.4844,30.6173,39.9679,46.6712,53.6055,61.2646,73.0256,87.0271,110.054,127.865,141.967,151.197,159.689,167.135,182.498,183.601,182.5,185.501,192.201,192.761,176.921,121.887,67.9553,81.7287,170.606,0,0,0,0,0,0,0,0,0,0,0
606.5,32.3325,36.3373,38.9837,39.1253,40.7912,37.7513,35.6854,32.3702,29.9036,27.6683,24.9514,19.9792,14.0816,10.1284,7.33525,5.55781,4.44602,3.83011,3.70435,4.43467,6.23713,8.66806,10.7657,13.0451,16.5635,22.7341,29.5805,38.998,45.6185,52.2081,60.1147,71.0935,85.1126,107.089,124.698,138.208,148.148,156.611,163.449,178.808,179.422,178.299,180.142,189.073,188.231,174.008,118.009,65.0221,75.3568,158.126,0,0,0,0,0,0,0,0,0,0,0
607,31.8829,35.7628,38.133,38.3715,40.2775,36.8525,34.745,31.74,29.3207,27.3921,24.6021,19.7176,13.8559,10.0973,7.20831,5.52628,4.41869,3.76964,3.66081,4.36305,6.25899,8.49873,10.6485,12.7482,16.4127,22.462,28.6684,38.2967,44.2798,50.7343,58.5617,69.1511,83.6263,104.57,122.403,134.986,144.997,152.172,161.327,175.05,175.311,175.293,175.688,183.94,184.881,171.533,115.153,61.9911,69.8858,145.822,0,0,0,0,0,0,0,0,0,0,0
607.5,31.1588,35.159,37.3949,37.9697,39.447,36.1198,33.3681,30.695,28.7515,26.8294,24.2195,19.2584,13.8203,9.91439,7.1697,5.46211,4.37931,3.72069,3.5644,4.33362,6.15947,8.2291,10.4543,12.6305,16.1362,21.9225,27.8665,37.4028,43.2836,49.1562,57.1598,68.0237,81.6995,102.217,119.54,132.695,141.866,149.14,159.414,171.866,170.688,171.09,172.237,180.814,183.49,168.027,111.243,59.5264,64.2593,134.536,0,0,0,0,0,0,0,0,0,0,0
608,30.6198,34.8212,36.8082,37.649,38.5061,35.4745,32.4709,30.0055,28.3278,26.2673,23.7434,18.8107,13.6705,9.70649,6.98797,5.36334,4.32641,3.65373,3.54173,4.28043,6.09606,8.09191,10.2302,12.5384,15.726,21.5737,27.3875,36.5557,42.3181,48.3829,55.9659,66.4108,79.5321,100.187,117.746,131.223,138.649,146.612,158.084,166.947,166.638,167.721,170.061,176.645,179.376,164.482,108.088,57.5406,59.3888,124.64,0,0,0,0,0,0,0,0,0,0,0
608.5,29.9012,33.9351,36.1054,37.06,37.873,35.0992,31.7841,29.49,28.0111,25.7512,23.3644,18.3273,13.5389,9.50694,6.87227,5.28923,4.25752,3.59244,3.46881,4.22268,5.97211,7.93762,10.0126,12.25,15.499,21.2177,27.1381,35.4289,41.4861,47.5668,55.0322,64.8171,77.311,98.2815,115.376,129.24,135.738,144.11,155.177,163.407,162.585,165.245,165.724,172.76,175.309,161.49,106.036,56.0656,55.248,114.775,0,0,0,0,0,0,0,0,0,0,0
609,29.4022,33.2029,35.2792,36.6991,36.8286,34.2106,31.4176,29.1602,27.4999,25.1384,22.7265,17.9294,13.3335,9.31828,6.76358,5.22937,4.20045,3.52556,3.46719,4.15476,5.85419,7.88388,9.81349,11.99,15.2948,20.8715,26.7232,34.4557,40.6836,47.71,54.1952,63.4337,75.5726,96.4468,113.245,127.128,132.465,142.076,151.92,159.675,161.016,163.453,162.001,168.525,171.214,157.949,103.79,54.3098,51.9585,104.13,0,0,0,0,0,0,0,0,0,0,0
609.5,28.8852,32.493,34.5697,36.3224,36.3005,33.4297,31.33,28.7518,27.0036,24.7128,22.0692,17.5547,13.2323,9.13486,6.68163,5.16931,4.1597,3.46731,3.42591,4.09371,5.68343,7.81549,9.59639,11.7373,14.8742,20.4673,26.3193,33.9199,40.0078,46.8453,52.9817,62.4855,74.3412,95.0521,111.128,124.629,128.446,139.711,148.476,156.696,157.852,160.736,158.976,165.656,167.157,155.535,102.566,53.173,48.9008,94.4993,0,0,0,0,0,0,0,0,0,0,0
610,28.3287,31.9391,33.8011,35.9628,35.5031,32.6193,30.9325,28.1472,26.3366,24.3296,21.5483,17.4009,12.987,9.08726,6.6351,5.12636,4.09807,3.45755,3.40513,4.04232,5.57141,7.75687,9.4079,11.4682,14.5081,19.8973,25.8005,33.4862,39.3715,45.9195,52.0394,61.4323,73.7457,92.7763,108.818,122.455,126.157,136.85,144.408,155.018,154.176,157.529,157.408,163.05,163.199,153.167,101.044,52.1614,45.906,85.3759,171.685,0,0,0,0,0,0,0,0,0,0
610.5,28.0583,31.0618,33.3339,35.5616,35.0366,31.9572,30.1064,27.8897,25.7739,23.8213,21.1822,17.2692,12.8224,8.95199,6.47206,5.08458,4.07824,3.44197,3.36585,3.97628,5.44818,7.55535,9.24067,11.3289,14.1636,19.3863,25.4257,32.914,38.5941,45.2385,51.1654,60.6283,72.5285,90.4775,106.214,119.41,122.855,134.568,141.866,152.547,150.913,154.586,153.031,160.136,160.241,150.91,98.9958,51.4047,43.5732,77.4247,162.635,0,0,0,0,0,0,0,0,0,0
611,27.601,30.3003,32.8255,35.0381,34.4292,31.2552,29.1338,27.4195,25.3073,23.4148,20.5733,16.9829,12.5357,8.75496,6.33665,5.0308,4.02699,3.43599,3.34884,3.85605,5.38617,7.44826,9.03949,11.1979,13.9882,18.891,25.0522,32.3654,37.6918,44.5499,50.5407,59.1554,71.1951,88.5005,103.937,117.386,122.913,131.465,138.944,149.6,148.89,152.699,152.437,157.244,156.977,148.554,98.1565,50.329,41.5409,70.3602,153.157,0,0,0,0,0,0,0,0,0,0
611.5,27.2277,29.2772,32.5338,34.4054,33.535,30.9328,28.5188,27.0734,24.9008,22.9477,20.233,16.6861,12.3382,8.59743,6.21182,4.96985,3.96721,3.38903,3.35011,3.80944,5.29265,7.32708,8.77793,11.0443,13.7407,18.6623,24.5873,31.8253,37.0341,43.919,49.4526,57.9208,69.6528,86.8954,101.705,115.71,120.784,128.878,137.677,146.228,146.647,150.209,150.333,152.561,156.291,145.326,95.8747,49.2045,39.8556,64.3448,143.246,0,0,0,0,0,0,0,0,0,0
612,26.9097,28.9333,32.1688,33.3992,33.1033,30.2567,28.1804,26.413,24.604,22.3998,19.6843,16.4014,12.0965,8.41991,6.16756,4.89272,3.90359,3.34411,3.31904,3.78137,5.25068,7.27929,8.70696,10.9262,13.6228,18.6191,24.1743,31.4489,36.1993,42.992,48.2833,56.2423,68.6718,85.818,100.455,114.235,118.841,125.831,135.41,142.68,145.303,148.095,148.68,151.217,153.844,142.684,94.4382,48.6129,38.3484,59.7739,134.253,0,0,0,0,0,0,0,0,0,0
612.5,26.6223,28.8094,31.5305,32.8357,32.4899,30.0303,27.8577,25.7646,24.289,22.1775,19.2983,16.2046,11.6275,8.34672,6.16758,4.82831,3.83857,3.30854,3.29614,3.73359,5.2068,7.17865,8.59214,10.7371,13.5639,18.3128,23.7627,30.9437,35.5596,42.1041,47.2604,55.4419,67.8499,85.34,98.279,112.505,116.893,124.102,132.68,138.97,143.253,145.243,147.432,147.95,151.927,140.049,93.0388,47.903,36.6679,55.5945,124.338,0,0,0,0,0,0,0,0,0,0
613,26.2878,28.8203,31.0099,31.9318,32.0603,29.624,27.5208,25.2983,23.674,21.9395,19.163,16.1745,11.3228,8.20863,6.11459,4.78669,3.79087,3.24173,3.27311,3.71614,5.13247,7.0035,8.54182,10.6152,13.3678,18.1564,23.2231,30.3489,34.826,40.9678,46.5779,54.2194,66.8047,83.8003,96.9945,110.944,115.112,122.126,130.788,136.266,140.889,142.052,145.924,147.58,149.445,137.319,92.0765,47.5442,35.3984,51.9888,114.021,0,0,0,0,0,0,0,0,0,0
613.5,25.9564,28.3458,30.6669,31.5942,31.643,29.5824,27.0444,24.9416,23.0669,21.5065,18.9186,16.0123,11.1626,8.15366,6.04405,4.70649,3.75473,3.20136,3.27866,3.65458,5.06886,6.80374,8.46911,10.4755,13.2208,17.9638,22.9354,29.8433,34.5291,40.3145,45.8348,53.8579,65.5347,82.5934,95.8841,108.967,112.996,119.886,128.644,134.449,138.603,139.486,143.373,144.976,147.344,134.166,91.1305,46.591,34.3853,48.8296,104.609,0,0,0,0,0,0,0,0,0,0
614,25.4541,27.9486,30.2692,30.5067,31.2393,29.3316,27.0117,24.6951,22.6689,21.1781,18.9189,15.8863,11.1137,8.04294,5.9796,4.68044,3.7023,3.17895,3.27594,3.60384,4.99418,6.68481,8.29733,10.2893,12.926,17.4182,22.6566,29.2165,34.0136,39.3875,45.1241,53.3893,64.2539,81.1029,94.7662,106.601,110.784,118.117,126.99,131.751,136.614,136.929,141.015,143.11,145.626,131.721,89.7511,45.9004,33.6139,45.6013,95.819,0,0,0,0,0,0,0,0,0,0
614.5,24.9108,27.3672,29.8783,30.0363,30.8854,28.8655,26.6477,24.279,22.3862,20.8501,18.6677,15.6053,11.0505,8.01896,5.92608,4.60495,3.68075,3.16979,3.24757,3.55592,4.91606,6.64126,8.18202,10.1058,12.6499,17.1488,22.0817,28.8383,33.4678,38.8261,44.4414,53.1266,63.6988,79.6005,93.4984,103.88,108.048,115.782,124.979,130.531,134.615,134.296,138.84,140.863,142.781,128.541,88.3312,45.3182,33.0583,42.8478,88.1458,0,0,0,0,0,0,0,0,0,0
615,24.4804,27.3019,29.4032,29.3019,30.3554,28.1703,26.5757,23.8853,22.0428,20.6098,18.6039,15.4677,11.0009,7.89457,5.93558,4.56676,3.64704,3.17825,3.20065,3.4928,4.88349,6.55659,8.07335,9.93082,12.4272,16.8354,21.8457,28.2958,33.2052,38.2836,43.9367,52.6955,62.6946,78.1647,91.6363,101.693,106.324,113.209,123.201,128.159,132.914,133.333,137.199,138.527,140.097,126.993,86.8414,44.563,32.3767,40.2821,81.2543,166.81,0,0,0,0,0,0,0,0,0
615.5,24.0731,26.8711,29.1683,29.0857,29.7981,27.2605,26.2336,23.6391,21.8052,20.5277,18.459,15.2115,10.8934,7.87825,5.85395,4.52542,3.63763,3.13942,3.15886,3.46801,4.81049,6.47754,7.98982,9.77998,12.3726,16.6563,21.2166,27.8475,32.6467,37.8458,43.0976,51.6359,61.9799,76.7142,89.8354,99.5439,104.735,111.016,121.256,126.514,131.288,130.986,135.862,137.454,137.872,125.088,85.4218,44.0436,31.5941,38.5001,74.7601,158.33,0,0,0,0,0,0,0,0,0
616,23.8681,26.4899,28.7811,28.8863,29.5131,26.7591,26.102,23.2495,21.7544,20.4329,18.3102,14.7939,10.8641,7.76563,5.76248,4.51104,3.63456,3.08585,3.12562,3.44929,4.82582,6.39406,7.90081,9.61753,12.0509,16.6687,21.0189,27.6289,32.0897,37.4185,42.173,50.5024,61.3831,75.6617,88.3218,98.8562,103.367,109.524,119.006,125.381,129.886,128.737,135.057,136.758,135.413,124.102,84.6833,43.4312,31.0181,36.8007,68.9046,149.925,0,0,0,0,0,0,0,0,0
616.5,23.4525,26.3098,28.6297,28.4486,29.1359,26.8747,25.9031,22.9181,21.7347,20.1536,18.1622,14.6372,10.7699,7.72853,5.69268,4.5061,3.61649,3.05369,3.07887,3.47422,4.79182,6.35538,7.7582,9.48103,11.831,16.2792,20.9194,27.3343,31.7036,37.0328,41.9649,49.8847,60.1637,75.0659,87.4069,97.7564,102.628,109.688,116.894,124.282,128.157,127.04,133.862,134.945,134.655,122.689,83.518,42.8488,30.6063,35.1669,63.627,140.932,0,0,0,0,0,0,0,0,0
617,23.141,26.0432,28.0394,28.4397,29.0856,26.7062,25.8739,22.8077,21.6499,19.8064,18.0833,14.4418,10.6514,7.71023,5.70024,4.48167,3.62814,3.04389,3.0523,3.45108,4.74646,6.28494,7.66613,9.35482,11.4513,15.9868,20.9547,26.9786,31.2607,36.681,41.4247,49.4366,59.3532,74.3783,86.9006,96.5746,101.912,107.902,115.574,122.259,126.783,125.311,132.174,134.375,132.528,121.174,82.4864,42.5603,30.0321,33.9335,59.0557,132.398,0,0,0,0,0,0,0,0,0
617.5,22.8122,25.7103,27.6738,28.082,29.0286,26.733,25.4921,22.8286,21.4884,19.6495,17.8037,14.5352,10.597,7.67859,5.67424,4.48232,3.58244,3.03321,3.04119,3.42205,4.7262,6.20716,7.46812,9.29502,11.3475,15.7816,20.8588,26.794,31.0204,36.4426,41.3232,49.1046,58.2984,74.0392,86.4313,96.384,101.91,106.423,115.133,121.153,125.379,125.021,130.852,133.414,131.709,120.423,81.6108,42.3432,29.7916,32.5515,55.1457,123.539,0,0,0,0,0,0,0,0,0
618,22.6612,25.5946,27.5511,28.236,28.9682,26.7873,25.3642,22.7966,21.1993,19.4679,17.7627,14.4637,10.3925,7.68637,5.67341,4.48197,3.54074,3.04977,3.05256,3.37166,4.63731,6.21867,7.32085,9.22274,11.312,15.6333,20.7,26.4061,30.7923,36.0183,40.8961,48.7562,58.1617,73.5087,85.3209,95.8302,101.501,105.375,114.649,119.796,124.253,124.057,129.331,132.101,131.137,119.055,80.7312,42.0727,29.7379,31.6515,51.4279,113.935,0,0,0,0,0,0,0,0,0
618.5,22.735,25.5217,27.586,28.1981,28.6904,26.9018,25.0145,22.1922,21.202,19.6327,17.6517,14.3215,10.3864,7.65591,5.60227,4.49107,3.50329,3.03268,3.02702,3.32329,4.58733,6.22772,7.34638,9.16803,11.4115,15.5151,20.4577,26.2888,30.5753,35.5925,40.9462,48.3518,58.4197,72.6752,84.8672,95.295,100.277,103.574,113.753,119.785,122.216,124.042,127.868,131.507,129.814,118.032,79.8921,41.9912,29.412,30.6667,48.1706,104.878,0,0,0,0,0,0,0,0,0
619,22.9022,25.3135,27.7289,28.3072,28.6636,26.6688,24.4573,22.0615,21.1606,19.5991,17.6816,14.369,10.3316,7.61175,5.60917,4.46055,3.49711,3.01027,3.00484,3.28504,4.55123,6.21261,7.35256,9.1018,11.4542,15.494,20.2354,26.0681,30.4243,35.2281,40.6987,48.3586,58.0927,72.6876,84.1956,95.1332,99.3339,104.301,113.079,119.18,120.871,123.466,127.172,130.549,129.821,117.921,79.3769,41.6032,29.3353,30.213,45.3352,95.7944,0,0,0,0,0,0,0,0,0
619.5,23.1237,25.4912,27.6364,28.1598,28.4627,26.5347,24.3913,21.9555,21.1944,19.7073,17.6367,14.113,10.421,7.57875,5.54638,4.45152,3.51394,2.99604,2.9652,3.30471,4.50576,6.19252,7.40657,9.01509,11.4038,15.4576,20.0995,25.9068,30.5168,34.9994,40.511,48.2274,57.6887,72.2248,83.8628,94.8483,98.2925,103.672,112.251,118.58,120.045,123.32,125.519,129.368,129.316,118.25,78.7791,41.5235,29.2438,29.6592,42.876,87.9002,0,0,0,0,0,0,0,0,0
620,23.2831,25.5857,27.6564,28.1739,28.4391,26.4216,24.3574,22.2858,21.214,19.8063,17.5999,14.1457,10.505,7.49467,5.5538,4.41276,3.48808,2.98424,2.92591,3.32041,4.51403,6.15553,7.41178,9.02691,11.3952,15.4867,19.9509,25.9589,30.146,35.1627,40.4112,48.2787,57.6057,71.6476,83.2836,94.4864,97.7583,104.453,111.879,117.615,119.716,122.632,125.222,129.204,130.466,118.83,77.8923,41.5809,29.44,29.2376,40.3121,79.966,159.305,0,0,0,0,0,0,0,0
620.5,23.2921,26.4433,27.7614,29.383,27.9875,26.9822,24.5242,22.349,20.791,18.5317,16.5363,12.8207,9.17533,6.45953,4.5396,3.33968,2.53376,2.11396,2.06478,2.47267,3.55434,5.11609,6.59919,8.21913,10.6321,14.8985,19.1192,25.1268,29.9017,34.9622,40.8151,48.8973,60.0283,72.3328,84.3388,93.4573,100.144,105.855,114.854,118.596,122.418,125.293,126.647,130.842,131.032,121.645,79.6054,40.9415,30.7112,28.9438,40.239,76.0702,151.199,0,0,0,0,0,0,0,0
621,23.3984,26.613,28.1395,29.6325,28.3672,27.2681,24.5713,22.2009,20.7226,18.5376,16.4347,13.0204,9.21573,6.48757,4.55697,3.3687,2.58173,2.12058,2.08774,2.46549,3.54042,5.07347,6.54767,8.21632,10.6272,14.8363,19.0679,24.8946,29.9552,34.8214,40.9504,48.9415,59.7942,72.5825,84.0439,93.7295,100.165,105.45,114.034,117.817,122.995,124.865,126.648,130.615,131.724,121.189,79.6531,41.213,30.7771,29.1119,38.4517,70.2632,143.085,0,0,0,0,0,0,0,0
621.5,23.4736,26.7538,28.2923,29.568,28.8855,27.2603,24.4666,22.3735,20.6929,18.403,16.3303,13.4419,9.26003,6.53767,4.59338,3.41958,2.56939,2.09662,2.08082,2.43764,3.52336,5.0826,6.58374,8.19003,10.5909,14.788,19.1094,24.767,30.1022,34.9983,40.4956,49.0886,59.6223,72.221,83.8553,93.9512,99.418,105.345,112.873,117.121,123.992,124.943,126.308,130.753,131.735,122.03,79.8446,41.403,30.7269,29.4064,36.7952,65.2664,135.836,0,0,0,0,0,0,0,0
622,23.711,26.8861,28.5318,29.7286,29.5445,27.0278,24.7059,22.3382,20.579,18.4878,16.3521,13.6584,9.28656,6.56145,4.64681,3.43126,2.56532,2.11126,2.06688,2.42046,3.48012,5.05891,6.56963,8.21092,10.5596,14.7799,19.11,24.5251,30.088,35.0589,40.4327,49.105,59.2397,72.3261,83.3267,94.9225,99.1632,104.979,112.262,117.224,124.077,124.608,126.494,132.022,132.254,122.516,80.2321,41.3802,30.9665,29.4221,35.3297,60.9419,127.745,0,0,0,0,0,0,0,0
622.5,23.7489,26.898,28.7242,29.6425,29.5992,27.0323,24.6481,22.6402,20.5104,18.7052,16.4128,13.7572,9.35945,6.52841,4.6501,3.45525,2.57483,2.1382,2.08401,2.41785,3.47796,5.05006,6.56762,8.19731,10.6061,14.692,19.1691,24.6734,30.0956,35.0899,40.2009,48.9162,59.3958,72.1194,83.3473,94.9722,98.7929,106.336,112.445,116.922,124.344,124.856,127.063,132.218,132.222,123.032,80.6448,41.4112,31.1608,29.4249,34.2447,57.384,120.301,0,0,0,0,0,0,0,0
623,23.6958,26.7309,28.8294,29.6303,29.3376,26.934,24.9834,22.7807,20.3317,18.9296,16.5519,13.7587,9.40414,6.57629,4.65083,3.46245,2.6018,2.13359,2.10505,2.41093,3.42876,5.01996,6.57571,8.17802,10.6182,14.5484,19.1319,24.5992,29.8131,35.1161,40.4848,48.5473,58.8374,72.583,82.8479,94.5317,98.7841,106.33,114.693,117.331,123.115,125.129,127.514,132.519,133.003,123.569,81.1885,41.3799,31.3699,29.3558,33.6073,54.2008,112.189,0,0,0,0,0,0,0,0
623.5,23.9235,26.81,28.7599,29.5273,29.0394,27.0547,25.2738,23.2032,20.187,19.1321,16.616,13.8139,9.51602,6.61561,4.71327,3.50046,2.62834,2.17113,2.10917,2.43736,3.46374,4.96903,6.53079,8.17508,10.6419,14.5396,19.1549,24.5737,29.5903,34.9444,40.4544,48.6961,59.0703,72.925,82.7051,94.495,99.6279,105.394,114.74,117.827,122.218,124.771,128.364,132.334,133.134,123.345,81.6416,41.438,31.6337,29.3972,33.1544,51.2633,104.352,0,0,0,0,0,0,0,0
624,24.252,26.8117,28.6716,29.4365,29.1557,27.3719,25.4809,23.2017,20.2838,19.2213,16.7521,13.9041,9.56116,6.67251,4.74601,3.53707,2.61672,2.18118,2.12624,2.4599,3.50519,4.95213,6.52624,8.08956,10.5586,14.571,19.1069,24.3751,29.3388,34.8081,40.4609,48.5255,59.4018,73.4847,83.1841,94.3849,98.7348,105.712,115.163,117.642,121.801,124.8,129.658,132.563,132.618,123.058,81.7788,41.7166,31.9026,29.6948,33.0831,49.1837,97.1561,0,0,0,0,0,0,0,0
624.5,24.5349,27.1825,28.6876,29.6029,29.106,27.5867,25.8417,23.3207,20.4117,19.3462,16.7478,13.8483,9.60439,6.73005,4.7952,3.54161,2.60778,2.19255,2.11159,2.50552,3.5287,4.9012,6.53542,8.14153,10.6165,14.6543,19.0379,24.6462,29.256,34.6442,40.0238,48.8453,59.089,73.4424,83.8463,93.9326,98.936,105.53,115.063,118.01,122.45,124.654,129.672,133.218,133.162,123.277,82.2017,42.2655,32.2635,30.0977,32.9329,47.3249,90.5589,0,0,0,0,0,0,0,0
625,24.5561,27.5128,28.5265,29.9169,29.3685,28.0221,26.0479,23.5641,20.6978,19.3635,16.7974,13.947,9.71649,6.76855,4.86495,3.53127,2.6154,2.20387,2.11982,2.52966,3.52513,4.91777,6.55991,8.14237,10.6065,14.7846,19.0237,24.8296,29.2433,34.4451,40.0924,48.7755,59.3658,73.5382,84.5038,94.7588,99.036,106.637,115.571,118.988,123.605,124.74,128.901,132.602,133.549,123.545,83.0889,43.0423,32.8627,30.4239,33.1649,45.9778,84.1798,150.824,0,0,0,0,0,0,0
625.5,24.5949,27.8748,28.4877,30.3467,29.959,28.5845,26.1478,23.9998,21.1768,19.5571,16.8604,13.9997,9.68744,6.85094,4.85616,3.51783,2.64187,2.19795,2.11608,2.53745,3.53508,4.94144,6.58046,8.21179,10.6981,14.8149,18.9823,24.7384,29.61,34.3297,40.1308,49.0028,59.9191,73.8625,85.3391,95.1481,99.8124,107.166,115.479,120.216,123.3,125.806,129.629,132.36,134.65,125.031,84.3497,44.0305,33.3724,31.0628,33.4341,44.3505,78.4707,144.475,0,0,0,0,0,0,0
626,24.7144,28.1474,28.5505,30.7066,30.4001,28.803,26.0162,24.4078,21.3804,19.7956,16.9904,14.1359,9.76134,6.98558,4.88511,3.56643,2.7162,2.21831,2.14195,2.51567,3.57357,4.92497,6.589,8.17961,10.6942,14.84,19.2128,24.8361,30.1086,34.6494,40.6017,49.3358,60.5788,74.332,86.456,95.3922,101.422,107.417,116.222,121.204,123.566,126.924,130.048,132.832,135.819,126.489,85.552,45.158,34.0396,31.4715,33.8979,43.3356,73.454,137.921,0,0,0,0,0,0,0
626.5,24.9235,28.336,28.7302,31.1237,31.1895,29.0854,26.0876,24.7329,21.5202,20.1134,17.0263,14.2719,9.96606,7.16642,4.94135,3.61531,2.73878,2.23352,2.14546,2.50518,3.59853,4.92009,6.61228,8.21003,10.5694,14.8232,19.3508,24.73,30.639,35.2749,41.0978,49.3829,61.066,74.4274,87.1071,97.0766,102.32,108.584,117.266,121.536,123.727,127.398,131.632,134.515,137.626,127.627,86.8665,46.1155,34.9402,32.4332,34.6654,42.8326,69.4519,132.439,0,0,0,0,0,0,0
627,25.3182,28.5922,29.1013,31.3737,31.8065,29.5719,26.4771,24.9917,21.589,20.4613,17.3429,14.4876,10.1538,7.31086,5.08953,3.73582,2.81792,2.28072,2.17051,2.55017,3.62599,4.91112,6.65089,8.24029,10.6465,14.868,19.5795,24.7384,30.7556,35.6988,41.4335,49.9551,61.4873,74.5403,87.9283,98.3139,103.566,109.213,118.387,122.428,125.625,128.958,132.541,136.94,138.446,126.227,88.29,47.1269,35.8618,33.6445,35.7109,42.9875,66.2342,125.857,0,0,0,0,0,0,0
627.5,25.9809,29.2306,29.4628,31.9401,32.7786,29.9186,26.9328,25.0773,21.9137,20.7345,17.5929,14.8167,10.353,7.43118,5.1861,3.8096,2.85295,2.33515,2.1683,2.59483,3.63026,4.99286,6.71221,8.24667,10.7274,14.9922,19.7017,25.1338,30.9461,35.9498,41.9658,50.4401,62.0614,74.7772,88.7701,98.721,104.346,110.071,120.109,123.133,126.935,130.515,134.045,138.666,139.917,127.699,90.1302,48.4432,37.0564,34.7887,36.6331,43.2969,63.8943,120.756,0,0,0,0,0,0,0
628,26.8168,29.7982,30.1852,32.8136,33.5205,30.5107,27.4925,25.3322,22.2665,21.0765,17.9842,15.0194,10.5652,7.56313,5.3108,3.94916,2.88855,2.36809,2.17963,2.66512,3.67739,5.04787,6.79226,8.30898,10.694,15.2399,19.9748,25.2195,31.3306,36.1304,42.4905,50.9521,63.086,75.2978,89.8864,100.202,105.292,111.706,121.014,125.492,129.495,132.327,135.758,141.561,141.83,129.123,91.9603,49.8582,38.3362,36.051,37.5309,43.7911,62.3296,115.155,0,0,0,0,0,0,0
628.5,27.7598,30.6549,30.873,34.0308,33.941,31.368,28.0112,25.7387,22.7392,21.1744,18.4939,15.4604,10.8412,7.7259,5.42786,4.04008,2.96697,2.41985,2.21903,2.71165,3.74211,5.13587,6.92776,8.37074,10.835,15.517,20.1525,25.5354,32.0306,36.6411,42.919,51.5395,63.9593,76.3186,90.5514,101.012,106.716,113.664,122.454,127.166,131.213,134.872,137.571,143.13,144.76,132.397,94.3694,51.8809,39.7034,37.7425,38.7306,44.3889,61.1616,109.284,0,0,0,0,0,0,0
629,28.2271,31.3876,31.8853,34.9868,33.8502,31.9374,28.5708,26.3418,23.1261,21.5522,18.9211,15.7733,11.1416,7.86578,5.55186,4.14457,3.00769,2.47536,2.2901,2.74758,3.7832,5.18511,7.00201,8.49201,10.8546,15.7319,20.4629,25.8287,32.653,37.0231,43.5683,52.0861,64.9278,77.5901,92.18,102.38,108.631,116.473,124.777,129.156,133.671,137.529,138.968,145.309,146.676,136.636,96.345,54.2205,41.2029,39.7801,40.3562,45.3494,60.6329,104.747,0,0,0,0,0,0,0
629.5,28.8887,32.0591,33.2042,35.8129,34.1574,32.8264,29.406,27.067,23.5713,22.0986,19.2505,16.24,11.4132,8.02544,5.7624,4.2124,3.12321,2.53323,2.31189,2.79562,3.86281,5.30213,7.05337,8.63567,11.1036,16.0425,20.9328,26.3788,33.1592,37.4651,44.273,52.6123,66.0104,78.8737,93.357,104.333,111.263,118.459,126.31,131.218,135.02,139.578,141.867,148.511,149.621,139.834,98.7886,56.823,42.9847,41.595,42.1992,46.3477,60.1746,100.056,0,0,0,0,0,0,0
630,29.6815,32.8677,34.3855,36.3596,35.1408,33.5183,30.3849,27.7656,24.1987,22.85,19.4697,16.6741,11.7639,8.13411,5.99224,4.35135,3.20972,2.60974,2.35119,2.84434,3.89982,5.39891,7.10029,8.77884,11.4552,16.4404,21.5087,27.1121,33.3424,38.2304,44.9947,53.876,66.9299,80.7294,95.139,106.756,114.096,120.934,128.22,132.955,137.717,142.882,146.161,152.493,152.778,143.87,101.16,58.7354,44.8283,43.4052,44.3071,48.0349,60.373,96.0568,156.876,0,0,0,0,0,0
630.5,30.5154,33.8396,35.9143,37.1908,36.7584,34.7063,31.3056,28.7459,25.1304,23.5518,20.023,17.1206,12.158,8.35332,6.25179,4.48796,3.29733,2.67294,2.38423,2.91535,3.98147,5.64877,7.21084,9.01749,11.5957,16.8666,21.9813,28.0193,33.9662,39.1564,45.8761,55.2817,68.1258,82.4703,97.1679,109.731,116.168,123.222,131.148,137.141,139.888,146.663,149.956,156.758,157.271,147.515,104.375,61.4025,47.1885,45.4337,46.396,49.7072,60.7711,93.0178,153.39,0,0,0,0,0,0
631,31.6949,35.1057,37.2697,38.253,37.9193,35.7603,32.299,29.6981,25.9798,24.3821,20.6252,17.6145,12.4991,8.59361,6.39599,4.61564,3.41337,2.75646,2.44347,2.97961,4.02388,5.76213,7.38133,9.31496,11.9715,17.2501,22.5289,28.9222,34.7161,40.3626,47.0037,56.9661,69.5143,84.7564,98.7949,112.887,118.035,126.182,134.214,140.94,143.609,149.585,154.43,161.179,161.786,152.497,108.008,63.9505,49.6746,47.8506,48.8586,51.9456,61.5769,90.3081,150.373,0,0,0,0,0,0
631.5,32.6577,36.5407,38.8798,39.65,39.5393,37.6293,33.4599,30.5096,26.8002,25.0802,21.639,18.1241,12.8607,8.83341,6.51267,4.75865,3.51184,2.85037,2.51699,3.058,4.10496,5.97468,7.62035,9.57747,12.2813,17.5829,22.9843,29.816,35.6935,41.5974,48.3564,58.5369,71.4406,87.3626,101.52,115.861,120.206,129.105,139.747,146.125,147.6,154.407,158.545,165.378,164.289,156.448,112.138,67.046,52.2491,50.2847,51.3371,54.1894,62.427,88.7418,146.815,0,0,0,0,0,0
632,33.6989,37.9642,40.0169,41.1548,41.1024,38.4756,34.3843,31.4198,27.6075,25.998,22.1514,18.7816,13.2314,9.1126,6.63435,4.89845,3.59142,2.91703,2.57451,3.13004,4.23916,6.12948,7.86316,9.83181,12.7027,17.8043,23.618,30.5684,36.9333,42.5557,49.6227,60.0534,73.3451,90.0846,104.684,119.013,123.264,132.206,143.603,149.393,151.923,158.066,162.844,169.453,167.119,161.866,116.415,70.237,53.8164,53.1685,53.9119,56.9025,63.6094,87.787,143.408,0,0,0,0,0,0
632.5,34.9114,39.3829,41.281,42.4292,42.3489,40.0008,35.5747,32.2705,28.7122,26.9341,22.5473,19.3719,13.6899,9.36281,6.77743,5.00697,3.72171,3.00919,2.64546,3.22352,4.39403,6.29789,8.11446,10.0503,12.8732,18.2984,24.2337,31.3277,38.148,43.7312,51.1016,61.8648,75.348,91.9057,107.986,122.14,126.523,135.827,147.415,153.806,157.12,160.508,167.58,174.514,171.485,165.617,120.714,73.5458,56.535,55.4891,56.1698,59.4857,65.236,87.2083,139.803,0,0,0,0,0,0
633,36.2888,40.9778,42.6264,43.8683,43.1428,41.0387,36.8418,33.2166,29.8148,27.8261,23.2472,20.0045,14.1196,9.68358,7.04315,5.17293,3.81923,3.07092,2.73114,3.32474,4.55694,6.42893,8.36434,10.3042,13.1809,18.8136,24.6041,32.268,39.4057,45.3921,52.4421,63.4905,77.6798,94.2513,111.912,125.296,131.301,140.589,150.68,158.223,162.009,164.048,170.802,179.127,178.541,170.16,124.524,76.3294,59.4778,58.2859,59.2215,61.9824,67.2269,86.8748,136.512,0,0,0,0,0,0
633.5,37.8066,42.49,44.1364,45.5237,44.218,42.7481,38.328,33.9939,30.761,28.956,24.0991,20.6479,14.5957,9.99416,7.29198,5.32172,3.94696,3.14277,2.81345,3.40045,4.70014,6.56881,8.5924,10.5494,13.4372,19.4075,25.3732,33.1392,40.6796,46.7692,54.0925,65.903,80.0357,96.4407,114.611,128.418,136.279,145.217,155.27,163.085,167.619,168.981,175.717,184.699,185.453,175.255,128.843,79.7952,62.9996,61.0025,62.0592,64.62,69.4197,86.9779,133.408,0,0,0,0,0,0
634,38.9989,44.0207,45.7002,46.9123,45.2278,44.1223,40.14,34.8204,31.7606,29.7394,25.018,21.1258,14.9569,10.3126,7.57938,5.47806,4.08767,3.21063,2.91729,3.47857,4.83394,6.75544,8.78115,10.87,13.9966,20.0734,26.1971,34.1458,41.8726,48.2826,55.4599,68.0232,82.7625,99.195,118.005,132.794,140.844,150.458,161.487,168.786,173.324,176.689,181.227,189.29,192.789,181.534,133.42,83.262,66.3199,63.8743,65.5066,67.6644,71.9902,87.7773,130.773,0,0,0,0,0,0
634.5,40.3523,45.2927,47.1772,48.5763,46.9902,45.7186,41.4079,36.0326,32.7114,30.5706,25.7088,21.6828,15.4939,10.6456,7.86592,5.67206,4.21586,3.30412,3.02897,3.55704,4.93106,6.94428,9.04249,11.0915,14.5799,20.6576,27.344,34.8433,43.0044,49.579,56.9011,70.3121,85.892,102.212,121.791,136.697,145.848,154.494,167.464,174.01,178.979,184.015,187.437,195.06,199.55,188.614,138.188,86.7375,69.671,66.796,68.8129,70.9175,74.894,89.2597,128.338,0,0,0,0,0,0
635,42.0951,47.1811,49.2498,50.8086,48.3208,47.3107,42.9764,37.2858,33.7614,31.5635,26.2411,22.3916,16.0552,11.0719,8.21374,5.97428,4.38242,3.43539,3.12047,3.63861,5.05476,7.13772,9.25373,11.5008,14.976,21.3558,28.1929,35.9637,44.3018,50.9646,58.0091,72.5563,88.1929,106.803,125.46,141.374,150.252,160.365,172.705,180.079,181.961,190.013,194.23,200.796,206.135,195.935,143.236,90.5113,73.0569,70.2093,72.3094,74.1179,77.7231,90.9781,126.067,183.406,0,0,0,0,0
635.5,43.9264,48.9901,50.9596,53.1284,50.279,48.7526,44.4655,38.8107,35.0054,32.7936,27.1877,23.263,16.6596,11.4457,8.52935,6.18978,4.5108,3.5668,3.23577,3.78182,5.22567,7.31406,9.52334,11.8489,15.4779,22.0052,28.9505,36.9921,45.6485,52.3245,59.7532,74.3868,91.3498,110.548,129.745,146.36,155.238,166.138,179.136,186.145,188.177,195.826,199.559,208.427,213.831,203.224,148.566,94.5625,76.5369,73.3331,75.4819,77.9627,80.5108,93.4983,123.23,181.004,0,0,0,0,0
636,45.8702,50.9894,53.4818,55.1629,52.2471,50.3807,46.1112,40.3287,36.2424,33.6766,27.9881,24.2392,17.2173,11.9545,8.82654,6.41227,4.67385,3.68591,3.3574,3.8669,5.4271,7.60943,9.78196,12.1789,15.9547,22.7173,29.4821,38.5611,47.2078,54.0283,61.5502,76.7272,93.9744,114.481,134.22,152.155,160.072,171.707,184.504,192.295,193.754,201.599,206.329,215.566,220.915,210.342,152.129,98.8883,79.8079,76.7409,78.5449,82.1474,84.3938,96.2811,122.322,179.738,0,0,0,0,0
636.5,47.59,52.6978,55.869,57.1426,54.5809,51.6847,48.023,42.033,37.722,34.8839,29.4829,25.24,17.9132,12.5242,9.1823,6.62125,4.88959,3.80249,3.47814,4.00217,5.63895,7.76466,10.111,12.6226,16.3141,23.5565,30.5396,40.271,48.9605,55.6509,64.0611,79.6473,96.5797,118.273,138.371,157.874,165.52,178.491,189.901,198.638,202.072,208.33,214.763,222.516,227.041,217.866,158.658,104.097,84.4516,81.1573,82.4553,86.9757,89.0315,99.0115,122.459,178.388,0,0,0,0,0
637,50.0114,54.535,59.1415,59.6169,57.4475,53.3038,49.7811,43.8711,39.4309,36.1,30.6925,26.2284,18.6247,13.1437,9.51561,6.8995,5.09506,3.92294,3.62717,4.11057,5.8568,8.02145,10.5061,13.1249,16.8526,24.5227,31.9967,41.7898,50.537,57.7996,66.4827,82.3861,99.4794,122.496,142.678,163.416,172.199,185.755,196.321,205.318,211.329,216.358,224.539,231.291,234.051,225.594,166.832,109.515,89.8638,85.9992,88.4512,92.5004,94.137,102.79,124.215,176.974,0,0,0,0,0
637.5,52.8818,56.9801,61.9829,62.2652,60.5061,56.0782,52.2079,45.9253,40.9976,37.7093,32.1976,27.1334,19.5232,13.9329,9.91027,7.25538,5.28397,4.09721,3.76097,4.25783,6.04425,8.28678,10.9288,13.5898,17.4441,25.4623,33.8603,43.9177,52.4724,60.0304,69.1679,85.1447,103.475,127.301,147.533,169.297,178.588,193.824,205.167,214.095,220.552,226.836,234.05,242.986,241.855,236.322,176.228,116.562,95.611,91.5732,95.1029,98.3894,100.305,107.398,126.223,176.9,0,0,0,0,0
638,55.7321,60.2056,64.9094,65.8996,63.7355,59.0892,54.6663,48.2143,42.8667,39.3292,33.9323,28.2247,20.5024,14.8121,10.289,7.6765,5.46601,4.28244,3.8922,4.44649,6.33625,8.60245,11.4444,14.1562,18.2086,26.587,35.4369,45.8,54.5675,62.7589,72.4182,88.5274,108.622,133.324,153.406,175.902,185.919,202.725,214.815,224.103,230.424,238.315,244.938,253.483,254.675,247.16,186.31,123.662,102.55,97.4056,102.316,105.005,106.847,113.093,129.372,177.181,0,0,0,0,0
638.5,59.1481,63.9946,68.3657,69.632,66.9556,62.7572,58.0085,50.712,44.8509,41.2886,35.8793,29.603,21.7981,15.6326,10.792,8.0786,5.78514,4.51084,4.04809,4.64463,6.62054,9.16165,11.9287,14.7656,19.3215,27.8056,37.0946,47.9918,57.269,65.3612,75.8853,92.7701,113.862,139.436,161.242,183.81,193.923,211.469,225.126,234.781,241.251,249.924,258.088,266.322,266.198,259.923,196.007,132.394,109.336,103.933,108.968,112.307,114.965,119.537,133.889,178.387,0,0,0,0,0
639,62.1514,68.549,72.4521,74.0861,70.6184,67.2007,61.3727,53.5892,47.4402,43.905,38.1449,31.3741,23.2024,16.5737,11.3784,8.55933,6.21445,4.76243,4.22595,4.89271,6.89425,9.64576,12.4912,15.5051,20.4808,29.266,38.8973,50.6399,59.9665,69.2777,80.0777,97.981,120.722,146.141,171.164,193.077,204.95,220.933,236.601,245.919,251.446,263.198,273.32,276.701,279.546,271.936,209.374,142.543,117.751,111.811,116.904,121.408,123.259,127.659,140.043,180.303,0,0,0,0,0
639.5,65.9043,73.4019,77.5201,78.4715,73.9567,71.6608,65.1618,56.8452,51.0647,46.89,40.1773,33.4704,24.6446,17.5076,12.0286,9.08831,6.78963,4.95614,4.44893,5.14496,7.24897,10.2222,13.1522,16.3647,21.4014,30.7227,40.8212,53.7023,63.5107,72.6819,84.5587,104.481,127.829,154.708,182.971,204.075,216.854,232.406,249.748,260.103,265.018,278.569,291.78,291.765,296.92,288.304,223.811,155.125,126.353,120.398,126.211,131.463,132.566,136.534,148.555,183.203,0,0,0,0,0
640,69.9552,79.3612,82.9711,83.2674,78.7037,77.4845,70.022,60.4115,54.7379,50.3032,42.9813,36.334,26.2102,18.522,12.8601,9.70029,7.20945,5.26452,4.69298,5.41747,7.64983,10.7175,13.9513,17.3906,22.6294,32.5162,43.2527,56.8023,67.4297,77.1222,89.7549,111.185,135.993,164.413,194.248,216.859,231.185,246.598,263.066,274.302,284.398,297.535,309.64,311.186,316.193,306.925,237.318,167.254,137.335,130.353,138.072,143.78,143.887,146.406,156.039,187.248,238.217,0,0,0,0
640.5,74.9142,84.941,88.854,89.8643,84.8769,83.2922,74.9506,64.5061,58.474,53.6939,45.8236,39.1124,27.9601,19.493,13.6809,10.4817,7.58937,5.63088,5.02849,5.74498,8.13675,11.3267,14.9076,18.4378,23.937,34.6127,45.9849,60.1699,72.0325,81.6989,95.2624,118.292,144.741,175.918,206.251,231.003,247.828,261.715,279.368,291.697,304.888,316.513,329.836,331.37,338.889,326.85,256.001,180.952,149.194,142.717,150.39,156.459,155.365,158.024,165.179,194.252,245.856,0,0,0,0
641,80.8939,91.1659,94.3954,96.3844,93.2144,89.0585,79.366,69.1858,62.7183,57.0837,48.695,41.9026,29.9392,20.6811,14.6472,11.3345,8.06829,6.03288,5.3687,6.09914,8.52447,12.1261,15.8847,19.3685,25.8229,36.8777,49.2266,64.1084,76.6341,86.5319,101.723,125.728,153.977,187.48,219.651,245.632,264.83,279.06,296.866,310.563,329.675,337.376,349.753,356.117,362.562,352.337,273.481,194.558,162.331,155.073,163.896,170.957,170.745,171.096,176.295,202.773,256.566,0,0,0,0
641.5,87.7004,98.5194,100.802,104.342,101.957,94.776,85.6091,74.8135,67.9528,61.0744,52.1774,44.8498,32.2513,22.2617,15.8884,12.1474,8.52545,6.38836,5.70134,6.51165,8.98057,12.9487,16.8612,20.7054,27.6391,39.3371,52.4816,68.1312,81.2326,92.2288,108.205,134.551,163.336,198.563,234.728,261.435,282.105,298.772,318.162,335.357,353.364,358.171,371.326,381.359,386.391,376.294,294.11,210.039,176.219,169.459,177.922,185.882,185.674,184.715,189.526,213.536,265.897,0,0,0,0
642,94.0989,104.986,107.931,112.699,109.435,100.662,91.4035,80.1205,72.0023,64.9028,55.6557,47.6231,34.4153,24.0892,17.1912,13.0621,9.26978,6.76328,6.10606,6.89738,9.63512,13.8172,17.9217,21.9121,29.4353,41.8926,55.7414,72.5184,86.7221,97.8717,115.191,143.504,172.578,211.531,250.533,280.078,299.285,320.787,339.143,359.275,378.935,382.272,393.695,408.709,411.67,399.809,317.445,229.187,190.917,184.186,191.964,201.418,201.299,200.492,202.603,226.176,275.701,0,0,0,0
642.5,100.195,112.525,114.751,121.497,116.784,107.436,97.8018,83.6129,77.1772,68.7923,59.5455,50.4367,36.5655,26.1819,18.5496,13.7817,9.99682,7.24856,6.47475,7.2567,10.1367,14.5688,19.0579,23.5716,31.3639,44.5306,58.7999,77.2207,92.2255,103.816,122.643,152.564,183.427,224.205,265.692,298.7,318.393,342.445,360.367,384.412,401.562,409.197,415.336,433.501,437.257,422.612,340.776,247.502,204.768,199.299,206.051,216.981,216.482,215.784,215.55,236.629,284.4,0,0,0,0
643,106.979,119.207,121.345,129.611,123.121,115.225,103.483,89.6661,81.7511,72.6771,63.4984,53.0583,38.8104,28.0173,19.8161,14.5252,10.69,7.68864,6.88616,7.63264,10.7399,15.3988,20.1785,24.9589,33.0085,47.025,61.8727,81.8738,98.0568,109.97,129.746,161.083,193.342,239.07,280.657,313.493,336.93,360.668,381.634,406.345,420.24,434.766,437.969,458.747,459.353,445.314,362.944,266.3,219.067,214.556,220.87,232.362,231.715,230.776,228.486,248.161,291.946,0,0,0,0
643.5,113.018,126.068,128.834,137.043,128.413,123.183,110.611,94.5307,87.5562,76.7626,67.3576,56.2293,40.5783,29.6184,20.9359,15.2788,11.2458,8.18715,7.17464,8.00872,11.2444,16.1898,21.1572,25.9981,34.8704,49.4022,65.0966,86.1564,102.65,114.929,137.149,169.533,204.835,252.278,295.377,330.508,355.406,379.383,403.305,427.36,441.108,459.387,458.589,481.601,481.821,467.801,381.865,279.31,231.419,227.257,235.684,245.553,245.313,243.675,242.21,258.45,300.831,0,0,0,0
644,120.102,131.63,135.306,142.927,135.386,129.736,115.121,99.2115,91.8789,80.2973,69.4922,58.9322,42.5295,30.8738,21.7721,16.1611,11.796,8.58026,7.42962,8.43748,11.8238,16.8788,22.1989,26.9925,36.0507,51.5279,68.1988,90.0661,106.511,120.067,143.311,177.281,212.421,263.313,309.233,345.568,369.663,397.633,422.669,443.565,462.501,479.388,478.191,501.986,499.811,490.614,398.339,293.149,243.919,241.142,248.916,258.647,259.185,255.543,253.058,269.758,307.453,0,0,0,0
644.5,125.553,137.823,141.17,148.12,140.491,135.279,119.753,103.5,95.1527,83.9113,72.2219,61.9667,44.4682,32.058,22.7446,16.8047,12.1551,8.92934,7.73503,8.72306,12.2344,17.6086,22.9721,27.974,37.3956,53.2868,70.8524,93.6283,110.278,125.409,149.027,184.232,219.166,274.127,319.034,356.458,383.677,415.543,441.711,457.097,482.343,499.299,496.884,518.111,517.837,509.93,413.852,305.539,254.801,253.015,261.467,269.645,270.834,265.602,262.467,279.09,312.936,0,0,0,0
645,130.167,142.328,144.846,153.238,145.557,139.117,123.201,105.744,98.1718,87.5474,74.9089,64.0571,45.4517,33.1609,23.5353,17.4799,12.4781,9.24978,8.0477,9.0527,12.6051,18.0788,23.5087,28.8764,38.2898,54.4189,73.2447,96.7049,112.533,130.344,153.758,189.248,226.099,280.945,327.408,366.815,394.258,429.337,456.797,468.233,495.446,511.964,514.145,537.528,537.722,526.493,427.462,319.026,263.378,262.419,270.786,278.075,280.349,275.871,271.428,286.976,316.04,328.154,0,0,0
645.5,133.235,146.266,146.954,157.629,150.132,143.02,125.946,110.036,99.6964,89.7122,77.2328,65.6021,46.8216,34.1154,24.1402,17.943,12.7351,9.47081,8.2351,9.24886,12.8881,18.4964,23.8117,29.5709,39.0777,55.4217,74.6321,98.8362,115.796,134.262,157.023,191.462,232.201,283.189,333.366,376.484,398.265,439.526,467.089,479.076,505.399,518.868,524.293,548.182,551.973,541.428,436.961,328.853,271.994,269.61,276.463,284.173,287.009,281.545,278.058,291.323,315.724,326.14,0,0,0
646,135.421,147.955,149.562,159.562,154.779,146.262,129.262,112.467,101.243,90.6175,79.2623,66.2285,47.5528,34.646,24.4692,18.2305,12.9246,9.68819,8.34428,9.41762,12.9468,18.852,24.1097,30.5365,38.9757,56.0357,75.4114,99.4574,117.557,136.205,159.334,194.196,236.472,286.017,337.065,382.54,403.586,446.367,469.693,485.823,513.346,517.575,524.504,557.934,565.909,550.357,441.208,332.304,278.173,272.456,282.995,289.532,292.14,287.095,284.597,295.127,314.593,323.225,0,0,0
646.5,135.826,148.919,151.086,159.518,156.645,149.165,130.61,113.701,102.257,90.0699,79.7487,66.8445,48.1086,34.8525,24.7941,18.5596,13.2081,9.74756,8.35166,9.52716,13.1283,19.0117,24.1244,30.5827,39.3729,56.3833,75.5409,100.016,117.86,137.361,160.247,194.156,240.506,284.568,343.659,384.27,403.503,448.74,473.171,494.037,515.295,516.618,532.05,561.572,564.406,553.988,444.329,335.634,281.098,274.017,285.982,292.972,293.885,291.041,286.543,295.514,313.837,320.957,0,0,0
647,135.624,149.159,152.566,158.693,158.262,149.894,131.414,115.137,102.643,90.2481,80.0794,67.3569,48.3063,35.0034,24.866,18.8138,13.2744,9.78982,8.42787,9.60439,13.1817,18.9613,24.201,30.6862,39.5242,56.3458,75.6167,100.249,118.017,136.868,160.029,195.104,240.315,287.524,346.035,386.12,403.194,448.852,472.369,498.116,516.025,515.103,533.008,555.607,563.881,553.042,443.09,335.78,283.968,274.478,290.51,295.626,295.631,292.68,285.275,296.261,311.228,317.524,0,0,0
647.5,135.01,148.848,153.5,158.407,157.595,150.5,131.076,115.79,101.551,90.1874,80.1095,67.643,48.4182,34.813,24.9902,18.8316,13.2507,9.78711,8.56061,9.58741,13.301,18.9403,24.1536,30.4829,39.6599,56.012,75.622,100.414,117.556,135.857,159.761,195.099,239.583,289.046,345.052,384.453,399.383,445.836,467.111,497.072,511.61,516.745,531.768,551.423,561.441,550.577,441.453,336.239,282.169,275.107,292.093,296.417,296.947,292.125,284.471,294.627,310.688,314.466,0,0,0
648,134.301,147.932,153.022,158.668,156.087,149.261,130.115,116.611,101.491,90.6511,79.7993,67.6163,48.7159,34.4614,25.0131,18.7228,13.2164,9.83333,8.59253,9.44214,13.2789,18.8712,24.1005,30.2578,39.4725,55.8973,75.0466,99.6925,116.187,134.513,158.643,193.256,237.076,289.376,342.712,382.017,398.798,439.514,463.455,493.662,504.95,513.625,532.32,546.991,555.799,547.025,436.175,334.951,283.544,276.186,290.597,296.618,296.933,290.459,280.554,291.864,305.398,310.072,0,0,0
648.5,133.225,146.427,149.845,156.219,154.39,147.188,130.003,115.774,101.139,91.1102,80.0439,66.7549,48.8567,34.3308,25.0415,18.7204,13.4197,9.83715,8.56752,9.3359,13.1546,18.7162,23.8672,30.089,39.2828,55.4337,74.367,98.4914,114.744,132.383,156.896,191.526,236.137,286.895,338.502,379.532,401.07,436.073,456.35,490.218,497.76,511.234,528.095,547.302,552.551,541.587,433.774,332.015,282.566,277.003,287.319,294.533,295.987,289.554,280.451,290.584,300.607,304.947,0,0,0
649,131.706,145.953,148.62,155,153.254,145.525,128.915,114.338,101.697,91.078,80.5517,66.4063,48.9301,34.343,24.7871,18.4613,13.6577,9.86087,8.60893,9.3331,13.1125,18.4675,23.6145,29.9129,39.0044,54.739,73.5687,97.715,113.347,130.235,155.945,189.655,234.295,283.659,333.461,375.207,401.339,429.245,453.35,487.508,494.76,508.904,528.673,548.546,550.883,539.852,432.497,329.112,285.593,278.721,285.886,292.81,293.534,290.243,280.139,289.141,298.329,299.13,0,0,0
649.5,129.552,144.006,148.404,153.113,152.549,144.321,127.56,113.679,102.158,91.2568,80.882,66.4112,48.8824,34.3255,24.72,18.5226,13.4594,9.75095,8.62055,9.40263,13.0411,18.4648,23.416,29.8827,38.8473,53.9024,72.9372,96.9298,112.956,129.717,155.126,189.287,231.649,283.155,330.208,371.603,401.626,425.872,448.365,486.943,494.625,506.527,530.337,549.651,548.906,537.633,432.005,326.903,284.836,278.41,285.053,291.535,294.058,292.171,282.845,288.986,296.251,295.428,0,0,0
650,128.997,143.786,149.024,153.799,149.564,144.524,126.811,114.456,102.233,91.3174,80.0941,67.1804,48.9373,34.1234,24.5227,18.5819,13.6146,9.86105,8.67316,9.58045,13.0805,18.6283,23.5121,29.5871,39.167,53.9743,72.9605,97.03,113.595,130.414,155.301,189.635,231.361,282.824,328.912,368.933,401.587,425.775,446.41,485.884,500.67,506.634,532.049,547.56,550.4,538.255,432.646,322.2,285.792,277.685,285.355,292.767,294.301,292.962,283.937,288.477,295.692,290.788,315.745,0,0
650.5,130.154,143.833,151.8,154.444,151.321,143.751,125.872,115.37,102.499,92.0984,80.0257,67.6781,49.2284,34.3693,24.6682,18.7899,13.6937,10.0353,8.76093,9.5633,13.1965,18.7257,23.637,29.5623,39.4215,54.5496,72.7249,97.8042,115.072,131.333,156.144,189.572,232.725,283.192,328.612,369.702,403.023,425.491,449.745,487.592,499.783,507.498,535.256,546.724,554.124,541.755,436.319,323.797,286.244,278.845,287.736,293.712,293.218,295.691,286.603,289.134,297.316,291.055,316.064,0,0
651,133.034,146.068,154.493,157.382,153.179,143.832,128.243,117.491,103.129,93.5738,80.182,67.7279,49.1573,35.0012,25.0268,19.2539,14.0087,10.3188,8.87669,9.65729,13.4152,18.906,23.6386,29.595,40.0236,54.9692,73.0235,98.5643,116.672,133.326,157.166,191.821,236.207,283.695,332.182,375.537,405.618,431.21,456.832,492.97,501.422,514.619,539.232,552.812,561.38,542.788,444.204,326.869,290.052,281.067,292.723,295.898,297.361,299.496,291.159,293.886,301.513,290.366,318.382,0,0
651.5,138.171,149.994,158.426,159.875,155.368,146.258,133.034,118.635,104.649,95.1844,82.0414,67.9207,50.0596,35.9327,25.5929,19.7109,14.4236,10.5732,9.11878,9.90609,13.7922,19.1246,23.9806,30.2015,40.8181,56.0315,74.2022,100.445,118.182,135.084,159.63,195.081,241.937,287.472,338.873,383.509,408.517,436.857,462.715,500.035,507.277,525.062,547.418,562.288,571.651,548.874,452.422,334.147,296.059,286.876,298.507,300.143,302.863,305.355,298.217,299.903,305.206,293.826,319.187,0,0
652,142.194,153.934,162.831,163.684,161.867,153.065,136.166,122.76,107,96.8,85.2617,68.9902,51.4805,36.8048,26.4599,20.415,14.9613,10.9645,9.40013,10.1784,14.2649,19.6661,24.5318,30.9893,41.436,57.1635,76.212,102.903,120.959,138.489,163.105,199.966,246.885,294.876,347.178,392.181,415.09,446.648,472.753,513.051,518.485,539.972,558.87,574.814,584.691,560.138,462.349,344.16,301.147,295.853,306.976,309.181,313.575,313.311,308.196,309.322,313.126,299.268,323.142,0,0
652.5,147.571,160.648,167.995,168.46,167.309,157.881,141.564,127.079,109.151,99.3941,87.7735,70.825,53.3887,37.6678,27.3811,21.2841,15.4809,11.2175,9.71182,10.6406,14.8353,20.5561,25.2411,31.9343,42.2876,58.6383,78.9858,105.554,123.494,143.157,167.176,205.942,251.029,302.912,358.999,402.637,424.325,459.977,485.949,525.749,539.231,553.449,572.428,590.482,595.584,573.922,475.038,356.319,310.333,305.451,313.541,319.156,324.328,322.439,318.673,319.694,321.232,307.303,327.639,0,0
653,153.452,166.528,173.13,175.271,172.844,163.651,144.85,131.511,114.145,101.781,90.7638,73.3861,55.7544,38.5941,28.594,22.089,15.9218,11.6725,10.1294,11.0092,15.3404,21.3056,26.3653,33.3531,43.3079,59.908,81.4887,108.775,126.846,147.966,172.959,211.842,257.775,311.874,369.032,413.292,438.373,476.93,499.449,542.429,558.833,571.242,590.017,609.969,613.493,593.929,489.692,368.412,319.897,318.468,324.722,328.689,335.769,334.164,330.882,334.158,332.343,319.479,335.172,0,0
653.5,160.673,172.823,178.724,183.348,178.942,169.242,152.961,136.71,118.722,106.243,94.113,75.8768,57.674,39.9462,29.934,23.1295,16.5716,12.1571,10.4888,11.5298,15.9266,22.1995,27.1845,34.4897,44.469,62.0706,84.5475,111.91,130.931,153.231,178.542,219.611,265.746,321.895,382.198,429.117,454.489,496.353,513.83,556.774,580.178,589.193,606.686,636.837,631.995,613.727,504.97,381.18,334.633,329.655,337.639,342.173,347.559,346.605,344.901,350.289,346.386,330.938,345.858,0,0
654,167.5,180.742,185.232,191.72,187.569,179.234,159.749,141.381,125.407,111.674,97.0305,79.6479,60.1403,41.7129,31.3789,23.8225,17.3061,12.9184,11.0099,12.0641,16.316,23.1166,28.2655,35.9852,46.0652,63.8331,87.5301,115.096,135.422,158.216,185.594,229.006,276.187,332.471,394.786,442.003,472.827,516.411,536.997,582.249,602.444,607.222,631.125,661.6,654.644,640.053,525.597,395.571,351.198,345.469,352.596,357.71,360.732,361.006,359.348,362.353,363.326,343.457,358.114,0,0
654.5,174.542,190.239,189.162,200.217,192.642,186.957,166.927,145.755,130.912,117.6,100.143,83.0985,62.1805,43.3008,32.6927,25.0976,18.2884,13.5632,11.5733,12.6,16.9832,24.0699,29.5248,37.6556,48.1499,67.4536,91.3466,119.991,142.014,164.009,193.589,237.476,288.422,346.766,409.613,459.724,494.084,539.282,558.723,607.591,627.429,631.339,658.057,687.471,683.841,664.213,544.235,412.697,367.81,359.954,370.814,376.577,375.445,377.246,373.836,379.127,379.789,357.498,368.338,0,0
655,181.721,201.777,197.099,209.147,203.998,196.989,173.907,152.587,136.808,122.852,103.422,87.5197,63.9467,45.567,34.1969,26.4149,19.414,14.0601,12.0594,13.1962,17.6557,25.138,30.9791,39.0988,50.1714,70.104,95.5067,124.65,148.552,170.295,201.685,246.307,300.753,362.965,429.255,476.132,515.372,557.815,589.093,634.094,651.564,653.06,688.679,713.397,712.008,693.294,566.087,428.92,387.029,378.048,387.992,395.856,390.736,394.877,390.047,395.85,398.033,372.78,381.655,438.36,0
655.5,190.001,210.309,204.198,217.299,215.011,205.985,180.536,159.421,143.917,127.402,109.202,91.3341,66.7862,47.3814,35.702,27.5603,20.4078,14.6096,12.705,13.7576,18.6571,26.2235,32.0836,40.4193,52.781,73.0058,99.0254,129.448,154.863,178.249,209.234,256.528,312.859,376.801,447.82,493.156,537.385,579.503,613.034,658.318,677.256,683.7,719.114,736.662,738.312,713.948,587.791,445.132,403.308,395.94,404.08,414.566,411.375,411.194,406.09,413.941,415.97,388.04,393.954,450.212,0
656,197.456,219.714,213.318,227.515,226.383,214.046,187.452,166.442,149.699,132.139,113.965,95.9161,69.3743,49.4414,37.4086,28.97,21.3703,15.2557,13.2046,14.3698,19.6676,27.0347,33.3516,42.0603,54.901,75.6477,102.616,134.413,159.874,186.712,217.348,265.96,326.666,392.301,467.055,512.212,554.955,597.123,636.706,680.102,700.152,710.801,747.824,758.164,760.692,735.81,604.346,462.856,419.875,412.348,419.994,430.704,429.748,426.6,417.482,428.134,432.027,401.875,408.411,461.951,0
656.5,205.905,229.209,222.694,236.586,238.388,222.564,194.582,170.872,154.732,136.284,119.742,98.5134,72.7533,51.4094,38.932,30.191,22.1229,15.8627,13.6795,14.9041,20.4236,27.8597,34.544,43.3233,56.7457,77.3011,105.337,137.372,164.65,192.399,222.923,276.759,337.98,406.372,478.459,533.409,572.866,616.997,660.086,700.924,723.169,735.842,772.79,778.706,780.405,757.087,625.746,480.038,435.192,432.007,436.77,444.748,448.1,436.93,433.595,440.714,448.382,416.55,419.718,473.263,0
657,213.088,237.674,226.643,246.234,248.545,230.298,203.007,173.489,160.255,140.554,121.819,102.285,75.8358,53.5312,40.288,31.225,22.7697,16.5307,14.1796,15.4153,21.0116,28.6719,35.8613,45.0032,58.2467,79.899,108.803,141.029,168.941,199.669,227.171,284.935,347.859,419.897,492.751,552.281,588.347,630.727,679.778,720.465,745.284,758.879,789.696,797.768,804.995,777.796,643.048,493.872,451.15,442.975,452.982,459.891,462.972,449.586,446.128,451.72,458.214,429.471,430.224,484.564,0
657.5,219.582,246.648,234.639,253.482,257.514,238.481,209.038,176.933,164.742,145.335,125.519,103.71,78.5036,55.3083,41.3998,32.0851,23.3857,17.0981,14.4761,15.8044,21.4279,29.3956,36.8545,45.9716,59.5864,82.1584,111.745,144.059,173.519,205.536,234.064,292.027,354.241,433.052,502.519,562.135,598.236,639.811,698.646,738.346,765.113,780.473,801.673,818.508,833.307,800.673,667.968,504.045,462.814,454.711,466.686,474.302,474.182,462.059,457.005,461.793,465.931,440.881,438.386,491.388,0
658,225.173,252.324,240.982,258.91,262.96,245.342,215.51,181.558,167.307,149.392,129.588,105.541,79.5327,57.0912,42.314,32.6069,24.0471,17.6749,14.9399,16.1617,21.715,30.329,37.5573,46.619,60.7154,84.8796,113.645,147.623,177.738,208.599,239.842,297.97,362.717,443.94,512.911,568.675,605.695,650.535,714.627,751.097,779.086,797.437,814.202,835.862,849.479,817.9,680.988,512.779,471.711,464.32,476.514,483.223,484.812,472.83,470.303,474.385,473.01,452.027,442.527,497.564,0
658.5,230.325,257.849,244.5,264.703,265.665,247.822,219.801,183.873,169.479,152.155,131.715,107.94,79.5441,57.9449,42.9639,32.9187,24.6724,18.1446,15.324,16.4712,22.1093,30.9589,38.2437,46.5962,61.9129,85.8932,115.447,150.615,181.151,212.198,246.512,300.083,369.543,450.064,518.192,571.767,613.219,654.475,725.641,760.395,793.05,803.419,826.036,837.463,865.447,832.843,688.44,521.344,477.454,471.828,482.047,489.266,494.429,481.499,476.016,480.243,482.035,458.106,447.576,499.815,0
659,232.96,261.174,250.417,269.723,266.113,250.854,225.343,183.794,169.684,154.085,134.776,108.247,79.8066,58.4077,43.1421,33.8848,25.0877,18.3838,15.646,16.6785,22.4617,31.2472,38.5538,46.8191,62.1599,86.3243,115.825,152.477,183.816,214.012,248.618,301.952,373.706,451.432,526.33,578.677,618.83,655.74,728.24,765.585,798.151,805.914,836.868,846.69,872.009,843.576,695.788,530.267,480.142,479.159,486.836,492.913,499.805,488.319,480.127,487.191,491.913,462.009,449.683,499.602,0
659.5,233.044,262.835,253.296,271.044,266.243,247.817,227.736,183.812,171.388,154.025,135.221,109.087,80.1318,59.5113,43.2483,34.1279,25.125,18.5728,15.8164,16.9902,22.6592,31.3185,38.9559,47.2048,62.285,86.9743,116.227,154.172,183.554,216.798,249.038,301.408,374.271,450.975,528.401,583.864,623.125,658.347,728.951,765.691,798.664,806.314,838.46,846.312,871.811,836.963,690.37,535.454,480.729,480.981,490.869,494.596,503.643,493.613,478.887,488.877,495.622,465.477,452.018,496.187,0
660,231.238,262.957,257.04,270.616,265.737,245.758,226.375,183.477,172.592,153.93,133.882,109.731,81.0192,59.6847,43.4503,34.5308,25.2723,18.6036,15.8412,16.8771,22.5693,31.3236,38.8849,47.2364,62.5394,87.0691,115.718,153.811,182.924,215.408,247.822,300.612,373.171,447.056,522.308,587.095,625.605,657.365,725.419,764.21,793.659,806.974,834.475,848.089,866.688,835.59,689.132,533.126,476.305,480.581,491.794,492.407,503.442,493.889,479.069,485.652,496.367,464.116,453.219,487.918,533.828
660.5,230.024,262.072,257.489,268.523,263.012,242.639,223.866,184.542,172.064,152.154,132.997,109.824,80.9565,59.8874,43.2202,34.5652,24.9876,18.6753,15.7288,16.652,22.3852,31.0346,38.3554,47.0401,62.0151,87.0787,114.09,152.217,180.561,214.44,244.174,297.645,369.004,446.315,515.349,584.948,622.414,651.959,720.052,756.457,787.129,804.114,822.549,840.823,852.037,829.178,678.19,525.729,474.107,476.97,487.615,493.191,496.985,489.599,477.801,484.337,491.643,461.107,451.572,477.305,524.127
661,228.605,258.082,254.49,264.745,260.623,237.474,219.47,185.052,169.277,150.202,130.584,108.121,79.7145,59.344,42.6703,34.4065,24.7943,18.4894,15.576,16.3739,22.1048,30.587,37.4411,45.9183,60.8467,86.0639,112.981,149.409,177.831,210.716,239.968,293.319,363.169,440.173,504.761,577.485,613.884,641.577,704.758,744.093,779.616,796.802,807.498,824.902,844.484,822.59,664.551,516.538,464.775,469.854,479.795,483.876,490.238,481.509,472.827,477.473,484.191,451.484,444.017,466.456,510.456
661.5,226.775,253.221,248.028,261.729,255.884,234.394,215.402,184.617,166.409,147.541,128.891,106.271,78.6694,58.0908,42.1411,33.5834,24.3175,18.4993,15.378,16.0685,21.4328,29.0165,36.5313,44.7842,59.4725,83.6584,110.112,144.675,171.995,207.442,234.224,286.576,354.358,431.743,497.085,568.2,599.205,628.393,685.016,729.22,762.89,780.444,790.673,804.867,825.08,803.605,653.621,507.326,455.237,460.208,470.218,482.027,482.318,471.944,466.078,468.164,475.938,440.695,432.392,456.459,495.669
662,221.821,246.28,240.823,254.457,253.538,229.141,210.238,180.925,162.766,143.954,125.768,105.105,77.3876,57.0279,41.3421,32.6043,24.2917,18.4458,15.0194,15.825,20.8458,28.2113,35.4324,43.5783,58.0765,81.882,108.311,141.265,167.572,202.107,227.979,278.716,343.334,423.205,485.497,545.939,584.091,607.898,665.067,712.068,740.595,759.883,774.344,788.633,797.573,780.339,644.37,493.886,442.07,449.173,460.622,470.123,472.247,459.186,453.476,454.765,464.047,427.666,419.733,445.453,480.531
662.5,215.444,240.031,231.389,247.015,249.814,224.958,206.219,174.886,157.898,140.55,123.034,102.601,76.111,55.3115,40.2107,31.5493,23.7208,18.0496,14.647,15.5444,20.1835,26.9456,34.6084,42.3601,56.0377,79.5964,105.237,136.464,163.953,195.882,220.514,270.81,331.694,411.121,472.694,525.761,564.356,592.443,641.437,689.566,715.703,732.348,753.289,767.166,767.612,759.572,634.799,482.912,432.577,434.697,453.108,455.411,458.699,446.934,438.882,439.403,451.043,417.552,404.606,430.457,461.532
663,207.628,231.53,226.959,236.449,243.096,216.255,199.696,166.802,152.429,135.859,119.495,100.168,73.1884,53.5978,38.9428,30.9355,23.1269,17.8931,14.3025,15.0894,19.6446,26.8739,33.6112,41.0948,54.1354,77.0994,101.387,132.34,159.12,188.733,213.876,261.987,320.875,396.576,454.77,502.623,543.517,573.416,617.358,667.208,691.442,699.041,727.584,744.515,737.541,734.936,618.55,464.65,419.259,418.625,438.885,439.757,444.358,430.962,421.785,425.177,439.045,400.961,392.174,414.501,440.953
663.5,200.183,220.987,219.469,227.341,234.457,209.379,191.656,160.518,145.708,129.042,114.504,95.7108,69.9122,51.6881,37.3993,29.8898,22.3883,17.2934,13.9294,14.6144,18.9655,25.9119,32.4657,39.5461,52.1984,74.1129,98.0263,128.025,152.905,180.76,204.963,252.812,307.486,380.802,437.754,485.282,521.529,552.367,595.646,641.544,665.191,670.26,700.377,716.31,711.385,709.251,593.204,445.644,405.066,402.483,421.096,424.247,425.818,415.33,407.867,409.953,422.553,385.111,375.784,396.579,421.118
664,192.518,208.28,214.457,216.252,219.287,199.715,180.85,156.35,138.015,122.576,109.158,92.685,66.9775,49.4939,35.7473,28.9777,21.6109,16.8346,13.6771,14.2367,18.2448,24.7593,30.9896,37.7358,50.1028,70.5945,94.1384,122.654,146.048,172.152,195.66,243.363,296.327,363.802,418.767,466.253,499.197,528.526,574.357,611.026,641.105,641.603,667.143,681.317,689.232,674.725,565.784,427.998,386.216,385.415,403.479,404.242,411.05,399.343,393.064,394.923,406.805,369.658,361.716,379.852,398.157
664.5,183.723,196.569,207.08,206.408,208.998,190.55,171.994,151.157,129.607,117.18,102.985,87.044,64.2733,47.0616,34.4725,27.7123,20.7735,16.3488,13.3936,13.8186,17.353,23.5009,29.9999,35.9901,47.9954,66.6309,89.7996,116.13,138.659,164.631,186.002,232.971,283.663,346.891,400.173,446.859,474.942,503.283,548.331,583.052,609.116,619.019,636.627,651.839,655.095,645.644,538.753,410.266,366.392,367.427,386.569,384.723,392.953,382.394,376.137,374.067,385.277,354.93,343.777,362.256,373.347
665,173.14,186.757,196.556,196.092,200.529,182.947,162.879,145.737,122.951,111.971,98.9216,82.0675,61.7078,44.7512,33.3575,26.4904,20.1,15.9461,13.2519,13.3269,16.5574,22.408,28.641,34.1204,45.3977,63.2188,85.9479,109.764,131.762,152.278,177.381,221.301,270.998,328.907,382.462,425.001,448.094,479.186,520.516,552.5,579.778,590.28,604.729,619.403,622.771,607.7,513.332,391.282,346.216,350.971,366.856,366.438,374.737,367.354,359.314,352.919,366.117,339.189,326.21,343.82,350.186
665.5,163.819,179.235,187.062,186.456,190.189,174.294,156.268,139.28,116.526,106.991,94.5313,77.6361,58.3901,42.617,32.2893,25.808,19.5576,15.5849,13.0643,12.8637,15.8552,21.6376,27.2195,32.3841,43.2005,59.9506,81.4221,104.181,124.755,144.079,169.116,209.144,257.325,309.774,361.85,403.15,422.079,454.47,496.691,525.179,549.82,559.635,577.727,587.556,591.788,575.53,486.879,370.467,327.293,334.279,346.939,347.181,355.539,348.869,339.852,334.223,345.384,321.66,307.744,325.212,329.91
666,154.563,171.185,174.882,176.878,181.093,165.257,148.503,133.308,113.531,102.324,90.6653,74.9258,55.3773,40.8004,30.9557,24.6566,18.9475,15.4053,12.9841,12.4535,15.2069,20.5937,25.7732,31.0772,40.8065,57.211,77.826,99.0945,117.792,136.223,159.99,197.596,242.386,292.087,342.622,382.682,396.397,434.123,472.84,500.183,518.068,529.748,551.271,559.284,563.19,546.414,458.467,349.432,312.017,314.081,329.328,330.705,337.092,330.545,321.101,314.507,328.7,305.037,289.495,306.934,308.755
666.5,146.325,163.624,166.157,168.483,170.381,156.626,141.884,125.929,107.794,97.0482,85.9618,71.9304,52.8215,39.3434,29.3516,23.7203,18.0472,15.0605,12.7546,12.1001,14.5126,19.7748,24.3562,29.4993,38.6906,54.2276,73.4863,94.1864,111.809,130.236,152.56,185.927,227.155,273.985,322.86,363.178,377.285,411.105,449.864,473.752,490.587,500.521,520.626,527.935,532.203,518.211,430.879,330.578,297.091,296.179,312.169,314.553,318.866,310.863,303.642,304.091,312.787,288.052,273.285,290.398,290.23
667,137.817,155.528,156.595,160.856,160.464,148.074,134.508,118.415,102.028,91.589,81.2512,67.6322,50.6029,37.9462,28.0074,22.5008,17.4086,14.6154,12.5253,11.7696,13.7638,18.8275,23.0667,27.9751,36.7501,51.5826,69.866,88.4187,105.773,123.928,143.916,175.488,213.686,257.981,304.714,343.884,357.521,388.888,424.895,448.728,461.588,470.528,490.071,502.014,503.599,492.75,406.26,313.943,283.014,281.256,296.227,298.042,300.712,293.734,288.704,290.461,296.292,272.145,258.758,271.933,272.838
667.5,129.942,146.625,147.455,154.771,152.874,140.938,128.1,111.852,96.2999,87.3179,76.9607,63.9923,48.459,36.4172,26.9083,21.8572,16.7647,14.3009,12.2229,11.4674,13.0572,17.8265,21.7526,26.2962,35.0297,48.4311,66.0812,83.9298,100.819,116.756,135.411,161.752,201.801,243.77,287.586,323.334,338.941,368.822,400.865,423.682,436.909,443.325,462.366,473.736,477.786,466.054,383.013,297.052,268.56,267.923,280.735,283.429,283.379,279.065,272.247,276.196,279.363,258.375,248.009,256.109,256.801
668,123.298,138.447,139.796,147.351,145.187,133.72,121.059,106.704,92.3419,82.462,73.2532,60.6068,46.113,34.9476,25.9277,21.2307,16.6478,14.029,12.0437,11.1548,12.6082,16.9035,20.4079,24.9738,32.9063,45.7067,62.6436,79.5779,95.8901,110.207,127.293,151.59,190.964,229.973,273.057,303.448,321.873,347.854,377.826,396.224,411.098,418.692,437.317,449.552,453.904,440.639,361.513,279.623,254.185,253.399,265.658,266.547,269.352,266.079,257.086,261.413,264.152,245.971,237.816,239.907,243.917
668.5,118.258,131.186,131.815,140.525,137.446,126.975,113.311,101.702,88.3059,79.1219,69.6782,59.1576,44.0522,33.8764,25.1009,20.5783,16.3986,13.7312,12.0199,11.0387,12.1984,16.0251,19.4553,23.7266,31.393,42.9397,59.1787,75.8609,91.0414,104.604,119.206,143.142,178.719,220.29,258.097,285.583,307.437,328.895,358.77,375.324,389.228,399.3,413.895,424.597,429.796,417.366,344.409,264.889,240.573,240.142,250.987,252.59,255.055,250.617,243.662,247.725,250.027,232.718,226.401,226.623,228.642
669,113.645,124.977,125.938,133.384,131.865,119.652,108.483,97.079,84.8045,74.7435,66.836,56.1035,41.966,32.6368,24.2455,20.0637,16.0753,13.6166,12.1049,10.9264,11.8048,15.367,18.2934,22.7124,29.5907,40.6906,56.1042,71.9601,86.2047,99.6177,111.761,137.955,170.072,209.374,245.7,269.245,292.445,312.479,339.667,355.048,366.637,380.962,388.798,403.49,406.376,395.43,329.197,250.912,226.971,228.451,237.818,240.613,243.097,237.733,231.231,235.807,237.377,219.985,215.162,216.371,216.232
669.5,109.941,118.824,120.966,126.528,125.059,113.53,104.818,92.1796,81.6773,71.8589,63.9365,53.8382,40.9622,31.6303,23.7517,19.5444,15.9535,13.4661,12.1514,10.7691,11.4175,14.7582,17.6956,21.7336,27.8818,38.9458,53.1702,68.104,82.0362,94.8558,106.629,132.739,161.481,199.316,234.342,256.64,278.791,297.92,324.161,339.724,351.567,359.775,370.743,385.016,383.814,379.199,313.078,238.781,215.948,217.045,225.827,229.533,231.596,227.841,219.489,224.025,225.271,208.189,205.038,207.14,205.392
670,106.245,113.439,116.675,120.27,120.41,109.765,101.615,89.0788,79.1471,69.5269,61.9163,51.909,39.1969,30.7106,23.3285,18.9809,15.7208,13.4119,12.1659,10.6494,10.9787,14.2952,16.903,20.7176,26.4789,37.4536,50.7421,64.3158,78.4357,91.1618,102.279,126.992,155.468,189.443,223.723,244.7,267.209,283.352,310.206,322.48,334.996,341.166,354.061,368.478,365.574,361.564,299.434,226.78,206.904,206.904,216.094,219.915,221.745,217.554,210.825,211.864,213.23,198.703,195.209,197.715,197.412
670.5,102.109,109.305,112.447,115.518,116.26,106.436,97.8558,85.2735,76.9115,67.6613,59.9867,50.3209,37.5422,29.891,22.968,18.7143,15.6164,13.4518,12.1471,10.7072,10.8452,13.8416,16.4556,19.9462,25.4447,36.0593,48.9299,61.9626,75.2267,88.3003,99.6449,122.375,147.702,179.781,213.186,234.926,255.338,272.176,297.98,307.811,321.764,325.449,345.227,352.402,352.082,348.058,286.251,216.096,198.854,199.389,207.075,210.84,212.789,210.769,202.985,201.5,202.431,188.935,186.91,189.521,189.005
671,98.3796,106.146,110.057,113.018,112.883,102.999,94.8713,83.0294,74.8252,66.0206,58.7841,49.24,36.764,29.2902,22.6452,18.3233,15.8125,13.5193,12.2808,10.7995,10.7537,13.5276,16.1486,19.2829,24.5333,34.7645,47.1549,59.8214,72.516,84.711,96.6298,118.818,142.22,171.749,205.437,227.072,244.908,261.89,286.607,295.672,310.877,315.275,332.031,339.625,340.338,335.367,274.857,207.588,192.863,192.678,198.953,202.077,204.283,202.547,196.937,194.612,195.975,180.546,179.163,182.755,181.552
671.5,94.6947,103.593,108.119,110.463,109.436,101.62,92.4747,80.295,73.2778,63.9411,57.268,48.2079,36.2478,28.8977,22.2687,18.306,15.7481,13.6491,12.3813,10.9982,10.8738,13.1242,15.781,18.8435,23.8646,33.5414,45.7253,57.9118,69.6848,81.7488,93.6048,115.178,136.296,167.213,198.227,219.803,236.567,253.79,276.659,285.819,301.58,304.578,320.183,328.615,328.906,324.714,265.992,201.709,186.376,186.987,193.055,195.493,197.863,196.438,191.472,190.361,188.722,176.048,171.737,176.654,174.597
672,91.6391,101.69,106.986,109.14,105.81,99.7729,90.1868,79.4333,71.9766,62.0682,56.6178,48.1321,36.1856,29.0033,22.0569,18.3689,15.9496,13.8019,12.5613,11.2892,10.8105,12.8901,15.3182,18.4786,23.4263,32.4974,44.1217,56.3601,67.3837,79.325,91.03,111.836,133.421,163.779,192.04,212.36,229.941,246.384,266.899,280.091,291.861,295.276,309.182,319.888,319.203,316.529,259.112,196.064,180.207,181.986,188.159,190.289,192.468,189.024,186.522,185.449,188.851,173.154,166.103,171.318,169.673
672.5,90.7075,100.242,104.007,107.623,102.792,98.925,89.3669,77.8943,70.7602,61.4363,54.6126,47.9473,36.3725,29.0904,21.7369,18.4739,16.1424,13.9652,12.8239,11.5181,10.8472,12.9026,14.8368,18.186,23.1011,31.8085,42.8657,55.2516,65.9398,76.4695,89.1669,108.407,129.945,160.861,188.2,208.125,223.659,241.136,260.683,273.748,283.556,289.527,301.219,312.351,311.813,309.724,253.674,190.189,175.437,178.083,183.538,185.706,188.089,183.891,181.803,182.648,185.172,172.527,161.989,166.487,165.331
673,88.7592,98.9879,101.952,106.535,101.207,97.6739,88.0868,77.1939,70.124,61.1924,54.0612,47.3325,36.1361,29.1984,22.074,18.9686,16.5432,14.3269,13.3145,11.8249,10.6624,12.9093,14.6986,17.9206,22.8142,31.5145,42.2769,54.4906,64.8699,75.306,88.2154,105.727,127.971,158.631,184.193,205.468,217.451,234.398,256.693,268.452,278.461,283.531,293.346,305.815,305.632,302.969,248.546,186.599,172.024,174.624,178.923,182.407,184.555,180.048,177.394,177.355,182.742,169.145,160.123,163.813,162.999
673.5,88.746,98.0243,100.383,106.302,100.412,97.2179,88.0791,76.6732,69.9953,61.2,53.822,47.148,36.4719,29.4126,22.4584,19.3166,16.8516,14.9438,13.9391,12.2211,10.8974,12.8819,14.5342,17.7838,22.7321,31.3036,41.7122,54.1808,64.0804,74.3337,86.9945,104.472,126.912,156.17,181.828,201.364,212.663,228.807,253.435,263.536,274.936,279.885,289.9,300.982,302.613,297.975,244.486,183.095,169.381,172.01,176.156,180.433,180.222,178.81,175.411,174.919,180.351,166.942,157.651,163.021,161.064
674,88.9028,97.6635,99.5489,106.541,100.341,96.3114,88.2849,76.5085,70.056,61.7315,54.5067,47.6129,36.917,30.0844,23.3576,19.8809,17.2133,15.691,14.6775,12.7916,11.1916,12.9519,14.6645,17.6783,22.8224,31.3932,41.4699,53.4814,63.4312,73.9209,86.1967,103.607,126.037,154.252,179.922,200.261,209.054,223.646,249.37,260.933,272.316,276.76,286.646,296.749,297.668,296.005,240.75,180.608,168.057,169.604,174.516,179.463,178.98,177.314,173.105,173.347,177.664,166.143,155.569,162.449,160.42
674.5,89.6957,97.6082,100.202,106.129,101.901,96.1792,88.789,76.2817,69.8037,62.7768,55.1796,48.1128,37.5742,30.6365,23.9858,20.6863,18.0354,16.5502,15.5876,13.2275,11.6853,13.0696,14.7116,17.9203,23.026,31.4886,40.9937,53.532,62.974,73.7614,85.3689,104.236,124.362,153.479,179.913,198.658,208.85,219.499,248.178,260.475,270.346,275.16,286.205,294.617,295.123,292.782,239.818,179.562,167.197,169.634,174.982,179.134,177.95,175.18,172.592,172.859,177.697,165.346,155.367,162.414,159.567
675,91.2556,98.4707,100.358,106.063,104.75,95.7949,87.6509,78.7802,70.5354,63.4324,55.9723,48.8995,38.7153,31.6175,24.9408,21.4345,19.0386,17.7294,16.57,13.9471,12.2383,13.3748,14.9003,18.2984,23.4164,31.8171,41.1014,53.5822,62.7314,73.4813,85.2987,104.243,124.699,153.295,180.525,199.422,209.791,222.365,247.877,262.845,270.39,273.355,285.032,291.828,296.049,293.587,240.079,180.126,167.568,169.979,175.766,179.71,179.775,174.865,173.135,175.241,177.007,167.235,156.658,163.864,161.554
675.5,92.6734,100.18,102.323,106.731,107.442,96.0179,88.0031,79.3835,71.9575,65.2422,57.2366,49.8974,39.8411,32.9004,26.3893,22.5742,20.4188,18.8799,17.4953,14.8445,12.4772,13.7856,15.5239,18.6908,23.8479,32.3608,41.5023,53.7513,63.3162,75.0195,85.6646,104.907,125.566,154.671,181.647,201.279,211.011,227.466,249.629,264.537,272.196,272.752,286.557,294.564,298.91,294.702,240.164,183.314,168.588,170.588,177.603,180.647,182.922,176.591,174.785,177.149,179.467,169.427,159.359,165.912,163.538
676,94.7276,102.624,104.397,108.345,110.305,98.2998,90.177,81.7906,74.4068,66.5184,58.6734,51.9558,41.5563,34.633,27.86,24.0177,21.9683,20.4003,19.0183,15.9343,12.9339,14.2894,16.0831,19.2687,24.4687,32.7918,42.0607,54.4439,64.1195,76.3261,87.355,106.028,127.689,156.515,182.652,204.165,213.06,233.733,252.718,266.698,275.076,273.455,289.2,295.788,302.265,298.417,243.529,187.359,172.092,172.422,179.996,183.223,187.521,180.951,177.287,181.575,182.3,172.778,164.152,169.258,164.986
676.5,97.7211,106.37,108.622,112.334,113.589,101.47,91.9793,84.5937,77.6392,69.2558,61.0846,53.9263,43.7368,36.5418,29.7148,25.8787,23.4912,22.1643,20.58,17.1786,13.5887,15.0177,16.8844,19.9252,25.2178,33.5861,42.7852,55.3763,65.3026,78.4862,88.5009,107.771,130.556,159.112,184.727,207.562,217.43,237.972,257.194,269.545,280.598,277.587,294.021,300.561,307.358,301.759,248.56,191.401,176.336,176.859,184.539,187.115,191.769,185.921,181.623,187.419,186.901,177.791,168.73,173.73,169.946
677,101.974,111.091,112.429,115.944,118.281,106.49,97.793,88.6372,80.4136,72.3982,64.028,56.5413,46.0875,38.6919,31.7432,27.885,25.2803,24.0431,22.6701,18.3714,14.4216,15.7957,17.7524,20.5458,26.1781,34.6263,44.0255,56.9644,67.1302,80.3556,90.6326,110.217,133.571,162.589,188.944,211.67,222.697,242.882,263.445,275.805,285.943,286.57,302.603,306.575,313.793,308.929,256.122,194.857,179.828,181.52,191.712,193.47,195.785,191.852,188.748,192.887,193.69,182.976,175.26,177.74,175.794
677.5,105.912,116.722,117.994,121.944,123.503,112.651,103.191,94.1836,84.1254,76.4492,66.8282,59.7003,49.1119,41.4442,34.0513,30.1823,27.2467,26.3733,24.6131,19.5885,15.5365,16.6595,18.7532,21.5816,27.3826,36.1557,45.771,58.9394,69.4228,82.3515,93.9128,113.523,136.622,166.717,192.566,217.384,229.425,249.578,269.451,284.704,293.843,294.227,310.757,315.41,324.315,316.708,264.91,200.993,186.769,188.623,197.425,201.372,202.218,198.98,195.203,199.705,200.756,189.486,182.6,183.25,185.414
678,111.603,122.289,123.939,127.754,129.891,118.528,108.573,100.022,87.8109,80.3873,69.9974,64.0845,51.9566,44.2624,36.3151,32.6164,29.6159,29.0739,26.7344,20.9964,16.771,17.6059,19.9634,22.7445,28.5645,37.7871,47.8847,61.6474,71.7784,84.5465,97.7499,117.285,140.693,171.832,199.016,223.567,237.593,257.238,277.614,294.719,301.589,304.667,320.781,327.759,334.254,324.688,273.87,207.198,194.165,196.988,206.828,209.228,210.546,208.427,202.626,206.478,208.131,197.824,190.461,190.648,193.404
678.5,117.376,128.965,130.099,134.89,135.899,124.156,116.02,105.494,91.9821,85.2985,74.0545,68.2833,55.4082,47.5685,39.2579,35.3527,32.2863,31.7943,29.4044,22.8663,17.9578,18.6867,21.1611,24.3072,30.2437,39.5649,50.3265,64.7418,75.4162,86.4538,101.898,121.83,145.939,178.294,206.468,232.767,246.252,266.254,285.84,305.751,311.181,318.369,331.201,340.745,346.267,338.822,284.369,215.986,205.913,205.851,215.764,217.981,222.079,217.782,211.093,216.145,216.76,206.485,200.366,201.261,201.946
679,124.146,135.691,136.68,142.73,142.642,130.728,122.721,112.282,97.8256,89.7481,79.1725,72.852,59.6487,51.4209,42.4616,38.6711,35.5502,35.09,32.5699,25.3818,19.4122,19.935,22.4529,26.1205,31.9694,41.6046,52.748,67.6602,78.8697,90.1392,106.985,126.647,152.851,186.188,216.089,242.246,257.011,274.354,295.145,314.978,323.111,333.194,344.019,352.405,358.805,350.389,294.658,225.557,217.363,216.901,226.871,227.269,232.524,227.012,222.749,226.009,225.697,217.631,209.929,214.957,213.738
679.5,130.987,142.715,144.333,151.134,149.461,137.012,131.51,119.678,104.275,94.7285,85.0681,77.7567,64.6889,56.4202,46.547,42.0538,39.0577,38.5656,36.1688,28.3167,21.3265,21.5104,23.8392,27.7983,34.1341,43.9073,55.232,70.8224,82.4112,93.8496,111.254,132.63,161.391,194.216,224.405,252.192,269.401,286.465,305.868,327.971,335.377,347.875,357.994,366.099,372.283,370.503,306.664,237.558,229.252,228.382,237.993,241.095,243.872,240.328,234.249,235.472,236.615,229.845,221.618,228.892,227.265
680,137.993,150.914,152.206,160.884,157.653,145.067,138.057,127.675,110.955,100.756,91.32,83.014,70.0165,61.2784,50.9157,46.3365,42.8665,42.8743,40.2618,31.1289,23.2791,23.3406,25.662,29.6758,36.3585,46.4966,58.4926,74.2623,85.4272,98.2315,116.6,138.862,169.17,203.239,235.854,262.505,281.178,299.206,318.089,339.38,350.25,362.896,375.036,382.592,389.879,388.126,322.317,250.072,240.978,237.915,250.259,250.676,255.229,251.971,246.485,247.189,250.855,242.039,234.883,242.696,241.801
680.5,143.339,159.764,159.552,169.97,167.803,152.751,147.267,136.029,118.401,108.294,97.5672,88.5246,75.9388,66.7058,55.4304,50.439,47.1216,47.6037,44.0383,34.378,25.374,25.315,27.4894,31.3716,38.6199,49.238,61.8832,77.4957,89.5134,102.493,122.326,145.559,176.726,212.334,245.755,272.635,294.965,312.178,333.023,355.704,365.51,380.458,385.965,393.769,406.264,405.518,338.541,260.292,252.752,250.612,263.204,265.396,268.679,264.363,261.259,260.53,265.654,254.096,248.657,255.705,256.6
681,150.806,168.299,168.091,178.229,177.527,162.16,153.347,144.619,124.87,116.087,103.857,94.7017,81.3583,71.9391,60.1962,54.1252,50.9198,52.5545,48.3935,37.706,27.3773,27.2451,29.3778,33.3066,41.2174,51.7695,65.1935,81.0868,94.1773,107.009,128.416,151.49,184.821,221.104,257.203,284.593,305.716,324.984,346.798,368.823,379.607,396.643,404.365,416.59,424.055,422.739,355.389,275.915,263.797,263.027,277.298,278.322,284.386,278.228,276.052,276.559,281.835,267.004,262.782,271.138,269.809
681.5,159.983,176.609,176.835,186.835,187.018,171.263,161.438,153.05,132.191,122.507,110.719,100.413,87.4667,77.0626,64.604,58.0736,55.6315,57.5557,52.7102,40.9074,29.5585,29.2708,31.5411,35.3523,43.6271,54.7308,67.8798,83.8852,99.766,111.942,134.317,158.375,191.51,230.033,266.294,294.678,318.182,337.365,364.486,383.346,399.626,409.979,420.627,432.413,441.688,438.228,371.448,291.416,275.583,276.41,289.912,293.765,298.883,292.211,290.834,290.543,298.291,281.406,275.112,281.179,284.743
682,168.515,185.373,187.936,195.469,196.845,181.066,171.237,160.99,139.563,129.23,117.225,106.103,92.7344,82.0515,69.0615,61.8132,60.1653,61.6172,56.9375,43.4493,31.638,31.085,33.258,37.6886,45.9996,57.4984,70.1516,87.6496,103.529,117.636,139.739,164.77,199.919,238.773,275.25,307.471,328.839,349.893,377.14,397.559,417.506,425.739,438.338,451.127,454.856,454.344,387.093,305.861,286.088,291.069,303.935,306.624,315.07,306.574,304.792,302.919,311.976,294.846,287.329,296.12,298.601
682.5,177.578,194.998,197.718,206.035,206.517,190.914,180.526,167.932,145.416,135.9,123.532,111.188,97.0409,86.3365,73.1616,66.0328,64.1791,65.415,60.612,45.8085,33.558,32.5495,34.9408,40.0656,48.2635,60.2525,72.3128,91.4999,107.154,123.161,144.183,170.947,206.976,247.284,284.337,316.785,340.168,360.262,391.148,408.785,434.132,439.477,454.477,468.686,471.215,469.073,400.571,324.252,299.284,301.756,316.323,319.57,328.006,317.919,317.727,316.389,324.238,307.909,298.594,307.556,313.768
683,184.059,203.167,206.698,213.816,213.696,197.762,188.422,173.211,151.003,141.886,128.542,114.869,100.872,89.4957,76.3642,69.2343,67.271,68.0851,63.3699,47.7931,35.2528,33.8468,36.4179,41.826,49.8351,62.4923,74.441,94.7337,110.291,128.398,148.781,174.903,214.115,254.136,293.449,329.697,347.353,373.037,401.355,422.805,444.921,453.471,468.215,485.163,485.357,481.299,413.346,335.082,309.682,313.348,328.08,329.346,339.821,330.637,330.072,327.536,337.283,318.824,310.793,325.066,326.212
683.5,189.314,208.649,212.358,220.195,219.159,202.435,194.682,177.412,156.863,146.569,132.911,117.184,104.68,91.848,79.7573,71.5171,69.6339,71.2473,65.4381,49.5883,36.6062,35.0595,38.0456,42.747,50.9284,63.6506,77.0928,98.2741,112.98,132.905,152.811,178.668,218.646,260.23,301.075,336.338,354.014,382.825,414.162,434.832,455.774,468.863,479.239,498.472,499.923,487.973,424.307,351.402,318.8,325.857,339.108,338.752,350.689,342.136,340.307,340.998,348.715,330.534,322.556,338.435,335.225
684,193.841,210.19,217.302,226.259,222.826,205.435,198.397,180.133,160.058,150.166,135.668,118.19,107.168,93.5525,81.2035,73.1107,71.7841,73.184,66.8668,50.8326,37.7257,35.9816,38.8475,43.5955,52.1018,64.9866,79.175,100.351,115.742,136.038,156.31,182.915,221.324,264.549,305.748,341.236,361.596,392.247,420.567,446.994,463.519,479.449,488.664,505.543,512.967,499.797,433.016,358.013,328.674,335.448,348.786,347.821,355.624,355.029,349.773,349.09,357.423,339.321,333.173,348.434,341.841
684.5,197.233,208.86,220.451,228.459,226.606,207.491,199.689,181.017,161.65,152.541,137.875,120.614,110.066,96.4331,82.7317,74.7033,72.4237,74.2855,68.0142,51.5526,38.3907,36.7976,39.5306,44.0339,53.1149,65.4215,80.7801,101.639,117.73,137.78,158.235,185.662,223.451,266.653,309.185,344.208,364.523,397.067,426.085,452.704,468.842,487.661,496.401,510.611,518.161,508.34,442.73,365.319,335.69,343.122,354.613,355.186,360.634,362.261,356.535,354.889,364.167,345.795,338.96,356.69,348.442
685,199.458,209.46,223.183,228.963,230.52,211.66,199.603,182.652,162.584,153.793,139.002,121.777,110.606,96.8412,83.0865,74.7835,72.9594,74.8975,68.3109,52.1581,38.9064,36.7404,39.6529,44.4674,53.6418,66.3855,82.0587,101.879,118.252,138.978,158.73,186.671,226.064,266.467,311.536,348.853,371.386,399.767,429.142,456.132,472.744,491.154,504.414,515.861,522.933,517.559,449.317,368.416,341.223,348.207,358.441,359.744,364.808,365.661,361.146,359.741,367.412,352.863,345.286,362.037,353.234
685.5,198.886,210.657,223.217,228.061,229.055,215.296,198.745,182.783,160.682,153.661,138.876,123.054,111.38,97.0358,82.7332,75.1797,72.2688,74.415,68.5344,51.9977,39.0362,36.8711,39.8048,45.1594,54.2131,67.1663,81.6486,101.99,118.46,139.314,158.443,184.826,226.335,266.422,315.163,349.421,375.61,403.51,423.536,454.888,475.683,492.162,503.702,518.056,523.596,523.21,453.787,369.402,345.281,351.642,361.317,364.014,368.693,366.137,360.541,364.346,369.16,356.81,349.97,364.229,357.787
686,197.967,212.189,222.54,228.95,228.633,217.991,198.367,183.158,159.769,153.011,137.405,122.058,111.76,96.5993,82.4411,74.705,72.5096,73.6207,68.5269,51.9532,39.2353,36.7515,39.876,45.158,54.0833,67.2397,82.2546,101.869,117.702,139.209,158.558,183.495,228.168,266.975,316.029,354.7,377.139,398.461,424.823,456.83,479.627,491.574,503.491,517.362,524.666,522.712,457.174,371.565,346.603,353.602,361.86,367.784,370.929,365.942,360.428,364.398,368.494,356.827,352.664,364.557,363.085
686.5,196.425,214.764,221.848,229.563,226.69,219.106,199.109,180.896,159.587,152.383,135.657,122.483,111.193,96.6727,81.7152,74.6399,72.1547,73.1482,67.9124,51.9934,38.8564,36.8672,39.8223,45.0552,54.0198,67.0753,82.1794,101.746,117.758,138.797,158.292,181.681,230.469,267.869,317.773,354.67,377.407,401.767,424.746,456.113,469.278,491.799,503.652,515.584,527.904,526.49,454.868,371.643,346.483,354.304,361.009,370.562,370.677,366.003,361.826,365.327,367.318,357.52,355.241,364.5,367.364
687,195.481,214.04,220.629,229.483,228.826,217.046,198.53,181.182,159.226,151.703,134.955,122.004,110.351,96.7132,81.7637,74.4569,72.5773,72.5464,67,51.8968,38.9589,36.9318,39.6811,45.3978,53.8359,66.9246,82.292,101.356,116.899,138.456,156.842,179.947,231.512,269.222,313.937,353.097,376.485,402.993,429.295,455.873,467.465,490.851,504.918,514.794,528.239,525.637,454.518,372.036,346.38,352.178,361.784,371.717,369.816,366.248,363.399,364.831,367.307,357.22,354.271,365.702,369.996
687.5,194.94,213.572,219.638,226.395,227.115,216.613,198.648,179.854,161.203,151.468,135.038,124.2,109.154,96.5513,82.5603,74.2967,72.2498,73.2194,66.8912,52.0535,39.118,37.3839,39.65,45.5302,53.9077,66.9063,82.3345,100.617,115.962,138.297,156.615,180.334,229.968,270.102,312.525,351.639,372.667,407.373,429.435,457.382,465.042,491.113,507.243,515.968,525.75,527.34,455.75,374.065,346.394,350.21,362.048,369.778,369.819,364.226,365.026,366.134,370.293,356.706,354.232,366.866,371.483
688,194.964,213.696,218.575,222.835,229.164,216.979,199.682,179.776,162.415,151.473,135.051,125.73,109.549,96.7681,83.0344,74.8331,72.8958,73.695,67.3057,52.2598,39.8703,37.7904,39.7171,45.7954,54.1148,67.2781,82.1682,99.91,116.303,137.187,156.71,181.455,227.443,269.041,310.809,350.233,371.381,407.397,430.242,457.154,464.276,491.125,505.12,516.169,524.304,525.909,455.954,376.13,348.27,350.779,366.104,370.732,373.163,363.775,366.656,369.381,368.745,357.141,353.937,368.051,372.019
688.5,196.353,215.923,218.437,220.859,229.348,219.181,201.243,179.93,163.487,153.307,137.385,127.985,110.863,97.7928,84.1892,76.5727,74.3832,75.3381,68.6217,53.0722,40.892,38.2468,40.1771,45.951,54.6893,67.7108,82.7575,100.433,116.052,138.155,159.398,184.599,226.876,267.99,311.4,350.701,369.743,408.567,431.937,458.316,469.963,494.88,505.752,522.101,520.527,526.725,460.139,378.902,350.186,353.872,367.456,373.445,375.423,366.927,369.429,372.387,374.846,359.411,356.918,371.091,374.641
689,197.134,218.613,218.862,222.892,230.169,223.377,204.714,180.837,166.574,155.016,140.233,131.099,113.36,99.7656,86.6432,78.4078,75.5961,77.8415,71.3681,54.5086,41.8399,38.7818,41.0002,46.723,55.6313,68.2365,83.395,101.05,118.83,139.223,160.837,187.172,227.462,268.885,316.643,355.067,371.86,409.814,434.247,459.269,474.464,497.387,507.761,525.92,518.759,528.469,464.297,382.251,353.074,359.22,372.647,379.777,378.226,373.001,374.704,378.598,380.963,362.545,363.65,376.024,379.361
689.5,199.578,222.805,221.972,226.719,236.063,226.978,207.294,181.824,169.88,158.784,143.421,134.537,116.84,102.67,89.5421,80.3856,78.9716,80.7687,74.6877,56.7698,43.1733,39.8905,42.3143,48.3667,57.2063,69.2491,84.1614,103.041,121.152,140.87,162.772,189.726,229.812,271.156,320.318,359.437,374.07,414.482,437.279,463.496,478.919,504.528,513.69,531.029,521.909,534.904,469.294,387.513,358.747,364.545,377.399,386.139,381.253,381.924,379.765,384.837,390.217,369.68,369.879,385.981,386.188
690,203.659,226.752,226.204,231.206,240.995,231.324,211.833,186.653,175.2,162.063,146.094,138.241,120.471,105.713,93.3224,82.6556,82.2461,84.2421,78.5119,58.5778,44.485,41.3831,43.7766,50.0521,58.4351,70.8695,85.3721,104.957,123.391,143.412,165.63,192.915,232.9,274.44,324.948,364.189,381.403,420.08,443.554,469.959,482.755,511.901,522.956,534.005,531.124,541.047,477.602,394.979,369.025,370.035,383.967,394.829,382.058,390.226,386.795,389.877,398.37,378.604,378.249,394.094,394.518
690.5,208.892,231.968,230.945,234.721,247.79,236.986,214.48,191.418,181.353,164.847,149.541,142.204,125.419,109.602,96.7537,86.1103,86.6681,88.3427,81.9765,61.392,46.1667,43.3373,45.6129,51.9933,60.066,72.236,86.6497,108.278,125.797,145.906,167.535,196.021,236.349,279.498,329.573,371.465,389.609,425.587,450.517,478.72,489.923,522.971,531.333,543.236,547.152,547.041,487.568,405.737,379.834,376.511,393.391,403.977,390.087,399.777,396.134,395.176,407.645,390.013,386.966,404.928,403.821
691,214.93,235.315,237.295,242.83,255.839,244.366,218.841,195.6,186.177,169.524,153.883,147.722,129.419,113.413,100.434,90.2989,91.5074,93.0008,85.0137,63.8769,47.7716,44.6302,47.2713,53.7015,61.2612,74.2708,88.4572,111.335,127.873,148.276,171.041,198.792,239.077,286.988,334.075,377.708,395.975,432.518,458.987,489.592,498.306,532.98,544.026,551.164,563.112,557.262,499.008,414.496,391.806,387.576,402.794,413.189,402.417,408.785,406.564,402.536,416.529,400.871,395.31,412.57,414.34
691.5,220.506,241.48,241.58,252.65,261.905,250.64,224.744,202.206,193.315,173,157.112,152.78,132.842,118.524,102.753,95.3395,95.6863,97.455,87.9162,66.6471,49.797,45.6216,48.773,54.9333,62.84,76.2564,90.236,114.39,129.647,151.782,173.32,202.702,243.619,292.469,341.323,386.512,404.822,439.656,467.834,500.082,510.062,540.788,553.192,562.761,574.205,569.706,507.382,422.469,401.179,399.637,412.196,424.443,412.938,418.242,415.265,412.035,426.873,410.423,408.064,422.758,424.921
692,225.612,244.67,247.578,260.749,267.043,253.191,230.541,205.922,198.017,180.266,161.83,156.123,137.674,123.466,106.816,98.4327,99.5078,101.21,91.5609,70.3878,51.6832,47.234,50.3956,56.2827,64.777,77.9048,92.8736,116.11,131.813,154.026,176.693,207.199,248.191,298.411,346.3,392.096,411.336,446.992,473.497,507.621,515.495,546.126,559.79,574.595,584.01,582.357,516.197,430.409,410.083,411.031,422.33,433.084,426.852,427.518,423.78,418.481,435.194,418.531,417.524,430.286,434.595
692.5,229.255,248.156,251.545,267.442,270.487,257.452,237.598,209.775,201.533,183.924,166.934,159.533,139.916,127.349,109.308,101.578,102.121,104.234,94.2533,72.6298,53.1522,48.174,51.772,57.7943,66.0844,79.7392,95.091,117.816,134.331,157.563,178.151,211.251,252.284,302.211,350.343,397.227,416.413,452.818,481.521,513.442,518.288,550.975,559.287,584.036,592.392,593.134,525.599,436.671,417.525,418.069,427.815,443.623,436.983,432.988,429.506,424.749,441.762,425.75,426.071,439.9,443.468
693,232.297,251.31,254.554,273.957,272.867,259.72,241.22,210.048,202.92,187.815,169.41,160.99,143.676,130.506,112.609,103.437,104.844,106.447,97.591,75.1396,53.1778,49.8717,53.0135,58.8212,68.231,81.1366,96.8291,119.264,135.62,160.412,180.191,213.714,256.098,305.406,352.656,398.933,420.885,456.652,484.99,517.228,525.631,556.483,557.321,586.239,598.693,598.336,533.434,443.612,419.516,421.654,434.186,449.208,442.79,435.01,433.455,430.95,444.814,429.692,429.588,447.505,447.91
693.5,232.039,253.553,253.578,278.475,273.537,265.009,246.083,213.669,204.336,189.729,170.798,165.045,144.017,131.706,115.684,104.269,106.675,108.608,100.174,76.8017,53.6579,50.4808,53.7547,59.8488,69.0301,81.7789,97.878,120.288,136.15,161.714,181.619,215.406,258.427,307.493,355.531,398.991,424.015,459.338,488.812,518.775,534.052,560.057,561.35,585.217,601.526,600.698,538.617,451.155,419.863,420.612,439.784,451.948,448.223,438.422,437.358,438.451,446.222,430.646,432.466,453.713,448.769
694,232.782,255.374,254.087,279.361,272.952,266.289,245.464,215.078,205.386,189.517,172.04,166.908,143.768,132.678,118.276,105.192,107.734,109.739,102.545,78.6122,54.2903,51.0506,54.0637,59.9409,69.443,82.4452,98.3158,120.984,136.13,162.596,182.029,215.353,258.799,306.294,356.683,397.711,425.342,458.798,485.992,517.249,537.077,555.249,566.962,580.76,599.548,600.854,540.263,453.406,418.676,419.533,441.266,453.169,449.168,438.502,439.138,439.094,446.058,431.223,434.871,453.763,449.193
694.5,232.667,253.763,253.592,278.056,271.823,264.086,246.324,216.254,203.529,189.337,171.712,168.721,143.499,132.268,119.39,105.703,108.439,110.057,103.965,78.3411,55.008,51.2015,54.0909,59.9931,69.2942,81.8079,97.3406,120.451,135.898,161.43,182.495,213.983,256.324,304.526,355.534,395.631,422.13,457.45,483.952,513.91,535.996,551.442,568.07,577.641,595.19,599.082,536.175,452.446,418.279,420.302,440.516,448.999,444.18,437.39,438.352,437.692,447.576,428.827,437.899,447.108,446.765
695,232.153,252.954,251.882,273.911,271.487,260.912,244.41,215.435,198.372,187.155,171.29,166.922,144.267,131.914,119.822,106.408,108.462,109.648,104.586,77.5668,55.9813,50.7444,53.879,59.4538,68.5787,81.0125,96.8148,118.576,133.449,158.781,181.288,211.582,251.413,302.66,352.353,393.959,417.09,451.623,479.896,507.674,527.417,544.94,565.11,570.456,588.676,592.853,530.88,448.997,416.716,420.181,434.195,443.846,439.361,435.351,436.379,430.973,445.642,427.03,436.517,442.65,442.69
695.5,230.175,250.092,248.627,269.707,267.913,257.108,242.178,213.054,193.371,184.834,168.676,164.998,142.976,130.289,118.886,106.614,108.105,108.012,103.779,76.7046,55.705,50.4675,53.1754,58.8058,67.7842,79.9085,95.8833,116.232,132.008,156.752,179.643,208.44,246.891,298.633,347.465,386.106,411.216,444.123,474.399,501.732,516.584,535.788,555.958,562.68,581.83,586.657,523.129,443.965,410.457,414.575,431.759,432.647,433.401,431.596,431.23,425.679,438.285,421.553,432.287,435.929,436.407
696,226.187,244.386,241.412,264.735,261.421,249.748,239.899,206.542,187.295,181.556,165.846,161.779,142.216,126.922,116.376,106.013,105.616,106.618,102.6,75.6614,54.9032,50.1416,52.5028,58.3875,66.5782,78.5762,94.2068,113.656,129.796,152.589,176.31,204.587,244.076,295.765,341.263,381.185,404.249,434.885,466.765,490.073,509.074,529.835,545.133,552.664,568.87,575.72,514.585,435.327,402.578,403.243,424.913,425.127,428.388,425.521,422.346,422.359,431.759,413.733,423.979,430.191,428.135
696.5,220.464,236.657,235.927,258.381,254.828,242.937,233.277,202.829,184.006,176.757,162.343,158.046,139.213,124.245,114.677,104.312,103.972,105.9,100.015,74.7305,54.0086,49.3385,51.6735,57.1302,65.4732,76.9527,91.877,110.916,127.809,148.459,172.455,200.13,239.339,288.697,334.031,373.062,396.773,420.489,456.44,478.753,495.506,519.91,529.455,541.55,557.172,560.751,503.42,424.267,392.966,393.856,414.428,414.371,420.956,417.427,411.028,416.777,423.18,403.218,413.457,419.154,417.651
697,214.396,230.393,229.054,251.107,247.51,237.171,226.896,197.582,180.318,173.141,159.761,153.976,136.326,121.849,111.805,101.794,101.313,105.103,96.9765,73.2615,53.0773,48.5298,50.1341,55.8628,64.0593,75.5184,89.6472,109.149,125.762,144.141,167.719,194.787,235.239,281.532,323.924,365.279,385.286,410.984,446.134,468.65,482.532,509.342,516.557,528.332,543.949,545.421,492.722,416.799,382.905,383.194,403.47,406.153,410.445,404.246,399.58,405.691,413.375,394.847,400.995,408.89,405.952
697.5,208.231,225.208,221.744,245.64,239.526,232.222,217.187,191.186,175.396,168.489,156.688,148.503,132.069,118.719,110.331,98.6298,98.7704,103.151,94.3833,71.8716,52.4989,47.5931,49.098,54.0691,62.24,73.744,87.7928,106.429,122.425,140.845,162.312,189.944,228.523,272.792,314.989,354.623,374.309,399.615,432.355,458.578,471.416,496.253,500.568,516.118,531.189,528.128,480.945,403.199,374.437,376.274,390.841,395.814,397.031,392.454,387.683,395.613,402.424,383.381,388.8,396.405,392.627
698,201.354,220.397,214.976,237.662,234.685,226.277,210.586,185.299,169.906,165.555,151.839,143.296,128.104,115.255,107.474,95.5142,96.3543,99.9944,91.98,69.9152,51.3632,46.4531,47.8647,52.3689,61.169,71.004,85.7836,103.913,119.346,136.588,158.386,183.856,221.27,264.874,307.241,343.213,365.02,392.005,418.91,445.593,462.847,478.19,489.726,500.713,513.732,514.689,467.281,390.511,366.76,367.226,379.112,383.571,384.229,379.151,376.652,383.684,391.038,371.13,375.798,384.851,380.496
698.5,195.002,215.012,208.945,229.427,228.425,220.443,203.378,179.453,164.473,159.659,146.97,139.161,123.506,110.619,104.825,93.3368,93.5685,95.9563,89.894,68.5903,50.2005,45.6263,46.696,51.1688,59.7761,69.6621,83.5102,101.502,116.317,133.605,154.443,178.445,215.338,257.749,300.487,332.542,356.074,381.207,409.432,433.68,453.749,460.582,477.577,484.045,498.114,499.859,452.84,380.199,355.867,355.915,369.678,369.867,372.414,367.253,365.948,371.985,380.274,362.394,361.05,373.204,367.042
699,188.743,208.107,201.915,220.567,220.993,213.678,196.541,176.048,161.774,154.042,142.06,132.939,120.124,106.987,101.831,90.4317,90.6396,93.0004,87.5199,66.0205,48.52,44.1779,45.3035,49.8207,58.3392,67.9644,80.9319,98.7608,113.019,129.021,150.545,173.033,209.269,248.04,291.262,321.819,345.003,369.682,397.299,419.81,440.922,443.607,465.243,468.602,475.696,485.626,438.497,367.266,342.206,342.316,357.356,357.281,357.981,356.919,351.934,360.918,367.397,350.414,347.813,361.092,353.895
699.5,183.126,199.133,197.145,212.334,213.913,210.224,188.615,170.917,158.456,147.43,138.757,129.813,116.004,103.148,97.5273,87.841,87.6054,89.9272,85.1961,64.1847,47.8514,43.0293,44.3052,48.7368,56.5742,66.3517,78.4697,96.4111,109.941,125.674,146.041,166.275,204.638,239.506,280.503,312.148,334.27,357.947,384.973,407.01,424.351,430.563,450.156,456.849,464.181,470.694,421.451,355.863,328.22,328.17,343.623,346.308,345.78,347.18,339.455,347.08,353.451,338.964,334.585,347.44,339.248
700,177.301,191.187,191.041,208.231,206.912,203.567,181.364,165.897,156.968,143.083,133.582,125.229,112.697,100.184,94.0216,85.6549,84.8486,86.2461,82.4639,62.4187,46.826,41.9919,43.4446,47.2192,54.4986,64.8392,76.2298,93.2212,105.942,121.844,140.345,162.284,199.767,231.029,270.546,299.733,321.889,345.8,373.257,393.356,410.053,416.042,432.922,439.401,448.467,455.201,405.763,340.536,313.179,318.725,329.501,334.044,331.056,335.328,327.201,336.072,339.267,326.466,322.01,333.248,325.434
700.5,171.382,183.121,184.483,203.399,198.57,194.935,176.017,160.821,153.057,139.911,129.32,121.69,109.67,97.5708,91.1797,82.5155,81.8086,83.2376,79.771,60.8783,45.6882,41.3387,42.4966,45.9649,52.6814,62.3798,74.4362,89.233,102.513,118.248,136.086,158.403,194.087,224.095,261.132,290.107,310.469,333.035,359.284,380.256,395.363,403.986,416.459,424.959,436.282,439.601,391.951,326.954,302.599,308.719,317.731,322.143,317.624,322.177,316.954,322.088,325.715,311.681,309.918,317.078,311.107
701,164.12,177.786,177.404,196.868,189.909,188.094,170.446,154.26,149.311,136.082,124.804,118.031,106.509,94.8014,88.5307,79.5658,80.4767,79.9449,77.2937,60.5582,44.7596,40.7147,41.7587,44.7466,51.2065,60.5475,72.5053,85.8311,99.4292,114.726,131.923,154.361,187.774,217.424,252.181,282.904,298.506,318.269,345.984,368.168,382.255,393.74,400.384,405.831,422.742,422.656,376.083,314.811,293.813,296.769,304.467,309.34,307.152,308.244,304.994,310.556,312.306,298.255,298,302.497,297.339
701.5,156.785,170.112,171.193,189.634,182.409,180.385,165.303,145.046,143.665,132.508,120.873,114.401,103.35,92.0913,86.0317,77.3074,77.8299,76.8759,75.2991,60.1889,43.5994,40.0825,40.7659,43.8559,50.2497,58.5931,70.4408,82.8484,96.4141,111.301,128.314,148.696,181.576,211.565,245.925,276.194,290.366,307.342,332.33,355.952,367.447,381.131,386.736,389.293,409.098,405.116,363.266,301.907,284.468,284.176,294.742,297.7,294.667,294.811,292.59,298.239,299.406,285.309,285.066,289.122,285.162
702,150.202,164.703,166.077,182.829,176.717,175.012,159.329,140.171,140.182,127.92,117.919,111.426,100.416,89.8843,82.4,75.659,76.0417,75.0867,74.1455,59.0802,42.6597,39.7829,39.8678,43.1539,49.5224,57.3204,68.2126,79.9782,93.2682,107.808,124.435,142.775,175.815,205.246,237.198,267.407,281.076,297.515,319.64,343.441,351.906,367.524,373.281,374.951,394.655,386.997,349.509,290.328,272.516,271.311,283.023,286.584,283.127,284.654,281.129,284.132,287.254,271.573,274.876,275.727,274.186
702.5,144.608,158.802,161.15,176.643,171.947,170.388,155.793,137.49,135.601,123.181,114.409,109.233,97.4817,87.869,79.2355,74.9667,73.7447,73.3122,72.921,58.2087,42.7795,39.4685,39.0904,42.222,48.793,56.5893,66.636,78.2251,90.2002,104.336,119.83,138.195,170.304,198.899,229.778,258.699,271.697,287.77,307.708,329.671,338.635,354.331,359.307,363.877,380.066,370.401,336.277,279.536,262.141,259.417,272.965,275.898,275.226,272.58,271.135,272.37,277.08,257.413,263.315,264.055,262.608
703,141.181,154.693,157.002,171.41,167.126,165.04,149.949,137.038,131.279,120.174,110.829,105.629,95.4306,86.1175,76.764,74.0691,71.9496,72.7535,71.5625,57.5941,43.59,39.3113,38.3449,41.6686,47.6012,56.1071,65.1186,76.0259,87.7393,101.068,115.664,134.813,164.421,192.574,221.615,248.674,261.595,277.223,298.237,317.76,325.78,338.469,346.343,350.853,365.254,358.334,323.092,268.494,251.172,250.021,262.259,264.527,264.401,262.486,261.057,260.505,266.434,244.757,252.204,254.911,250.618
703.5,137.337,151.215,150.825,167.103,163.203,160.488,148.536,133.933,128.474,117.869,108.104,103.753,93.7231,85.3426,75.5313,73.3047,70.4953,72.7064,71.0096,57.6917,43.9259,39.0627,37.8011,40.9012,46.4339,55.6195,64.0687,74.0278,85.492,97.781,112.569,131.326,159.186,186.926,213.75,239.441,251.311,267.424,286.406,306.747,316.182,325.82,334.512,341.122,351.642,348.778,306.209,259.554,241.595,241.06,252.375,256,254.81,252.714,251.94,249.296,256.508,236.225,241.017,245.439,239.233
704,135.122,148.397,147.007,162.335,159.009,155.729,145.976,131.625,125.469,115.789,105.787,101.369,93.2827,84.2883,75.5045,73.1366,69.7237,72.3859,70.9577,58.5681,45.2236,39.5077,37.3675,40.2291,46.0673,54.8934,63.1056,72.3466,83.5831,94.7411,109.859,128.023,153.369,181.824,207.832,230.782,242.394,258.902,278.942,297.039,306.28,314.391,323.129,333.039,338.993,340.229,293.843,249.257,233.164,230.548,243.312,246.124,244.417,241.718,243.28,241.239,246.164,228.877,231.198,235.79,228.579
704.5,133.18,145.26,143.531,158.056,156.741,152.11,145.533,130.741,124.377,114.761,104.184,101.376,92.8541,84.5733,76.7203,72.7843,70.3774,72.945,71.768,60.0539,45.9834,39.9556,37.4646,39.8599,45.2629,54.3946,62.4917,71.361,81.988,92.3591,107.214,124.796,148.477,176.562,201.453,223.416,233.959,252.219,270.16,285.616,298.59,302.972,314.567,324.348,329.258,329.484,283.813,240.708,225.808,222.393,235.281,237.971,236.478,234.038,235.329,233.228,237.73,223.108,221.564,227.25,220.566
705,132.058,141.801,142.262,155.363,155.598,150.42,145.654,130.848,122.387,114.055,104.1,101.916,93.1011,86.035,78.472,74.2524,71.5377,72.8481,71.9203,61.7536,47.7394,40.7461,37.958,39.9996,45.022,54.0542,62.3131,71.1368,80.4201,90.2621,104.776,122.231,144.935,172.592,195.886,217.238,226.913,247.105,263.971,277.195,290.897,296.373,305.251,314.74,319.955,319.933,277.385,233.352,217.897,216.122,228.307,230.668,230.451,226.534,227.735,226.801,231.945,216.622,214.816,219.1,213.11
705.5,132.156,137.362,142.025,154.106,156.064,149.542,146.421,130.543,122.534,113.537,104.863,102.299,93.7014,88.8577,79.834,75.2312,73.2118,74.1011,73.0097,63.5557,49.7432,42.0856,39.1004,40.2301,45.7603,54.0449,62.233,70.816,78.9458,89.0908,103.598,119.871,141.833,168.908,190.416,212.546,220.16,240.952,257.729,268.96,283.789,283.017,295.76,306.785,311.134,309.551,273.459,226.954,212.067,211.665,221.584,224.163,223.09,220.641,220.629,221.234,224.234,211.54,208.84,212.305,204.807
706,133.036,135.5,141.541,154.4,156.524,150.718,146.374,131.555,123.081,115.541,105.827,103.717,94.8356,90.6643,82.4995,77.6054,75.7232,76.5491,75.3834,65.8486,52.4173,43.5722,40.0607,40.891,46.4796,54.5921,62.4307,70.6516,77.6664,87.5643,102.763,118.345,138.811,166.088,184.526,208.212,215.37,233.928,252.855,264.959,277.098,275.133,288.337,299.179,304.49,297.52,268.15,221.56,207.922,207.884,215.738,218.611,218.116,215.722,215.385,217.785,219.23,206.694,204.349,207.14,198.713
706.5,134.177,132.545,141.27,157.079,158.106,151.93,147.192,133.511,125.987,115.684,108.584,105.953,95.8315,92.8243,86.2502,81.255,77.9756,79.9309,78.6664,68.7971,55.2439,45.9945,41.5139,41.8781,47.4491,55.2266,62.9846,70.7298,77.3829,87.1266,102.486,117.602,137.181,164.293,180.354,203.963,211.899,228.388,248.721,260.425,271.528,270.677,281.639,292.893,299.219,291.293,262.862,216.785,204.07,204.41,211.697,215.012,210.71,212.258,210.649,215.252,216.267,203.487,200.726,202.967,193.017
707,136.408,131.232,141.055,158.319,159.45,155.109,149.093,135.826,127.978,118.735,111.271,109.721,98.142,95.9578,90.9327,84.5369,81.0165,84.7972,82.8271,72.9628,57.907,48.4074,43.1571,43.8544,49.1556,56.7969,63.6709,71.4703,77.7164,87.422,102.022,117.128,136.891,162.361,177.997,200.221,208.874,223.146,244.145,257.023,264.998,268.083,278.693,286.753,293.414,286.553,258.539,214.142,201.454,202.384,207.887,212.171,208.648,209.506,208.33,212.272,214.698,200.951,199.453,198.567,191.361
707.5,138.92,127.447,142.818,159.994,162.396,159.13,152.581,139.12,132.015,122.503,115.215,112.87,100.971,98.8946,95.8054,88.2763,85.8442,88.7299,88.7413,78.2152,62.0782,50.8837,45.0136,45.3553,50.2386,58.0689,65.155,71.9885,78.9382,87.4361,101.525,117.781,136.04,160.718,176.868,197.892,206.665,221.774,240.413,254.598,261.147,268.741,277.42,282.221,290.272,285.951,254.64,211.998,199.101,200.205,205.949,210.12,206.905,209.077,206.788,210.587,212.916,201.009,197.593,195.448,191.487
708,141.777,129.027,146.334,163.441,166.249,163.211,156.424,141.66,136.313,127.191,119.986,117.554,103.755,103.766,101.202,92.3964,90.8137,94.1584,94.0549,84.1194,66.8434,53.7055,47.2354,47.3038,52.3032,60.3813,66.8716,73.5192,79.7341,88.517,102.156,118.606,137.447,158.959,175.614,196.456,205.406,219.334,236.223,252.814,258.461,266.485,276.599,278.206,286.306,286.355,253.279,210.446,198.019,199.524,204.681,209.525,207.485,204.831,206.935,208.912,212.251,200.218,197.214,194.329,190.137
708.5,145.967,135.009,150.738,168.081,168.935,169.849,161.899,147.866,143.152,132.818,125.256,122.799,107.467,109.091,107.053,98.7086,97.3838,100.035,100.372,89.9443,70.1864,57.5808,49.6423,49.5307,54.3717,62.8288,69.1188,75.558,81.6282,90.2048,104.051,120.039,138.24,158.584,176.288,196.178,205.554,218.89,234.699,250.264,258.074,264.837,274.31,279.377,284.534,286.884,252.489,210.277,198.501,197.926,204.702,208.317,207.792,205.955,207.23,207.909,212.153,198.868,196.421,195.364,190.189
709,151.557,144.704,157.118,174.814,174.392,176.127,168.149,154.709,149.642,139.678,131.818,128.772,112.286,115.149,113.581,106.607,103.671,106.359,107.862,96.6131,75.6037,61.4746,52.7479,51.6553,57.1611,65.7296,71.2605,78.0076,83.5239,92.8556,106.557,119.742,140.67,159.148,177.867,197.059,205.145,220.86,232.675,248.739,259.554,266.724,271.712,280.075,282.755,287.777,251.599,210.902,199.776,198.789,207.308,208.692,207.884,205.508,207.985,207.816,213.757,199.877,197.915,197.455,190.013
709.5,157.873,155.255,165.037,181.987,181.378,184.288,176.87,163.924,156.967,147.732,138.069,136.832,118.722,122.865,121.047,114.977,110.837,114.338,115.292,104.995,81.4583,66.174,56.2457,54.9108,60.5193,69.3646,73.9072,80.4573,85.8337,95.5163,110.017,121.8,142.351,161.952,179.941,197.688,207.134,221.304,233.534,248.502,260.953,269.113,272.312,282.147,283.244,288.475,252.855,213.628,200.361,199.925,208.599,208.833,210.851,210.411,209.788,209.861,215.665,201.985,200.916,200.636,191.098
710,165.24,164.747,172.837,188.867,187.563,193.237,187.177,172.831,164.916,156.004,145.581,145.785,128.477,131.771,129.901,122.868,119.352,121.968,123.817,113.48,88.8586,71.0446,60.2783,58.9954,64.4557,73.1141,77.006,83.7417,88.8247,98.4229,113.081,123.923,145.321,165.686,182.189,199.184,209.233,223.087,236.305,250.516,262.625,271.875,274.828,283.15,286.147,291.183,256.428,215.464,202.054,202.788,210.357,211.297,214.842,214.26,212.361,213.672,218.593,206.334,204.266,203.483,193.559
710.5,173.501,170.539,181.576,197.651,197.358,203.665,198.499,182.511,173.392,164.734,153.76,155.61,136.719,142.43,139.391,130.691,127.546,131.276,132.773,123.421,97.5209,76.9851,64.8577,63.3052,68.3084,77.0925,80.7931,87.6553,92.304,101.597,116.265,128.062,148.552,167.802,185.041,201.437,212.16,226.135,239.904,252.35,265.51,275.977,277.895,287.445,288.168,293.896,260.311,218.271,203.455,207.018,213.023,212.878,219.481,218.379,216.536,219.662,222.201,211.056,206.923,206.456,198.085
711,181.937,181.245,190.895,205.619,205.195,212.059,208.031,192.869,184.255,174.875,163.057,164.065,146.596,151.992,149.429,140.307,136.463,142.283,142.689,133.408,105.406,83.9922,69.0389,68.2452,72.1457,80.8714,84.6794,91.304,95.9444,105.961,120.298,132.206,152.967,172.842,188.081,204.371,215.612,230.425,245.124,255.414,269.335,280.437,279.986,290.923,292.823,298.651,264.03,221.817,205.017,209.647,216.333,216.709,224.456,224.893,221.714,224.903,228.731,217.669,208.748,211.965,203.989
711.5,190.896,189.026,200.98,214.834,216.622,219.701,218.467,205.531,192.151,185.031,173.437,172.779,155.688,161.962,159.281,149.56,146.741,153.356,152.951,143.372,114.227,90.4633,74.0858,73.0327,76.9959,85.1637,89.2929,95.4045,99.861,110.229,123.487,136.82,157.609,177.176,193.119,208.331,219.239,235.736,248.361,260.09,273.403,284.975,285.607,297.631,298.165,304.541,267.962,226.405,208.264,214.929,221.185,223.637,228.212,230.687,227.556,231.011,234.28,222.809,213.264,217.633,208.813
712,198.816,198.369,209.38,222.734,227.332,227.708,226.539,217.629,202.363,197.37,185.275,182.698,165.218,172.391,169.246,159.553,156.886,162.041,162.907,153.695,122.676,96.9728,79.1402,76.9079,81.5815,90.0035,93.3193,99.3646,103.915,114.25,127.679,143.077,162.261,183.703,197.92,213.558,223.099,239.297,253.884,266.869,278.991,289.712,291.725,302.471,303.277,310.548,273.678,230.891,213.604,218.663,227.248,230.579,233.388,237.079,233.514,237.639,241.829,229.497,218.487,223.551,215.437
712.5,207.904,207.465,215.826,233.148,237.855,235.749,238.441,230.629,211.586,208.229,194.722,193.178,178.068,181.445,178.449,171.009,168.444,170.62,173.213,164.127,131.359,103.182,84.3635,81.0591,85.8396,94.1292,98.2579,104.13,108.558,118.349,131.993,148.601,167.701,188.912,203.509,219.18,228.634,242.431,259.539,272.773,283.573,294.589,303.243,308.864,309.418,317.355,280.691,236.171,221.085,223.665,232.481,235.333,238.167,243.53,239.056,243.924,247.758,236.762,226.954,229.423,220.755
713,217.413,217.426,226.602,243.91,248.406,248.448,249.355,242.269,223.124,218.116,206.194,205.519,190.181,190.126,186.109,181.267,178.828,181.548,183.575,174.021,139.388,109.44,89.2925,84.9191,90.9526,98.8223,102.335,108.351,112.753,122.848,138.074,153.652,170.909,193.944,208.797,225.187,231.576,247.254,264.946,278.889,289.059,300.362,311.004,315.824,315.871,324.77,288.419,242.653,230.13,228.862,238.864,241.501,245.116,250.12,244.274,249.979,254.869,243.29,231.233,235.083,226.925
713.5,227.831,230.228,238.058,255.52,257.877,261.501,262.594,253.214,234.556,228.432,216.093,216.632,202.566,199.944,195.753,192.267,189.669,194.307,194.367,182.603,146.712,115.048,93.8712,88.9918,95.4038,102.368,106.983,113.181,116.007,127.059,142.678,159.137,175.767,199.068,214.061,230.218,235.686,251.041,269.616,284.461,294.209,305.133,318.446,323.083,324.653,332.988,294.357,250.097,237.65,235.359,244.955,246.972,251.41,255.565,250.105,256.995,261.589,249.71,239.049,242.006,231.234
714,238.086,241.863,252.729,268.282,267.209,276.068,277.456,263.096,244.833,238.295,227.529,226.482,213.421,206.587,203.542,200.882,199.989,204.603,206.139,192,153.677,120.544,98.7293,94.1301,100.152,106.996,111.172,117.468,119.693,131.217,147.801,163.827,180.515,204.309,221.598,235.639,240.544,257.552,274.068,290.667,297.732,311.515,325.924,329.314,333.662,340.534,301.563,256.206,242.625,241.779,250.762,248.778,258.633,260.75,257.979,264.322,269.324,255.269,247.707,248.922,238.208
714.5,247.364,250.785,264.667,273.975,275.071,287.855,286.831,273.072,253.609,250.039,238.313,237.613,223.925,214.628,213.495,211.82,210.505,214.249,216.978,201.972,160.983,127.31,103.211,98.7258,104.786,112.075,115.519,121.97,123.06,135.164,151.899,169.386,187.017,209.642,227.296,240.411,246.214,261.533,280.212,297.936,304.29,319.225,333.299,337.351,340.52,346.122,310.102,262.283,247.802,249.84,257.017,255.675,266.167,267.061,265.972,271.144,276.953,262.663,256.925,254.658,244.659
715,254.678,256.012,274.382,282.487,283.29,298.732,299.068,282.286,261.813,261.619,248.247,247.463,233.001,224.484,223.059,220.18,219.951,223.585,227.878,212.487,168.391,132.883,108.57,103.819,108.773,118.093,119.139,126.296,126.753,137.011,156.129,174.703,194.924,215.257,233.55,245.081,252.278,267.552,285.019,305.009,311.215,326.988,340.422,342.249,349.325,351.134,317.726,268.528,253.716,256.507,262.394,260.437,274.128,275.066,275.077,278.808,283.556,268.627,264.058,259.968,252.014
715.5,262.322,259.478,283.432,291.273,293.964,310.927,311.174,292.155,269.47,270.906,256.713,255.744,242.625,237.505,234.659,229.714,230.116,233.643,236.53,221.438,177.401,138.435,112.495,107.709,113.262,123.855,122.725,130.352,130.577,142.068,159.871,180.679,199.671,220.033,237.966,248.834,258.158,274.749,290.916,310.849,322.252,335.027,345.09,350.123,356.611,357.805,324.668,275.314,259.662,262.347,268.559,269.993,282.034,283.329,281.677,285.149,290.927,274.668,270.36,266.013,258.737
716,269.871,263.134,291.313,302.51,305.577,323.578,323.017,302.363,276.993,282.375,265.745,263.232,252.658,250.785,245.84,241.883,241.127,244.318,244.887,230.376,186.518,144.486,116.743,110.654,117.78,128.848,127.064,134.646,135.18,148.025,165.133,185.721,206.103,225.164,243.524,254.538,264.706,282.118,296.149,316.867,331.005,343.713,351.505,356.968,365.397,364.572,330.742,281.758,266.746,269.104,274.779,278.135,289.065,290.878,287.588,291.559,298.788,280.325,277.074,273.136,265.893
716.5,280.601,271.025,299.027,315.045,320.918,337.483,331.824,309.7,286.341,292.609,275.023,271.837,263.204,262.97,257.482,253.141,249.6,253.556,255.898,239.438,195,150.364,120.699,115.139,122.538,133.31,132.51,139.715,139.866,155.003,170.029,189.873,211.63,231.011,248.688,261.155,269.233,288.55,300.91,323.128,337.852,349.672,356.895,364.34,373.297,374.08,337.222,287.708,271.739,275.098,282.735,286.413,296.594,297.011,294.008,297.472,305.686,287.107,284.911,281.283,272.643
717,290.896,280.522,310.761,326.589,334.419,348.256,339.583,316.982,298.463,304.349,284.175,281.981,275.389,274.344,268.385,263.742,257.843,262.681,267.519,248.688,203.052,156.792,126.028,119.765,127.871,137.479,137.968,144.688,144.334,160.044,175.844,194.461,218.385,237.96,254.624,269.501,275.113,294.822,308.691,331.741,344.238,356.075,363.852,372.081,380.65,380.206,343.963,294.237,277.458,282.249,290.515,295.276,296.717,303.191,301,303.893,313.543,297.079,291.022,288.882,280.152
717.5,302.028,292.101,321.268,337.902,348.927,357.564,350.968,324.105,313.799,314.004,292.785,291.98,285.782,285.999,280.901,275.046,267.528,271.014,278.426,257.888,212.026,162.801,131.854,124.861,132.222,142.781,143.887,148.21,149.48,164.659,182.095,199.885,224.474,242.754,259.781,276.016,281.129,299.664,314.725,338.054,352.021,361.268,370.806,380.539,386.678,386.164,351.834,300.645,284.641,291.841,296.275,301.928,302.109,311.054,309.651,311.981,318.925,306.726,300.333,294.125,288.17
718,313.353,303.192,332.561,347.567,362.581,368.889,361.035,337.347,330.8,322.838,304.147,304.84,293.747,294.833,292.796,285.684,278.873,282.39,292.021,267.599,220.204,168.413,137.675,129.747,137.244,147.798,148.193,153.346,153.666,168.762,188.262,204.748,231.008,249.152,265.81,281.184,285.648,305.159,322.391,345.217,359.21,368.58,381.916,389.677,393.584,393.624,359.21,307.565,292.828,300.308,303.955,309.149,308.887,320.977,319.011,321.429,326.992,316.022,308.598,300.411,295.613
718.5,323.903,314.13,341.515,355.733,374.216,378.199,372.316,348.381,342.833,328.518,314.013,315.673,303.169,306.472,303.514,296.202,291.735,290.989,301.335,279.263,227.528,175.379,143.763,134.257,142.315,153.548,153.017,158.338,158.985,174.076,193.372,212.354,235.93,254.058,270.95,284.424,291.008,311.144,327.236,352.215,365.722,377.199,392.208,398.648,399.078,401.28,367.499,316.102,301.473,304.586,310.747,315.712,318.974,328.066,326.713,331.076,334.054,324.366,315.292,306.165,301.804
719,335.565,323.456,350.273,366.526,385.849,389.864,385.209,360.565,355.406,337.892,326.234,331.515,313.815,316.851,314.143,305.855,303.243,301.473,311.015,290.16,235.099,182.778,147.599,138.403,147.266,159.023,157.661,161.927,164.206,179.18,197.731,219.067,241.176,260.994,276.125,287.7,296.875,316.933,331.648,357.562,372.291,385.47,400.056,407.897,406.645,409.818,375.861,321.236,308.851,309.066,318.705,323.016,328.903,335.345,333.844,338.908,344.949,331.454,323.441,312.716,309.133
719.5,345.621,336.228,359.851,376.585,396.627,402.959,397.274,375.724,370.124,352.938,337.868,343.665,326.57,320.162,322.191,318.758,313.799,312.602,320.09,302.588,243.246,189.216,151.734,143.268,152.617,164.364,162.11,166.644,169.189,184.977,202.165,226.508,246.263,267.651,280.816,291.824,302.73,321.652,335.996,365.232,379.923,392.956,406.051,415.04,415.715,416.618,382.945,329.527,314.628,311.348,324.035,328.512,336.584,342.359,339.242,343.955,352.089,337.926,330.327,319.801,315.279
720,355.387,344.326,370.069,390.693,406.547,415.326,412.267,387.556,384.127,367.383,351.248,350.011,334.767,328.187,330.143,331.03,324.38,326.246,328.843,315.64,251.54,194.558,155.267,147.591,157.382,169.661,167.044,169.784,174.807,189.537,206.789,233.165,252.822,272.398,287.374,296.139,307.85,327.237,343.256,369.89,388.679,400.141,411.667,420.109,424.208,425.329,390.64,336.319,320.04,316.314,329.367,334.796,341.516,349.625,344.73,351.555,359.031,345.363,336.018,327.492,321.411
720.5,363.419,356.986,378.827,405.763,415.439,427.49,426.03,401.92,396.475,374.722,362.01,359.936,341.015,336.641,336.135,342.484,335.11,336.523,340.051,323.521,259.995,200.903,160.448,151.435,160.835,174.301,172.387,173.44,178.392,194.576,212.247,239.323,259.569,277.646,292.63,299.928,312.269,332.27,350.818,373.487,395.001,404.943,418.017,427.02,432.952,433.063,396.081,343.157,327.433,322.144,335.957,339.92,347.49,355.995,353.723,357.275,366.348,349.969,341.33,334.925,328.448
721,369.604,365.077,389.052,418.887,426.289,432.128,436.297,406.462,407.234,381.029,373.216,371.085,347.047,351.521,345.087,353.352,344.375,351.307,348.59,334.564,267.011,206.578,166.852,156.371,166.246,178.81,176.923,177.046,183.085,198.612,216.911,243.894,265.675,282.805,297.651,304.402,315.835,337.655,356.204,377.638,400.14,410.247,423.095,432.193,438.019,440.41,402.638,347.023,332.697,331.289,342.197,347.355,353.801,362.257,360.944,364.358,372.225,356.724,347.057,341.974,334.849
721.5,377.145,374.543,398.519,426.006,436.258,438.126,443.763,415.899,417.706,387.565,380.054,382.892,349.769,361.345,355.312,362.477,353.106,359.404,360.204,338.401,276.527,213.708,170.673,161.45,171.188,183.362,181.489,180.739,185.575,202.507,222.091,247.045,270.513,286.014,303.262,308.667,318.964,343.518,361.692,380.24,404.289,414.949,430.085,438.953,443.474,445.68,405.664,352.146,335.808,338.489,347.587,353.035,359.108,365.826,366.796,370.235,379.843,360.432,354.02,347.932,339.894
722,384.791,381.249,409.586,434.199,445.11,450.236,452.033,419.287,425.763,396.492,390.87,394.244,366.625,373.303,367.526,372.575,358.565,367.606,368.903,344.621,284.742,218.1,173.909,166.403,175.379,185.824,185.467,185.192,188.832,203.649,226.956,250.491,273.73,289.621,306.086,313.489,324.941,345.922,364.693,385.777,406.473,418.978,434.566,443.929,449.451,447.314,409.595,356.013,341.734,344.07,351.789,359.011,363.797,370.092,374.935,376.852,383.143,365.413,357.229,351.812,344.068
722.5,394.575,391.485,417.077,443.379,451.721,461.928,464.94,426.129,431.762,409.41,400.969,400.381,378.711,384.417,380.222,379.135,366.2,372.465,377.495,349.593,288.269,223.555,176.9,171.897,178.688,188.549,189.416,189.284,192.751,207.477,229.437,253.609,276.844,293.557,309.521,317.867,328.312,348.392,366.208,388.76,410.194,424.073,439.428,447.528,455.919,451.576,413.675,360.029,345.547,346.57,356.298,364.062,369.066,376.13,378.664,382.002,383.357,369.4,358.61,354.951,347.349
723,400.838,396.412,425.773,453.111,453.782,476.665,477.506,429.919,438.355,420.907,409.563,407.862,389.186,393.62,392.272,386.611,371.018,376.169,379.629,360.455,295.39,226.012,182.525,175.656,182.196,191.861,192.255,192.564,196.835,210.87,233.347,256.651,280.811,297.112,310.954,322.416,334.053,351.175,369.694,393.913,413.305,427.076,442.896,450.737,460.013,452.768,418.856,366.012,350.445,348.913,361.197,364.773,368.62,380.559,382.21,386.457,382.854,374.07,361.964,357.047,351.487
723.5,408.178,404.269,430.222,460.531,461.319,486.038,484.937,434.16,444.233,426.639,410.349,409.527,398.991,402.224,397.449,391.2,378.701,382.591,385.388,368.538,301.401,231.589,186.551,178.059,185.381,194.933,194.952,196.03,198.535,216.923,237.137,259.807,283.894,300.403,313.089,326.572,336.052,353.975,370.5,397.587,415.911,430.392,445.315,451.748,461.151,459.697,423.587,369.074,353.184,351.368,365.177,365.256,372.815,385.397,385.378,391.913,381.319,378.88,365.036,360.674,353.36
724,410.19,410.774,436.524,464.943,468.421,493.428,489.364,446.824,448.535,434.003,414.728,415.79,402.104,407.299,404.124,392.703,382.774,391.133,391.621,374.281,309.056,234.656,189.737,179.904,187.439,198.413,197.159,197.951,201.08,220.531,239.028,259.435,286.024,303.928,315.152,328.961,336.104,357.114,375.496,398.804,416.766,431.456,448.676,454.007,462.416,461.917,424.893,370.554,357.687,355.105,368.837,367.849,375.708,389.625,388.91,392.891,384.129,384.88,370.845,363.243,356.69
724.5,417.223,415.521,438.993,467.458,475.378,493.076,491.697,451.853,453.064,440.154,422.3,423.501,409.025,412.513,408.204,398.039,392.017,398.891,400.096,380.572,312.836,239.725,194.417,181.688,189.902,200.343,199.51,200.522,202.537,223.832,240.671,260.872,287.576,305.416,315.181,328.01,335.119,357.491,376.165,402.284,417.621,432.271,448.522,457.501,463.708,466.804,426.592,373.209,358.396,356.949,370.328,368.826,379.841,387.736,391.484,394.471,395.655,389.383,372.264,365.517,358.613
725,421.61,423.565,442.756,470.413,482.392,495.423,489.434,459.443,455.711,442.012,429.857,431.313,416.466,418.311,410.42,398.188,395.873,399.387,401.903,384.861,316.103,245.471,196.794,183.313,190.566,202.526,201.196,202.386,204.52,224.54,241.349,262.447,287.986,307.267,318.542,327.384,332.289,358.799,380.189,402.622,418.267,431.878,451.078,459.456,462.555,466.696,425.814,374.715,360.396,358.378,371.344,371.912,383.336,390.042,393.684,394.725,400.712,390.319,374.747,367.038,361.729
725.5,424.062,424.33,442.813,476.668,485.675,495.556,487.658,463.792,459.911,446.13,435.497,433.558,419.142,421.739,414.922,406.417,399.52,403.809,402.999,388.901,316.627,248.996,198.579,185.856,189.835,203.839,203.083,204.081,205.342,225.14,241.876,264.812,286.576,307.159,318.486,327.638,333.392,359.339,381.422,403.995,418.113,433.363,450.565,456.81,459.922,466.802,423.392,375.051,360.301,358.213,371.548,372.392,385.479,389.397,394.684,394.377,406.983,390.504,376.341,367.051,363.555
726,428.79,427.32,443.259,477.786,489.4,495.67,490.363,463.778,463.996,447.209,436.638,436.037,418.895,424.788,415.681,412.129,406.58,404.723,409.046,390.404,319.718,249.734,198.385,187.044,190.229,205.162,204.202,205.036,206.367,225.606,241.223,264.035,285.483,307.222,316.704,329.622,333.188,358.01,379.138,402.301,417.587,434.673,451.835,454.799,459.552,464.41,425.526,376.888,359.428,356.514,369.857,371.644,386.939,391.406,394.981,395.946,407.997,390.288,376.195,369.454,366.058
726.5,430.717,427.661,442.438,481.553,492.179,497.319,492.851,466.655,467.759,450.164,439.111,436.304,420.866,425.074,416.176,414.623,412.206,408.85,410.907,392.802,319.874,250.174,198.267,189.242,191.553,206.618,204.308,205.427,205.8,225.742,241.719,263.035,282.156,306.754,313.496,326.062,334.839,356.723,375.514,400.773,419.197,432.842,451.633,453.667,454.767,462.199,422.966,375.158,356.827,356.444,369.86,372.097,386.229,388.652,396.941,393.439,408.312,386.285,374.135,369.469,365.916
727,427.481,424.286,442.808,480.188,493.995,495.561,499.654,464.36,465.688,450.142,441.209,425.351,422.659,424.422,417.951,414.631,414.703,412.305,413.144,387.982,323.571,248.092,199.068,189.128,193.511,207.769,203.176,204.443,206.001,224.762,242.381,261.19,279.656,303.749,308.629,323.253,333.169,353.561,370.302,398.98,417.29,431.176,449.294,456.654,458.857,457.667,420.358,372.736,356.269,355.462,368.256,375.165,384.754,385.234,396.871,394.092,408.689,384.645,374.222,368.992,363.336
727.5,424.956,422.736,443.699,472.622,494.067,498.298,497.19,465.62,464.472,453.794,442.174,425.29,426.421,428.719,415.768,412.039,415.07,414.55,412.58,386.168,324.079,246.983,199.571,188.912,195.044,207.015,200.758,204.006,205.808,222.093,241.943,261.221,278.289,301.945,305.005,320.33,331.798,350.936,366.835,394.555,415.724,428.312,447.539,455.891,456.695,457.917,419.865,368.659,355.22,354.805,367.67,370.846,383.715,380.96,394.073,394.627,403.101,388.017,374.287,370.185,363.43
728,420.071,419.052,443.201,469.432,492.1,502.238,492.981,467.385,456.741,454.809,439.951,419.103,423.484,429.107,416.357,405.019,414.263,412.57,411.394,384.785,322.71,247.478,201.133,187.58,195.36,205.674,198.211,203.664,204.927,220.035,241.447,259.562,278.866,301.43,304.599,321.142,326.59,351.993,362.281,393.416,412.416,422.749,443.079,451.823,454.021,454.631,409.287,365.186,355.491,355.206,365.068,369.091,381.646,381.86,390.741,393.332,396.757,388.289,373.967,368.236,362.211
728.5,418.276,418.416,442.879,465.651,491.063,500.289,485.186,464.005,449.906,456.516,438.936,421.518,422.182,425.212,412.425,404.436,405.279,413.013,407.754,388.737,322.209,247.124,197.759,186.399,195.276,204.217,197.965,202.758,203.853,218.245,240.124,259.311,277.718,297.68,305.12,321.577,325.683,348.528,360.092,389.633,409.262,418.384,436.803,447.772,452.86,452.782,404.022,362.152,352.981,352.446,361.216,364.224,379.022,375.815,387.105,391.284,393.198,384.139,370.812,363.785,361.68
729,416.182,416.367,432.087,469.111,487.037,498.296,482.649,467.735,448.427,450.039,434.202,424.621,418.343,419.158,406.568,405.921,403.407,412.448,403.846,387.541,320.794,247.122,197.363,184.01,192.115,202.442,197.214,201.447,201.367,217.791,236.711,259.803,277.917,294.98,308.329,319.68,322.141,346.713,361.036,385.124,404.584,415.953,430.086,442.681,449.492,449.024,401.572,357.549,348.45,350.654,359.129,364.429,371.865,376.508,385.708,389.625,391.534,378.705,367,360.694,359.169
729.5,415.726,417.831,426.32,465.925,481.718,491.46,482.595,467.239,442.003,442.918,432.458,422.147,415.263,414.897,401.618,407.516,399.282,410.316,400.152,384.129,316.653,246.754,194.576,183.359,189.195,200.618,195.804,198.62,199.621,217.289,234.455,257.86,274.965,289.694,306.761,316.028,318.809,343.398,358.129,382.812,401.095,414.685,425.276,436.155,446.529,444.332,397.451,353.799,346.458,346.917,355.751,359.767,366.532,371.819,382.169,385.87,389.546,373.541,364.811,352.79,356.831
730,412.113,416.055,424.834,462.935,475.595,483.751,481.535,462.156,438.425,437.266,429.598,420.787,412.384,412.355,396.468,403.626,394.741,408.233,393.871,380.536,312.012,245.248,193.857,181.919,184.73,197.718,194.35,195.696,196.537,213.719,231.793,253.386,272.371,284.684,303.958,313.007,316.014,340.51,356.729,379.593,396.222,409.756,419.954,427.71,440.73,440.064,397.613,350.192,342.15,341.614,352.633,356.404,361.132,372.065,378.189,380.952,388.269,364.323,360.838,350.058,350.735
730.5,407.007,410.521,423.799,460.026,466.438,482.037,477.858,460.481,432,432.104,422.638,417.829,405.095,409.19,393.134,399.469,388.38,402.371,390.953,376.682,309.299,242.251,192.132,181.044,181.386,194.985,190.098,194.488,192.761,210.196,228.896,249.895,268.731,280.055,298.624,309.005,313.713,334.082,353.349,376.796,390.515,405.1,413.075,420.584,431.579,433.97,393.261,347.592,339.18,337.91,348.766,349.416,358.916,368.796,373.353,376.223,384.268,358.593,355.112,348.562,345.158
731,402.479,403.603,420.079,454.386,458.32,479.981,471.153,456.6,428.458,428.067,416.274,414.7,394.594,404.301,393.351,391.415,380.193,396.998,385.785,371.204,307.723,238.581,190.394,178.805,177.623,191.564,188.018,191.772,191.416,207.503,227.262,246.162,264.857,277.359,293.456,304.348,310.519,329.309,348.139,371.282,385.826,398.001,408.727,415.809,424.8,427.769,390.889,341.023,333.384,332.985,345.779,345.493,355.769,363.671,369.892,371.09,381.214,354.628,352.59,344.009,342.185
731.5,395.334,395.512,412.862,449,454.052,476.523,465.929,449.29,420.17,421.802,409.858,409.291,384.908,400.095,389.707,382.836,374.898,385.665,381.947,361.881,304.098,233.939,187.385,175.296,175.28,188.386,184.69,189.322,188.292,205.204,223.808,244.513,261.196,274.059,287.988,301.342,309.129,325.359,343.936,365.738,379.268,391.335,403.788,411.987,418.752,421.354,387.759,335.997,328.146,329.108,339.955,339.398,350.559,360.277,364.328,367.054,371.283,351.863,349.211,339.338,339.126
732,388.189,382.342,405.396,439.553,445.205,471.888,460.292,440.073,413.136,415.824,404.269,402.247,378.72,391.958,384.084,379.172,371.643,377.173,375.886,354.656,300.391,227.985,183.454,172.135,173.049,184.986,181.74,185.555,187.545,203.136,221.229,240.963,255.966,270.828,282.165,297.026,305.744,319.814,338.503,358.135,374.488,384.421,400.534,402.951,412.647,416.975,381.822,333.642,323.132,325.613,335.776,333.064,347.097,353.961,359.325,360.607,363.979,351.859,345.495,334.467,335.78
732.5,378.269,376.116,395.568,431.918,440.346,463.638,453.564,432.176,408.017,408.82,397.662,392.411,372.261,382.045,373.588,370.605,368.218,367.014,369.109,344.234,295.553,224.047,180.202,167.968,170.9,181.877,176.837,182.668,183.485,199.749,217.201,236.76,251.626,268.587,277.133,290.555,301.155,315.349,332.015,348.892,369.103,377.832,396.493,398.638,405.968,410.268,377.242,330.138,317.472,322.802,330.181,324.859,341.376,346.104,352.398,353.149,356.334,348.048,339.788,324.512,329.079
733,370.002,370.673,386.788,422.678,433.37,453.971,442.537,423.67,399.694,398.969,387.958,384.149,368.545,370.943,366.384,361.416,361.781,360.39,359.263,337.77,287.619,219.973,176.962,164.653,168.354,177.434,173.412,178.948,178.442,196.81,212.449,231.503,245.707,264.735,272.404,285.645,295.8,309.438,325.926,343.408,362.538,370.909,390.54,391.326,397.922,403.364,370.746,326.069,311.92,313.36,323.943,321.647,336.963,338.846,344.492,346.538,352.247,344.012,332.394,319.591,320.749
733.5,362.278,366.617,375.986,409.351,423.095,445.404,429.167,415.918,389.442,388.455,376.137,370.718,363.686,363.201,358.536,349.521,355.615,354.859,350.958,327.244,278.715,217.35,174.468,160.454,164.648,172.823,168.327,176.156,174.063,193.25,207.169,226.683,241.028,259.555,268.462,279.247,289.951,302.508,317.71,336.658,356.648,365.242,383.767,384.956,389.296,394.973,363.588,319.075,307.717,304.921,317.506,316.118,329.902,330.504,337.669,339.478,347.967,337.431,326.164,312.285,313.505
734,355.765,363.143,366.819,397.932,413.419,433.321,418.607,404.514,385.264,380.444,365.509,363.665,351.453,357.346,345.273,339.621,347.57,348.292,343.212,317.548,271.971,211.496,169.744,156.458,161.638,168.854,164.061,172.177,168.825,188.428,202.553,221.012,235.995,254.632,262.487,271.634,282.998,296.821,311.641,333.501,350.225,361.358,375.31,377.424,382.621,381.652,354.351,312.544,300.842,299.627,311.163,310.827,322.895,324.069,331.439,334.34,340.919,328.08,320.608,309.769,306.701
734.5,348.534,354.699,358.416,386.856,405.851,424.29,409.532,394.081,375.251,372.322,353.142,355.317,340.003,350.203,338.458,333.759,337.097,342.228,334.895,310.431,265.734,205.946,164.994,152.684,157.186,165.97,160.369,169.241,165.048,183.861,199.973,215.539,231.336,250.081,257.284,267.607,277.016,292.502,305,328.957,344.681,356.286,367.82,369.139,374.752,371.483,346.744,305.008,294.264,294.954,303.071,305.244,314.464,317.723,325.896,327.206,334.133,320.645,313.065,302.786,302.411
735,337.896,345.987,352.953,375.288,397.405,412.42,399.331,383.658,367.375,365.055,345.639,349.342,329.448,342.942,331.208,326.85,327.638,334.133,326.816,304.046,258.679,201.023,160.122,149.325,153.281,162.8,155.144,165.107,162.625,178.019,195.973,210.861,226.526,243.497,251.096,261.11,270.05,285.718,298.383,322.482,336.623,350.12,359.636,362.397,368.191,363.837,339.565,298.463,286.534,290.69,294.957,301.589,306.699,311.864,318.592,321.159,325.281,310.851,305.961,296.08,295.063
735.5,330.242,331.987,345.22,368.354,391.121,400.84,395.688,372.727,360.383,358.459,338.32,342.301,322.021,333.106,324.42,315.173,315.81,324.408,314.86,297.943,251.031,195.032,156.117,144.777,149.466,158.321,151.007,161.12,159.675,171.792,190.917,205.613,221.391,237.248,245.671,257.371,264.459,279.905,291.068,318.595,328.495,343.257,352.083,355.806,361.271,359.378,331.537,291.292,282.155,283.773,287.153,294.925,300.931,303.391,312.012,313.659,319.086,305.489,298.345,291.776,289.078
736,322.49,320.377,334.643,361.415,380.845,383.765,385.087,363.322,348.187,349.091,332.061,332.465,314.663,326.839,313.816,306.352,305.956,314.03,306.538,292.063,243.646,190.906,152.249,141.358,144.203,153.318,147.045,157.011,155.55,168.067,185.677,199.764,215.737,231.187,241.416,251.03,259.215,273.031,283.467,310.054,319.471,334.309,344.42,349.112,352.976,352.929,322.878,283.496,274.793,277.92,281.727,289.647,294.237,297.647,304.604,306.892,310.483,298.493,293.106,287.512,284.764
736.5,315.113,309.992,327.955,353.796,371.883,367.337,376.818,353.004,341.348,337.124,324.894,324.082,304.714,321.012,303.448,298.059,297.585,303.657,299.915,286.103,236.126,185.704,148.542,137.407,140.279,148.88,141.795,152.275,151.323,162.576,180.629,194.656,209.767,225.217,236.231,245.263,253.899,265.002,278.225,301.566,311.221,327.426,336.072,341.553,346.431,345.204,315.587,277.352,268.559,269.35,275.67,282.24,287.844,289.538,296.669,300.394,302.188,291.244,285.884,280.652,276.478
737,304.131,302.386,316.675,345.183,360.709,357.075,364.749,342.199,333.243,324.869,316.22,316.144,298.053,311.814,294.569,292.679,289.766,292.835,292.223,276.223,229.172,178.264,144.735,133.224,135.793,144.309,138.709,148.753,146.907,160.194,175.084,189.317,204.017,220.605,230.533,237.973,248.809,257.694,274.433,293.424,304.236,319.029,329.334,332.352,339.167,338.579,309.656,270.644,260.676,262.957,270.094,275.326,280.65,283.049,289.039,293.294,294.438,284.047,278.468,273.545,270.753
737.5,295.297,296.434,308.902,336.333,348.098,350.115,348.171,333.298,325.223,314.607,307.58,305.999,286.958,302.052,284.987,287.232,276.901,284.065,284.595,267.753,221.289,173.026,140.878,128.728,131.867,140.698,134.178,143.806,142.907,156.408,170.598,183.968,197.976,215.538,224.92,231.957,243.528,252.664,269.138,286.847,296.69,311.794,320.668,324.827,332.264,332.535,303.61,264.605,254.673,256.589,263.191,268.937,272.547,276.909,280.567,287.008,286.403,277.145,271.804,266.718,263.865
738,286.526,289.218,298.618,325.838,336.179,344.59,333.91,323.363,317.331,304.921,294.882,294.79,278.45,288.437,276.66,277.655,267.305,275.074,275.858,259.588,215.415,167.212,135.73,124.293,127.657,136.306,131.563,140.09,139.08,152.606,166.208,179.789,192.288,209.322,219.142,224.088,237.209,247.789,263.772,281.684,288.934,303.229,311.981,316.897,323.617,322.894,296.069,259.203,247.626,251.627,256.075,261.301,265.94,269.887,272.605,275.377,278.959,268.484,264.12,259.614,257.785
738.5,280.039,279.054,289.854,316.403,327.947,335.382,319.988,318.143,306.58,293.558,282.55,283.75,270.231,276.821,268.681,267.639,256.972,269.156,266.533,251.322,209.966,162.534,130.584,120.922,123.669,131.551,127.58,135.633,134.9,149.035,160.72,174.801,187.692,203.831,214.341,217.091,232.626,241.704,257.59,275.483,281.754,294.688,303.934,309.514,316.355,316.738,289.596,253.539,242.337,245.145,250.833,253.195,260.095,262.588,266.368,267.035,271.711,263.163,256.978,253.204,250.887
739,272,270.91,282.755,305.734,318.953,320.74,306.838,309.342,298.207,284.23,273.624,276.472,261.693,264.716,258.489,258.742,248.624,260.364,253.976,244.115,202.878,157.347,125.685,116.337,120.361,126.833,125.039,131.359,131.013,144.485,156.65,172.148,183.661,198.854,207.183,213.92,226.363,234.781,247.281,269.124,276.652,286.277,294.972,301.943,307.129,308.433,282.675,247.772,235.707,237.854,243.197,246.579,254.719,255.874,259.884,258.445,264.217,256.816,249.425,246.002,242.453
739.5,263.143,263.771,274.342,295.489,306.555,307.815,296.136,302.444,287.34,273.199,268.612,269.325,251.278,255.589,249.29,249.176,242.277,252.978,245.946,235.152,193.747,152.148,121.439,112.566,117.271,122.442,120.862,126.877,128.695,140.508,151.986,167.102,176.77,192.276,202.3,209.053,220.096,228.855,240.986,261.744,269.119,280.87,288.233,294.181,300.017,301.072,275.083,241.137,230.756,232.808,238.037,241.192,249.7,250.412,254.922,253.897,257.688,250.458,242.016,239.451,236.621
740,253.033,257.298,265.49,284.226,296.5,297.722,290.629,290.527,278.103,265.903,262.43,259.413,242.171,246.82,241.822,241.05,236.057,244.933,231.883,228.869,185.806,146.998,117.471,108.84,113.638,118.522,117.241,122.541,124.823,134.611,147.552,162.047,170.637,187.73,196.585,205.418,214.272,223.916,232.983,254.853,262.338,274.359,283.15,288.292,294.137,293.029,267.664,234.773,225.396,224.453,231.949,236.181,243.402,244.188,244.984,247.037,250.124,242.376,235.188,231.654,230.74
740.5,244.497,249.981,258.112,276.291,286.287,289.177,284.122,280.087,269.709,257.45,254.579,250.898,234.552,237.351,236.087,231.004,227.561,236.489,224.543,221.332,179.162,141.397,113.409,105.498,109.448,115.068,113.494,118.63,121.582,129.842,143.987,156.73,165.012,182.358,192.032,200.793,208.928,219.368,227.608,247.51,255.26,267.547,278.088,282.113,287.001,284.645,260.014,227.718,219.342,218.456,227.227,230.893,237.043,238.057,238.821,240.101,245.023,234.407,230.702,226.845,226.799
741,237.785,241.929,250.238,268.654,279.134,283.293,275.795,267.959,261.699,247.777,245.108,241.746,225.567,230.947,229.375,222.689,219.823,227.252,217.363,215.384,172.279,135.594,109.707,101.863,105.146,111.977,110.009,115.074,117.769,126.037,140.124,151.766,161.377,177.973,186.895,194.994,204.209,214.468,224.221,241.435,251.289,258.974,270.779,274.814,279.262,276.069,253.634,221.441,214.313,212.725,221.476,225.017,229.833,230.873,231.606,234.414,239.052,228.001,224.867,221.15,220.168
741.5,232.652,234.871,243.143,260.389,270.91,273.544,265.084,257.125,253.735,239.18,234.199,233.222,217.095,225.143,222.625,214.821,212.597,218.559,213.791,208.84,165.944,130.248,105.946,97.9955,101.378,108.161,106.978,111.052,114.81,123.274,136.552,147.374,156.951,172.885,182.108,189.22,199.385,209.18,218.546,234.283,247.131,251.193,264.177,266.692,270.086,267.485,247.281,216.083,208.798,207.92,215.038,217.806,222.364,222.938,224.317,226.926,232.202,220.297,219.357,216.034,215.07
742,227.081,228.944,235.085,253.481,261.959,265.251,253.499,252.862,246.029,229.424,223.474,224.6,209.455,217.567,214.978,207.628,204.147,210.169,207.946,200.088,160.57,125.927,102.164,94.9963,97.369,104.694,103.75,107.293,111.581,119.936,132.305,143.379,151.81,168.201,177.604,184.891,194.317,203.834,213.534,228.532,241.287,244.726,256.492,258.402,262.62,260.578,239.472,210.732,203.055,203.102,209.619,210.877,215.381,214.222,220.264,219.667,227.715,215.136,212.669,210.746,207.97
742.5,219.846,220.455,227.326,244.799,251.74,257.217,244.107,246.047,237.503,221.447,215.401,214.291,203.937,210.256,206.014,201.683,196.061,201.883,202.295,191.456,154.604,121.919,98.481,91.4013,93.4045,100.941,100.49,103.563,108.546,116.436,127.433,139.131,147.553,163.778,172.985,180.877,189.107,199.229,208.38,222.056,233.841,238.445,247.496,251.425,255.75,254.969,231.656,205.379,196.949,198.579,204.109,204.245,209.943,207.717,214.927,212.732,221.983,211.167,207.447,204.538,201.988
743,211.067,214.296,218.864,236.424,242.643,250.705,237.136,238.777,230.467,214.412,210.99,205.352,199.619,202.817,197.961,193.95,187.836,194.711,195.085,183.065,148.328,118.334,94.2442,87.8362,90.8469,96.8774,97.1968,100.412,104.862,112.236,122.677,134.018,143.188,159.527,166.544,177.449,185.026,193.344,204.251,217.009,227.929,232.538,240.597,245.22,249.239,249.653,225.33,200.091,190.878,193.065,198.57,199.18,204.011,200.6,208.703,209.587,216.748,205.532,201.708,198.977,195.207
743.5,203.639,208.297,211.612,228,234.725,242.858,232.008,231.018,221.574,208.698,205.976,199.4,194.907,194.634,188.571,186.362,180.505,188.261,187.939,176.617,143.147,113.878,90.4405,84.2448,87.8866,93.0957,93.3499,97.3352,101.467,108.302,117.619,129.589,141.295,154.594,162.051,173.719,180.552,186.994,199.426,210.774,221.845,225.971,234.297,239.175,242.641,243.275,220.631,194.855,185.506,186.796,193.313,195.103,198.001,195.045,202.059,201.787,210.628,200.279,195.358,193.6,189.807
744,196.351,201.608,205.519,218.519,226.467,232.845,227.176,221.97,213.053,200.598,198.328,190.412,186.743,186.121,182.797,180.579,174.947,179.735,180.419,170.355,138.463,109.627,87.6869,81.1645,85.1072,89.6223,89.2991,94.1699,98.1419,104.842,114.257,125.975,137.422,150.114,158.294,168.919,176.004,181.814,192.658,205.532,216.155,220.252,229.607,233.256,236.335,237.03,216.254,189.99,181.436,179.393,188.206,190.891,192.917,191.313,195.751,200.419,203.519,195.577,189.997,188.931,185.051
744.5,189.748,196.71,200.367,209.481,219.922,223.329,219.656,210.991,204.226,193.531,189.708,185.248,179.232,178.961,174.568,173.945,170.468,173.401,174.142,163.816,133.155,105.158,85.3794,78.4323,82.2231,86.9865,86.2468,90.8526,94.9845,102.239,111.289,122.193,133.719,145.338,155.139,165.15,170.715,175.699,186.815,200.537,209.554,213.996,223.925,226.679,230.698,230.989,211.082,184.201,176.939,174.401,182.626,184.806,187.855,185.885,190.557,194.476,198.607,191.118,183.973,183.464,180.679
745,183.113,189.935,193.258,200.962,213.73,214.559,209.393,203.093,196.855,186.332,182.961,179.155,172.778,172.328,170.413,168.685,164.863,167.473,167.709,158.047,127.643,101.19,81.7427,76.0429,79.3335,84.2489,83.666,87.67,91.9803,98.7729,108.299,118.858,130.398,141.216,152.24,160.683,164.423,171.239,180.573,195.26,204.318,208.743,218.647,220.248,223.439,224.886,205.712,180.589,172.229,169.837,177.559,179.261,182.386,181.456,185.872,190.422,193.788,185.945,177.908,177.81,176.742
745.5,175.631,184.303,186.478,196.375,205.694,208.481,201.59,195.35,191.302,179.002,177.107,172.493,165.347,165.714,164.641,161.804,158.879,160.37,161.908,152.969,123.475,96.9674,78.5138,73.4511,76.617,81.3799,81.3117,84.5325,86.8768,96.4512,105.017,114.998,126.715,136.799,148.09,156.531,158.754,167.354,176.427,189.555,200.073,204.664,212.609,214.907,217.897,218.915,200.193,176.378,167.35,167.557,172.834,173.311,177.004,177.97,181.7,185.133,190.169,181.89,173.113,173.343,171.847
746,168.043,176.498,180.346,192.282,198.86,201.684,192.42,191.346,182.381,173.913,170.731,166.646,159.283,159.354,158.072,155.591,152.347,155.019,156.114,146.73,119.379,93.3258,75.2087,70.9789,73.7376,78.3914,78.8261,82.0508,83.8875,93.5654,101.898,111.337,122.932,132.555,143.763,152.387,153.955,164.349,171.778,184.273,195.174,199.527,207.038,208.016,212.187,211.007,195.572,171.275,162.794,163.192,167.552,170.789,171.103,173.48,176.56,179.473,184.204,176.393,169.554,169.771,166.98
746.5,161.932,169.463,174.35,189.101,192.18,193.872,183.796,182.662,176.354,167.875,164.98,160.046,152.165,153.687,150.545,147.909,147.364,148.743,148.751,140.099,115.588,90.0985,72.411,68.1342,70.8355,75.3118,75.784,79.507,80.8637,90.8587,98.8467,107.494,118.746,129.077,139.267,148.181,151.036,158.767,168.335,179.971,190.833,194.968,200.882,202.404,206.015,204.939,190.003,165.447,158.027,157.955,162.814,166.437,166.554,168.078,170.661,176.545,178.819,171.546,167.091,165.845,162.359
747,157.328,163.522,168.603,183.465,188.1,185.396,177.219,174.248,168.828,162.29,156.358,154.356,146.107,147.353,144.035,141.363,141.87,143.255,143.353,134.096,111.214,86.7836,70.0366,65.0788,67.9605,72.4034,73.2511,77.0761,78.9613,87.8873,95.3716,104.576,114.756,124.525,134.88,144.266,147.875,154.503,163.976,175.52,185.593,189.227,194.835,197.748,201.784,200.648,184.969,160.636,154.278,154.152,158.886,162.405,161.99,163.023,165.326,172.343,172.736,166.734,164.206,160.77,157.662
747.5,153.095,156.887,162.765,177.571,182.44,178.43,172.682,168.105,163.514,156.46,151.692,149.062,141.656,142.469,138.639,136.027,137.513,138.983,137.614,128.978,106.401,83.7333,67.6186,62.3504,65.597,69.6772,70.4147,74.3247,76.9776,84.8372,92.3894,101.323,110.58,121.038,131.067,139.805,144.299,149.046,158.907,172.175,179.859,182.91,189.556,194.434,196.085,195.149,179.281,156.463,149.564,150.158,154.954,158.309,159.247,158.358,161.212,166.507,167.918,162.476,160.544,156.89,154.625
748,149.478,152.408,157.349,172.074,174.939,174.075,165.333,161.735,158.346,150.335,145.821,142.787,135.859,137.848,134.72,130.917,131.474,132.191,132.403,124.886,102.006,80.4207,64.5927,59.8474,63.4189,67.695,68.4507,71.7674,74.5007,81.8655,89.7955,98.8681,107.714,117.416,127.444,135.78,139.96,144.642,154.857,167.328,173.799,178.054,185.026,190.059,191.382,190.785,174.074,152.797,145.351,146.222,152.172,153.788,155.502,154.103,156.344,160.808,163.427,157.862,154.85,153.174,150.29
748.5,144.318,147.702,152.686,165.709,168.429,169.242,161.072,155.967,153.471,144.283,142.332,137.162,132.301,133.182,129.428,126.904,124.792,127.353,127.075,120.961,97.4062,77.3841,62.1324,58.1749,61.1872,65.2062,66.5714,69.3863,71.8501,79.0902,87.0609,95.1926,103.844,113.966,124.404,132.36,135.807,140.192,150.496,163.179,168.596,172.749,182.071,184.702,186.977,186.063,168.934,147.933,140.745,140.57,148.203,149.293,151.445,150.4,153.158,155.6,160.254,152.935,150.418,149.937,146.301
749,139.746,143.673,147.605,159.282,162.206,164.85,154.683,151.056,148.63,138.281,137.765,132.607,127.439,128.309,124.274,123.704,120.663,122.783,121.711,116.726,92.9008,74.4486,59.6984,56.3968,59.1146,62.9045,64.7235,66.9761,69.3535,76.3815,84.5941,91.7868,101.27,110.247,121.051,129.067,131.905,137.539,146.328,158.87,164.526,168.059,177.367,178.996,182.357,182.327,164.382,144.376,137.045,135.706,144.045,146.138,147.479,146.543,149.201,151.227,156.761,147.99,146.428,146.46,143.104
749.5,134.896,138.735,142.586,152.813,155.968,160.111,150.099,145.936,142.625,133.573,132.919,130.248,123.303,124.021,119.473,119.569,114.743,118.19,117.901,111.374,88.7185,71.5736,57.5387,54.3661,57.1435,60.4343,61.9877,64.9086,67.3866,74.0338,82.0509,88.2405,98.6479,106.866,116.853,125.506,128.132,134.871,141.876,154.59,161.115,163.199,172.43,174.975,177.567,177.683,160.542,140.796,133.087,133.185,139.746,142.798,143.25,142.734,144.586,147.598,152.341,142.815,144.114,143.258,139.706
750,129.3,134.019,137.298,147.288,152,154.432,146.668,141.248,138.343,129.48,128.39,126.315,118.999,119.156,114.543,115.875,110.478,113.895,113.921,107.461,85.0442,68.3315,55.6378,52.7921,54.882,58.3824,59.311,62.7849,65.8353,71.4591,79.1772,85.8819,96.4591,103.906,112.788,121.966,125.481,131.573,139.537,150.439,157.042,159.724,168.133,171.109,171.661,173.469,156.807,137.126,130.661,130.51,136.496,139.557,140.098,138.454,140.737,143.845,148.225,139.878,140.265,139.889,136.506
750.5,125.222,127.827,132.367,142.381,147.94,149.521,140.795,136.839,132.952,125.855,124.247,121.579,115.301,114.842,110.729,111.975,106.173,108.477,109.996,103.333,81.4426,65.7291,53.6862,51.0626,53.1387,55.9825,57.1547,60.7993,63.9001,69.6236,76.8647,83.4393,93.8575,101.964,109.635,118.697,123.038,129.06,136.517,146.14,152.343,156.195,163.622,167.609,167.487,168.518,153.568,133.332,127.414,128.336,133.289,136.434,136.418,135.552,136.744,140.416,143.022,137.5,136.991,136.654,133.345
751,121.144,124.135,127.785,138.083,144.478,144.931,135.827,131.652,129.773,122.18,120.605,115.947,110.506,111.297,106.839,108.295,103.42,105.24,105.047,99.369,78.2497,62.7003,51.3967,49.4141,51.5587,54.0548,55.2589,58.6904,61.8053,67.6401,74.5987,82.006,90.8131,99.3552,106.593,115.831,120.22,126.646,133.418,142.664,148.605,153.219,160.334,163.063,163.458,164.518,150.744,130.362,124.656,124.808,129.77,133.321,132.329,130.737,133.847,136.831,139.197,134.81,132.993,133.779,130.573
751.5,118.16,120.827,123.621,133.994,139.749,140.043,131.246,128.638,126.004,118.854,116.071,110.939,106.371,106.742,103.24,103.814,100.82,101.348,101.209,95.6472,74.9449,60.8636,49.7649,47.746,49.5113,52.1554,53.7684,56.886,59.73,65.7265,71.9863,79.594,87.9865,96.8883,104.72,112.906,117.272,123.817,129.955,139.632,144.163,149.99,156.572,157.421,159.715,160.28,147.706,126.042,122.036,121.552,126.059,129.193,129.133,127.206,130.635,132.176,136.107,131.543,130.076,131.024,126.655
752,114.024,118.632,119.712,129.699,134.434,135.25,127.123,124.321,121.545,114.188,112.22,107.145,102.433,102.498,99.7571,99.6871,97.1744,97.1393,97.0224,92.1532,71.4939,57.7914,47.7934,45.8258,47.7192,50.8762,52.3123,55.1433,57.696,63.9649,70.005,77.1997,85.1553,93.6454,102.477,109.99,114.095,120.702,127.149,136.397,140.934,145.921,152.766,152.989,157.185,156.027,144.748,123.088,119.024,119.004,122.499,125.804,125.908,123.05,127.973,128.75,133.661,127.89,126.389,128.29,123.59
752.5,109.826,116.223,115.962,125.229,128.852,130.474,123.138,120.165,118.059,110.402,108.502,104.234,98.9885,97.766,95.9975,95.9377,93.9239,93.9764,94.6187,88.2564,69.2067,55.6905,45.7835,43.7282,46.104,48.9106,50.6205,53.2966,55.5892,62.0635,67.6206,74.5777,82.8582,90.5299,99.7293,107.127,110.948,117.766,123.811,133.417,137.15,141.244,149.119,148.883,153.804,152.187,140.636,119.155,116.4,116.796,119.018,122.183,123.069,120.947,124.934,123.25,130.064,124.288,123.404,125.123,121.009
753,105.364,112.445,112.138,121.477,124.73,125.929,119.954,115.837,114.101,105.574,104.614,101.582,95.8756,94.2664,91.7225,92.6143,90.4156,90.7383,91.4332,85.1918,67.0801,53.2529,43.863,42.2444,44.5168,47.1354,48.6823,51.6338,53.553,60.0575,65.517,72.418,80.7869,88.196,96.8567,104.484,107.88,114.275,120.134,130.028,134.182,137.109,144.951,145.535,149.529,148.321,136.695,117.279,113.213,114.198,116.198,119.362,120.025,118.093,121.811,119.636,126.052,122.308,120.221,121.834,119.081
753.5,102.355,108.639,108.799,117.748,120.04,121.063,114.345,111.851,110.415,101.269,100.865,97.7029,92.9402,90.6761,89.4554,88.7617,86.4749,87.3336,88.68,80.7638,64.9578,51.7867,42.3703,40.6758,42.9685,45.2239,47.4847,49.9736,51.8691,58.1535,64.0026,70.0013,78.4806,85.6899,94.2856,101.937,104.324,111.103,116.537,126.321,130.642,133.271,141.378,142.395,144.656,144.617,133.119,114.885,110.706,110.67,113.416,116.379,116.983,116.533,118.899,117.526,122.746,118.92,117.595,118.258,116.835
754,99.7645,102.85,105.204,113.733,116.848,117.261,110.439,108.191,106.419,97.9344,97.7464,94.442,89.9,87.8386,87.1653,85.0798,83.1543,84.1144,84.7241,78.1095,62.5125,49.9016,40.6457,39.1839,41.5236,43.6696,45.905,48.3559,50.341,56.1504,62.4527,68.1093,76.2808,84.7992,91.5702,99.5632,101.426,107.953,113.976,123.104,125.951,130.502,137.467,139.005,140.53,141.185,128.906,112.68,107.648,106.886,110.107,113.63,114.313,114.496,115.595,114.421,120.097,115.187,114.602,115.476,113.754
754.5,98.0814,98.5437,102.454,110.496,113.389,112.904,106.186,105.169,102.305,93.9003,94.62,90.9055,86.9084,85.5303,84.5788,82.1053,79.9912,81.0654,81.1407,75.279,59.7888,48.4839,39.2293,38.2946,40.3476,42.3293,44.7903,46.9234,49.1033,54.3387,60.9788,65.789,74.1125,82.6542,89.2546,96.7767,98.9176,105.887,112.021,119.757,122.086,127.91,134.212,135.738,137.379,138.817,125.46,110.263,104.808,103.728,107.244,110.801,111.413,111.758,112.555,113.597,117.957,111.958,111.885,112.512,110.521
755,94.5841,94.5952,100.023,107.214,109.639,109.329,102.645,102.597,98.2012,90.5803,90.542,87.6457,83.4323,82.5761,81.8652,78.5318,77.7949,77.8969,77.4064,72.2645,57.4836,46.6283,37.8792,36.8333,39.0271,41.2215,43.3747,45.4166,47.628,52.8248,58.9547,63.605,71.1546,80.8893,86.8938,94.3334,96.5661,103.221,109.271,116.019,118.105,124.682,130.679,132.757,134.659,135.803,122.146,107.469,102.136,101.652,104.019,107.664,108.53,108.457,109.51,110.376,115.518,108.883,108.938,109.662,107.482
755.5,91.4444,92.5721,96.8565,103.381,105.642,105.74,100.427,99.756,95.4642,87.5817,87.2967,84.5638,79.5663,79.0483,78.669,75.6797,75.8659,75.0258,74.6953,69.3564,55.442,45.1664,36.6683,35.3683,37.6783,40.223,41.7229,43.6984,46.4239,51.3084,57.1166,61.5343,68.6968,78.6704,84.3102,91.9213,93.9877,100.393,106.477,112.976,115.764,121.047,127.475,129.724,131.057,132.612,119.245,104.554,99.5713,99.607,101.886,104.805,105.527,105.705,106.41,107.304,111.902,106.662,106.535,106.882,105.191
756,88.1835,91.3688,94.2682,100.324,101.599,101.857,97.1378,95.9577,92.4374,85.3534,83.8463,81.9482,76.7767,75.887,75.2193,73.1977,72.5952,72.3555,72.0867,66.591,53.4133,43.5302,35.2223,34.2138,36.2358,39.2677,40.4827,42.2797,44.8946,49.8622,55.1586,59.9666,66.1853,76.3976,82.3567,89.3785,91.4627,98.0677,104.137,110.144,113.493,118.408,122.974,126.36,127.811,128.136,116.687,101.943,97.1718,96.7609,99.6411,101.997,102.768,102.731,103.787,103.944,107.87,103.788,104.184,103.931,102.856
756.5,85.9165,88.9863,91.4342,98.0321,97.4133,98.961,94.3868,91.7386,88.7677,82.3853,81.8084,79.5304,73.8011,73.1903,72.3328,70.7278,69.4641,69.9111,70.3941,63.7981,50.9395,41.9039,34.1114,33.0296,34.595,37.9813,39.0097,41.0246,43.3848,48.4297,53.5081,58.8686,64.4177,74.4149,80.1059,86.5104,88.8727,95.6231,101.585,107.835,111.799,115.929,119.692,122.481,124.575,124.325,113.405,98.9154,94.3934,94.5188,98.0081,100.309,100.016,100.431,100.57,100.662,103.012,101.026,101.272,101.176,100.411
757,83.9075,86.1247,89.0756,94.7544,94.3182,95.9554,92.8764,88.717,84.919,79.6094,79.0658,77.6006,71.7185,71.3435,69.1069,69.3003,66.584,66.6591,68.4923,62.2351,48.8266,40.4376,33.1379,32.1824,33.1879,36.7519,37.882,40.0751,41.6312,46.8786,51.7781,57.0158,62.8165,72.0583,78.1469,83.5667,86.529,93.1734,99.546,105.34,109.059,112.987,116.31,118.815,121.612,121.348,110.779,96.8125,91.9233,91.7043,95.173,97.7288,97.6767,97.2733,99.0649,98.4123,100.162,97.3946,98.3463,98.6298,97.861
757.5,81.803,83.0014,86.4713,92.6275,92.3694,93.2232,91.1757,87.1241,81.9308,77.6517,76.0935,76.1154,69.3223,71.3677,66.9172,66.8747,64.68,64.9203,65.8779,59.9418,46.9802,38.9923,32.3157,31.1329,31.9535,35.4522,36.792,38.9886,40.4832,45.4289,50.3027,55.4625,61.7587,69.2035,76.0752,81.4821,84.4314,90.4382,97.2765,102.561,106.919,109.852,114.287,115.053,118.649,118.085,107.439,94.4946,89.3871,89.2958,92.5307,95.0441,95.2001,94.3069,96.2976,96.1199,97.6487,94.2145,95.8495,96.2813,95.223
758,79.3079,80.5981,83.9495,89.8293,91.4841,90.1432,87.9312,84.2349,80.1341,75.6092,73.5558,74.311,67.245,69.151,65.2486,65.0566,63.2785,62.1938,63.6896,59.1243,45.5355,37.2137,31.2144,30.0055,30.9276,34.3232,35.7614,37.9203,39.2218,44.0302,48.8044,53.707,60.7472,67.3509,73.8739,79.7899,83.1827,87.4905,95.0428,99.9385,104.582,107.173,110.856,111.584,115.332,116.041,103.322,92.2316,87.4233,86.6188,89.959,92.4212,92.358,91.4689,93.7384,93.4341,96.1283,91.5201,93.7867,93.0002,93.2295
758.5,77.1423,78.4799,81.3541,86.7937,89.2398,87.3245,84.6832,81.7532,78.4821,72.7998,71.5849,72.3353,65.7205,66.5415,62.9279,62.4546,60.9766,60.4201,61.3745,56.9552,44.4499,35.9735,30.1398,28.849,30.1899,33.2803,34.8119,36.3907,38.1863,42.8291,47.4509,51.9906,59.5477,65.3745,71.7311,78.1156,81.0038,85.1441,92.7587,97.8244,102.438,104.299,107.78,107.649,112.498,113.148,99.2976,89.4397,84.826,84.9208,87.4448,89.7003,90.2246,89.417,90.891,90.8751,94.0545,90.1649,91.5151,90.3833,90.9431
759,74.949,75.721,78.6587,84.3492,86.5544,84.6097,81.5542,79.4212,76.0023,70.3705,69.6317,70.0082,63.5596,64.2532,61.6054,60.3421,59.1557,58.6355,60.0033,55.1759,42.7813,34.8296,29.0864,27.8729,29.3439,32.0892,33.7729,35.1363,37.2948,41.5565,46.1179,50.505,58.2491,63.9644,70.1197,76.207,78.7524,82.9984,90.77,95.7739,99.4151,101.615,104.488,104.685,109.305,109.429,96.2702,86.7675,82.4296,83.1165,85.3928,87.441,87.5518,87.4715,87.8729,88.3385,91.4957,88.1613,88.8011,87.9217,88.8148
759.5,72.4359,73.2519,76.4491,81.537,83.398,82.1164,78.2729,77.1901,73.8764,68.0242,67.5985,67.6416,62.5897,61.5606,59.7588,58.1187,56.9992,57.1341,58.1201,53.2436,41.2929,33.6753,28.1736,26.8885,28.1504,31.1057,32.5597,34.2127,36.0595,40.4891,45.0777,49.4544,56.6131,62.2301,67.254,74.3766,76.7354,80.8011,88.2794,93.5652,96.8412,98.8863,101.846,103.206,106.436,107.192,94.7488,84.2088,80.005,80.8392,83.4068,85.267,85.1548,85.5886,85.894,86.2796,89.2487,86.512,86.1607,86.4935,86.4971
760,70.0345,71.0604,73.8871,79.0426,80.9136,79.5882,74.9101,75.548,71.4106,66.3771,65.2943,64.928,60.3902,59.1308,58.2322,55.919,55.6898,55.0936,55.8816,51.9542,39.823,32.5157,27.3739,26.1303,27.2446,30.0257,31.5357,33.7727,35.0825,39.3143,43.8849,48.2823,54.7695,60.6039,65.7611,72.8036,75.1686,78.932,86.1805,91.442,93.9333,96.4331,100.319,100.553,103.735,103.854,93.5633,82.2938,77.9874,78.7833,80.7983,83.0984,82.9983,83.4997,83.8784,83.9825,86.7004,84.5358,83.5162,84.8083,84.1199
760.5,67.6349,69.3131,72.0589,76.5424,78.6591,77.697,72.1189,73.2128,69.8243,64.7052,63.1836,62.5655,58.0774,57.2352,56.4884,54.3327,54.1676,53.2226,53.5806,50.1137,38.5848,31.4077,26.4562,25.2275,26.3637,28.8756,30.3531,33.0122,34.036,38.0099,42.8077,47.1992,53.1539,59.0389,64.4457,71.2107,73.4904,76.9156,84.0272,88.6751,91.5273,93.9687,98.016,98.1041,101.282,101.443,92.1475,80.2921,76.3344,76.5734,78.1699,81.0088,80.9369,81.1743,82.2505,82.2208,84.9544,82.6982,81.8046,82.3084,81.9955
761,65.3812,68.0117,70.5036,74.9362,76.6833,75.7411,71.5284,70.5292,67.7086,62.8664,61.1177,60.5216,56.1342,55.0864,54.2887,52.4998,52.4851,51.3263,51.9665,48.5875,37.3695,30.3877,25.9319,24.441,26.1134,28.0393,29.567,32.1592,33.242,37.0927,41.5979,46.0028,51.5558,57.8724,63.2166,69.776,71.8009,74.992,82.2028,86.2912,89.5727,91.2836,95.5085,96.0723,99.0995,98.9848,90.076,78.6,74.7943,74.5275,76.217,78.6688,79.0737,78.9155,80.3732,80.5495,82.6693,80.833,80.072,80.2695,80.0787
761.5,62.6832,65.7576,68.7124,73.6925,74.0627,73.5732,70.785,67.881,65.8317,61.0515,59.4795,58.2832,53.9399,53.7457,52.2129,51.3757,51.2894,49.6029,50.5825,46.9194,36.2536,29.4813,24.905,23.8121,25.5252,27.2444,28.7722,31.1174,32.3167,36.1946,40.2614,44.7366,50.4125,56.5751,61.8443,67.9818,70.0095,73.0677,80.1856,84.1836,87.4137,88.8035,92.826,94.5868,96.6614,96.6514,87.6981,76.3739,72.7869,72.6673,74.456,76.7323,76.9939,76.5394,78.1,78.1608,80.5333,78.2629,78.5901,77.6031,77.8594
762,61.4745,63.332,66.4973,71.6023,71.3321,71.5289,69.8605,66.2065,63.3877,59.4868,56.9956,57.1213,52.2339,51.7846,50.8431,50.0347,48.7497,48.7705,49.2866,45.3557,35.1282,28.6701,24.1709,23.2632,24.7871,26.5459,28.1975,30.2664,31.5518,35.5495,38.9704,43.4855,48.2344,55.3153,59.9643,66.3029,68.3632,71.5381,78.6023,81.7448,85.4981,86.8617,90.337,92.8333,94.0924,94.427,85.6461,73.6822,71.1703,70.7371,73.7184,74.8374,75.4378,74.2465,76.2397,76.4376,78.2214,75.8098,76.4586,75.6141,76.1046
762.5,59.5169,60.7511,64.0483,69.5592,69.2702,69.4977,66.9835,64.364,61.4386,57.9131,55.716,55.6228,50.723,50.0248,49.6861,48.5858,47.2056,47.5714,48.2072,44.1632,34.0102,27.7047,23.4024,22.6842,24.2824,26.0602,27.4445,29.4887,30.9581,34.7175,37.9143,42.2329,46.8435,53.784,58.574,64.7116,66.9668,69.9457,76.4658,79.863,83.1134,84.7329,88.0123,91.4273,91.7438,92.4598,83.2375,71.9423,69.1877,69.1501,71.9735,72.9479,73.6741,72.7453,74.1701,74.7442,76.1279,73.9108,73.56,73.8363,74.0079
763,58.6374,58.5847,61.8071,67.4821,67.2985,67.3475,64.1917,62.8033,59.9181,56.4101,53.9215,54.2978,49.5941,48.8998,48.6128,47.5677,45.8276,45.9574,46.6633,42.5115,33.2051,27.0079,22.9212,22.1439,23.6636,25.476,26.6341,28.7401,30.4116,33.3784,37.0149,41.2725,45.5946,52.4171,57.0477,63.2152,65.56,68.7072,74.4786,78.0264,81.0539,83.1562,85.9187,89.1458,89.6839,90.9533,81.5994,70.7382,67.5057,67.9717,70.0281,71.3252,71.6164,70.6427,72.1672,73.1125,74.3287,72.1888,71.0711,72.1959,72.5565
763.5,57.0352,56.5196,59.4062,64.943,66.5611,65.6211,62.3153,61.0396,58.7096,55.2072,53.236,52.7754,48.6035,47.9765,47.4284,46.2513,44.5519,44.3974,45.1324,40.8785,32.378,26.3056,22.2113,21.4573,23.06,24.7797,25.9096,27.9052,29.6253,32.5504,36.2643,40.5465,45.1976,50.8246,56.172,61.7181,64.1766,67.1585,72.6619,75.907,78.7623,81.3849,83.5405,86.8912,87.8095,89.1519,79.6766,69.2155,65.8743,66.8758,68.2432,69.2931,69.9012,68.9312,70.5859,71.3221,72.6135,71.3353,69.1904,70.6123,70.8924
764,56.0013,55.1704,57.8753,62.786,65.2039,63.9889,61.483,59.0976,57.1243,53.6677,52.3086,51.1522,47.3434,46.7561,45.9108,44.7615,43.5319,42.951,43.6549,39.731,31.8193,25.5571,21.5899,20.9554,22.4386,24.147,25.2576,27.1623,28.9439,31.7444,35.5694,39.6657,44.1499,50.0217,55.031,59.9222,62.4456,65.5985,70.6936,74.8837,76.9518,79.859,81.7271,85.2322,85.4199,87.0102,78.0843,68.1266,64.2145,65.2501,66.1725,67.833,68.2504,67.5719,69.0474,69.5733,71.0496,69.8321,68.1825,68.8716,68.7807
764.5,54.4715,54.3108,56.4969,60.3783,63.4703,62.567,60.0262,57.5233,56.0721,52.4978,50.6433,49.6651,45.802,45.5682,44.849,43.3551,41.7235,41.9389,42.4828,38.7095,30.8722,24.8324,21.064,20.2292,21.7245,23.5417,24.6982,26.65,28.3114,31.2181,34.8501,38.9467,43.5411,48.8602,53.9619,58.3574,61.0833,64.1245,69.4425,73.5797,75.4326,77.9826,80.4706,83.4458,82.9891,84.605,76.0714,66.3397,62.7541,64.004,64.7383,66.5239,66.7417,66.2805,67.2009,67.7397,69.5359,67.9971,66.7036,66.7181,67.0925
765,53.182,54.1987,55.7108,58.6239,61.351,61.6648,58.7962,55.9541,54.3528,51.2202,49.2683,48.1102,44.1964,44.0919,43.6348,42.3418,40.156,40.9673,41.3998,38.3809,29.9791,24.3093,20.6314,19.6022,21.1633,22.9435,24.0331,25.9243,27.6155,30.5749,34.0506,38.3173,42.6876,47.774,52.5254,57.0601,59.7118,62.8454,67.942,71.9775,74.0947,76.7154,78.8846,81.2647,81.0822,82.5035,74.4353,64.9347,61.3601,62.4103,63.3675,65.7936,65.4192,65.0611,65.7555,66.3707,67.9361,66.0225,65.6145,65.2716,65.7614
765.5,51.4767,53.3802,54.931,57.9081,59.6044,60.3883,57.6693,54.3848,52.7663,49.7719,47.8161,46.8441,42.6152,43.0947,42.6509,41.1464,39.1767,40.0005,40.3019,37.3697,29.2013,23.6489,20.0832,19.0765,20.6067,22.3203,23.3658,25.2587,26.9379,29.8851,33.2477,37.4158,41.7533,46.618,51.5597,55.7039,58.3996,61.6897,66.3714,70.1373,72.7337,75.1412,78.2108,79.1686,79.5358,80.588,73.0911,63.4628,59.6478,61.2511,62.1448,63.9297,63.85,63.7707,64.4603,65.1254,66.4565,63.9618,63.7691,64.0218,64.9042
766,49.4946,52.3089,53.8018,57.5764,58.1059,58.7896,55.6521,52.3438,51.1245,48.4524,46.7464,45.6167,41.7067,41.7143,41.8183,39.9202,38.2592,39.5901,39.3021,36.252,28.6413,22.9684,19.5591,18.751,20.1201,21.6586,22.7836,24.519,26.1476,29.2449,32.299,36.3583,40.9351,45.5046,50.34,54.6335,57.2217,60.4612,65.223,68.3782,71.278,73.5376,76.5333,77.6788,78.0794,79.112,72.11,62.3158,58.1416,59.7996,60.8206,62.2999,62.3194,62.3632,63.3075,63.9194,65.1578,62.3329,62.0654,63.155,63.7658
766.5,47.7276,51.0981,52.8035,56.9774,56.3388,56.3562,54.5272,51.5745,49.81,47.4879,45.6889,45.0009,40.4625,40.6819,40.9973,38.6003,37.5281,38.6417,38.6871,35.1455,27.9873,22.3733,19.0253,18.3611,19.6251,21.115,22.2875,24.0471,25.4637,28.5533,31.6624,35.4814,39.9891,44.5214,49.0862,53.5452,55.9744,59.0333,63.8357,66.7713,69.2544,71.6442,74.5247,76.1826,76.2975,77.208,70.6128,61.0888,56.7382,58.3021,59.5767,61.0306,60.9275,60.8667,62.2297,62.6642,63.753,60.9842,60.1319,62.011,62.7068
767,46.4661,49.9068,51.8185,55.7478,54.4355,53.6355,53.2709,50.7066,48.6332,46.2283,44.3868,44.1639,39.6605,39.7796,40.216,37.5492,36.7341,37.7463,37.8226,34.3966,27.6852,21.725,18.5624,18.0156,19.2064,20.4638,21.7025,23.5449,24.742,27.9724,30.8019,34.5518,39.0189,43.3881,48.0744,52.6282,54.7986,57.7294,62.0038,65.7036,67.975,70.2414,72.0915,74.5389,74.5834,75.9605,69.2655,59.8122,55.8027,57.2874,58.6218,59.3699,59.7512,59.6635,60.6243,61.2889,62.6985,59.6981,59.1378,60.9496,61.3314
767.5,45.71,49.0075,50.7688,54.5663,52.9776,51.4217,52.2241,50.2611,47.1506,44.7089,43.3028,43.3821,38.1503,39.1918,39.0872,36.5954,35.9372,36.9942,36.8488,33.7263,27.1933,21.4383,18.071,17.5805,18.6413,19.9766,21.2207,23.0164,24.1388,27.0609,30.1744,33.5854,37.9486,42.4358,47.1452,51.2515,53.375,56.1811,60.5023,64.6339,66.3193,68.7944,70.3342,72.984,72.7895,74.472,67.7219,58.4968,54.7625,56.0074,57.5843,58.5952,58.7422,58.7168,58.9721,59.9772,61.0567,58.455,58.2757,58.2562,59.8623
768,45.2944,48.1666,49.6639,53.3935,51.962,49.9646,51.163,49.199,45.7711,43.1242,42.5612,42.4568,37.0882,38.8425,38.0044,35.7709,35.3032,35.9873,35.9363,33.222,26.7529,21.1187,17.7583,17.1232,18.3514,19.4364,20.7463,22.5083,23.619,26.5416,29.5049,32.8714,37.3137,41.6295,46.4167,50.0027,51.6933,55.2111,58.8521,63.2201,65.0012,67.1451,68.8552,71.1696,71.2925,73.1843,66.2965,56.6436,53.6454,55.0615,56.528,57.37,57.5722,57.6222,57.6504,58.6384,59.7879,57.1806,57.1986,56.7828,58.1743
768.5,44.4529,47.2123,48.7343,52.4229,51.2066,48.5355,49.8911,48.0604,44.7582,42.1369,41.594,41.4084,36.0418,38.1971,36.9795,35.4422,34.6806,35.3715,35.1673,32.2539,26.289,20.6551,17.4024,16.7681,17.7667,19.0725,20.508,21.9477,23.1074,25.8243,28.9059,32.2797,36.465,41.0465,45.5618,48.6392,50.3074,54.3642,57.5982,61.5673,63.6148,65.7573,67.813,69.394,70.1069,71.4097,64.8613,55.5505,52.7383,53.8697,55.3286,56.0571,56.1918,56.5475,56.3559,57.1884,58.4638,55.6775,56.2847,55.4746,55.9961
769,43.5998,46.1217,47.6925,51.1982,50.4033,47.8967,48.7453,46.6901,44.3802,41.5588,40.567,40.7865,35.9095,37.5319,36.5066,34.637,33.9933,34.5526,34.3932,30.9637,25.528,20.171,17.1422,16.4262,17.4828,18.9097,20.1615,21.4946,22.7196,25.231,28.3932,31.6161,36.2815,40.2036,44.4005,47.861,49.6119,53.3244,56.5399,60.3325,62.4188,64.2686,66.1524,68.1701,68.9444,69.6901,63.5796,54.3458,51.6772,52.8897,54.1657,54.9682,54.9673,55.5864,55.1299,56.1776,57.1295,54.522,54.9757,54.6945,55.0186
769.5,42.5405,44.9707,46.8301,49.4543,49.1576,46.892,48.0007,45.4772,43.4336,41.1771,39.7474,39.7448,35.6559,36.3934,35.3646,34.0985,33.2564,33.8133,33.4183,30.0561,24.9555,19.6955,16.8125,16.2004,17.0991,18.6739,19.8341,21.0415,22.2665,24.7485,27.8209,30.7421,35.5512,39.0495,43.4625,46.7572,48.9328,52.0265,55.6654,59.2697,61.2132,62.7885,64.7744,66.8195,67.7117,68.2127,61.9849,53.4057,50.552,51.8319,52.9829,53.5708,53.5166,54.5979,53.8112,54.9297,55.6864,53.5341,53.6329,54.2625,53.6606
770,41.383,43.7316,45.707,48.146,48.0079,46.4259,46.6966,44.4847,43.096,40.6018,39.0207,38.8685,35.2044,35.3521,34.3694,33.5167,32.5681,33.1885,32.6477,29.2079,24.3565,19.1092,16.5215,15.8493,16.7888,18.4248,19.3172,20.7344,21.7764,24.2326,27.4273,30.0192,34.6135,38.2782,42.3178,45.9598,48.6631,50.413,54.8187,58.0851,60.1351,61.5671,63.3323,65.6396,66.6333,66.7846,60.8729,52.5254,49.5224,50.6275,52.0818,52.287,52.274,53.2925,52.6318,53.4619,54.4858,52.3227,52.6023,52.7807,53.4085
770.5,40.3816,42.6097,44.5156,46.9353,47.0264,45.7153,45.7978,43.5657,42.0099,39.7071,38.1243,37.9008,34.4322,34.5919,33.8528,32.7574,32.15,32.3704,31.9422,28.9442,23.9588,18.8195,16.2295,15.5174,16.4578,18.0653,18.8931,20.3719,21.3534,23.7522,26.9398,29.3173,33.8951,37.2815,41.5021,44.9838,47.6877,49.3498,53.5681,56.8728,58.8027,60.6082,61.7897,63.924,65.1988,65.4216,59.101,51.7648,48.5171,49.5305,51.1809,51.2398,51.3071,52.368,51.7329,52.3397,53.5458,51.2826,51.4128,51.729,52.4925
771,39.0589,41.4393,43.6844,46.3822,45.4315,44.854,44.6112,43.0174,41.281,39.248,37.3935,37.1446,33.6882,34.1359,33.4322,32.0412,31.7929,31.9355,31.4267,28.5293,23.3685,18.512,15.9577,15.2474,16.1859,17.7539,18.5068,19.9415,21.0073,23.3882,26.3444,28.7701,32.9235,36.5763,40.9714,44.1275,46.5009,48.2932,52.0738,55.6175,57.4748,59.6552,60.5917,62.4286,63.0143,64.0685,57.655,50.9969,47.1066,48.6107,50.1573,49.8528,50.4805,51.2581,50.6957,51.3197,52.8127,49.8521,50.3288,50.7896,51.6345
771.5,38.5312,40.4185,42.5963,46.0861,44.46,43.6659,43.7011,42.2837,40.4144,38.3808,36.5713,36.4644,32.8315,33.6492,33.0584,31.1281,31.241,31.4926,31.1363,28.1019,23.0558,18.2569,15.6444,15.0369,15.9209,17.2145,18.2929,19.5368,20.6479,22.9199,25.7022,28.0531,32.0952,35.9341,40.1938,43.1699,45.4064,47.3746,50.5462,54.3572,56.3972,58.2618,59.5633,61.0575,61.5003,62.6403,56.3495,49.7922,46.4994,47.7184,49.0805,49.1953,49.7034,50.0358,49.6391,50.4269,51.7753,49.0543,49.4552,49.9919,50.4141
772,37.9158,39.5593,41.5503,45.4501,43.3165,43.0909,42.7553,40.864,39.8115,37.3036,36.0398,35.8964,32.4129,32.6925,32.6356,30.3551,30.4906,31.0295,30.4773,27.3432,22.6313,17.877,15.2757,14.8096,15.7974,16.9278,18.0194,19.2496,20.258,22.5353,25.1181,27.4633,31.6079,35.3106,39.4942,42.0678,44.7038,46.3198,49.0467,53.1076,55.3334,56.7417,58.5047,59.4092,60.1136,61.1581,55.3914,48.6568,45.6054,46.8899,48.0129,48.316,48.5857,48.8908,48.8344,49.5014,50.401,48.3179,48.4163,48.7493,49.0788
772.5,37.3927,39.0163,40.5003,44.3506,42.763,42.4339,41.8,39.9872,38.9578,36.2518,35.5625,34.8447,31.6168,31.8126,31.9645,29.6742,29.8064,30.5212,30.1403,26.6502,22.4809,17.5457,15.0693,14.4618,15.6094,16.5419,17.6079,18.8999,19.8807,22.0584,24.6107,27.0254,31.183,34.6095,38.5227,41.0924,43.7181,45.3626,48.1153,52.1372,54.1983,55.2759,57.0255,58.1126,59.3568,60.0076,54.4045,47.5638,44.8612,45.922,46.7455,47.5301,47.1338,47.847,47.392,48.5686,49.0476,47.3151,47.0033,47.6425,47.9227
773,37.0674,38.2108,39.6667,43.2142,42.1931,42.2386,40.7694,38.3271,38.2154,35.5275,34.8474,34.1896,31.164,31.0957,31.3956,29.1271,29.1955,29.7869,29.6167,26.1483,22.1271,17.3989,14.7814,14.058,15.3918,16.2766,17.4014,18.5258,19.3257,21.5182,24.1369,26.593,30.6772,33.9161,37.7014,40.3061,42.9245,44.5923,47.1782,51.132,52.898,54.1467,55.5353,56.8638,57.8017,58.6193,52.9788,46.6228,43.9269,44.9459,45.7465,46.5169,46.1788,46.6619,46.5284,47.4607,47.8836,46.7319,46.192,46.5454,46.8531
773.5,36.5421,37.3938,38.7161,42.12,41.5766,41.1726,39.8202,38.1453,37.4796,34.704,34.1389,33.31,30.396,30.6225,30.9775,29.0779,28.6091,29.3419,29.377,26.2335,21.8771,17.1573,14.5119,13.7195,15.0893,16.0992,17.0586,18.1307,18.9571,21.1801,23.7689,26.0566,29.8759,33.0613,36.7955,39.6008,41.991,43.7801,46.3617,50.2564,51.586,53.1255,53.7668,56.0751,56.372,57.5168,51.4989,45.5499,42.7983,44.0405,44.7534,45.8039,45.1521,45.795,45.5567,46.4287,47.1443,45.6629,45.0577,45.7597,45.2822
774,36.3985,36.8616,38.3907,41.308,40.4724,40.105,39.2726,37.9271,36.9903,34.0197,33.5674,32.5126,29.4075,29.8511,30.4628,28.9486,27.8282,28.9649,28.9159,26.0042,21.3925,17.0015,14.2283,13.4713,14.7656,15.8688,16.8045,17.7997,18.5968,20.7477,23.1479,25.5168,29.1626,32.4534,35.8749,38.6835,41.1289,42.5318,45.2042,49.1677,50.2997,51.3759,52.2309,55.0145,55.036,55.7638,50.3887,44.505,41.762,42.8232,43.851,44.7931,44.4981,44.7919,44.4602,45.1075,46.2385,44.6406,44.1321,44.9566,44.3039
774.5,36.0533,35.8604,37.9497,40.5804,39.7957,39.4889,39.0849,37.8601,36.5681,33.898,32.9629,32.3244,28.9716,29.3436,29.9548,28.3609,27.2687,28.5801,28.438,25.9392,20.9198,16.7118,13.9443,13.3978,14.4089,15.608,16.545,17.5347,18.3223,20.3149,22.7456,25.2067,28.5903,31.6701,35.0254,37.6723,40.0104,41.1998,44.1465,47.8884,49.1681,49.9409,51.4179,54.0149,53.9916,54.1189,49.12,43.5267,40.7946,41.8272,43.0478,43.8034,43.5303,43.8185,43.656,44.0607,44.4246,43.8601,43.3255,43.7143,43.2293
775,35.4742,34.7573,37.6529,39.9113,38.995,38.8168,38.7507,37.6804,36.0245,33.707,32.2846,31.7107,28.4662,29.1658,29.3655,28.0212,26.9639,28.3735,27.6941,25.6908,20.6097,16.3676,13.792,13.2611,14.1709,15.4032,16.1594,17.2423,17.9381,19.8274,22.1139,24.6608,27.6356,31.0704,33.9958,36.8136,38.9555,40.3036,43.2532,46.5593,47.8344,48.5882,50.3026,52.5827,52.4584,52.4426,47.9841,42.6476,39.5547,40.5963,41.8963,42.8166,42.7591,43.01,42.7685,43.0902,43.2659,42.8339,42.3823,42.7061,42.3336
775.5,34.8342,33.8335,37.3103,39.2745,37.6835,38.3694,38.0702,37.2061,35.3864,33.079,31.6831,31.6604,28.4593,29.0036,28.926,27.4854,26.6743,27.9391,27.2929,25.4065,20.169,16.06,13.6216,13.0555,13.9739,15.1265,15.8341,16.8827,17.5826,19.4643,21.5978,24.0484,26.9156,30.5715,33.2782,35.839,37.9991,39.4431,42.2612,45.3296,46.5409,47.9215,49.6536,51.0352,51.2169,51.663,47.1439,41.762,38.4423,39.6323,40.8579,41.832,41.8742,41.9672,41.8458,42.1546,41.9717,41.974,41.671,41.664,41.4773
776,34.2441,33.3509,36.5654,38.6313,36.9027,37.6979,37.202,36.8207,34.6576,32.7522,31.1906,30.9281,28.3717,28.6025,27.9545,27.1371,26.2509,27.2433,26.743,25.235,20.1011,15.8548,13.5696,12.7733,13.7674,14.9018,15.4266,16.5088,17.239,19.1515,21.175,23.4509,26.2202,29.8536,32.2749,34.981,37.01,38.748,41.2664,43.9686,45.4226,46.7931,48.5793,49.8463,50.5039,50.0489,46.2331,40.8341,37.3798,38.6352,39.8059,40.8675,40.9874,40.9326,40.8612,41.3017,42.1734,40.9871,40.6868,40.749,40.4947
776.5,33.4892,32.619,35.729,37.9424,35.9144,37.1601,36.8193,36.3145,34.1485,31.94,30.7511,30.3262,28.2422,27.9938,27.5222,26.6693,25.886,26.332,26.5159,25.0538,19.6543,15.7502,13.4338,12.5365,13.5607,14.663,15.1533,16.0723,16.9556,18.8732,20.662,22.9124,25.6625,29.1042,31.5187,34.2052,36.0706,37.5307,39.9624,43.0064,44.3724,45.8628,47.6144,48.4807,49.2868,49.5163,45.2442,39.922,36.4957,37.7086,38.782,39.8696,40.1,40.1028,40.0168,40.2619,41.7736,39.9115,39.6415,39.7452,39.7413
777,32.8461,32.1469,34.9505,37.2104,35.0252,36.49,36.0623,35.6018,33.4992,31.7067,30.6233,29.7451,27.9091,27.5648,26.9907,26.3534,25.5119,25.9553,26.323,24.7652,19.42,15.5964,13.2766,12.377,13.3008,14.4186,14.8374,15.7598,16.6834,18.5513,20.4017,22.5779,25.2886,28.4775,30.6793,33.532,35.2131,36.6833,39.1047,41.6929,43.556,44.9388,46.5262,47.5346,48.2572,48.4137,44.4407,38.9313,35.7313,37.0112,37.8982,38.8223,39.2385,39.2897,39.3339,39.564,41.0472,38.8597,38.8994,38.8344,38.8118
777.5,32.0779,31.5085,34.2191,36.1187,34.2132,35.5605,35.419,34.7853,33.0531,31.4783,30.1972,29.0216,27.7091,27.414,26.9311,26.0453,25.2458,25.5652,26.0216,24.5939,19.318,15.4091,13.0845,12.2377,13.074,14.3087,14.552,15.5619,16.3714,18.1282,20.0927,22.1905,24.9416,27.8175,30.1328,33.0245,34.2553,35.7111,38.5866,40.8347,42.3762,44.093,45.5878,46.3731,46.6,47.5009,43.1361,37.9544,34.8189,36.1168,36.9946,38.034,38.0754,38.469,38.4438,38.9103,40.0264,37.9421,38.1339,38.1241,37.932
778,31.1898,30.8756,33.6051,34.5593,33.8026,34.6703,34.3745,33.9212,32.3827,30.8856,29.8097,28.7871,27.3609,27.1513,26.8883,25.8647,25.3885,25.6188,25.888,24.3222,19.3253,15.168,12.9581,12.0687,12.9908,14.147,14.222,15.3992,15.9609,17.6841,19.8851,21.7605,24.5237,27.2254,29.5023,32.2695,33.3827,34.555,37.9726,39.9888,41.4307,42.9731,44.5226,45.4431,45.4721,46.5125,41.9251,37.1879,34.1087,35.2381,36.2202,37.0951,37.1035,37.4584,37.4089,37.9908,39.162,37.3105,37.2967,37.3284,36.8481
778.5,30.0939,30.5523,33.037,33.7958,33.3666,34.0994,33.5504,33.3067,31.9111,30.1132,29.3642,28.3679,27.126,26.9975,26.7204,25.7391,24.894,25.175,25.6245,23.8541,18.9368,14.9458,12.7418,11.8701,12.8242,13.9089,14.0405,15.2412,15.6021,17.3056,19.5014,21.3427,24.0252,26.5435,28.9458,31.5388,32.6158,34.03,37.1089,39.2393,40.1665,41.9731,43.5446,44.3317,44.6043,45.0247,41.3814,36.5363,33.4762,34.4858,35.3488,35.9129,36.3732,36.4982,36.4921,36.8173,38.2686,36.7141,36.4291,36.4777,35.7698
779,29.4269,30.0152,32.3192,33.3581,33.2285,34.0951,33.2345,33.0277,31.3445,29.2408,28.9977,27.986,26.6315,26.3721,26.4739,25.5491,24.5253,25.0895,25.063,23.5421,18.8353,14.7833,12.6027,11.6743,12.5655,13.7584,13.9532,14.9424,15.3208,17.0462,19.0779,20.9188,23.5722,25.8563,28.3736,30.8404,31.9762,33.2286,36.1805,38.5002,39.281,40.8673,42.3291,43.3705,43.8298,43.5487,40.8174,35.7282,32.6853,33.4455,34.6812,35.1976,35.6889,35.3418,35.5874,35.9378,37.077,35.7721,35.5309,35.3888,34.8726
779.5,28.8673,29.5543,31.556,33.1524,33.1012,33.8615,33.0101,32.5688,30.8953,28.7406,28.5861,27.3084,26.436,26.2003,26.001,25.2075,24.2446,24.8644,24.6887,23.2081,18.4672,14.6195,12.4523,11.533,12.3802,13.5291,13.866,14.6295,14.9777,16.647,18.6986,20.554,23.1159,25.2679,27.7395,30.1398,31.6611,32.6257,35.4462,37.583,38.4926,40.0854,41.2692,42.3401,42.7843,42.1416,39.6243,34.82,32.1501,32.7517,33.8703,34.6831,35.1008,34.5608,34.9236,34.9917,35.9603,34.8727,34.7049,34.5222,34.1739
780,28.7529,29.2859,30.9497,33.1088,32.6435,33.1895,32.6535,31.8863,30.529,28.4604,28.2001,26.9249,25.9851,25.669,25.6406,24.9242,23.7478,24.8205,24.2762,22.7759,18.2974,14.3946,12.3302,11.4379,12.1818,13.4101,13.6763,14.3519,14.7276,16.3675,18.1967,20.1372,22.7985,24.7088,27.1129,29.4432,31.0042,32.0715,34.5557,36.727,37.77,39.1092,40.4437,41.4237,41.5058,41.1903,38.6049,33.8236,31.6884,32.0897,33.174,33.9049,34.6308,33.849,34.2586,34.0908,34.9567,34.0043,33.8674,33.5984,33.0271
780.5,28.2382,28.5904,30.4091,32.8064,32.1542,32.7611,32.2718,31.5007,30.1888,28.0673,27.7896,26.7523,25.6861,25.4679,25.1438,24.6407,23.4324,24.5381,24.0779,22.5583,18.1893,14.2229,12.1025,11.3401,11.9835,13.2064,13.4761,14.0206,14.466,16.1149,17.8515,19.5897,22.3103,24.4719,26.5065,28.7587,30.3192,31.4395,33.8138,35.9066,36.9125,38.0273,39.3581,40.3623,40.688,40.5156,37.4485,32.8185,30.9407,31.2557,32.209,33.2894,33.8944,32.9453,33.4239,33.4988,33.7481,33.4119,33.2041,32.8855,32.0761
781,27.8067,27.8706,29.9695,32.2962,31.7242,32.3449,32.2828,31.0726,29.8238,27.627,27.3007,26.4236,25.3172,25.1849,24.725,24.3166,23.1058,24.2156,23.8419,22.2804,17.9814,14.1176,11.8202,11.3174,11.7567,12.9933,13.2182,13.8333,14.3478,15.8558,17.5537,19.2558,21.7426,23.8823,25.875,27.925,29.6026,30.4241,32.9864,35.019,35.9347,37.026,38.3436,39.3431,40.216,39.7484,36.6811,32.1975,30.4259,30.5458,31.4379,32.4798,32.8814,32.4367,32.7931,32.8679,33.3295,32.5496,32.5191,32.2429,31.0618
781.5,27.5136,27.7424,29.5281,32.0717,31.4061,31.5428,32.3953,30.8369,29.6417,27.4589,26.9823,26.1219,25.0502,25.0945,24.7767,24.0833,23.158,23.8688,23.6282,22.3167,17.8042,14.0385,11.5834,11.2052,11.6625,12.7318,12.9682,13.7111,14.2014,15.6222,17.1653,18.8262,21.1972,23.4463,25.2015,27.1808,28.7341,29.3336,32.2318,34.5698,34.866,36.2495,37.6716,38.4069,39.3533,39.0241,35.9101,31.4742,29.6859,29.8491,30.4983,31.8214,31.8268,31.688,32.2109,32.3108,32.6284,32.0672,31.9191,31.6686,30.7213
782,27.2923,27.2827,28.953,31.3566,30.9868,31.2134,31.7964,30.5826,29.1313,26.952,26.6535,25.6844,24.6254,24.8206,24.4457,23.7738,22.9804,23.6266,23.3652,22.329,17.578,14.0194,11.4371,11.074,11.4853,12.5481,12.7529,13.5393,14.0311,15.2748,16.9185,18.6551,20.741,23.1311,24.4517,26.4429,28.0468,28.6901,31.6289,33.8307,33.9628,35.4586,36.9567,37.5814,38.4972,38.2879,35.2391,30.7548,28.8417,29.254,29.9661,31.0808,30.9919,30.9773,31.4751,31.7185,32.3589,31.3233,30.9844,31.0652,30.247
782.5,26.9931,27.2142,28.6705,30.9136,30.6733,30.1368,31.3174,30.1799,28.5812,26.8116,26.3452,25.3791,23.97,24.6566,24.2129,23.3251,22.9745,23.3123,23.2298,22.0335,17.4303,13.8607,11.2953,10.9301,11.4486,12.3355,12.5981,13.3904,13.7573,14.8578,16.6709,18.3487,20.3244,22.7074,23.8645,26.021,27.3395,27.991,30.9059,32.9444,32.9653,34.2884,36.0899,36.7436,37.4377,37.0351,34.5148,30.256,28.2661,28.7539,29.1904,30.4122,30.1719,30.4702,30.7446,30.9206,31.754,30.7614,30.3053,30.3345,29.8413
783,26.4234,26.5496,28.3488,30.4092,30.3185,29.5512,30.8118,29.5949,28.0921,26.3824,25.9597,25.2433,23.4056,24.3066,23.8067,22.9005,22.574,23.0192,22.8001,21.7405,17.2716,13.5608,11.2939,10.7537,11.3684,12.2143,12.4445,13.1835,13.5532,14.5574,16.4505,17.9895,20.1639,22.234,23.2909,25.714,26.5767,27.3217,30.1541,31.6116,32.1901,33.6258,35.2514,36.2815,36.4501,36.1509,33.9038,29.7046,27.5118,28.4557,28.6104,29.8463,29.6298,29.7468,29.9992,30.3034,31.1902,30.4854,29.6547,29.7491,29.3685
783.5,25.6844,26.3578,28.0094,30.0541,29.9358,29.3004,30.4695,29.3922,27.5303,25.8293,25.6164,25.1885,22.79,24.2277,23.6303,22.7573,22.1706,22.8939,22.6554,21.4052,17.1335,13.3476,11.1717,10.5211,11.2328,12.0391,12.3514,12.901,13.2349,14.3241,16.1759,17.792,19.8502,21.6816,22.9823,25.2729,25.6689,26.9859,29.5031,30.8528,31.7255,32.6552,34.4581,35.7035,35.5251,35.3562,33.3736,29.103,27.0624,28.0083,28.3927,29.3573,29.1246,29.2193,29.5318,29.5531,30.6935,29.9123,29.0908,29.0409,28.7279
784,25.0702,25.9444,27.6274,29.8659,29.2689,29.0885,30.1473,28.8696,27.2342,25.6609,25.4032,25.0635,22.5658,23.7866,23.464,22.4889,22.2633,22.6757,22.6349,21.1109,16.9913,13.1544,11.0545,10.245,11.0834,11.9408,12.1609,12.6822,13.1073,14.2446,15.9732,17.514,19.5837,20.9413,22.6453,24.7944,24.9235,26.5121,28.7726,30.2687,31.2931,31.9546,33.9113,34.9068,35.0049,35.0745,32.6781,28.346,26.7884,27.546,27.8286,28.55,28.4287,28.8569,29.0433,29.1082,29.9875,29.358,28.3756,28.5031,28.085
784.5,24.6474,26.2778,27.2027,29.4453,29.0086,29.2587,29.6476,28.5463,26.9777,25.0838,24.9979,24.723,22.2806,23.689,23.2196,22.5835,22.1112,22.4477,22.52,21.0127,16.9287,12.8529,10.9659,10.0959,10.9366,11.8039,12.0854,12.4346,12.9164,14.1557,15.6559,17.2351,19.2893,20.599,22.3336,24.2341,24.4384,26.287,28.2712,30.1009,30.6974,31.299,33.245,33.9179,34.351,34.6095,31.8586,27.7239,26.4638,26.9364,27.4229,27.9642,27.7208,28.4317,28.7368,28.5104,29.5082,28.7093,27.6741,27.8894,27.4346
785,24.4389,26.08,26.7193,28.8874,28.6767,28.6991,29.2931,28.0962,26.7878,24.7705,24.6376,24.5787,22.021,23.4158,23.0927,22.5409,21.9854,22.4091,22.4612,20.9244,16.6679,12.6954,10.8509,9.99176,10.7271,11.6185,12.034,12.2918,12.8187,13.9684,15.4294,16.86,19.0031,20.2416,21.9364,23.6307,24.3454,25.8949,27.5909,29.6354,30.1247,30.4474,32.3902,33.46,33.8373,33.9745,31.1791,27.1253,26.1348,26.3654,26.7656,27.2956,27.1575,27.9185,28.1826,27.9512,28.6344,27.9195,27.0502,27.346,26.755
785.5,24.294,25.9135,26.3906,28.1542,28.6094,28.3985,28.8836,27.9744,26.5969,24.2129,24.3759,24.1939,21.7047,23.0871,22.9459,22.119,21.7658,22.0838,22.1853,20.6741,16.6238,12.6055,10.7211,9.90724,10.7262,11.5073,11.8922,12.1406,12.6386,13.6485,15.2414,16.588,18.6347,19.9943,21.5522,23.1684,23.9737,25.5176,27.1178,28.9531,29.4648,29.863,31.7449,32.8428,33.3371,33.3116,30.4891,26.934,25.7454,25.9185,26.2834,26.7529,26.7511,27.3428,27.6138,27.448,28.3612,27.1401,26.593,26.8228,26.1229
786,23.9016,25.515,26.1055,27.6413,28.3216,27.8975,28.3206,27.7064,26.1986,24.1799,24.1415,23.8093,21.5594,22.8359,22.7444,21.8416,21.6294,21.8386,22.0459,20.3885,16.5062,12.6319,10.6439,9.8432,10.5781,11.3695,11.7729,12.0403,12.4754,13.4132,14.9929,16.1735,18.2316,19.764,21.1585,22.735,23.6265,25.026,26.7548,28.3024,29.1204,29.3186,31.2707,32.0495,32.7223,32.8044,29.9926,26.2396,25.3073,25.5236,25.7466,26.4969,26.4126,26.751,27.1845,26.9283,28.0009,26.3957,26.3592,26.5077,25.591
786.5,23.5506,25.0843,25.7391,27.3588,27.794,27.2017,27.9269,27.3976,25.9469,23.9985,23.9327,23.3984,21.2212,22.3976,22.7454,21.4856,21.4983,21.6852,21.9412,20.1909,16.546,12.5444,10.5549,9.80337,10.4777,11.1493,11.5784,11.8651,12.3001,13.2248,14.7381,16.0268,17.9175,19.3979,20.706,22.3435,23.2109,24.5135,26.2497,27.6685,28.5197,28.8608,30.8295,31.5515,32.0291,32.1715,29.3657,25.7705,24.8059,25.0055,25.1893,26.1116,26.1909,25.9753,26.8533,26.3886,27.6961,26.0758,26.0082,25.8155,25.2109
787,23.6648,24.5423,25.5333,27.077,27.2616,26.7972,27.3458,27.1619,25.665,23.9572,23.5543,23.0631,21.0456,22.0552,22.405,21.2646,21.2467,21.5296,21.7466,20.0859,16.3236,12.5044,10.4949,9.83588,10.3311,10.9976,11.3728,11.7359,12.1165,13.1045,14.4343,15.8186,17.6389,19.1044,20.2947,21.9907,22.857,23.8664,25.788,27.0684,28.161,28.218,30.388,30.9163,31.522,31.517,28.6346,25.0482,24.2867,24.577,24.729,25.6502,25.8167,25.3841,26.4401,25.9796,27.1314,25.8968,25.3834,25.0662,24.7316
787.5,23.3877,24.2626,25.1727,26.8931,26.9305,26.5811,27.1052,26.6404,25.1975,23.5779,23.1546,22.6134,20.9436,21.7004,22.1787,21.0724,20.9951,21.5802,21.692,19.8858,16.0944,12.3623,10.4366,9.72368,10.2114,10.9177,11.2213,11.6328,11.9553,12.9565,14.2,15.6921,17.3366,18.8124,19.9523,21.5492,22.5846,23.39,25.32,26.4664,27.5122,27.8538,29.7516,30.466,30.973,30.7368,28.0646,24.5778,23.6858,24.0898,24.2845,25.0711,25.3127,24.9567,25.9529,25.5945,26.4861,25.6509,24.8654,24.3834,24.3048
788,22.9862,23.9132,24.8679,26.6127,26.6044,26.6989,26.8997,26.482,24.6506,23.2538,22.9408,22.5989,20.7772,21.3935,21.9849,20.7681,20.7317,21.3867,21.4628,19.4652,15.9196,12.3361,10.2639,9.62898,10.0645,10.8265,10.9475,11.5378,11.7154,12.7839,13.911,15.4644,16.9352,18.5001,19.5521,21.2394,22.0916,22.9077,24.8483,26.0021,26.9394,27.1763,29.167,29.9987,30.379,30.0312,27.6207,24.0104,23.3182,23.7714,24.2512,24.5797,24.8661,24.7091,25.5497,25.2998,25.9328,25.3432,24.4402,24.1221,23.7739
788.5,22.489,23.4934,24.693,26.469,26.5476,26.878,26.4903,26.2655,24.0655,22.8939,22.9206,22.4838,20.6996,21.2745,21.7613,20.7373,20.3673,21.0935,21.2082,19.1175,15.891,12.3753,10.086,9.50094,9.87773,10.7128,10.7577,11.4025,11.5484,12.6039,13.7588,15.2601,16.7299,18.2715,19.389,20.8674,21.7047,22.4683,24.3562,25.4833,26.4159,26.999,28.508,29.3678,29.7973,29.3969,27.2391,23.6293,22.8605,23.1735,23.6893,24.2129,24.4019,24.5935,24.9699,24.8683,25.4912,24.9546,24.0238,23.6372,23.2176
789,22.153,23.1133,24.3874,26.0755,26.165,27.1088,26.3055,25.9219,23.7884,22.6008,22.5416,22.1047,20.5869,20.9941,21.6802,20.4975,20.1844,20.6407,20.9801,18.9561,15.77,12.2638,9.87988,9.39763,9.75652,10.6986,10.5741,11.2392,11.3733,12.3967,13.579,15.1231,16.4535,17.9534,18.9596,20.5323,21.0951,22.0052,23.7618,24.9608,25.8304,26.4461,27.8739,28.8767,29.2774,29.0291,26.8893,23.4336,22.5112,22.8612,23.0816,23.7857,23.8139,24.2335,24.5824,24.5149,25.1048,24.6756,23.6632,23.2627,22.6536
789.5,21.9763,22.9638,23.7728,25.628,25.6958,26.9053,25.789,25.4154,23.484,22.4568,22.1855,22.0758,20.3391,20.8598,21.3825,20.5071,20.1888,20.2329,20.759,19.0755,15.6385,12.0429,9.80577,9.33387,9.71307,10.6415,10.5155,11.0067,11.2492,12.2205,13.3779,14.8975,16.3405,17.7262,18.6488,20.1889,20.6392,21.4005,23.2611,24.7529,25.3774,26.0946,27.3578,28.3274,28.6738,28.526,26.2601,23.1881,22.022,22.3751,22.6667,23.4533,23.3501,23.9088,24.0927,24.0174,24.6256,24.2111,23.3678,22.9336,22.308
790,21.9642,22.9537,23.4377,25.0939,25.2729,26.774,25.469,25.0215,23.6659,22.3238,21.8171,21.6083,20.2092,20.7843,21.1791,20.1523,20.0737,20.0194,20.4237,18.9212,15.4168,11.8138,9.73226,9.21442,9.63068,10.5716,10.4622,10.9406,11.1182,12.035,13.1992,14.6638,16.1377,17.5005,18.3422,19.8386,20.192,21.0624,22.7972,24.346,24.9431,25.8169,26.9057,27.888,28.13,28.0704,25.7349,22.702,21.6111,22.0464,22.2252,22.9079,22.8357,23.4747,23.6696,23.6516,24.1501,23.7902,22.8392,22.6059,21.8963
790.5,21.6947,22.9182,23.027,24.7243,24.824,26.331,25.0882,24.6649,23.7461,22.4188,21.6699,21.3703,19.7606,20.7399,20.8475,20.0118,20.0117,19.7445,20.2734,19.067,15.2908,11.7767,9.73577,9.16469,9.57973,10.4998,10.4411,10.7529,10.9838,11.9197,13.0894,14.3716,15.8185,17.2807,18.0013,19.5397,19.8096,20.8089,22.4268,23.999,24.5261,25.2579,26.5439,27.4204,27.4506,27.6449,25.4089,22.3643,21.1264,21.7733,22.0473,22.5344,22.4854,23.0349,23.2104,23.2368,23.7479,23.3842,22.4347,22.0976,21.5126
791,21.3899,22.4614,22.9078,24.4753,24.69,25.9758,24.751,24.1606,23.5345,22.3516,21.4525,21.0401,19.3449,20.5607,20.5347,19.9512,19.7699,19.783,19.9328,18.8575,15.0119,11.6898,9.76772,9.07092,9.54853,10.3718,10.2824,10.5975,10.9248,11.754,12.9289,14.1324,15.4707,17.0411,17.7764,19.2311,19.5246,20.573,22.2383,23.4716,24.1991,24.7877,26.054,26.868,26.7601,27.2511,24.9764,21.9382,20.8583,21.3983,21.8017,22.3719,22.0835,22.6346,22.9378,22.8429,23.2896,22.9697,22.211,21.884,21.0569
791.5,20.859,22.0803,22.4735,24.146,24.4364,25.542,24.741,24.1305,23.1991,22.0497,21.2119,20.7973,18.8788,20.5275,20.2878,19.9479,19.6132,19.6661,19.6368,18.8329,14.8167,11.6107,9.64211,9.02165,9.48813,10.2414,10.1603,10.4396,10.7859,11.6114,12.8219,13.8734,15.1699,16.7806,17.5469,18.9045,19.2704,20.2137,21.9307,22.8728,23.8317,24.3102,25.6101,26.4116,26.0155,26.8196,24.7948,21.5988,20.569,21.0839,21.4284,22.1235,21.7211,22.0905,22.4824,22.4656,22.8057,22.5096,21.9256,21.6311,20.7726
792,20.5716,21.5786,22.0735,23.9869,24.2925,25.119,24.6047,23.7666,22.9693,21.6761,20.9496,20.655,18.7382,20.1414,20.251,19.7898,19.3947,19.515,19.3694,18.695,14.7332,11.4936,9.45856,8.9691,9.35319,10.0008,10.0843,10.3398,10.6173,11.4688,12.6383,13.6451,15.0295,16.4451,17.3408,18.5289,18.9673,19.8065,21.4404,22.4596,23.4777,24.0485,25.2379,26.0751,25.5131,26.3915,24.505,21.3784,20.2883,20.6481,20.9194,21.6937,21.3928,21.8946,22.3123,22.236,22.44,22.0291,21.6232,21.318,20.525
792.5,20.5151,21.1857,21.7883,23.5958,24.0666,24.5976,24.2771,23.5218,22.7053,21.1959,20.8302,20.6639,18.7981,19.8215,19.9234,19.5143,19.1729,19.3742,19.0587,18.5774,14.6819,11.475,9.38752,8.85166,9.3166,9.72186,9.92625,10.2728,10.4049,11.3358,12.456,13.4635,14.7945,16.1872,17.1032,18.1439,18.5745,19.5683,21.044,22.1577,22.8507,23.8033,24.791,25.6928,25.0053,25.9821,24.1543,21.0728,19.9825,20.3512,20.4709,21.3064,20.9749,21.6658,21.9138,21.7008,22.2378,21.5404,21.3147,20.8354,20.1851
793,20.4588,20.6643,21.9101,23.1827,23.7688,24.2651,23.9546,23.2975,22.5145,21.0641,20.6695,20.4736,18.5444,19.5903,19.8724,19.3827,18.7941,19.1122,18.7953,18.3202,14.5841,11.4639,9.29288,8.80641,9.20134,9.59554,9.88527,10.1239,10.2759,11.2705,12.307,13.2518,14.5799,15.8699,16.8414,17.8163,18.3628,19.4698,20.6234,22.1319,22.5021,23.3702,24.3559,25.2906,24.9301,25.6104,23.7596,20.8012,19.5849,20.0094,20.1318,20.844,20.7419,21.4309,21.5284,21.6089,22.1397,21.2348,20.9789,20.3329,19.8151
793.5,20.1201,20.3979,21.4156,22.7934,23.5572,24.0103,23.9347,23.0843,22.3754,20.9481,20.4078,20.2858,18.6466,19.3256,19.4376,19.1891,18.5924,18.9973,18.6688,18.1143,14.507,11.4084,9.24963,8.62912,9.17201,9.54094,9.77316,10.0266,10.1382,11.1429,12.0814,13.1193,14.3099,15.6817,16.5981,17.6056,18.0794,19.1202,20.3994,21.797,22.1175,23.0327,23.8749,24.9571,24.8557,25.1763,23.086,20.4748,19.2929,19.7777,19.9668,20.6291,20.4454,21.1675,21.0622,21.1339,21.8272,21.0283,20.5644,20.0191,19.4606
794,19.9352,20.2666,21.1208,22.5468,23.1973,23.7553,23.853,22.9406,22.1207,20.7915,20.1203,19.8332,18.4275,19.2372,19.2981,18.9917,18.3762,18.7812,18.6431,17.9716,14.3547,11.3421,9.1759,8.48313,9.06265,9.52597,9.64667,9.88757,10.0188,11.0076,11.9748,12.9063,14.1709,15.3586,16.3495,17.4413,17.8675,18.8191,20.1214,21.4861,21.8436,22.7096,23.4364,24.5907,24.5204,24.7761,22.796,20.2031,19.1369,19.4717,19.8406,20.2984,20.3149,20.6951,20.5789,20.7018,21.4637,20.8332,20.3271,19.791,19.1915
794.5,19.6989,19.9703,20.6916,22.3683,22.6889,23.6264,23.8603,22.6755,21.7747,20.7728,19.8357,19.432,18.2307,18.8782,18.9234,18.7047,18.3277,18.6619,18.51,17.7566,14.1904,11.2454,9.06894,8.38013,8.95397,9.50585,9.5994,9.78447,9.82614,10.7674,11.8095,12.8791,13.9313,15.0588,16.1372,17.2407,17.596,18.535,19.7688,21.1551,21.674,22.3769,23.0748,24.1158,24.1984,24.215,22.5301,19.9352,18.9188,19.1332,19.4489,19.9516,20.0729,20.352,20.2025,20.3729,21.1532,20.4927,20.073,19.7114,18.9428
795,19.5761,19.9048,20.535,22.2907,22.4371,23.3825,23.6031,22.3234,21.4545,20.5695,19.7477,19.1936,18.0075,18.6202,18.6388,18.4171,18.261,18.3676,18.3936,17.4503,13.9463,11.0325,8.932,8.26008,8.89797,9.39848,9.45401,9.72486,9.7258,10.608,11.6344,12.7897,13.771,14.7796,15.9465,16.8843,17.3252,18.1894,19.5393,20.7764,21.5,21.9768,22.653,23.7535,23.7834,23.5749,22.3579,19.7328,18.6499,18.8076,19.169,19.7196,19.8471,20.048,19.939,20.0642,20.8658,20.1545,19.8021,19.4618,18.7178
795.5,19.3957,19.7944,20.3606,21.9495,22.2854,23.076,23.207,22.1065,21.0782,20.3287,19.7125,18.9184,17.7557,18.2137,18.5764,18.0275,18.0405,18.0643,18.1498,17.2398,13.7254,10.8626,8.87528,8.18879,8.82077,9.30812,9.31948,9.59224,9.57786,10.4614,11.4767,12.6629,13.5974,14.5439,15.7357,16.6458,17.1524,17.8051,19.2008,20.4047,21.2265,21.7192,22.1988,23.32,23.4116,23.148,22.013,19.4546,18.2479,18.48,18.8617,19.4478,19.5412,19.8122,19.4675,19.7143,20.6367,19.8854,19.5217,19.0165,18.4167
796,19.1469,19.7019,20.3477,21.5797,22.059,22.8477,22.715,21.9007,20.9572,19.9229,19.4014,18.8,17.4553,18.089,18.4459,17.788,17.692,17.7083,17.7919,16.923,13.5949,10.6957,8.80128,8.13619,8.73336,9.16854,9.11601,9.36362,9.42749,10.3788,11.3006,12.404,13.5103,14.3382,15.4675,16.2644,17.0077,17.4725,18.8875,19.9882,20.9555,21.5303,22.0135,22.7477,23.1765,22.7865,21.7293,19.1356,17.8962,18.1398,18.6335,19.1864,19.3559,19.5311,19.1639,19.5852,20.3255,19.4979,19.2111,18.7961,18.1636
796.5,18.7455,19.4953,20.1148,21.2272,21.7096,22.6866,22.5051,21.7996,20.9571,19.4125,19.1945,18.4248,17.4507,17.8477,18.0743,17.7131,17.4413,17.4995,17.496,16.7015,13.4625,10.5258,8.6701,8.01411,8.55977,9.02919,8.9773,9.19708,9.29362,10.3051,11.1378,12.1705,13.398,14.2002,15.1799,16.0055,16.8352,17.2618,18.6292,19.546,20.6978,21.1634,21.8929,22.5517,22.6659,22.4974,21.3287,18.7249,17.5684,17.9101,18.4098,18.8124,19.0545,19.1832,18.9544,19.4757,20.0793,19.1352,18.8778,18.3974,17.8562
797,18.4882,19.2281,19.9554,20.9616,21.4151,22.4454,22.1879,21.4504,20.7473,19.015,18.9075,18.3253,17.2888,17.8163,17.6396,17.5461,17.3443,17.3851,17.2944,16.5797,13.3528,10.4572,8.59823,7.84189,8.4347,8.8908,8.77441,9.08499,9.11377,10.2065,10.9287,11.9532,13.2476,14.0864,14.894,15.7429,16.5825,17.1118,18.2651,19.1189,20.3498,20.8264,21.6016,22.2442,22.3356,22.2108,20.9891,18.4174,17.3757,17.6365,18.1962,18.5539,18.5529,18.8997,18.7997,19.0853,19.8327,18.8949,18.5919,18.3112,17.485
797.5,18.1009,18.996,19.6326,20.7928,21.0339,22.2369,21.8435,21.1408,20.47,18.7836,18.6721,17.9611,17.1211,17.6614,17.1706,17.3374,16.9734,17.2854,17.0976,16.3567,13.3023,10.3631,8.36269,7.6922,8.23031,8.76761,8.73594,8.92134,8.97186,10.0694,10.8133,11.8012,13.0573,13.9324,14.6552,15.5836,16.2185,16.986,17.9363,18.7046,19.973,20.3622,21.2101,21.83,21.8024,21.919,20.6682,18.1883,17.2103,17.3609,17.9711,18.226,18.0086,18.4875,18.7257,18.6721,19.3978,18.7156,18.2976,17.904,17.2487
798,18.0527,18.6818,19.3577,20.5983,20.9607,21.869,21.4344,20.8153,20.2005,18.6301,18.3917,17.6869,16.9981,17.479,16.9566,17.1572,16.9379,17.2332,16.9499,16.164,13.1685,10.2066,8.27072,7.62458,8.19416,8.62572,8.61742,8.70337,8.86857,9.88399,10.6546,11.6692,12.802,13.7221,14.3833,15.361,15.8913,16.7209,17.4351,18.4904,19.4949,19.9299,20.8268,21.3512,21.1178,21.6496,20.1725,17.9005,17.0133,17.1498,17.7276,17.9487,17.6316,18.1502,18.4158,18.3925,18.8877,18.4573,17.9106,17.6334,17.0457
798.5,17.9266,18.4833,18.9397,20.2608,20.6087,21.3797,21.0457,20.8195,19.6023,18.598,18.2942,17.3405,16.8844,17.1157,16.8958,16.9518,16.636,16.987,16.6249,15.8948,12.9882,9.9953,8.15674,7.55585,8.04304,8.52995,8.54241,8.47473,8.79676,9.77302,10.5642,11.5054,12.5727,13.4413,14.1721,15.1334,15.6576,16.3437,17.171,18.3001,19.1268,19.6127,20.4262,21.0511,20.7515,21.3822,19.9394,17.6532,16.9378,16.9361,17.3681,17.662,17.4485,17.8403,18.1389,18.1372,18.5884,18.1713,17.5243,17.4312,16.6243
799,17.8859,18.2361,18.4882,19.9735,20.3379,21.1329,21.0231,20.4577,19.472,18.4847,18.0542,17.0507,16.5679,16.885,16.727,16.7885,16.417,16.6591,16.4058,15.6805,12.7365,9.74127,8.13035,7.45546,7.95211,8.47092,8.4527,8.26461,8.68684,9.64196,10.4401,11.3453,12.4887,13.1173,13.9556,14.9212,15.2572,15.9795,16.9335,18.1881,18.8339,19.404,20.1036,20.6394,20.3767,21.0351,19.585,17.4287,16.6178,16.825,16.9453,17.3985,17.3219,17.5289,17.8003,18.094,18.1942,17.7335,17.2213,17.1544,16.4474
799.5,17.6049,18.0774,18.0228,19.5227,20.0553,20.7599,20.744,20.0714,19.1592,18.331,17.8179,16.9919,16.2501,16.4946,16.739,16.5183,16.2781,16.2236,16.1593,15.483,12.5986,9.62534,8.06341,7.42915,7.83503,8.31213,8.32493,8.20212,8.61746,9.50016,10.3374,11.1241,12.3633,12.9737,13.7678,14.676,15.1018,15.6561,16.7755,18.0051,18.4744,19.1056,19.6582,20.4826,20.298,20.6797,19.3264,17.1452,16.3508,16.608,16.5754,17.1346,17.1613,17.269,17.4721,17.8406,18.1508,17.6289,16.9852,16.8987,16.1918
800,17.2734,17.7688,17.6407,19.1394,19.7808,20.4607,20.4986,19.7852,19.0831,18.0785,17.4854,16.7475,15.8094,16.1085,16.6357,16.1754,15.9677,15.9193,16.0897,15.2085,12.4026,9.56296,7.90848,7.30075,7.74787,8.17638,8.25138,8.13868,8.50596,9.28808,10.0929,10.9709,12.1419,12.8042,13.6248,14.4449,14.7683,15.3328,16.5751,17.7703,18.1796,18.7468,19.2713,20.1596,19.9696,20.3959,19.0223,16.9583,16.0476,16.3907,16.2109,16.9423,16.946,17.0662,17.1234,17.6937,17.7744,17.2559,16.6749,16.7173,16.0706
