TITLE,
DATA TYPE,FLUORESCENCE SPECTRUM
ORIGIN,JASCO
OWNER,
DATE,2023/08/04
TIME,11:14:41
SPECTROMETER/DATA SYSTEM,JASCO Corp., FP-8550, Rev. 1.00
DELTAX,0.5
XUNITS,NANOMETERS
YUNITS,INTENSITY
FIRSTX,  500.0000
LASTX,  800.0000
NPOINTS,     601
FIRSTY,    48.59645
MAXY,   322.55066
MINY,    10.79639
XYDATA
,350,355,360,365,370,375,380,385,390,395,400,405,410,415,420,425,430,435,440,445,450,455,460,465,470,475,480,485,490,495,500,505,510,515,520,525,530,535,540,545,550,555,560,565,570,575,580,585,590,595,600,605,610,615,620,625,630,635,640,645,650
500,48.5965,44.648,42.3154,39.6759,34.0479,31.4069,28.352,25.9191,26.6452,27.8771,26.8502,29.0581,27.3817,25.9038,26.1083,26.1305,24.2685,22.3221,20.3166,19.9411,20.5289,19.7606,18.9622,16.5199,15.0939,16.3788,24.9353,104.775,395.611,0,0,0,0,0,0,0,0,0,0,0,0,0,0,0,0,0,0,0,0,0,0,0,0,0,0,0,0,0,0,0,0
500.5,48.5204,44.5539,41.8462,39.5118,33.7678,31.0945,28.1868,25.9979,26.587,27.7236,26.9146,29.3236,27.3791,25.9355,26.2061,25.8243,24.1826,21.9977,20.4516,20.0187,20.7204,19.7674,18.8866,16.4542,15.0803,16.0124,23.0181,88.6462,364.181,0,0,0,0,0,0,0,0,0,0,0,0,0,0,0,0,0,0,0,0,0,0,0,0,0,0,0,0,0,0,0,0
501,47.9837,44.6105,41.531,39.21,33.4179,30.7674,27.6279,26.1108,26.4911,27.4956,27.1234,29.8815,27.3855,26.4876,26.4434,25.3961,23.9595,21.7275,20.551,20.1115,20.9853,19.8423,18.9804,16.6201,15.2006,15.7499,21.5512,75.3638,334.136,0,0,0,0,0,0,0,0,0,0,0,0,0,0,0,0,0,0,0,0,0,0,0,0,0,0,0,0,0,0,0,0
501.5,47.218,44.2958,40.8678,38.5697,33.265,30.8009,27.1728,26.1515,26.6341,27.2989,27.2872,29.97,27.4363,26.4607,26.8436,25.2256,24.0627,21.3887,20.6047,20.139,21.1022,20.2476,18.8734,16.897,15.3078,15.6783,20.3443,64.7196,303.844,0,0,0,0,0,0,0,0,0,0,0,0,0,0,0,0,0,0,0,0,0,0,0,0,0,0,0,0,0,0,0,0
502,46.4223,43.9524,40.4824,38.2229,33.3124,31.0506,26.883,25.8507,26.6923,27.2202,27.1832,29.751,27.4862,26.2197,27.406,25.3156,24.252,21.3317,20.5446,20.4975,21.209,20.7486,18.8322,17.0724,15.2392,15.643,19.3143,56.0112,270.224,0,0,0,0,0,0,0,0,0,0,0,0,0,0,0,0,0,0,0,0,0,0,0,0,0,0,0,0,0,0,0,0
502.5,45.8501,43.3276,39.9568,37.7085,33.5593,31.2632,26.9777,25.6509,26.7864,27.4407,26.961,29.478,27.4176,26.1393,27.7001,25.2442,24.6303,21.373,20.4363,20.4714,21.2278,21.0658,18.9647,17.3084,15.1691,15.5998,18.6453,48.9453,238.838,0,0,0,0,0,0,0,0,0,0,0,0,0,0,0,0,0,0,0,0,0,0,0,0,0,0,0,0,0,0,0,0
503,45.6014,42.5936,39.4746,38.162,33.7584,31.4015,27.4531,25.6247,26.7934,27.2506,26.4636,29.2156,27.4523,26.285,27.7942,25.4475,24.7686,21.6607,20.6536,20.2721,21.2075,21.407,19.0931,17.473,15.1674,15.4103,18.0976,42.3889,211.155,0,0,0,0,0,0,0,0,0,0,0,0,0,0,0,0,0,0,0,0,0,0,0,0,0,0,0,0,0,0,0,0
503.5,45.5191,42.2099,39.2964,38.1131,33.9149,31.3701,27.9346,25.7908,26.768,27.3001,25.9926,29.1427,27.6236,26.7737,27.2829,25.61,24.8592,22.303,20.5544,20.1751,21.0119,21.4846,18.982,17.6169,15.2313,15.3067,17.6755,36.834,187.376,0,0,0,0,0,0,0,0,0,0,0,0,0,0,0,0,0,0,0,0,0,0,0,0,0,0,0,0,0,0,0,0
504,45.4865,42.1679,39.2271,38.2815,34.0001,31.4771,28.3415,26.0628,26.7787,27.3187,25.8466,29.2372,28.0623,27.0836,27.0892,25.7339,24.8955,23.0178,20.4272,20.201,20.8339,21.5279,19.0214,17.7907,15.4855,15.238,17.3089,32.2849,163.426,0,0,0,0,0,0,0,0,0,0,0,0,0,0,0,0,0,0,0,0,0,0,0,0,0,0,0,0,0,0,0,0
504.5,45.5989,42.3038,39.3145,38.3998,34.2309,31.6001,28.253,26.316,26.7636,27.6156,25.9092,29.3898,28.4528,27.1376,27.097,25.6213,24.8192,23.7625,20.8181,20.1021,20.8271,21.1591,19.0103,17.8517,15.5844,15.1829,16.9403,28.7263,141.357,0,0,0,0,0,0,0,0,0,0,0,0,0,0,0,0,0,0,0,0,0,0,0,0,0,0,0,0,0,0,0,0
505,45.7606,42.2059,39.2264,38.5287,34.5321,30.9849,27.9973,26.4176,26.7852,27.4675,26.6201,29.5976,28.7262,27.1942,27.4571,25.4827,24.6293,24.2808,21.2292,20.3992,20.9538,20.9787,19.2553,17.852,15.7553,15.064,16.778,26.1903,122.962,407.189,0,0,0,0,0,0,0,0,0,0,0,0,0,0,0,0,0,0,0,0,0,0,0,0,0,0,0,0,0,0,0
505.5,45.8085,41.9329,38.8651,38.6759,34.6542,30.7371,27.7657,26.1293,26.8836,27.09,27.1397,29.5646,28.6013,27.5296,27.5071,25.7497,24.7389,24.5405,21.7039,20.6011,21.0124,21.0139,19.4862,17.8756,15.9849,14.8388,16.6935,24.1116,105.59,376.949,0,0,0,0,0,0,0,0,0,0,0,0,0,0,0,0,0,0,0,0,0,0,0,0,0,0,0,0,0,0,0
506,45.608,41.5722,38.5998,38.3632,34.6521,30.0958,27.7626,25.9552,26.7939,26.9284,27.6359,29.7361,28.5869,27.793,27.3498,26.5986,24.8051,24.5836,21.8374,21.3165,21.3957,21.3292,19.5192,17.8674,16.168,14.7114,16.5166,22.6641,90.8907,346.553,0,0,0,0,0,0,0,0,0,0,0,0,0,0,0,0,0,0,0,0,0,0,0,0,0,0,0,0,0,0,0
506.5,45.0152,41.5803,38.2533,38.1471,34.6742,29.8203,27.7476,25.4928,26.7971,27.2724,27.9128,29.9244,28.4595,27.8347,27.0095,27.5468,24.8885,24.3801,21.7734,21.6094,21.4489,21.5787,19.4658,17.9468,16.3258,14.6774,16.2386,21.2204,78.0154,316.372,0,0,0,0,0,0,0,0,0,0,0,0,0,0,0,0,0,0,0,0,0,0,0,0,0,0,0,0,0,0,0
507,44.4126,41.8769,38.0608,38.0779,34.8049,29.9661,27.6801,25.4629,26.9806,27.8538,28.0815,30.0928,28.2371,27.5853,26.7905,27.9207,24.9223,24.2612,21.8372,21.6903,21.7503,21.9211,19.5787,17.8682,16.2378,14.7045,15.9508,20.2216,67.2065,287.556,0,0,0,0,0,0,0,0,0,0,0,0,0,0,0,0,0,0,0,0,0,0,0,0,0,0,0,0,0,0,0
507.5,43.9819,41.7194,37.9798,38.4551,34.98,29.8989,27.5262,25.5279,27.1763,28.2075,27.9969,29.9365,27.7629,27.3862,26.7398,27.7933,24.9426,24.1808,21.8576,21.5807,21.8826,21.8176,19.7692,17.6753,16.0916,14.714,15.7902,19.2024,58.1398,257.342,0,0,0,0,0,0,0,0,0,0,0,0,0,0,0,0,0,0,0,0,0,0,0,0,0,0,0,0,0,0,0
508,43.6663,41.3957,38.1323,38.7308,35.1307,29.8919,27.5167,25.6059,27.5629,28.2363,28.3882,29.5913,27.43,27.3099,26.9788,27.4142,25.0387,24.3788,22.019,21.2662,21.9891,21.9124,20.0217,17.511,16.1244,14.7302,15.7316,18.5067,49.8935,226.413,0,0,0,0,0,0,0,0,0,0,0,0,0,0,0,0,0,0,0,0,0,0,0,0,0,0,0,0,0,0,0
508.5,43.481,40.6321,38.1817,38.5391,34.9427,29.7707,27.4443,25.9187,27.7958,28.1401,28.5372,29.3041,27.4174,27.2867,27.2174,27.2142,25.2555,24.3625,22.2363,20.9908,21.8749,21.7394,20.0743,17.5961,16.3282,14.5749,15.587,17.9316,42.9709,199.524,0,0,0,0,0,0,0,0,0,0,0,0,0,0,0,0,0,0,0,0,0,0,0,0,0,0,0,0,0,0,0
509,43.3086,40.2277,38.0522,38.2928,34.7854,29.6978,27.5671,25.6591,28.0517,27.9794,28.8518,29.2443,27.517,27.1828,27.199,27.5062,25.7991,24.1614,22.5403,20.3998,21.7054,21.6772,20.2031,17.5795,16.5439,14.5005,15.3492,17.5788,36.9362,173.396,0,0,0,0,0,0,0,0,0,0,0,0,0,0,0,0,0,0,0,0,0,0,0,0,0,0,0,0,0,0,0
509.5,43.385,40.2327,37.5575,37.5749,34.5659,29.7418,27.4689,25.5941,27.9265,27.7821,28.6961,29.2016,27.8429,27.1938,27.0579,27.5448,26.234,23.9205,22.8648,20.0678,21.5058,21.7285,20.1023,17.5784,16.5956,14.2587,15.1836,17.3772,32.0398,150.821,0,0,0,0,0,0,0,0,0,0,0,0,0,0,0,0,0,0,0,0,0,0,0,0,0,0,0,0,0,0,0
510,43.2542,40.3126,36.8515,37.0388,34.5498,29.9058,27.5664,25.4891,27.5297,27.7457,28.6963,29.2482,28.0646,27.3913,27.1543,27.3671,26.4752,23.9772,22.9464,19.7488,21.4218,21.9834,19.8494,17.506,16.518,14.0983,15.1443,17.1423,28.2436,130.379,445.209,0,0,0,0,0,0,0,0,0,0,0,0,0,0,0,0,0,0,0,0,0,0,0,0,0,0,0,0,0,0
510.5,43.1615,40.5905,36.2434,36.5072,34.8977,30.274,27.6986,25.518,27.274,27.6584,28.8565,29.1366,28.3857,28.031,27.334,26.9464,26.2849,24.3496,23.0304,19.6306,21.4541,22.2442,19.8413,17.4078,16.2485,14.2143,15.2451,16.9892,25.3923,112.367,409.226,0,0,0,0,0,0,0,0,0,0,0,0,0,0,0,0,0,0,0,0,0,0,0,0,0,0,0,0,0,0
511,43.0921,40.4384,35.926,36.2543,34.6813,30.6647,27.8038,25.705,27.2047,27.9149,28.6135,29.126,28.771,28.4083,27.2172,26.5201,25.978,24.8153,23.0411,19.825,21.6315,22.4746,19.8592,17.4846,15.9998,14.5699,15.2721,16.8437,23.214,95.774,371.019,0,0,0,0,0,0,0,0,0,0,0,0,0,0,0,0,0,0,0,0,0,0,0,0,0,0,0,0,0,0
511.5,43.0159,40.2703,36.1738,36.3009,34.0776,30.7232,27.6781,25.6313,27.589,27.8854,28.3949,29.1125,29.0003,28.8768,27.4221,26.3916,25.7837,24.9883,22.8084,20.3399,21.9944,22.4431,19.9998,17.4042,15.6943,14.9638,15.0931,16.6592,21.2805,81.0205,336.048,0,0,0,0,0,0,0,0,0,0,0,0,0,0,0,0,0,0,0,0,0,0,0,0,0,0,0,0,0,0
512,43.0783,39.884,36.6576,36.6037,33.6743,30.7924,27.5736,25.5088,27.7303,27.9627,28.2145,29.2968,29.1558,29.0493,27.694,26.4163,25.7771,25.1131,22.894,21.1977,22.2182,22.5,20.0422,17.4472,15.5857,15.2588,14.8038,16.3922,19.8683,69.2957,303.799,0,0,0,0,0,0,0,0,0,0,0,0,0,0,0,0,0,0,0,0,0,0,0,0,0,0,0,0,0,0
512.5,43.094,39.627,37.1085,36.7716,33.5965,30.8349,27.5017,25.5362,27.6376,27.5937,28.2104,29.4337,29.2486,29.1788,28.2927,26.7508,25.967,25.058,22.8971,21.7765,22.2535,22.6552,20.2182,17.6645,15.5981,15.2958,14.5526,16.0104,18.88,59.1524,273.699,0,0,0,0,0,0,0,0,0,0,0,0,0,0,0,0,0,0,0,0,0,0,0,0,0,0,0,0,0,0
513,42.7811,39.6539,37.0607,36.9759,33.6942,30.8368,27.5131,25.6902,27.2599,27.3683,28.5963,29.4423,29.0528,29.179,28.2989,27.0073,26.1315,25.1714,22.8304,21.8453,22.0253,22.7167,20.3818,17.8948,15.581,15.2391,14.3689,15.6788,18.156,51.2482,245.81,0,0,0,0,0,0,0,0,0,0,0,0,0,0,0,0,0,0,0,0,0,0,0,0,0,0,0,0,0,0
513.5,42.4295,39.6311,37.1463,36.9416,33.7002,30.8224,27.5393,25.8524,27.1159,27.2853,29.0699,29.2134,28.8689,29.2132,28.1617,27.195,25.9459,25.0966,22.8903,21.6131,22.128,22.739,20.4822,18.1061,15.6526,15.0867,14.2959,15.448,17.5406,44.3934,218.494,0,0,0,0,0,0,0,0,0,0,0,0,0,0,0,0,0,0,0,0,0,0,0,0,0,0,0,0,0,0
514,42.0341,39.9823,36.9947,37.0556,33.3671,30.7332,27.6108,25.6748,27.1807,27.3164,29.5807,28.9434,28.6,29.1062,28.0239,27.4146,25.8737,24.7945,22.9546,21.6106,22.2142,22.6669,20.5846,18.1616,15.629,15.0879,14.2823,15.2422,17.1414,38.434,192.793,0,0,0,0,0,0,0,0,0,0,0,0,0,0,0,0,0,0,0,0,0,0,0,0,0,0,0,0,0,0
514.5,41.6279,40.0376,36.9845,37.1661,33.4496,30.5183,27.4503,25.5519,27.4352,27.8792,29.9076,28.9824,28.431,29.11,27.9367,27.6501,25.8111,24.6065,22.9295,21.6964,22.3315,22.6632,20.3288,18.0049,15.748,15.1994,14.3568,15.2076,16.8515,33.5242,169.69,0,0,0,0,0,0,0,0,0,0,0,0,0,0,0,0,0,0,0,0,0,0,0,0,0,0,0,0,0,0
515,41.5071,39.8765,36.8026,36.9401,33.7001,30.0452,27.203,25.2284,27.7294,28.1332,30.0403,29.0574,28.349,29.0713,28.0671,27.9395,25.8697,24.2834,22.854,22.0322,22.1769,22.4986,20.2252,17.8199,15.8878,15.266,14.4395,14.9074,16.6488,29.3285,148.709,480.416,0,0,0,0,0,0,0,0,0,0,0,0,0,0,0,0,0,0,0,0,0,0,0,0,0,0,0,0,0
515.5,41.469,39.2579,36.5972,36.6244,33.7838,29.5231,26.9343,24.9863,27.4581,28.1442,30.0637,29.1903,28.5012,28.5052,28.0616,28.0843,25.7759,24.2947,22.748,22.3156,22.2799,22.6415,20.1196,17.7544,16.0141,15.2862,14.5975,14.731,16.3321,26.0581,129.434,438.194,0,0,0,0,0,0,0,0,0,0,0,0,0,0,0,0,0,0,0,0,0,0,0,0,0,0,0,0,0
516,41.4788,38.5002,36.155,36.2542,33.778,29.196,26.8299,24.7671,27.1363,28.1475,29.9668,29.1492,28.6023,28.4755,27.8494,28.0493,25.4957,24.3346,22.8309,22.8322,22.4113,22.6476,20.0483,17.6705,16.075,15.1761,14.7056,14.6762,16.1086,23.34,111.27,398.586,0,0,0,0,0,0,0,0,0,0,0,0,0,0,0,0,0,0,0,0,0,0,0,0,0,0,0,0,0
516.5,41.2171,37.9467,35.4097,36.0932,33.4691,29.4119,26.9752,24.6109,26.5523,28.0885,29.707,28.9094,28.6095,28.3591,27.7755,27.8842,25.2356,24.3826,22.919,22.9488,22.6792,22.8748,19.8814,17.738,16.0493,14.9952,14.7433,14.6453,15.8994,21.3655,94.8535,362.323,0,0,0,0,0,0,0,0,0,0,0,0,0,0,0,0,0,0,0,0,0,0,0,0,0,0,0,0,0
517,40.3804,37.8263,34.7052,36.101,33.2442,29.7174,27.0068,24.6446,26.2678,28.0869,29.1074,28.9326,28.5052,28.4854,27.4278,27.8324,25.3131,24.5186,23.1886,22.969,22.7681,22.9797,20.078,17.9564,15.9957,14.7211,14.759,14.3598,15.7889,19.9482,80.6037,326.778,0,0,0,0,0,0,0,0,0,0,0,0,0,0,0,0,0,0,0,0,0,0,0,0,0,0,0,0,0
517.5,39.858,37.7247,34.4683,35.9438,33.1397,29.6039,26.8624,24.7445,26.0706,28.0516,28.4758,29.1294,28.2147,28.2475,27.1876,27.6387,25.3225,24.6088,23.1403,22.7156,22.7159,23.068,20.3789,18.1254,15.9343,14.3784,14.6022,14.0767,15.6315,18.8995,68.2896,294.033,0,0,0,0,0,0,0,0,0,0,0,0,0,0,0,0,0,0,0,0,0,0,0,0,0,0,0,0,0
518,39.5819,37.2877,34.4033,35.7458,33.0818,29.5807,26.6647,24.8667,26.1921,27.7846,28.0289,29.2621,27.855,28.0617,27.0129,27.6897,25.3184,24.7093,23.3434,22.5787,22.7464,23.039,20.64,18.1734,15.7433,14.0877,14.6017,13.8521,15.2932,18.0519,57.7411,260.72,0,0,0,0,0,0,0,0,0,0,0,0,0,0,0,0,0,0,0,0,0,0,0,0,0,0,0,0,0
518.5,39.8075,36.8078,34.4714,35.2617,33.1119,29.1977,26.4456,25.0504,26.3536,27.2498,27.8995,29.1654,27.5621,28.0027,26.9043,27.6619,25.3082,24.565,23.1754,22.3724,22.6645,23.0645,20.241,18.1797,15.3802,14.0393,14.6338,13.9095,15.0182,17.2421,49.0642,228.989,0,0,0,0,0,0,0,0,0,0,0,0,0,0,0,0,0,0,0,0,0,0,0,0,0,0,0,0,0
519,39.9555,36.4545,34.058,34.9715,33.0472,28.5339,26.4388,25.0671,26.6656,27.2281,27.6451,28.8983,27.4348,27.9663,26.7598,27.2051,25.4434,24.3991,23.1185,22.0456,22.5841,23.1735,19.8632,18.0794,15.129,13.9952,14.7556,13.9668,14.7236,16.6232,41.5428,200,0,0,0,0,0,0,0,0,0,0,0,0,0,0,0,0,0,0,0,0,0,0,0,0,0,0,0,0,0
519.5,39.8331,36.386,33.5298,34.2999,32.8657,28.1344,26.2526,24.8305,26.7164,27.1981,27.3232,28.5316,27.2014,27.4931,26.8845,26.1856,25.5332,24.0866,22.8782,21.6594,22.2455,23.1336,19.5731,17.9438,15.0406,14.036,14.6332,14.0464,14.3961,16.0929,35.7049,173.221,0,0,0,0,0,0,0,0,0,0,0,0,0,0,0,0,0,0,0,0,0,0,0,0,0,0,0,0,0
520,39.6707,36.5071,33.229,33.6843,32.8918,28.0656,25.8559,24.2311,26.7111,27.2114,26.9131,28.3037,27.3157,26.6948,27.1001,24.8324,25.7414,24.007,22.6519,21.2955,22.2971,22.94,19.6669,17.619,15.0558,13.8984,14.4381,14.1026,13.9627,15.7293,31.0336,151.031,521.661,0,0,0,0,0,0,0,0,0,0,0,0,0,0,0,0,0,0,0,0,0,0,0,0,0,0,0,0
520.5,39.2971,36.4141,33.1023,33.1838,32.4789,28.1589,25.412,23.4805,26.6375,27.3362,26.7025,28.0548,27.1925,26.2768,27.2124,24.0666,25.7077,23.8847,22.1094,21.0719,22.1465,22.5971,19.5006,17.4151,15.3105,13.8071,14.2299,14.0976,13.5808,15.3074,27.4056,131.846,473.485,0,0,0,0,0,0,0,0,0,0,0,0,0,0,0,0,0,0,0,0,0,0,0,0,0,0,0,0
521,38.6166,36.2542,33.1153,32.893,32.1507,28.1049,25.0716,22.9614,26.541,26.9372,26.6762,27.7836,26.9194,26.1905,27.0504,24.0656,25.7459,23.7279,21.793,20.9724,22.3741,22.1183,19.2538,17.2446,15.4083,13.7135,14.0789,14.1067,13.3071,14.9238,24.5481,116.079,425.218,0,0,0,0,0,0,0,0,0,0,0,0,0,0,0,0,0,0,0,0,0,0,0,0,0,0,0,0
521.5,38.1526,35.9078,32.6453,32.6337,31.8673,27.8593,24.9596,22.9611,26.2766,26.4465,26.8462,27.7747,26.3204,26.5274,26.8279,24.7603,25.8462,23.266,21.6377,20.8575,22.4744,22.0106,19.2188,17.1463,15.4203,13.6332,13.9254,14.1116,13.1334,14.6517,22.0875,99.8355,379.185,0,0,0,0,0,0,0,0,0,0,0,0,0,0,0,0,0,0,0,0,0,0,0,0,0,0,0,0
522,37.5196,35.4894,32.077,32.4227,31.5168,27.6156,24.8244,23.3986,25.8135,26.1391,27.1051,27.5157,26.2302,26.4901,26.6684,25.2437,25.6809,22.8046,21.6444,20.8539,22.4361,21.8914,19.3209,17.1217,15.1786,13.6129,13.7662,14.0849,12.9671,14.2507,20.0091,85.4576,338.829,0,0,0,0,0,0,0,0,0,0,0,0,0,0,0,0,0,0,0,0,0,0,0,0,0,0,0,0
522.5,37.0394,34.8765,31.4111,32.509,31.2138,27.425,24.4783,23.8341,25.3269,25.9806,27.1454,27.3827,26.3595,26.1997,26.3804,25.258,25.462,22.635,21.7135,20.8447,22.3006,21.5266,19.1321,17.1386,14.975,13.6056,13.5217,14.0045,12.857,13.8906,18.539,72.5873,301.601,0,0,0,0,0,0,0,0,0,0,0,0,0,0,0,0,0,0,0,0,0,0,0,0,0,0,0,0
523,36.6622,34.2026,30.9945,32.543,30.7065,27.269,24.2461,24.0961,24.9239,25.8123,27.0188,27.0494,26.5344,25.4237,26.1523,25.0321,25.1485,22.6307,21.6863,20.6563,21.999,21.2599,19.0491,17.3213,14.8532,13.5832,13.4241,13.793,12.7426,13.5813,17.5146,61.9469,267.381,0,0,0,0,0,0,0,0,0,0,0,0,0,0,0,0,0,0,0,0,0,0,0,0,0,0,0,0
523.5,36.3103,33.587,30.7475,32.6779,30.1438,27.1158,24.1399,23.9072,24.3755,25.2634,26.9867,26.7028,26.4367,25.0137,25.6699,25.0647,24.7457,22.6642,21.4983,20.4624,21.8123,21.1803,18.5995,17.2189,14.8172,13.3988,13.2524,13.5316,12.5851,13.3279,16.8038,52.8903,236.813,0,0,0,0,0,0,0,0,0,0,0,0,0,0,0,0,0,0,0,0,0,0,0,0,0,0,0,0
524,36.1429,33.2767,30.4395,32.4872,29.5446,26.9932,24.068,23.4292,24.2826,24.7917,26.8484,26.2796,26.2444,24.6756,25.829,24.9008,24.3051,22.4101,21.2916,20.234,21.4111,21.2906,18.1273,16.9029,14.8418,13.1592,13.1414,13.3522,12.4123,13.2096,16.1448,45.2217,208.116,0,0,0,0,0,0,0,0,0,0,0,0,0,0,0,0,0,0,0,0,0,0,0,0,0,0,0,0
524.5,35.7823,33.0503,30.3269,32.0086,29.1698,26.7198,24.0359,22.8001,24.0527,24.4341,26.8236,25.7048,25.7444,24.6483,25.5985,25.3473,23.8677,22.1142,21.2296,20.1052,21.1169,21.456,17.9876,16.7095,14.8939,12.9463,12.9492,13.2433,12.327,12.9925,15.3822,38.9343,182.582,0,0,0,0,0,0,0,0,0,0,0,0,0,0,0,0,0,0,0,0,0,0,0,0,0,0,0,0
525,35.2851,32.8935,29.7383,31.515,28.7274,26.0558,23.6997,22.2937,24.0468,24.2276,26.2823,25.3839,25.6202,24.8337,25.3623,25.438,23.5468,21.9669,21.161,20.0243,20.9908,21.6191,17.9473,16.5173,14.9045,12.8607,12.7107,13.2435,12.3026,12.765,14.7716,33.3393,159.19,503.878,0,0,0,0,0,0,0,0,0,0,0,0,0,0,0,0,0,0,0,0,0,0,0,0,0,0,0
525.5,34.62,32.6947,28.9845,30.9148,28.5694,25.411,23.2648,22.0845,23.8137,24.2693,25.5323,25.0911,25.4792,24.7596,24.9021,25.6321,23.3694,21.8292,20.8162,20.0905,20.7086,21.6362,17.9187,16.4539,14.7954,12.9069,12.4152,13.169,12.4295,12.5423,14.3964,28.7808,140.073,465.465,0,0,0,0,0,0,0,0,0,0,0,0,0,0,0,0,0,0,0,0,0,0,0,0,0,0,0
526,33.9643,32.4342,28.547,30.3907,28.0119,24.8292,22.9104,21.8987,23.5155,23.9256,24.8457,25.0457,25.4143,24.6976,24.4787,25.176,23.0957,21.7084,20.6764,20.0623,20.6141,21.5733,17.942,16.4344,14.7197,12.864,12.1693,13.0391,12.2688,12.2963,14.1701,24.984,121.696,426.058,0,0,0,0,0,0,0,0,0,0,0,0,0,0,0,0,0,0,0,0,0,0,0,0,0,0,0
526.5,33.4841,32.2146,28.289,30.0117,27.4936,24.7243,22.5143,21.5325,23.1195,23.4768,24.3794,25.0109,25.2685,24.539,24.3399,24.5016,22.7773,21.4397,20.5903,19.9611,20.4323,21.4234,17.9798,16.4148,14.5486,12.8456,11.9742,12.7207,12.2031,12.1354,13.9766,22.0114,105.194,387.402,0,0,0,0,0,0,0,0,0,0,0,0,0,0,0,0,0,0,0,0,0,0,0,0,0,0,0
527,33.0606,31.8546,27.9203,29.4548,26.7876,24.4905,22.22,21.0183,22.7488,23.2056,24.3664,24.9161,24.9515,24.3275,24.172,23.6679,22.7541,20.973,20.5681,19.8048,20.4383,21.222,18.0993,16.3455,14.3478,12.6701,11.9008,12.4327,12.0975,11.9185,13.6768,20.0142,90.2654,346.038,0,0,0,0,0,0,0,0,0,0,0,0,0,0,0,0,0,0,0,0,0,0,0,0,0,0,0
527.5,32.7091,31.4378,27.5833,28.9189,26.3605,24.2323,21.9308,20.8471,22.5378,23.0297,24.2482,24.9015,24.7089,24.0479,24.1545,22.9833,23.0072,20.9036,20.2029,19.3148,20.1089,21.0127,18.0821,16.2915,14.1979,12.5462,11.6919,12.298,12.0748,11.6324,13.4058,18.5564,77.2378,306.331,0,0,0,0,0,0,0,0,0,0,0,0,0,0,0,0,0,0,0,0,0,0,0,0,0,0,0
528,32.3314,30.8783,27.0895,28.2973,26.1656,23.8944,21.7702,20.6486,22.3217,22.8434,24.0737,24.7011,24.4022,23.3128,24.0586,22.2724,23.3147,21.0504,19.789,19.1226,19.9941,20.8566,17.588,16.0557,13.9997,12.3963,11.5357,12.0999,12.042,11.5048,13.1112,17.669,65.7206,268.828,0,0,0,0,0,0,0,0,0,0,0,0,0,0,0,0,0,0,0,0,0,0,0,0,0,0,0
528.5,31.9874,30.2666,26.7812,27.9071,26.0158,23.4821,21.5534,20.4772,22.1822,22.7168,23.7443,24.5106,24.1595,22.8318,23.8362,21.8823,23.2944,21.0423,19.3291,18.8069,19.968,20.5605,17.5501,16.0155,13.873,12.2852,11.536,11.9748,11.9362,11.4058,12.8881,16.8974,55.703,236.831,0,0,0,0,0,0,0,0,0,0,0,0,0,0,0,0,0,0,0,0,0,0,0,0,0,0,0
529,31.4656,29.774,26.5196,27.4344,25.7568,23.226,21.3994,20.0791,22.0546,22.4383,23.29,24.332,23.8159,22.3725,23.5861,21.5843,22.7311,21.0631,19.1605,18.7948,20.0346,20.4336,17.5916,15.9596,13.741,12.2801,11.6416,11.762,11.95,11.4403,12.7376,16.1536,47.5132,207.751,0,0,0,0,0,0,0,0,0,0,0,0,0,0,0,0,0,0,0,0,0,0,0,0,0,0,0
529.5,31.0723,29.367,26.1301,26.8403,25.3826,22.9059,21.1262,19.6097,22.0219,22.0699,23.0189,24.0144,23.6387,22.3541,23.1548,21.4113,22.0084,20.6444,18.9535,18.6318,19.764,20.337,17.8411,15.836,13.7838,12.2206,11.8354,11.5735,11.9382,11.4558,12.4682,15.4033,40.5041,181.501,0,0,0,0,0,0,0,0,0,0,0,0,0,0,0,0,0,0,0,0,0,0,0,0,0,0,0
530,30.4263,28.8778,25.7345,26.3596,24.9013,22.6185,20.7738,19.3563,21.8524,21.4114,22.867,23.8036,23.3621,22.3299,22.74,21.6335,21.3774,20.1533,18.5512,18.5447,19.4756,20.2921,17.919,15.8056,13.794,12.2502,11.9053,11.3835,11.8673,11.426,12.2301,14.7468,35.0226,159.033,521.584,0,0,0,0,0,0,0,0,0,0,0,0,0,0,0,0,0,0,0,0,0,0,0,0,0,0
530.5,29.7847,28.4966,25.2629,25.9732,24.7089,22.5682,20.3972,19.0991,21.6312,21.1463,22.8894,23.6931,22.8374,22.1047,22.5826,21.7532,21.1072,19.6531,18.1341,18.1043,18.9626,20.2127,17.7243,15.5629,13.8882,12.1766,11.874,11.2306,11.7813,11.4166,11.9589,14.1343,30.3866,138.377,475.903,0,0,0,0,0,0,0,0,0,0,0,0,0,0,0,0,0,0,0,0,0,0,0,0,0,0
531,29.2078,28.0857,25.0984,25.7541,24.5069,22.4609,19.9477,18.9706,21.2882,20.9853,23.2436,23.5152,22.5107,21.9059,22.0222,22.0957,20.9857,19.2018,17.7798,17.785,18.6258,19.9969,17.6867,15.4483,13.7309,12.185,11.8476,11.1458,11.6312,11.385,11.6169,13.7673,26.7941,119.933,430.458,0,0,0,0,0,0,0,0,0,0,0,0,0,0,0,0,0,0,0,0,0,0,0,0,0,0
531.5,28.7304,27.8899,25.1194,25.5927,24.5682,22.2448,19.6191,19.0149,20.9209,21.242,23.438,23.3563,22.2381,21.5615,21.6075,22.2604,21.0547,19.0598,17.5918,17.5295,18.4078,19.834,17.6567,15.2955,13.616,12.1177,11.7734,11.2408,11.4562,11.3109,11.4954,13.4603,24.0154,103.792,383.652,0,0,0,0,0,0,0,0,0,0,0,0,0,0,0,0,0,0,0,0,0,0,0,0,0,0
532,28.5156,27.6845,25.1304,25.2899,24.6201,21.8498,19.281,19.0489,20.5047,21.3849,23.1326,22.9073,22.1362,21.2388,21.1949,22.1311,20.8542,18.9241,17.5696,17.1381,18.2123,19.614,17.698,15.3113,13.6032,12.0866,11.6143,11.2103,11.2724,11.2991,11.4,13.3262,21.788,89.5965,342.592,0,0,0,0,0,0,0,0,0,0,0,0,0,0,0,0,0,0,0,0,0,0,0,0,0,0
532.5,28.4579,27.4491,25.0688,25.1838,24.6705,21.3787,19.0537,19.0632,20.1818,21.3117,22.74,22.4827,22.1627,21.1045,21.0529,22.0715,20.4279,19.001,17.7027,16.7187,18.3305,19.4043,17.7457,15.1842,13.6957,12.0509,11.448,11.128,10.9987,11.3546,11.4717,13.2968,20.0221,77.791,304.199,0,0,0,0,0,0,0,0,0,0,0,0,0,0,0,0,0,0,0,0,0,0,0,0,0,0
533,28.3027,27.2466,25.0034,25.0517,24.2965,21.2192,18.929,18.9657,19.9085,21.1994,22.1726,21.9756,21.9063,20.9565,20.997,21.8802,20.087,18.8681,17.9501,16.4815,17.8594,19.2049,17.6461,15.1064,13.8066,11.9889,11.3402,10.9349,10.7749,11.3839,11.4857,13.2279,18.6606,67.4314,271.843,0,0,0,0,0,0,0,0,0,0,0,0,0,0,0,0,0,0,0,0,0,0,0,0,0,0
533.5,28.2893,26.7901,24.8186,24.8449,23.6763,21.1032,18.8205,18.8713,19.752,21.0109,21.754,21.6398,21.6015,20.8463,20.6545,21.5215,19.6878,18.5812,18.0501,16.5041,17.6591,18.9674,17.4887,14.9532,13.8899,11.9443,11.3288,10.7887,10.5606,11.5186,11.3994,13.068,17.5374,58.132,242.151,0,0,0,0,0,0,0,0,0,0,0,0,0,0,0,0,0,0,0,0,0,0,0,0,0,0
534,28.202,26.2872,24.4368,24.4434,23.0601,21.09,18.7396,18.7545,19.6707,20.7814,21.2429,21.2357,21.4048,20.6827,20.5613,21.1239,19.6952,18.4531,17.9894,16.51,17.6466,18.9933,17.2981,14.9348,13.7905,11.8839,11.3961,10.9164,10.532,11.455,11.2975,12.7704,16.7199,50.2457,213.219,0,0,0,0,0,0,0,0,0,0,0,0,0,0,0,0,0,0,0,0,0,0,0,0,0,0
534.5,27.9907,25.8717,23.7659,24.0206,22.6766,20.9594,18.6387,18.5376,19.5083,20.6784,20.6475,20.8049,20.9167,20.6253,20.3886,20.491,19.6207,18.4947,17.6936,16.5923,17.4897,18.9788,16.9841,14.8486,13.644,11.8705,11.4202,11.0539,10.5585,11.3722,11.2079,12.5036,16.2026,42.9965,185.91,0,0,0,0,0,0,0,0,0,0,0,0,0,0,0,0,0,0,0,0,0,0,0,0,0,0
535,27.6811,25.6272,23.1193,23.8036,22.6158,20.8288,18.5918,18.3068,19.4634,20.3856,20.1723,20.4141,20.4214,20.3018,20.3295,19.7475,19.3595,18.4937,17.3552,16.6317,17.4318,18.8675,16.8272,14.7477,13.5036,11.8884,11.4744,11.2507,10.6136,11.299,11.1581,12.2485,15.7744,37.1578,160.918,498.748,0,0,0,0,0,0,0,0,0,0,0,0,0,0,0,0,0,0,0,0,0,0,0,0,0
535.5,27.4919,25.6315,22.8722,23.7514,22.4552,20.6499,18.6756,18.0827,19.4287,20.1384,19.9145,20.1579,20.0384,20.0503,20.1213,19.2143,19.2809,18.5203,16.9905,16.5578,17.1561,18.5787,16.7036,14.6248,13.4358,11.9025,11.438,11.2512,10.5859,11.2308,11.125,12.1476,15.4679,32.3284,141.025,460.776,0,0,0,0,0,0,0,0,0,0,0,0,0,0,0,0,0,0,0,0,0,0,0,0,0
536,27.2678,25.2261,22.9043,23.6448,22.2527,20.308,18.7459,18.0023,19.3787,19.7396,19.9448,20.0449,19.7362,19.9207,19.8715,18.9848,19.066,18.304,16.7098,16.5264,17.1065,18.3628,16.5903,14.5683,13.6012,11.9765,11.3243,11.2541,10.5538,11.2343,11.1117,11.9968,15.2436,28.519,124.046,415.226,0,0,0,0,0,0,0,0,0,0,0,0,0,0,0,0,0,0,0,0,0,0,0,0,0
536.5,26.9695,24.7743,22.7019,23.3985,22.0049,19.9347,18.6885,18.0182,19.2156,19.3431,20.1388,20.0671,19.7048,20.0479,19.6209,19.06,18.7253,18.1128,16.5918,16.4813,17.1613,18.22,16.5227,14.6406,13.7306,12.0627,11.3422,11.2568,10.5418,11.2267,11.2593,11.9648,15.0546,25.5814,108.72,376.675,0,0,0,0,0,0,0,0,0,0,0,0,0,0,0,0,0,0,0,0,0,0,0,0,0
537,26.511,24.3965,22.3954,22.9953,21.7956,19.5016,18.7114,17.9299,18.9886,19.2845,20.4501,20.0159,19.6891,20.1078,19.8298,19.3367,18.1181,17.8976,16.5749,16.4367,17.0891,18.096,16.5325,14.6461,13.6076,12.2079,11.4004,11.2368,10.5186,11.2175,11.5136,11.8978,15.0655,22.9872,94.6301,338.724,0,0,0,0,0,0,0,0,0,0,0,0,0,0,0,0,0,0,0,0,0,0,0,0,0
537.5,26.0093,24.3353,21.9393,22.55,21.6485,19.1658,18.4458,17.7103,18.7619,19.1958,20.4704,20.103,19.6676,19.9902,19.7448,19.494,17.5478,17.7036,16.5426,16.353,17.1264,17.8915,16.6029,14.4868,13.5459,12.2875,11.5717,11.2266,10.4581,11.1674,11.717,11.8705,15.0207,21.3275,81.9796,303.768,0,0,0,0,0,0,0,0,0,0,0,0,0,0,0,0,0,0,0,0,0,0,0,0,0
538,25.7845,24.4551,21.8319,22.107,21.5205,18.87,18.3412,17.4254,18.6228,19.153,20.3492,20.1539,19.7849,19.8425,19.8905,19.4387,17.2157,17.542,16.4843,16.1835,17.0808,17.9061,16.5465,14.5286,13.4595,12.2636,11.6932,11.1609,10.3828,11.0347,11.7869,11.8571,14.8371,20.3325,71.7233,270.836,0,0,0,0,0,0,0,0,0,0,0,0,0,0,0,0,0,0,0,0,0,0,0,0,0
538.5,25.6029,24.4301,21.8103,21.9046,21.1626,18.438,18.0832,17.1717,18.4161,19.1902,19.9805,20.0586,19.619,19.6033,19.494,19.3691,17.2742,17.3303,16.4614,15.8776,17.076,17.7799,16.3536,14.5225,13.3167,12.1942,11.6587,11.0895,10.3796,10.9844,11.7874,11.8233,14.5277,19.6914,62.1512,237.711,0,0,0,0,0,0,0,0,0,0,0,0,0,0,0,0,0,0,0,0,0,0,0,0,0
539,25.6603,24.2023,21.8102,21.877,20.9278,18.2993,17.7102,17.0172,18.2923,19.1346,19.5468,19.8449,19.4196,19.3943,19.273,19.1756,17.361,17.2043,16.3908,15.6581,16.9058,17.7375,16.0436,14.6597,13.2276,12.0992,11.4418,11.0604,10.47,11.0225,11.7339,11.8236,14.328,18.9746,53.7866,208.777,0,0,0,0,0,0,0,0,0,0,0,0,0,0,0,0,0,0,0,0,0,0,0,0,0
539.5,25.428,23.7485,21.5876,21.8665,20.3088,18.2201,17.3496,17.0004,18.0094,19.1134,19.2665,19.3172,19.1712,18.8464,18.798,19.0168,17.3011,17.0347,16.4681,15.4082,16.7206,17.6079,15.9098,14.4603,13.2278,11.8966,11.357,11.0932,10.5333,11.1205,11.7317,11.8326,14.1299,18.4929,46.7241,184.146,0,0,0,0,0,0,0,0,0,0,0,0,0,0,0,0,0,0,0,0,0,0,0,0,0
540,25.1826,23.4317,21.3593,21.6326,20.0176,18.2165,17.0712,16.9312,17.77,18.9377,19.131,18.838,19.1044,18.1021,18.2809,18.9129,17.4511,16.7849,16.4894,15.3199,16.5858,17.5872,15.7791,14.3568,13.3171,11.6351,11.369,11.2654,10.5609,11.199,11.7031,11.9233,14.0542,18.1056,41.0176,162.572,498.618,0,0,0,0,0,0,0,0,0,0,0,0,0,0,0,0,0,0,0,0,0,0,0,0
540.5,24.8628,23.1727,21.2934,21.4224,19.7662,18.1505,16.9134,16.7959,17.4842,18.6382,19.2549,18.4978,19.0485,17.5182,17.8467,18.8318,17.4474,16.6086,16.3587,15.0372,16.4745,17.6137,15.8921,14.249,13.4599,11.62,11.6063,11.3942,10.6455,11.1049,11.8336,12.1187,14.0792,18.0425,36.6241,143.623,461.86,0,0,0,0,0,0,0,0,0,0,0,0,0,0,0,0,0,0,0,0,0,0,0,0
541,24.4994,22.971,21.3087,21.2478,19.9022,17.8387,16.983,16.2723,17.1684,18.4498,19.3693,18.2289,18.7212,17.3026,17.6613,18.6725,17.4148,16.3069,16.2525,14.7585,16.3641,17.6561,15.8786,14.2303,13.5665,11.6838,11.7535,11.4622,10.7938,11.1861,12.0129,12.4386,14.2337,17.8608,32.7348,127.744,424.457,0,0,0,0,0,0,0,0,0,0,0,0,0,0,0,0,0,0,0,0,0,0,0,0
541.5,24.3005,22.7785,21.3133,21.0918,20.0289,17.6119,17.1167,16.0719,16.9783,18.2838,19.5681,18.1348,18.2015,17.4572,17.625,18.4868,17.2406,16.0892,15.968,14.5269,16.3264,17.5887,15.6751,14.1278,13.5991,11.7684,11.6158,11.2886,10.8826,11.3166,12.3003,12.6625,14.397,17.9484,29.6727,113.862,385.212,0,0,0,0,0,0,0,0,0,0,0,0,0,0,0,0,0,0,0,0,0,0,0,0
542,24.2594,22.4951,21.1851,21.034,19.6161,17.4663,17.0934,16.0377,16.7662,18.1402,19.4368,18.13,17.782,17.63,17.5991,18.038,17.0816,16.0776,15.7301,14.304,16.2813,17.5927,15.4058,14.0982,13.7255,11.6562,11.4707,11.2113,10.9356,11.5625,12.4194,12.9431,14.4967,18.0261,27.6599,100.177,348.863,0,0,0,0,0,0,0,0,0,0,0,0,0,0,0,0,0,0,0,0,0,0,0,0
542.5,24.2508,22.1716,20.7775,21.0084,19.2505,17.3786,17.0119,16.1716,16.6526,17.8398,19.1655,18.078,17.6761,17.6254,17.6743,17.8126,16.7887,16.0177,15.5914,14.1517,16.1694,17.2847,15.293,14.0267,13.7087,11.5812,11.3499,11.098,11.0564,11.7526,12.3716,13.0977,14.6595,18.193,26.3505,87.1849,313.68,0,0,0,0,0,0,0,0,0,0,0,0,0,0,0,0,0,0,0,0,0,0,0,0
543,24.2115,21.768,20.5727,20.9426,18.8864,17.2202,16.6631,16.0557,16.8124,17.5496,18.7992,17.9313,17.6892,17.3784,17.5406,17.4636,16.5638,15.9409,15.4247,13.9994,16.0146,17.0764,15.2792,14.0089,13.6692,11.6786,11.3453,11.1206,11.1878,11.835,12.2623,13.2274,14.8215,18.2047,25.2587,75.7561,280.76,0,0,0,0,0,0,0,0,0,0,0,0,0,0,0,0,0,0,0,0,0,0,0,0
543.5,23.8043,21.4476,20.226,20.7054,18.8863,16.9151,16.3113,15.7574,16.8988,17.2667,18.3671,17.7576,17.5592,17.2847,17.2451,17.163,16.5958,15.7405,15.3266,13.9647,15.8984,16.7686,15.3625,13.9828,13.6494,11.9194,11.4266,11.2075,11.3399,11.96,12.2174,13.2954,15.0097,18.257,24.6107,66.1661,248.092,0,0,0,0,0,0,0,0,0,0,0,0,0,0,0,0,0,0,0,0,0,0,0,0
544,23.2472,21.407,19.976,20.213,19.1135,16.7821,16.0457,15.6127,16.9009,17.1516,17.9312,17.5715,17.2257,17.0675,17.0567,16.8365,16.5148,15.4508,15.1821,14.0002,15.7598,16.5219,15.2397,14.0012,13.6088,12.2651,11.5734,11.3299,11.4114,12.0215,12.3746,13.3276,15.1781,18.2666,24.0959,59.0543,220.177,0,0,0,0,0,0,0,0,0,0,0,0,0,0,0,0,0,0,0,0,0,0,0,0
544.5,22.7333,21.5308,19.6561,19.6978,19.2367,16.8884,15.9273,15.5166,16.7332,17.103,17.633,17.4184,16.9415,16.8811,17.0196,16.3278,16.5721,15.1664,15.0292,14.1656,15.5577,16.4216,15.1196,13.9541,13.4743,12.5014,11.6982,11.5065,11.4328,12.0525,12.6281,13.4808,15.2295,18.2542,23.8977,52.6717,197.405,0,0,0,0,0,0,0,0,0,0,0,0,0,0,0,0,0,0,0,0,0,0,0,0
545,22.419,21.6372,19.3159,19.4442,19.162,17.1339,15.8205,15.3983,16.5543,17.0441,17.3525,17.3197,16.715,16.7795,17.0346,15.8789,16.3319,14.9464,14.8448,14.191,15.3894,16.2396,15.0375,13.8135,13.3126,12.5625,11.8018,11.689,11.3854,12.0592,12.853,13.7539,15.4109,18.1587,23.8803,47.3084,175.775,497.078,0,0,0,0,0,0,0,0,0,0,0,0,0,0,0,0,0,0,0,0,0,0,0
545.5,22.2394,21.6272,19.0326,19.4187,18.9967,17.2837,15.7137,15.3199,16.2982,16.9071,17.2606,17.3083,16.5486,16.5619,16.7894,15.6432,15.9437,14.8671,14.4423,14.0673,15.1644,16.1604,14.9356,13.7305,13.1982,12.6188,11.9061,11.842,11.4336,12.14,13.1832,14.0411,15.6622,18.219,23.9474,42.9574,155.722,455.088,0,0,0,0,0,0,0,0,0,0,0,0,0,0,0,0,0,0,0,0,0,0,0
546,22.2618,21.1854,18.8338,19.6786,18.9443,17.1246,15.5776,15.2596,16.2248,16.5802,17.2389,17.1713,16.4842,16.3891,16.4875,15.4752,15.7625,14.8308,14.0405,14.1367,14.9933,15.8237,14.8041,13.5737,13.1796,12.5286,12.002,11.8947,11.5507,12.1618,13.4207,14.2876,15.9589,18.4687,23.9312,39.5101,136.797,418.771,0,0,0,0,0,0,0,0,0,0,0,0,0,0,0,0,0,0,0,0,0,0,0
546.5,22.3181,20.7514,18.486,19.6928,18.8945,16.6928,15.5243,15.2794,16.0638,16.1897,17.2897,16.9117,16.3189,16.24,16.3644,15.4034,15.5122,14.563,13.6526,14.0826,14.7759,15.7241,14.4802,13.5785,13.1707,12.5089,12.1098,11.9352,11.6556,12.2092,13.6926,14.501,16.231,18.8113,23.7566,36.3647,120.519,383.625,0,0,0,0,0,0,0,0,0,0,0,0,0,0,0,0,0,0,0,0,0,0,0
547,22.1666,20.242,17.7604,19.5864,18.6294,16.3183,15.3369,15.2873,15.8579,15.9369,17.2347,16.7885,16.213,15.9971,16.3733,15.2733,15.1831,14.3043,13.5259,14.0803,14.6825,15.6478,14.2543,13.5396,13.0454,12.4624,12.2997,11.912,11.8237,12.3325,13.9546,14.6983,16.5377,18.954,23.6426,33.8082,107.402,351.537,0,0,0,0,0,0,0,0,0,0,0,0,0,0,0,0,0,0,0,0,0,0,0
547.5,21.806,20.0932,17.3157,19.2544,18.1536,16.235,15.0379,15.1135,15.6898,15.9269,17.006,16.7012,16.0028,15.8165,16.2708,15.2934,14.8937,14.1614,13.4425,13.9441,14.5932,15.6328,14.258,13.5081,12.8365,12.3267,12.3383,12.0471,11.9789,12.6199,14.0078,14.7635,16.8367,19.0227,23.6917,32.0204,96.0729,321.564,0,0,0,0,0,0,0,0,0,0,0,0,0,0,0,0,0,0,0,0,0,0,0
548,21.2316,19.9663,16.8736,18.9911,17.8929,16.3372,14.813,14.7225,15.4681,15.9704,16.7805,16.641,15.8109,15.4803,16.1651,15.4403,14.6979,14.0518,13.4061,13.6933,14.5725,15.4698,14.3845,13.4642,12.8018,12.1466,12.2704,12.3184,12.1139,13.0039,14.1691,14.8556,17.2657,19.1408,24.0246,30.7663,86.2431,293.067,0,0,0,0,0,0,0,0,0,0,0,0,0,0,0,0,0,0,0,0,0,0,0
548.5,20.6943,19.8734,16.9198,18.7809,17.6644,16.491,14.6535,14.3982,15.4003,15.7553,16.5764,16.4474,15.5455,15.0322,15.9922,15.648,14.537,14.1563,13.4973,13.5173,14.6239,15.2853,14.4284,13.4123,12.8429,12.0702,12.1866,12.5258,12.1613,13.2281,14.292,15.0431,17.6889,19.4269,24.3291,29.9767,76.8672,262.62,0,0,0,0,0,0,0,0,0,0,0,0,0,0,0,0,0,0,0,0,0,0,0
549,20.3875,19.6549,17.1474,18.6802,17.7037,16.5354,14.8222,14.2709,15.155,15.5769,16.4221,16.1516,15.4352,14.5945,15.7329,15.6072,14.6302,13.9906,13.5434,13.3647,14.4388,15.0698,14.3338,13.3264,12.9355,12.0736,12.1673,12.6254,12.0907,13.2435,14.3656,15.2549,17.7941,19.7847,24.5107,29.3022,68.7663,232.935,0,0,0,0,0,0,0,0,0,0,0,0,0,0,0,0,0,0,0,0,0,0,0
549.5,20.2573,19.552,17.4646,18.5318,17.4561,16.3764,14.9321,14.2535,14.993,15.4031,16.2536,16.0915,15.4052,14.4038,15.3879,15.309,14.6562,13.7292,13.5645,13.1663,14.3563,15.0227,14.2055,13.1805,12.9491,12.118,12.279,12.6034,12.066,13.1681,14.4866,15.4486,17.9116,20.1758,24.615,28.5644,62.0884,206.533,0,0,0,0,0,0,0,0,0,0,0,0,0,0,0,0,0,0,0,0,0,0,0
550,20.2733,19.5304,17.7165,18.2559,17.3956,16.2183,14.994,14.2399,14.7095,15.3431,16.099,16.0632,15.2437,14.3416,14.9601,14.8802,14.6626,13.4199,13.4772,12.9909,14.2402,14.8792,14.1757,13.0046,12.9681,12.1636,12.4178,12.5745,12.1077,13.1566,14.5177,15.6311,17.9907,20.4922,24.4864,28.0148,56.9554,185.716,494.908,0,0,0,0,0,0,0,0,0,0,0,0,0,0,0,0,0,0,0,0,0,0
550.5,20.3237,19.63,17.6312,17.9628,17.284,15.9226,14.867,14.0515,14.5482,15.25,16.0459,16.0398,15.1084,14.4699,14.5518,14.5307,14.5968,13.2678,13.219,12.7954,14.1681,14.7114,14.0421,12.888,12.8725,12.2422,12.5713,12.6631,12.2166,13.2989,14.6547,15.7103,18.4217,20.6658,24.4682,27.494,52.7747,167.209,456.064,0,0,0,0,0,0,0,0,0,0,0,0,0,0,0,0,0,0,0,0,0,0
551,20.2967,19.6435,17.3532,17.7543,16.9873,15.6045,14.7524,13.8216,14.4848,15.0077,16.0822,15.9473,14.9493,14.4789,14.5011,14.3676,14.403,13.2518,13.0734,12.6866,13.9669,14.5611,13.9715,12.764,12.8377,12.3529,12.6288,12.7853,12.3969,13.3843,15.0142,15.8374,18.8219,21.0345,24.4634,27.6235,48.8533,149.502,423.38,0,0,0,0,0,0,0,0,0,0,0,0,0,0,0,0,0,0,0,0,0,0
551.5,20.2952,19.4564,17.0417,17.6724,16.9153,15.1739,14.6043,13.7066,14.4743,14.7545,16.0756,15.7921,14.7575,14.237,14.3969,14.3936,14.2448,13.3304,12.8755,12.5258,13.5777,14.525,13.8537,12.6507,12.668,12.4987,12.5229,12.8876,12.5047,13.4779,15.32,16.009,19.1644,21.3177,24.5706,27.8184,45.4562,132.695,390.597,0,0,0,0,0,0,0,0,0,0,0,0,0,0,0,0,0,0,0,0,0,0
552,20.1536,19.1222,16.9439,17.5784,16.695,14.8241,14.3927,13.6294,14.4997,14.5273,15.9275,15.5914,14.5669,14.0504,14.3977,14.3542,14.0778,13.2236,12.7144,12.4225,13.3819,14.3827,13.7324,12.5755,12.7475,12.5266,12.3605,12.9135,12.6314,13.4756,15.4661,16.2757,19.4778,21.4855,25.0321,28.3744,42.6095,117.649,358.455,0,0,0,0,0,0,0,0,0,0,0,0,0,0,0,0,0,0,0,0,0,0
552.5,20.0405,18.76,17.0436,17.4767,16.5084,14.6425,14.2061,13.5059,14.3668,14.2715,15.6258,15.4591,14.4019,13.8927,14.2632,14.2994,13.863,12.9352,12.4504,12.2424,13.0732,14.1475,13.5964,12.4119,12.6718,12.4685,12.1508,12.94,12.6538,13.4991,15.4391,16.5612,19.6779,21.5303,25.3427,28.635,40.3405,105.095,323.685,0,0,0,0,0,0,0,0,0,0,0,0,0,0,0,0,0,0,0,0,0,0
553,19.7132,18.4914,16.8818,17.3467,16.3477,14.6006,14.0716,13.3125,14.2558,14.1597,15.2466,15.3013,14.2201,13.7864,13.9444,14.1904,13.5896,12.6434,12.1873,12.0535,12.98,13.9497,13.2783,12.2337,12.648,12.4088,12.058,13.0044,12.656,13.4916,15.3648,16.6757,19.9158,21.7534,25.5764,28.7481,38.6405,94.3412,290.868,0,0,0,0,0,0,0,0,0,0,0,0,0,0,0,0,0,0,0,0,0,0
553.5,19.3666,18.3751,16.5462,17.189,16.0362,14.6676,13.9443,13.1983,14.0487,14.2106,15.0147,15.2158,13.9943,13.7805,13.7331,14.0236,13.3674,12.4257,12.0466,11.8021,12.8359,13.8522,13.0104,12.1016,12.4648,12.3885,12.1037,13.0282,12.6753,13.5978,15.2623,16.8214,20.03,22.1486,25.7336,28.6395,37.6029,84.9996,256.421,0,0,0,0,0,0,0,0,0,0,0,0,0,0,0,0,0,0,0,0,0,0
554,18.8611,18.2545,16.2368,16.9016,15.6537,14.7638,13.8925,13.0838,13.916,14.3176,14.8793,15.1375,13.7085,13.7168,13.5272,13.8742,13.2033,12.2907,11.8871,11.7496,12.741,13.7991,12.8637,12.0179,12.2235,12.2803,12.183,13.0456,12.7929,13.7445,15.268,16.7825,20.2054,22.3916,25.795,28.5512,37.0276,77.2143,228.082,0,0,0,0,0,0,0,0,0,0,0,0,0,0,0,0,0,0,0,0,0,0
554.5,18.6062,18.0617,16.0103,16.519,15.5169,14.6635,13.8371,13.144,13.7108,14.3025,14.8036,15.0594,13.5039,13.7326,13.3205,13.6662,13.1501,12.1467,11.6204,11.5643,12.6527,13.8172,12.7236,11.8881,12.0947,12.0974,12.1985,13.0438,12.9467,13.857,15.1443,16.7569,20.3592,22.5482,25.8578,28.3137,36.68,70.398,203.5,0,0,0,0,0,0,0,0,0,0,0,0,0,0,0,0,0,0,0,0,0,0
555,18.5224,17.8167,16.0277,16.2366,15.4225,14.4994,13.7577,13.2582,13.7336,14.1556,14.7083,14.967,13.4644,13.6031,13.1884,13.5279,12.9649,12.0539,11.2945,11.4614,12.4887,13.6842,12.7247,11.7791,11.969,12.0558,12.2619,13.0812,13.1578,13.9057,14.8632,16.7866,20.4932,22.7615,25.9776,27.9545,36.6029,65.0859,185.578,480.94,0,0,0,0,0,0,0,0,0,0,0,0,0,0,0,0,0,0,0,0,0
555.5,18.3572,17.5431,16.0008,16.1091,15.4553,14.2586,13.5895,13.3154,13.6243,14.0156,14.5387,14.5893,13.3354,13.5576,13.1098,13.3065,12.8123,11.8082,10.9326,11.2527,12.3449,13.5673,12.7102,11.6481,11.9265,12.0962,12.3157,13.1497,13.2225,13.9324,14.724,16.9914,20.5395,22.9019,26.1489,27.7481,36.6076,60.5371,169.359,444.494,0,0,0,0,0,0,0,0,0,0,0,0,0,0,0,0,0,0,0,0,0
556,18.159,17.4092,15.9119,16.1151,15.4061,13.9869,13.3385,13.1093,13.4922,13.8765,14.4499,14.3289,13.1378,13.4844,12.9931,13.0666,12.517,11.5503,10.7455,11.1691,12.2562,13.2891,12.7861,11.5929,11.8004,12.192,12.351,13.1918,13.1755,13.9497,14.6903,17.2796,20.601,23.2322,26.4732,28.1017,36.742,56.949,154.62,406.978,0,0,0,0,0,0,0,0,0,0,0,0,0,0,0,0,0,0,0,0,0
556.5,17.868,17.1803,15.6711,16.0002,15.1701,13.8894,13.0468,12.826,13.2347,13.7103,14.2146,14.0326,12.8141,13.2498,12.8984,12.6924,12.3047,11.3278,10.7046,11.1118,12.1301,12.9981,12.8821,11.4754,11.6829,12.2129,12.2905,13.1606,13.0079,14.0262,15.0216,17.5967,20.7245,23.6063,26.7738,28.7011,36.789,54.1269,141.186,377.258,0,0,0,0,0,0,0,0,0,0,0,0,0,0,0,0,0,0,0,0,0
557,17.7151,17.005,15.4301,15.8056,15.0024,13.72,12.999,12.5998,13.0081,13.4757,13.9472,13.7524,12.5465,12.9211,12.5952,12.3543,12.117,11.2022,10.6452,11.0325,12.0791,12.6914,12.7847,11.4618,11.6325,12.1531,12.271,13.1605,12.8237,13.9648,15.492,17.6888,21.0602,23.971,26.8887,29.2227,36.4943,51.9376,129.111,347.439,0,0,0,0,0,0,0,0,0,0,0,0,0,0,0,0,0,0,0,0,0
557.5,17.7164,16.7921,15.1974,15.5556,15.0806,13.5905,13.0659,12.4199,12.8226,13.2532,13.7345,13.5455,12.3818,12.5736,12.1966,12.1295,11.9421,11.122,10.6764,10.8942,11.9049,12.4502,12.6761,11.433,11.6066,12.0556,12.2338,13.2132,12.7968,13.9492,15.8063,17.6952,21.254,24.4879,27.1529,29.6127,36.3026,49.929,117.478,317.115,0,0,0,0,0,0,0,0,0,0,0,0,0,0,0,0,0,0,0,0,0
558,17.6063,16.6657,14.8766,15.3087,15.0574,13.5119,13.2188,12.193,12.7304,13.0542,13.5518,13.2744,12.3715,12.4552,12.0174,11.9151,11.859,10.8761,10.6474,10.6183,11.7584,12.2902,12.4727,11.3905,11.5289,11.9629,12.2185,13.3208,12.9459,13.8865,15.9888,17.7813,21.293,24.7425,27.3482,29.76,36.0803,47.8647,106.869,286.846,0,0,0,0,0,0,0,0,0,0,0,0,0,0,0,0,0,0,0,0,0
558.5,17.4562,16.5936,14.5723,15.196,14.9136,13.3391,13.2741,12.0484,12.8034,12.857,13.4437,13.1677,12.4432,12.4673,11.9042,11.8229,11.7122,10.6245,10.5263,10.3467,11.546,12.2277,12.2871,11.2835,11.3901,11.9622,12.2563,13.4538,13.2426,13.9661,16.0461,17.8806,21.6605,24.6942,27.7345,30.0275,35.8695,46.116,96.7181,255.521,0,0,0,0,0,0,0,0,0,0,0,0,0,0,0,0,0,0,0,0,0
559,17.2931,16.49,14.3441,15.2244,14.6912,13.2522,13.2036,11.8651,12.8231,12.6778,13.2939,13.1077,12.4307,12.4154,11.9121,11.8827,11.5304,10.2825,10.3328,10.1391,11.3956,12.1425,12.1573,11.1516,11.1957,11.9017,12.2711,13.4809,13.5463,13.9471,16.1051,18.0133,21.8611,24.7105,28.1917,30.3382,35.7773,45.3581,87.941,227.455,0,0,0,0,0,0,0,0,0,0,0,0,0,0,0,0,0,0,0,0,0
559.5,17.1686,16.3096,14.439,15.135,14.3957,13.1939,13.0925,11.7448,12.7609,12.5107,13.0078,13.015,12.29,12.1292,11.7591,11.8529,11.2706,10.0882,10.0953,9.9306,11.2216,11.9708,12.0324,11.0064,11.1595,11.7202,12.4601,13.4929,13.7872,13.915,16.1663,18.1462,21.8787,25.0267,28.9674,30.7865,35.692,45.3657,79.8783,203.465,0,0,0,0,0,0,0,0,0,0,0,0,0,0,0,0,0,0,0,0,0
560,17.1438,15.9674,14.2888,15.0112,14.4022,13.0253,12.9194,11.6128,12.5443,12.4817,12.822,12.8717,12.0702,11.8322,11.6551,11.7071,11.1573,9.97208,9.92582,9.76095,10.8467,11.8345,11.9386,10.9243,11.1573,11.4899,12.5993,13.5089,13.8499,13.9176,16.153,18.2405,22.1625,25.5933,29.829,31.4304,36.0696,45.4634,73.9273,183.797,455.399,0,0,0,0,0,0,0,0,0,0,0,0,0,0,0,0,0,0,0,0
560.5,17.0568,15.6705,14.2088,14.8543,14.3803,12.886,12.7084,11.5443,12.3473,12.4916,12.5983,12.7257,11.9553,11.5799,11.5835,11.5199,11.0385,9.86269,9.80224,9.63657,10.6329,11.7932,11.818,10.8567,11.1096,11.2809,12.8565,13.6349,13.9256,13.9564,16.2105,18.4704,22.3692,26.1178,30.6944,32.3211,37.0142,45.6165,70.1466,168.367,417.698,0,0,0,0,0,0,0,0,0,0,0,0,0,0,0,0,0,0,0,0
561,16.9761,15.3465,14.1985,14.7734,14.4615,12.8901,12.4474,11.6625,12.2071,12.5024,12.5796,12.5995,11.9795,11.545,11.5551,11.2885,10.885,9.75859,9.68442,9.58522,10.4827,11.7433,11.5775,10.8835,11.0759,11.3344,12.9483,13.756,14.0187,14.1694,16.3144,18.7331,22.9982,26.7421,32.0012,33.0395,38.3482,46.1598,67.4471,155.623,383.421,0,0,0,0,0,0,0,0,0,0,0,0,0,0,0,0,0,0,0,0
561.5,16.8002,15.2537,14.2021,14.744,14.4315,12.9158,12.323,11.7779,12.1698,12.5835,12.6624,12.3831,12.0183,11.5273,11.2993,11.1271,10.6125,9.66691,9.60849,9.63125,10.3656,11.8334,11.3816,10.8091,11.0555,11.486,13.0123,13.9208,14.1556,14.4231,16.3896,19.1075,23.6639,27.5289,33.3718,34.0146,39.7943,47.3735,67.0504,143.187,357.464,0,0,0,0,0,0,0,0,0,0,0,0,0,0,0,0,0,0,0,0
562,16.6113,15.3706,14.4372,14.8825,14.3445,12.9414,12.2534,11.9448,12.1945,12.4773,12.798,12.1668,11.9937,11.5033,11.0359,11.0268,10.4339,9.64403,9.48987,9.58849,10.3942,11.8456,11.1564,10.7636,11.0119,11.7254,12.92,14.089,14.3906,14.9291,16.6489,19.5749,24.4358,28.8281,34.6827,35.2122,41.3909,48.5675,66.5896,132.878,331.939,0,0,0,0,0,0,0,0,0,0,0,0,0,0,0,0,0,0,0,0
562.5,16.4902,15.5678,14.4646,15.036,14.2587,12.8296,12.3758,12.0705,12.1369,12.4012,13.0569,12.1209,11.9133,11.3734,10.8441,10.9878,10.3251,9.6797,9.39316,9.48125,10.3038,11.7167,10.9656,10.6515,10.9709,11.9333,12.7653,14.2925,14.6663,15.5442,17.1432,20.1496,25.48,30.3314,36.2179,36.9682,43.2144,50.5479,66.6367,124.199,307.28,0,0,0,0,0,0,0,0,0,0,0,0,0,0,0,0,0,0,0,0
563,16.4909,15.8171,14.4688,15.2101,14.3092,12.8432,12.5221,12.1837,12.0407,12.2379,13.1666,12.1375,11.857,11.2534,10.6606,10.7809,10.2641,9.68985,9.27225,9.26142,10.1382,11.6127,10.8668,10.6677,10.9338,12.074,12.797,14.6491,15.0636,16.2975,17.8803,20.9945,26.4591,31.9609,37.9499,38.9774,45.22,52.2081,67.071,116.75,280.983,0,0,0,0,0,0,0,0,0,0,0,0,0,0,0,0,0,0,0,0
563.5,16.6184,16.0956,14.5162,15.2187,14.574,13.0792,12.7335,12.3287,12.1408,12.3101,13.2501,12.2276,11.7731,11.0691,10.5295,10.5582,10.2067,9.72329,9.08681,9.00376,9.97443,11.3185,10.923,10.7564,10.9342,12.2664,12.9862,15.1856,15.6113,17.1904,18.8044,21.8985,27.2846,33.8326,40.0467,41.7115,47.9004,55.0601,68.8035,112.547,257.529,0,0,0,0,0,0,0,0,0,0,0,0,0,0,0,0,0,0,0,0
564,16.8274,16.2916,14.7924,15.3697,14.8596,13.3695,13.0102,12.4514,12.329,12.4614,13.3201,12.2854,11.5421,10.9668,10.4779,10.345,10.0421,9.60257,8.91084,8.91577,9.75524,11.0187,10.9615,10.8868,10.9718,12.4179,13.2967,15.6696,16.2693,17.9357,19.5374,22.8748,28.3158,35.84,42.8994,45.0117,50.8674,58.3294,71.3785,109.49,235.638,0,0,0,0,0,0,0,0,0,0,0,0,0,0,0,0,0,0,0,0
564.5,17.0972,16.5283,15.1862,15.5776,15.1307,13.7808,13.2536,12.5907,12.6436,12.7166,13.3985,12.4078,11.4204,10.8309,10.407,10.1082,9.91586,9.49482,8.78078,8.78392,9.62132,10.7493,11.135,10.9049,11.0934,12.6048,13.6171,16.2603,17.0776,18.6273,20.2597,23.9311,29.9664,38.0951,46.5251,48.1567,54.123,62.5964,75.3987,108.418,219.333,0,0,0,0,0,0,0,0,0,0,0,0,0,0,0,0,0,0,0,0
565,17.3817,16.9033,15.5787,16.002,15.3878,14.1739,13.5139,12.78,12.9966,12.8945,13.3185,12.5819,11.3509,10.6807,10.3894,9.9886,9.76169,9.41609,8.68945,8.789,9.67243,10.687,11.2732,10.922,11.3272,12.8736,13.7657,16.873,17.9959,19.3979,21.1961,25.3303,32.4266,40.1741,50.5519,52.2023,58.0632,66.2366,80.7706,107.777,206.642,459.719,0,0,0,0,0,0,0,0,0,0,0,0,0,0,0,0,0,0,0
565.5,17.6719,17.3679,15.8414,16.4507,15.5321,14.6363,13.9214,13.0093,13.3049,13.0885,13.1568,12.7953,11.4862,10.6511,10.3204,9.94062,9.64344,9.35782,8.62062,8.76755,9.69912,10.8166,11.4727,11.131,11.5563,13.0897,14.0403,17.5874,18.948,20.6585,22.7989,27.0786,35.1335,42.2134,54.8088,56.1541,63.0786,71.1131,86.3574,109.069,197.948,435.431,0,0,0,0,0,0,0,0,0,0,0,0,0,0,0,0,0,0,0
566,18.0637,17.9977,16.0124,17.0163,15.8657,15.152,14.3747,13.3963,13.688,13.4888,13.1557,12.9253,11.6644,10.6898,10.2121,9.96193,9.54214,9.26485,8.60376,8.80449,9.79464,10.991,11.6148,11.3412,11.8469,13.4517,14.5087,18.5222,20.0599,22.1922,24.7346,29.2246,37.9953,45.2815,59.0031,60.9349,68.76,77.1392,92.11,111.884,190.062,407.744,0,0,0,0,0,0,0,0,0,0,0,0,0,0,0,0,0,0,0
566.5,18.5174,18.6199,16.1712,17.5548,16.3261,15.6114,14.9474,13.7359,14.228,13.9225,13.4498,13.1277,11.8363,10.7605,10.1092,9.9165,9.35045,9.12656,8.63061,8.86,9.77049,11.0198,11.7528,11.5625,12.0303,13.7524,15.3073,19.4485,21.1978,23.7156,26.3761,31.5882,40.6547,48.8896,63.4857,66.7529,75.4448,83.8339,98.4454,116.768,184.035,385.194,0,0,0,0,0,0,0,0,0,0,0,0,0,0,0,0,0,0,0
567,18.9493,19.357,16.5643,18.2817,17.019,16.2164,15.3437,14.2253,14.8338,14.5219,14.104,13.2472,12.0265,10.9397,10.123,9.85115,9.20828,8.97635,8.63182,8.93131,9.7084,11.0643,11.7312,11.7849,12.339,14.1914,16.1253,20.4497,22.371,25.2149,28.135,34.0266,43.3088,53.6152,68.3367,72.8159,81.4833,92.427,105.088,124.455,181.237,360.853,0,0,0,0,0,0,0,0,0,0,0,0,0,0,0,0,0,0,0
567.5,19.4645,20.0303,17.0567,18.9857,17.8578,16.8936,15.7059,14.808,15.4959,15.0711,14.8091,13.3324,12.2862,11.0973,10.14,9.75186,9.14437,8.9357,8.68058,8.88541,9.66768,11.2285,11.725,12.0291,12.7932,14.7778,17.0705,21.4625,23.528,26.5644,30.5233,36.507,46.4534,57.7297,73.4319,78.9182,88.0117,100.659,113.732,132.654,180.912,340.451,0,0,0,0,0,0,0,0,0,0,0,0,0,0,0,0,0,0,0
568,20.0534,20.6676,17.9075,19.7467,18.7502,17.6377,16.1182,15.4264,16.0981,15.7797,15.3857,13.6248,12.5511,11.268,10.1424,9.69739,9.23996,8.89827,8.6023,8.89194,9.65101,11.3087,11.6707,12.3779,13.3465,15.3032,17.9868,22.4815,24.7733,28.2049,33.1182,38.879,49.8701,62.17,78.9643,85.6001,95.0582,109.974,123.392,143.937,182.898,320.191,0,0,0,0,0,0,0,0,0,0,0,0,0,0,0,0,0,0,0
568.5,20.6473,21.2701,18.6967,20.6564,19.7193,18.3316,16.6733,16.0773,16.4896,16.2444,15.9009,14.0782,12.8335,11.3823,10.1579,9.67585,9.35168,8.87652,8.54825,8.88982,9.6999,11.4008,11.8213,12.8142,13.8593,16.0145,19.0576,23.7208,26.1097,30.2252,35.9759,41.1436,53.7961,66.7343,83.448,92.4436,102.422,118.322,132.47,152.08,185.228,305.473,0,0,0,0,0,0,0,0,0,0,0,0,0,0,0,0,0,0,0
569,21.3376,21.9213,19.7159,21.5786,20.6332,19.0788,17.4722,16.9242,16.8768,16.9943,16.4016,14.6979,13.046,11.4115,10.1854,9.78271,9.33857,8.69987,8.50235,8.90417,9.65123,11.2465,12.1355,13.0774,14.4017,16.7779,19.964,24.9088,27.4125,32.1653,37.8906,43.6788,56.9471,71.4038,89.9633,99.5791,110.18,127.87,142.54,160.546,189.065,295.312,0,0,0,0,0,0,0,0,0,0,0,0,0,0,0,0,0,0,0
569.5,22.1131,22.5946,20.4855,22.6189,21.3789,19.819,18.2076,17.5557,17.2636,17.6568,16.8819,15.3409,13.2005,11.4083,10.2326,9.87601,9.30654,8.60144,8.51125,8.85887,9.62461,11.1843,12.4963,13.3068,14.7741,17.4889,20.8203,26.3145,28.8424,34.0155,39.7873,46.5987,60.0762,76.5964,97.1936,106.407,118.206,136.007,152.101,168.203,194.331,289.842,0,0,0,0,0,0,0,0,0,0,0,0,0,0,0,0,0,0,0
570,22.9837,23.3248,21.2171,23.4906,21.8293,20.6578,18.8267,18.2692,18.0064,18.3989,17.3238,15.6882,13.3953,11.4828,10.2127,9.88295,9.16347,8.56564,8.53178,8.66067,9.66779,11.233,12.8062,13.3801,15.0425,18.0971,21.5679,27.6913,30.4312,35.6187,41.4794,49.487,63.7821,81.7002,104.5,112.067,126.006,144.718,161.454,176.141,200.267,281.826,521.327,0,0,0,0,0,0,0,0,0,0,0,0,0,0,0,0,0,0
570.5,23.8892,23.9483,22.2156,24.3932,22.0351,21.457,19.3092,18.859,18.847,19.0177,17.8584,16.045,13.5214,11.5772,10.2601,9.99238,9.0641,8.57981,8.54562,8.53833,9.79005,11.4531,13.0501,13.6555,15.3264,18.4745,22.2995,29.0906,32.095,37.3311,43.8769,51.6854,68.1076,86.8237,109.177,116.875,133.763,152.874,171.423,183.837,207.091,274.819,503.522,0,0,0,0,0,0,0,0,0,0,0,0,0,0,0,0,0,0
571,24.5151,24.6167,23.0535,25.2087,22.3167,22.2695,19.9479,19.3659,19.7107,19.5264,18.3523,16.4342,13.6318,11.7383,10.2655,10.0469,8.93773,8.63633,8.54123,8.55938,10.0575,11.755,13.36,14.042,15.6838,19.052,23.0727,30.3182,33.8586,39.3052,46.2299,53.3846,72.2597,91.4441,111.889,123.128,141.036,160.243,180.233,192.024,212.342,272.54,482.511,0,0,0,0,0,0,0,0,0,0,0,0,0,0,0,0,0,0
571.5,24.7227,25.1502,23.9625,26.0982,22.6505,23.1306,20.6909,20.0358,20.5403,20.0305,18.9664,16.6548,13.8069,11.9134,10.3601,10.0321,8.9221,8.64967,8.555,8.52424,10.2715,11.9282,13.5605,14.5706,15.9901,19.6414,23.705,31.3974,34.8774,41.1499,48.6107,55.3547,75.0145,96.4776,115.073,130.877,147.93,168.612,187.463,202.237,217.644,273.269,460.764,0,0,0,0,0,0,0,0,0,0,0,0,0,0,0,0,0,0
572,24.8886,25.4655,24.4283,26.8995,23.4417,23.9768,21.7395,20.4412,21.2083,20.5042,19.3585,16.971,13.9856,12.0886,10.4787,9.97339,8.93571,8.69185,8.58522,8.59001,10.4206,11.8635,13.7922,14.9195,16.4353,20.1009,24.4393,32.2011,35.6333,42.9111,51.2009,57.8695,76.7944,99.961,119.621,139.997,155.601,177.691,195.914,212.169,226.189,276.845,443.745,0,0,0,0,0,0,0,0,0,0,0,0,0,0,0,0,0,0
572.5,25.2079,25.9417,24.8999,27.5589,24.5004,24.5446,22.8839,20.9498,21.7424,20.9164,19.7577,17.244,14.1984,12.2037,10.508,9.90379,9.04509,8.64769,8.58842,8.54275,10.4156,11.7828,14.049,15.1302,16.7947,20.6085,25.0302,32.9722,36.7507,44.5965,52.8005,60.3607,79.3193,102.512,123.435,148.339,164.245,188.478,203.18,221.563,236.636,278.187,429.217,0,0,0,0,0,0,0,0,0,0,0,0,0,0,0,0,0,0
573,25.7641,26.6604,25.2478,28.1837,26.0003,25.0971,23.8331,21.6541,22.0799,21.5708,19.9672,17.6331,14.2667,12.3718,10.4331,9.91013,9.11418,8.56811,8.56218,8.55485,10.4012,11.9286,14.1554,15.2155,17.0842,20.7387,25.5609,33.9553,37.9403,46.5326,53.9457,62.8189,82.4381,104.487,129.788,153.502,172.211,197.831,212.076,229.848,247.705,277.131,415.941,0,0,0,0,0,0,0,0,0,0,0,0,0,0,0,0,0,0
573.5,26.285,27.3489,25.7164,28.8615,27.5689,25.6358,24.5903,22.3468,22.3825,22.2048,19.9886,17.9322,14.3334,12.4273,10.4174,9.98712,9.12056,8.46338,8.4968,8.54857,10.4567,12.1452,14.2507,15.3179,17.2983,21.248,25.881,34.9004,39.2655,48.3886,55.6575,64.3026,85.7286,107.736,135.344,159.082,178.457,203.915,220.616,237.027,255.887,275.981,399.647,0,0,0,0,0,0,0,0,0,0,0,0,0,0,0,0,0,0
574,26.7656,27.6859,26.3304,29.5571,29.1062,26.2554,25.1557,22.7555,22.7762,22.5471,19.9199,18.025,14.5829,12.4528,10.4487,9.92471,9.10479,8.38613,8.41201,8.65858,10.5025,12.4353,14.2233,15.5198,17.5072,21.5933,26.2754,35.5852,40.2205,49.4041,57.6279,65.5368,87.9772,112.002,140.896,164.266,182.036,208.283,228.966,244.958,262.398,276.285,382.717,0,0,0,0,0,0,0,0,0,0,0,0,0,0,0,0,0,0
574.5,27.2305,27.8426,26.7296,30.1849,30.2697,26.9847,25.653,22.9691,23.4648,22.8334,20.0373,18.0232,14.8539,12.2995,10.4049,9.82426,8.94771,8.29187,8.2963,8.55804,10.4928,12.4454,14.1844,15.7432,17.6694,22.0924,26.7648,35.8601,40.6915,49.6395,59.8772,66.6278,90.0195,116.237,145.48,166.801,183.238,212.728,237.638,251.785,268.012,277.445,366.388,0,0,0,0,0,0,0,0,0,0,0,0,0,0,0,0,0,0
575,27.5509,27.9782,27.0352,30.6374,30.665,27.4984,25.9262,23.2706,23.8927,22.9584,20.4696,18.0295,15.0001,12.2477,10.4208,9.64182,8.81529,8.19049,8.21402,8.49651,10.4502,12.3735,14.009,15.8798,17.715,22.5812,27.2539,36.0905,40.8614,49.6079,60.6343,68.2063,91.6765,120.081,149.859,171.991,185.955,215.477,241.869,255.9,274.101,279.565,351.361,618.947,0,0,0,0,0,0,0,0,0,0,0,0,0,0,0,0,0
575.5,27.9221,28.5027,27.1275,30.8875,30.9526,27.8568,26.0466,23.6215,24.3528,23.1096,21.0208,18.0316,15.1927,12.1416,10.2055,9.5824,8.68705,8.01362,8.1067,8.42743,10.3671,12.4391,13.8099,16.029,17.7915,22.8257,27.7296,36.1858,40.7844,49.7736,60.7305,69.8181,92.6799,121.44,152.768,176.667,189.819,220.7,246.645,259.619,280.97,282.325,343.247,593.823,0,0,0,0,0,0,0,0,0,0,0,0,0,0,0,0,0
576,28.028,28.9859,27.1645,30.8603,30.6601,28.1084,26.0295,23.8909,24.3861,23.3385,21.4907,18.0717,15.3398,12.2049,10.092,9.59724,8.64217,7.99397,8.12073,8.42757,10.3116,12.491,13.6886,15.9818,17.7328,22.6565,28.035,36.2736,41.2071,50.0296,61.1722,70.8594,91.6984,122.059,154.849,182.352,195.139,223.006,249.261,261.657,285.145,284.571,338.441,568.309,0,0,0,0,0,0,0,0,0,0,0,0,0,0,0,0,0
576.5,28.2097,29.3988,27.2963,31.0026,30.5414,28.1052,25.9095,23.8548,24.3113,23.254,21.8617,18.2044,15.4702,12.2634,9.89838,9.61578,8.60448,7.99184,8.02094,8.45067,10.2394,12.5047,13.7592,15.6332,17.5963,22.3876,27.9544,36.2793,41.8326,49.607,61.7958,71.7731,90.8368,121.622,153.782,184.537,199.223,224.986,254.32,264.978,287.796,286.055,340.349,543.357,0,0,0,0,0,0,0,0,0,0,0,0,0,0,0,0,0
577,28.1691,29.5207,27.3786,31.0966,30.1616,27.7563,25.713,23.5362,23.9861,23.0829,22.0173,18.2686,15.3591,12.2571,9.9113,9.54415,8.52501,7.97709,7.95425,8.43114,10.1191,12.3676,13.774,15.4344,17.736,22.269,27.9599,35.9084,42.0666,49.2902,62.0361,71.9596,90.4064,122.332,154.143,186.736,203.392,226.424,258.121,269.667,284.027,287.09,338.324,522.576,0,0,0,0,0,0,0,0,0,0,0,0,0,0,0,0,0
577.5,28.0327,29.2568,27.3053,31.2268,29.9967,27.4937,25.4395,23.3075,23.9209,22.7502,22.0314,18.1813,15.0303,12.2733,9.83252,9.38021,8.55392,7.85545,7.93006,8.17189,10.0187,12.0952,13.758,15.2008,17.6284,22.164,27.9474,35.689,41.9423,49.0286,61.7882,71.7249,91.3011,122.614,153.219,184.404,202.987,226.865,259.759,274.545,281.111,287.882,336.419,503.051,0,0,0,0,0,0,0,0,0,0,0,0,0,0,0,0,0
578,27.9157,28.6395,27.0211,31.2667,29.7231,27.0003,25.1198,23.3,23.7846,22.5536,21.8591,18.0142,14.6053,12.1497,9.8734,9.26178,8.51973,7.77414,7.82707,7.95372,9.89563,11.8216,13.5599,14.9886,17.6168,21.8647,27.9721,35.1021,41.4775,49.7417,61.1304,70.7167,90.3794,121.991,150.302,179.993,200.357,225.203,257.331,274.027,277.566,287.265,332.55,481.258,0,0,0,0,0,0,0,0,0,0,0,0,0,0,0,0,0
578.5,27.528,27.9425,26.6073,30.8239,29.2684,26.4779,25.0417,23.3122,23.9155,22.476,21.5639,17.724,14.3444,11.9368,9.81307,9.12512,8.38345,7.7261,7.78357,7.7016,9.6095,11.6097,13.2733,15.0354,17.4322,21.556,27.6543,34.5387,40.8799,49.9291,60.1335,69.1962,89.3766,119.58,149.285,174.883,195.392,221.613,251.678,274.216,275.521,285.093,324.777,458.459,0,0,0,0,0,0,0,0,0,0,0,0,0,0,0,0,0
579,27.1822,27.3983,26.1136,30.3112,28.8137,25.9374,24.9747,23.1146,23.8792,22.2852,20.9683,17.2906,14.206,11.7525,9.66791,8.97771,8.27236,7.69915,7.5638,7.542,9.40523,11.5434,13.1529,14.675,17.1495,21.3162,26.9012,34.0163,40.0449,49.6956,58.7742,67.608,87.7724,116.854,147.012,170.223,191.691,215.533,243.639,268.382,272.098,277.989,315.059,436.799,0,0,0,0,0,0,0,0,0,0,0,0,0,0,0,0,0
579.5,26.711,26.9382,25.3898,29.5601,27.9599,25.5532,24.6532,22.5934,23.427,21.6708,20.4157,16.9041,13.9851,11.5033,9.47719,8.77358,8.09288,7.59782,7.40316,7.45499,9.12887,11.3931,13.03,14.4998,16.9064,21.0726,26.0228,33.5526,39.1425,48.5309,57.4564,66.0465,86.0064,114.348,144.982,166.218,188.404,210.364,234.4,261.616,264.329,271.537,303.107,414.843,0,0,0,0,0,0,0,0,0,0,0,0,0,0,0,0,0
580,26.0333,26.3495,24.7837,28.7588,27.5122,25.2413,24.1904,22.1135,22.8708,20.8765,19.7742,16.5836,13.753,11.3435,9.19353,8.57915,7.89774,7.41271,7.24841,7.34978,8.91717,11.2109,12.8614,14.058,16.6229,20.7711,25.2162,33.1631,38.2666,46.8675,56.1504,64.147,83.5823,111.969,141.683,161.697,183.708,203.925,225.882,253.677,257.686,261.551,287.332,394.74,588.687,0,0,0,0,0,0,0,0,0,0,0,0,0,0,0,0
580.5,25.4054,25.7007,24.3003,27.9727,26.8613,24.7612,23.4026,21.6074,22.1958,20.2649,19.3264,16.2171,13.5394,11.1386,8.94361,8.44414,7.68371,7.19053,7.12504,7.20173,8.7814,11.1115,12.6076,13.7475,16.3454,20.1088,24.5936,32.5109,37.2842,45.6436,54.726,62.2376,80.839,108.893,136.621,156.536,177.977,196.959,219.94,247.419,247.739,253.271,276.711,373.515,556.413,0,0,0,0,0,0,0,0,0,0,0,0,0,0,0,0
581,24.5719,25.1878,23.7782,27.1267,26.4304,23.6967,22.7798,21.2072,21.6112,19.8018,19.0002,15.8186,13.2558,10.825,8.68057,8.27233,7.42137,7.00285,6.94281,7.06581,8.64571,10.9166,12.2543,13.3802,15.849,19.3318,23.8243,31.8045,36.0668,44.4047,52.8826,59.9923,78.6965,102.832,130.724,152.034,172.068,189.707,213.131,241.011,239.043,246.521,265.421,352.52,523.38,0,0,0,0,0,0,0,0,0,0,0,0,0,0,0,0
581.5,23.7696,24.4459,23.1641,26.278,25.9593,22.4317,22.1938,20.6584,20.8478,19.3112,18.5956,15.3598,12.96,10.4759,8.36948,8.09958,7.22791,6.8335,6.7691,6.94914,8.46748,10.5497,11.8601,13.0064,15.4193,18.5418,23.0352,30.7758,34.8227,42.9654,50.7305,58.5185,76.5753,97.3048,124.964,146.653,164.917,181.282,206.12,233.175,229.267,236.591,251.572,330.567,489.419,0,0,0,0,0,0,0,0,0,0,0,0,0,0,0,0
582,22.9733,23.5933,22.2582,25.3428,25.0289,21.6253,21.4704,19.9545,20.006,18.7151,18.2364,14.7846,12.5659,10.118,8.16849,7.95008,7.06595,6.70836,6.67279,6.87258,8.29049,10.2659,11.4347,12.7509,14.9054,17.917,22.033,29.8482,33.5435,41.4792,48.6371,56.8692,74.5642,92.1052,119.476,140.935,158.676,173.135,196.993,224.215,218.108,224.254,240.801,308.467,460.769,0,0,0,0,0,0,0,0,0,0,0,0,0,0,0,0
582.5,22.1782,22.6141,21.5546,24.2488,24.0443,20.9613,20.7591,19.3288,19.0218,18.1641,17.683,14.332,12.2093,9.83253,7.94038,7.83747,6.94576,6.58416,6.59029,6.78359,8.09965,9.93029,11.0047,12.516,14.488,17.5055,21.1536,28.8426,32.2511,39.742,46.8092,55.37,71.5963,88.6091,113.79,134.951,151.482,166.315,187.879,214.945,208.198,214.485,229.447,289.146,428.155,0,0,0,0,0,0,0,0,0,0,0,0,0,0,0,0
583,21.5468,21.6376,21.0042,23.2159,23.0637,20.6083,19.9114,18.5302,18.1485,17.6884,17.0711,13.895,11.8082,9.61253,7.81926,7.70201,6.9264,6.47014,6.44082,6.65983,7.91519,9.77459,10.6863,12.3025,13.9931,17.0097,20.4769,27.9156,30.8755,38.1246,44.7287,52.7774,68.658,86.4264,109.27,128.837,144.365,163.206,181.799,206.604,198.719,207.344,217.59,271.659,397.503,0,0,0,0,0,0,0,0,0,0,0,0,0,0,0,0
583.5,21.0573,20.8261,20.5085,22.143,22.3059,20.0335,19.1658,17.8933,17.5705,17.2282,16.4156,13.58,11.4751,9.4,7.74312,7.50869,6.86887,6.3079,6.33378,6.43238,7.69159,9.52559,10.4093,12.0492,13.4663,16.3907,19.8431,26.9048,29.4978,36.6154,42.7556,50.2121,65.3451,83.6651,104.544,122.844,137.833,159.923,175.26,197.93,191.839,200.493,206.041,253.212,368.739,0,0,0,0,0,0,0,0,0,0,0,0,0,0,0,0
584,20.5859,20.322,19.8903,21.3397,21.7225,19.3653,18.452,17.1767,17.1526,16.6677,15.8869,13.2513,11.2592,9.2868,7.71984,7.26354,6.76167,6.16222,6.16177,6.29174,7.44124,9.27123,10.2286,11.6232,13.0162,15.5568,19.3332,25.8691,28.2352,35.0752,40.8558,47.6669,61.9051,80.0822,99.3434,117.414,131.786,155.229,169.072,189.713,186.325,192.09,194.656,236.803,343.482,0,0,0,0,0,0,0,0,0,0,0,0,0,0,0,0
584.5,20.2551,19.9597,19.3035,20.7979,20.9283,18.7192,17.9203,16.5701,16.8004,16.2071,15.4393,12.8836,11.0643,9.14334,7.63891,7.10358,6.63611,6.10881,6.05894,6.17475,7.28393,8.97565,10.0789,11.1505,12.6814,14.9403,18.863,24.808,27.113,33.6739,38.8937,45.5425,59.2751,77.352,94.3484,113.59,126.294,148.348,160.25,179.36,179.845,182.177,186.801,221.939,318.363,0,0,0,0,0,0,0,0,0,0,0,0,0,0,0,0
585,19.7856,19.8299,18.7131,20.3637,20.0159,18.0855,17.3081,15.8127,16.3816,15.8731,15.0767,12.639,10.7903,8.92528,7.51629,7.02775,6.43731,6.05144,5.92223,6.07785,7.12001,8.78588,9.91076,10.6857,12.3126,14.5117,18.5294,23.8446,26.067,32.1782,37.3629,43.6127,56.7385,74.4637,89.6946,110.058,121.001,139.473,150.231,169.047,172.97,172.332,181.134,210.519,296.662,421.876,0,0,0,0,0,0,0,0,0,0,0,0,0,0,0
585.5,19.2314,19.3431,18.131,19.8547,19.1712,17.3334,16.7456,15.1731,15.9654,15.29,14.7507,12.3691,10.5285,8.68772,7.30282,6.97775,6.33281,5.97221,5.80117,5.93123,7.08666,8.55479,9.747,10.1349,11.9458,14.242,18.0071,23.0792,25.2368,30.7435,35.7512,41.7407,54.6727,71.0558,86.8783,105.978,115.656,130.93,140.665,160.692,165.95,163.725,173.726,200.249,275.718,394.988,0,0,0,0,0,0,0,0,0,0,0,0,0,0,0
586,18.6398,18.7393,17.487,19.4657,18.5764,16.7296,16.2025,14.6219,15.3696,14.6435,14.262,12.1164,10.1283,8.49124,7.18653,6.94396,6.21668,5.85032,5.68522,5.74005,6.98063,8.34048,9.5828,9.6762,11.5622,14.0189,17.5176,22.3019,24.4894,29.4767,34.2788,40.0681,52.6738,67.7442,84.2846,101.221,110.506,122.368,133.484,151.999,158.614,154.804,166.759,188.988,256.668,370.691,0,0,0,0,0,0,0,0,0,0,0,0,0,0,0
586.5,18.0034,18.1263,16.9037,18.8841,17.979,16.2096,15.7551,14.0762,14.7063,13.9776,13.7949,11.8341,9.62562,8.3084,7.07509,6.84975,6.11036,5.69223,5.6092,5.53204,6.87719,8.17362,9.38291,9.19565,11.1607,13.5874,16.9777,21.6858,23.7716,28.138,33.2401,38.1333,51.1879,64.1088,81.1586,96.7701,106.108,116.361,126.785,145.892,151.013,147.559,158.217,177.672,238.947,344.439,0,0,0,0,0,0,0,0,0,0,0,0,0,0,0
587,17.5345,17.664,16.3924,18.3346,17.6131,15.7695,15.1284,13.5224,14.1049,13.5806,13.2957,11.4046,9.2896,8.17218,7.08326,6.74826,5.98786,5.54263,5.55284,5.36314,6.75191,8.04264,9.12578,8.89359,10.8466,13.1055,16.3812,20.9939,22.7472,26.9629,32.1391,36.5943,49.1677,61.2153,78.4381,92.7844,101.549,111.445,122.608,140.761,143.574,142.256,152.496,167.857,222.549,319.52,0,0,0,0,0,0,0,0,0,0,0,0,0,0,0
587.5,17.0254,17.3096,15.8533,17.6915,17.048,15.4024,14.7379,13.0789,13.6818,13.3042,12.8613,11.092,8.98759,8.02365,7.04456,6.66343,5.92242,5.40349,5.44531,5.28398,6.63934,7.95012,8.82206,8.70759,10.6017,12.5746,15.795,20.1944,21.8326,25.7914,31.2826,35.2941,46.9168,59.4213,75.4289,88.8859,97.6968,107.579,118.952,135.039,136.476,137.135,142.828,159.178,206.795,296.437,0,0,0,0,0,0,0,0,0,0,0,0,0,0,0
588,16.6583,16.8827,15.3657,17.0447,16.4086,14.9852,14.3271,12.7034,13.4256,13.0452,12.5726,10.733,8.83208,7.86367,6.92761,6.57791,5.85192,5.32705,5.3372,5.13241,6.48047,7.83933,8.54718,8.65468,10.2879,12.1071,15.2457,19.2254,20.9799,24.794,30.2707,34.3012,44.6999,57.6591,72.6411,84.6842,94.6016,103.203,115.842,130.292,131.463,133.411,135.986,151.461,191.819,273.104,0,0,0,0,0,0,0,0,0,0,0,0,0,0,0
588.5,16.2405,16.5582,14.8374,16.4851,15.8814,14.7375,14.1193,12.4526,13.1845,12.6666,12.2674,10.3585,8.59556,7.68686,6.76742,6.45432,5.79011,5.28047,5.26791,5.10308,6.36861,7.62383,8.28975,8.58758,10.0052,11.8554,14.7681,18.4562,20.2595,24.065,29.1987,33.2036,42.878,55.9335,69.8724,81.4084,91.6888,99.9431,113.099,123.554,125.284,127.708,128.868,144.034,178.515,250.264,0,0,0,0,0,0,0,0,0,0,0,0,0,0,0
589,15.8364,16.1906,14.4565,15.8624,15.2323,14.3584,13.8746,12.3238,12.8787,12.3531,11.9693,10.0419,8.44028,7.50191,6.62567,6.2946,5.71464,5.22456,5.11604,5.03449,6.22121,7.47431,8.14712,8.43637,9.61388,11.6375,14.4169,17.8154,19.663,23.4281,28.0699,31.0969,41.5878,53.5415,66.6934,77.8729,88.6798,96.6685,109.274,116.274,120.169,121.686,123.838,136.847,167.093,229.027,0,0,0,0,0,0,0,0,0,0,0,0,0,0,0
589.5,15.4936,15.707,14.1974,15.2958,14.7812,13.937,13.4619,12.1725,12.625,12.0704,11.66,9.82481,8.29823,7.40148,6.44002,6.15536,5.61188,5.08805,5.05424,5.02692,6.16234,7.21848,8.00863,8.31189,9.33113,11.3833,14.0794,17.2608,18.9874,22.7323,27.0562,28.9062,40.212,50.9874,64.4506,75.156,84.9702,93.9786,102.421,109.828,115.766,115.762,118.544,130.774,158.82,209.527,0,0,0,0,0,0,0,0,0,0,0,0,0,0,0
590,15.1083,15.2496,13.8298,14.7776,14.3348,13.5343,12.9728,11.9002,12.3961,11.6974,11.2703,9.66448,8.25054,7.27304,6.33912,6.02934,5.54354,4.99226,4.89484,4.96384,6.05856,7.10811,7.78595,8.13821,9.04424,11.1198,13.6403,16.8202,18.2738,21.8593,26.0078,27.0714,38.8324,48.6839,61.8126,72.1226,81.4838,91.226,96.7457,105.37,111.6,110.174,112.907,125.738,148.773,193.841,288.233,0,0,0,0,0,0,0,0,0,0,0,0,0,0
590.5,14.7877,14.7732,13.3412,14.3782,13.9016,13.2174,12.5193,11.4603,12.0388,11.3956,10.9618,9.57097,8.24515,7.19875,6.34057,5.95071,5.43255,4.97313,4.72087,4.91833,5.91695,6.91207,7.57519,8.02441,8.73366,10.7896,13.1579,16.1443,17.6144,21.1352,24.9359,26.2229,37.3338,46.6908,59.9773,69.3663,78.1431,87.6833,91.4777,100.676,106.862,105.484,109.257,121.439,139.52,179.731,269.962,0,0,0,0,0,0,0,0,0,0,0,0,0,0
591,14.5108,14.2764,12.8722,14.0769,13.5756,12.9624,12.1286,11.1573,11.6497,11.1293,10.6805,9.39816,8.17034,7.04448,6.28658,5.96263,5.38645,4.99512,4.62453,4.87442,5.8268,6.76391,7.33812,7.90101,8.40213,10.4074,12.7272,15.5915,16.8734,20.5095,24.0718,25.9635,36.1041,45.1028,57.6668,66.7703,74.4705,83.9219,88.0475,97.615,101.493,100.818,105.752,116.735,131.402,165.773,249.321,0,0,0,0,0,0,0,0,0,0,0,0,0,0
591.5,14.2974,13.9728,12.5908,13.8335,13.3553,12.6739,11.7117,11.0254,11.1784,10.8994,10.4167,9.22111,8.01611,6.91381,6.34205,6.08453,5.2952,4.93964,4.56923,4.79453,5.67157,6.64011,7.21536,7.60972,8.26339,10.1394,12.2943,14.9764,16.2827,20.0518,23.2805,25.7549,34.8881,43.8224,55.1965,63.6206,71.1231,80.2635,86.2532,94.7118,97.0007,97.3073,102.925,112.121,124.152,153.522,228.91,0,0,0,0,0,0,0,0,0,0,0,0,0,0
592,14.0721,13.6041,12.3511,13.5464,13.106,12.2613,11.2987,10.9952,10.9046,10.5482,10.1636,9.05025,7.83814,6.83558,6.27895,6.17021,5.26141,4.8349,4.53908,4.71336,5.69431,6.54557,7.06028,7.38251,8.20327,9.9258,11.9473,14.4564,15.7856,19.4044,22.5294,25.3003,33.5863,42.1878,53.2619,61.08,68.0622,76.6532,84.5058,92.0923,93.9755,93.2123,99.1366,107.377,117.919,141.678,208.319,0,0,0,0,0,0,0,0,0,0,0,0,0,0
592.5,13.8327,13.3267,12.1523,13.3928,12.8276,11.9149,10.8514,10.7936,10.7135,10.1811,9.88694,8.83606,7.629,6.76039,6.12983,6.2017,5.2192,4.709,4.56264,4.65777,5.63534,6.50419,6.92979,7.1793,8.23901,9.68798,11.6526,14.1081,15.3505,18.5871,21.8612,24.5802,32.3658,40.7052,50.9471,58.9261,65.6352,73.7331,82.4184,89.1994,90.9781,90.1892,95.1044,103.766,111.87,131.201,188.344,0,0,0,0,0,0,0,0,0,0,0,0,0,0
593,13.5267,13.0883,11.9143,13.2386,12.4872,11.6537,10.6626,10.4374,10.5712,9.8893,9.70319,8.67557,7.46038,6.72493,6.02217,6.06038,5.20993,4.65189,4.55435,4.61536,5.58989,6.43609,6.7992,7.00538,8.0791,9.55185,11.3876,13.8904,15.0148,17.8914,21.1584,23.5516,31.5092,39.2488,49.371,57.0409,63.0429,71.0077,79.9115,85.4127,88.5236,87.2238,90.6915,99.7825,106.806,121.608,170.659,0,0,0,0,0,0,0,0,0,0,0,0,0,0
593.5,13.2722,12.8268,11.6546,13.08,12.2319,11.4424,10.67,10.1094,10.4537,9.70608,9.48623,8.48757,7.28191,6.58781,5.90754,5.89571,5.18085,4.56626,4.53777,4.58689,5.54238,6.40383,6.72519,6.9217,7.8313,9.34004,11.0806,13.7222,14.6628,17.2904,20.5632,22.5918,30.7301,38.1074,48.0769,55.0163,61.0724,68.7115,76.9522,82.2838,85.1168,85.4103,86.7676,96.7207,102.816,112.644,153.741,0,0,0,0,0,0,0,0,0,0,0,0,0,0
594,13.0762,12.5943,11.4291,12.8674,12.0652,11.3389,10.6449,9.85853,10.1859,9.58014,9.23156,8.30369,7.10805,6.49982,5.81088,5.79496,5.18049,4.4933,4.48274,4.55543,5.44659,6.34782,6.6209,6.85309,7.65481,9.10656,10.8506,13.4387,14.4186,16.9591,19.7701,21.8744,29.9732,37.1853,47.3412,52.2825,59.0259,66.5857,75.0028,80.1356,82.641,83.2259,83.3896,93.3627,99.4248,104.144,138.873,0,0,0,0,0,0,0,0,0,0,0,0,0,0
594.5,12.9386,12.3253,11.2762,12.5489,11.9211,11.1511,10.5612,9.60513,9.90641,9.31638,8.9061,8.18312,6.99899,6.39411,5.69638,5.73151,5.19579,4.47116,4.40526,4.47268,5.30089,6.26442,6.58579,6.81184,7.50622,8.89007,10.6481,13.1546,14.201,16.4702,19.1806,21.2685,28.9716,36.1973,46.2257,50.1189,57.2506,64.5172,73.2132,79.1447,80.4182,81.3078,81.2525,90.9828,96.1579,96.3398,125.332,0,0,0,0,0,0,0,0,0,0,0,0,0,0
595,12.7696,12.1616,11.1986,12.1652,11.7624,11.0057,10.4831,9.48131,9.65346,9.11239,8.73877,8.09892,6.87363,6.26339,5.60041,5.7209,5.14037,4.40871,4.3479,4.41442,5.13079,6.10275,6.46967,6.74283,7.36685,8.5734,10.4044,12.8576,13.8931,15.9772,18.6569,20.6801,27.8971,35.0172,45.1803,49.1636,56.0491,62.1765,71.5271,78.4662,78.9482,79.6135,79.0483,88.4955,92.8302,90.059,113.385,234.962,0,0,0,0,0,0,0,0,0,0,0,0,0
595.5,12.6718,12.0804,11.1721,11.9088,11.5924,10.8934,10.2675,9.23197,9.43746,8.93289,8.70726,8.02377,6.80698,6.17952,5.54166,5.66372,5.10945,4.39844,4.31945,4.30407,4.99962,5.94443,6.37496,6.55886,7.24818,8.38975,10.1164,12.5217,13.5805,15.4972,18.2985,20.1928,27.0273,34.0722,44.0799,48.6806,54.194,60.3932,69.5521,76.1141,76.8946,76.8235,76.8988,86.1916,89.4325,84.8937,102.99,219.552,0,0,0,0,0,0,0,0,0,0,0,0,0
596,12.5084,12.0101,11.0701,11.6834,11.437,10.7272,10.0582,9.09452,9.28522,8.86781,8.72661,7.8534,6.66957,6.01957,5.47005,5.52562,5.04685,4.33832,4.25949,4.21547,4.9116,5.85252,6.22141,6.35475,7.1482,8.24372,9.8888,12.2065,13.195,15.1902,17.9374,19.6195,26.2018,33.1027,42.9842,48.4431,52.9069,59.1203,67.0884,74.8618,74.7156,74.357,74.1893,83.6382,85.8475,80.2741,94.0616,204.702,0,0,0,0,0,0,0,0,0,0,0,0,0
596.5,12.3438,11.9364,10.9638,11.519,11.3195,10.5723,9.83691,9.01454,9.0486,8.75527,8.7004,7.64162,6.52156,5.85293,5.32607,5.38029,5.02145,4.29019,4.19335,4.14643,4.82728,5.70799,6.10577,6.22939,6.94083,8.14623,9.72197,11.9489,12.8588,14.9062,17.5107,19.1807,25.5054,32.4214,41.7078,47.7898,51.2371,57.7548,64.7172,73.0652,73.0222,72.3501,71.1201,80.9756,83.2116,76.4789,86.0985,190.006,0,0,0,0,0,0,0,0,0,0,0,0,0
597,11.9965,11.9314,10.7782,11.4651,11.168,10.3361,9.60898,8.95091,8.82062,8.70931,8.62197,7.4281,6.43653,5.69943,5.11725,5.25934,4.9846,4.26059,4.13869,4.09806,4.76182,5.63734,5.9595,6.16773,6.86187,8.15595,9.58145,11.7176,12.4081,14.7907,17.1858,18.7064,24.8339,31.6935,40.2359,47.0299,50.4479,57.0419,63.0007,71.8885,71.7855,70.7632,68.4449,78.2216,81.319,72.6744,79.0154,175.532,0,0,0,0,0,0,0,0,0,0,0,0,0
597.5,11.7214,11.8238,10.6446,11.4761,10.9825,10.1589,9.44826,8.91751,8.72138,8.68095,8.60721,7.2984,6.36042,5.6149,4.96343,5.23656,4.88865,4.18921,4.09588,4.06848,4.72741,5.58681,5.81434,6.05972,6.73766,8.04101,9.4674,11.5689,12.1405,14.5906,16.7707,18.3738,24.423,30.9966,39.0076,46.1745,49.256,55.3392,61.1246,70.4895,71.2751,69.7282,67.1967,75.1692,79.4377,69.022,72.9712,160.548,0,0,0,0,0,0,0,0,0,0,0,0,0
598,11.5455,11.6255,10.5556,11.482,10.7851,10.0346,9.30908,8.75827,8.71345,8.61819,8.58535,7.23423,6.35003,5.59107,4.95156,5.22325,4.79903,4.17732,4.02485,4.0799,4.68667,5.5284,5.67167,5.95331,6.66142,7.85658,9.31715,11.3968,11.9811,14.311,16.4466,18.1367,24.108,30.328,38.1956,45.1381,48.6034,53.6075,59.5836,69.1414,70.4379,68.825,67.0046,72.6051,77.9504,65.9721,67.5444,144.979,0,0,0,0,0,0,0,0,0,0,0,0,0
598.5,11.5004,11.4489,10.4363,11.4887,10.7228,9.83518,9.1621,8.61472,8.758,8.54184,8.47912,7.24758,6.30418,5.61621,4.90497,5.23472,4.68393,4.17831,3.95862,4.02066,4.6296,5.48388,5.4793,5.82936,6.58167,7.69594,9.22812,11.2723,11.8402,14.0596,16.0875,17.9472,23.6912,29.4819,37.8271,43.5582,47.7957,52.8295,58.7116,67.839,69.173,67.8345,66.7407,70.5271,76.4953,64.0126,62.7947,130.326,0,0,0,0,0,0,0,0,0,0,0,0,0
599,11.4999,11.2636,10.3373,11.3541,10.7717,9.6621,8.93772,8.40129,8.77946,8.46574,8.32642,7.31216,6.27561,5.66456,4.97395,5.18585,4.51602,4.20357,3.88298,3.97382,4.51103,5.39447,5.35225,5.71692,6.48277,7.58184,9.09077,11.0464,11.6506,13.653,15.7347,17.732,23.2834,29.0319,37.5436,42.1905,47.3578,51.6582,57.5705,66.2976,67.8796,66.9645,66.2964,69.4284,75.3122,62.4395,58.5992,116.753,0,0,0,0,0,0,0,0,0,0,0,0,0
599.5,11.4561,11.0835,10.1841,11.203,10.8824,9.56267,8.83591,8.28389,8.715,8.358,8.18392,7.28025,6.20806,5.58912,4.99449,5.13462,4.434,4.19757,3.82816,3.92329,4.39972,5.38074,5.27714,5.67237,6.44418,7.49278,8.84948,10.8029,11.4416,13.2705,15.5753,17.3887,22.5929,28.6754,37.1364,41.2935,46.6735,51.453,56.9152,64.3093,66.5943,65.5612,65.4076,68.7278,74.6428,60.8838,54.888,106.238,0,0,0,0,0,0,0,0,0,0,0,0,0
600,11.4151,10.9564,10.0763,11.1266,10.9079,9.52788,8.71793,8.08186,8.57443,8.29601,8.05684,7.21945,6.18854,5.52196,4.937,5.0159,4.38138,4.1406,3.80207,3.88343,4.30106,5.28365,5.25612,5.62179,6.38239,7.45349,8.58583,10.5218,11.2063,12.846,15.4212,17.1238,21.8573,28.3335,36.3544,40.6209,45.2183,50.3557,56.5768,62.8197,65.4658,63.4306,64.4576,67.896,73.6944,59.6808,51.7593,97.3135,210.658,0,0,0,0,0,0,0,0,0,0,0,0
600.5,11.3366,10.8415,10.0236,11.0904,10.6865,9.45917,8.74101,8.06374,8.48957,8.25079,8.08849,7.12413,6.16675,5.4066,4.91508,4.89616,4.34879,4.05939,3.76107,3.8105,4.25375,5.18273,5.25042,5.58967,6.29684,7.36443,8.27303,10.2291,10.9708,12.5167,15.2368,16.7912,21.11,27.7377,35.3966,40.128,43.7565,49.1568,56.5962,61.9842,64.0863,61.6506,63.6158,66.6399,71.7896,58.8273,48.6768,89.0723,198.222,0,0,0,0,0,0,0,0,0,0,0,0
601,11.3338,10.859,9.9663,10.9862,10.6057,9.40109,8.80473,8.05302,8.33391,8.18176,8.03847,7.02926,6.18049,5.29255,4.84432,4.75438,4.32897,3.96489,3.68847,3.74597,4.26907,5.03354,5.24093,5.54475,6.23937,7.14876,8.06273,10.052,10.7726,12.2828,14.9911,16.5176,20.5056,26.9386,34.4874,39.0697,42.6114,48.3141,56.048,61.2918,62.7437,59.7415,62.3956,65.2232,69.6188,58.5897,46.2868,81.3216,185.86,0,0,0,0,0,0,0,0,0,0,0,0
601.5,11.3379,10.9065,9.98114,10.8913,10.5498,9.39361,8.80464,8.09647,8.30575,8.06317,7.99689,6.92924,6.11138,5.24442,4.8293,4.68291,4.33408,3.86117,3.61489,3.69199,4.29839,4.95238,5.19809,5.49295,6.19733,6.88407,7.88426,9.85085,10.5926,12.0804,14.8053,16.1925,20.1872,26.2431,33.5161,38.3785,42.2808,47.7308,55.1946,59.8795,61.3759,58.6327,61.4097,64.3269,66.9033,57.8571,44.261,73.7986,172.487,0,0,0,0,0,0,0,0,0,0,0,0
602,11.3187,10.8808,10.0206,10.8381,10.4552,9.46804,8.78848,8.12389,8.32501,7.94678,7.93794,6.77254,6.06242,5.23668,4.80852,4.68621,4.33334,3.83908,3.51516,3.69283,4.25793,4.89445,5.19261,5.41091,6.10319,6.68363,7.75566,9.77424,10.4998,12.0917,14.5854,15.9733,20.0766,25.6169,32.5315,37.6626,41.5984,47.4365,54.159,59.2023,60.7633,57.2619,60.4666,63.481,65.3838,56.96,42.6279,66.9698,160.338,0,0,0,0,0,0,0,0,0,0,0,0
602.5,11.2941,10.8193,10.0391,10.8444,10.4351,9.53424,8.77852,8.12046,8.32181,7.92001,7.87856,6.66918,5.9988,5.2512,4.77256,4.65653,4.37054,3.82195,3.48216,3.68505,4.21525,4.84839,5.19666,5.35569,6.0235,6.60773,7.68699,9.70169,10.3628,11.9553,14.4682,15.7975,20.0444,24.9276,32.0069,36.7901,41.6066,46.9235,53.1475,57.6242,60.4056,57.0512,59.6307,62.7463,64.528,56.431,41.3138,61.5149,147.472,0,0,0,0,0,0,0,0,0,0,0,0
603,11.2284,10.7253,9.94111,10.8909,10.2498,9.57808,8.77956,8.06812,8.31436,7.91379,7.80034,6.65056,6.03603,5.2411,4.73621,4.59087,4.34956,3.81042,3.46186,3.6673,4.07519,4.77808,5.07013,5.2983,5.89748,6.65345,7.61192,9.69536,10.1382,11.8745,14.2313,15.7915,19.9246,24.2662,31.485,36.023,41.0993,46.0619,52.1287,57.8884,60.3365,56.9818,59.6704,61.92,63.9953,55.9371,40.3745,57.0192,135.147,0,0,0,0,0,0,0,0,0,0,0,0
603.5,11.1865,10.6794,9.85044,10.9074,10.1709,9.60825,8.72551,8.00485,8.20146,7.89427,7.75667,6.6549,6.03655,5.18613,4.69757,4.50135,4.31247,3.80609,3.50839,3.66499,3.94719,4.72892,4.92356,5.23215,5.72228,6.71589,7.53692,9.59835,9.98659,11.74,13.9257,15.8077,19.627,23.6174,31.3657,35.4474,40.6025,45.2848,51.45,57.0168,59.496,56.4525,59.2666,60.8663,63.2486,55.6966,39.4856,53.4023,123.051,0,0,0,0,0,0,0,0,0,0,0,0
604,11.1614,10.6361,9.74335,10.8395,10.1453,9.60225,8.68366,7.87253,8.12667,7.82128,7.652,6.70533,5.99856,5.13759,4.60626,4.49519,4.26884,3.79442,3.54451,3.65932,3.83674,4.75101,4.72752,5.17136,5.59152,6.70315,7.36057,9.47883,9.8758,11.5533,13.7106,15.8535,19.3629,23.4678,31.1594,35.121,40.396,45.1458,50.5989,55.855,58.2004,56.4529,58.974,60.3954,62.6056,54.7578,38.9093,50.3664,112.187,0,0,0,0,0,0,0,0,0,0,0,0
604.5,11.0942,10.6706,9.77278,10.791,10.195,9.53235,8.63067,7.8186,8.13585,7.76782,7.61294,6.68313,5.89594,5.09208,4.57226,4.43025,4.22746,3.77114,3.53168,3.65596,3.78945,4.75623,4.6901,5.10957,5.42309,6.67336,7.25303,9.34565,9.92723,11.4237,13.4535,15.7884,19.2591,23.5579,30.7811,34.9829,39.9842,45.0863,50.6747,55.3544,57.5549,56.3141,58.354,60.1412,62.6471,54.0126,38.55,47.4846,101.981,0,0,0,0,0,0,0,0,0,0,0,0
605,11.044,10.7499,9.84224,10.7397,10.2064,9.25614,8.60864,7.79084,8.21597,7.79482,7.57744,6.70271,5.84149,5.05981,4.52677,4.37568,4.15098,3.73801,3.50574,3.57915,3.80501,4.69549,4.66342,5.05709,5.35536,6.65409,7.17928,9.16126,9.93593,11.2005,13.305,15.5792,19.2333,23.6969,30.3453,34.5337,39.9489,45.1334,49.3666,54.8562,57.303,56.2188,57.3324,60.2437,62.9647,52.515,38.103,44.8794,92.113,202.844,0,0,0,0,0,0,0,0,0,0,0
605.5,10.9959,10.7148,9.91031,10.7065,10.2858,8.91083,8.58143,7.7604,8.22417,7.76443,7.52025,6.65689,5.83874,4.99758,4.49281,4.35826,4.05876,3.71551,3.45115,3.51204,3.78417,4.62248,4.68667,5.00064,5.26627,6.60272,7.24561,9.01147,9.81653,10.99,13.1898,15.2138,19.2343,23.8553,29.9571,34.1871,39.4197,44.2581,48.6435,54.5531,57.0491,56.0599,56.5463,60.4264,63.0092,51.6447,37.7689,42.6407,83.9813,189.848,0,0,0,0,0,0,0,0,0,0,0
606,10.9495,10.6015,9.91939,10.7335,10.3765,8.6146,8.50791,7.75402,8.19124,7.8078,7.51932,6.65047,5.90087,4.98589,4.41186,4.37029,3.98866,3.66383,3.41824,3.44732,3.7748,4.52913,4.63141,4.98814,5.25057,6.50568,7.23522,8.83993,9.60276,10.885,13.0442,14.7474,19.0407,23.7347,29.7219,33.7779,38.7517,43.59,47.4188,54.7557,56.912,55.591,56.4803,60.8009,62.9711,51.4824,37.2992,40.8485,76.9968,176.811,0,0,0,0,0,0,0,0,0,0,0
606.5,10.9302,10.3424,9.91142,10.7356,10.4711,8.53284,8.46821,7.77128,8.15004,7.8442,7.49331,6.6275,5.90946,4.94489,4.38083,4.3731,3.9494,3.6514,3.38565,3.40766,3.70716,4.4877,4.536,4.93867,5.18684,6.33623,7.14646,8.81055,9.37189,10.7936,12.9714,14.2989,18.6095,23.5312,29.3333,33.0132,38.2584,43.1246,47.5826,54.7537,56.6397,54.9988,56.6755,61.0044,62.2453,52.0446,36.8284,39.4021,71.2714,164.389,0,0,0,0,0,0,0,0,0,0,0
607,10.9195,10.2375,9.83763,10.7408,10.5708,8.46745,8.39354,7.87748,8.07531,7.88516,7.49603,6.61845,5.89529,4.93611,4.38734,4.331,3.87903,3.61849,3.37592,3.3867,3.6597,4.42481,4.51985,4.9289,5.11261,6.18514,7.05626,8.75507,9.18341,10.7817,12.8109,13.9866,18.1791,23.192,29.0952,32.2906,38.1054,42.6667,47.8333,54.9193,56.4195,54.1322,57.4539,60.0126,61.0988,52.4574,36.4508,37.9092,67.422,152.205,0,0,0,0,0,0,0,0,0,0,0
607.5,10.8751,10.2356,9.78175,10.7456,10.6204,8.35014,8.41079,7.92196,8.03116,7.88872,7.4205,6.61438,5.86677,4.92368,4.3974,4.20121,3.86964,3.6051,3.33293,3.35825,3.61317,4.36419,4.45415,4.85,5.10582,6.0612,6.97387,8.7142,9.07218,10.6017,12.6367,13.8606,17.927,22.8793,28.9219,31.7847,38.0675,42.4108,47.7211,54.4963,55.698,53.8161,57.7557,58.7837,60.1649,52.3313,36.6845,36.5784,63.48,141.051,0,0,0,0,0,0,0,0,0,0,0
608,10.9187,10.4397,9.84512,10.7629,10.5521,8.14556,8.46092,7.90217,7.98765,7.86051,7.31935,6.63824,5.82047,4.93139,4.45273,4.13022,3.85149,3.57924,3.31419,3.29907,3.54806,4.32267,4.43956,4.81613,5.10038,5.94148,6.97582,8.57481,8.90696,10.5257,12.4995,13.8056,17.826,22.7638,28.9026,31.5224,37.8047,41.5021,47.9291,53.647,55.1885,53.6781,57.8396,57.9718,59.3409,51.9879,36.9883,35.6087,59.0541,130.128,0,0,0,0,0,0,0,0,0,0,0
608.5,10.9199,10.6486,9.98468,10.7694,10.4402,8.10022,8.4937,7.87466,7.98889,7.80119,7.31815,6.61934,5.79394,4.91066,4.43671,4.11693,3.831,3.5313,3.29783,3.26203,3.51203,4.25945,4.35616,4.75335,5.10653,5.88581,6.99494,8.4375,8.8279,10.2783,12.3719,13.5216,17.5232,22.2592,28.8157,31.5778,37.4707,40.8306,47.6097,52.5184,54.6894,53.9393,57.7961,58.2768,59.1364,51.7711,37.3102,34.7629,54.8621,118.489,0,0,0,0,0,0,0,0,0,0,0
609,10.9294,10.7685,10.1235,10.6531,10.2444,8.22018,8.5103,7.83245,7.95054,7.72473,7.42245,6.61386,5.7896,4.91582,4.42906,4.12972,3.80816,3.45482,3.26203,3.24081,3.47681,4.15664,4.36119,4.70199,5.11242,5.86345,6.97618,8.32149,8.77648,10.0369,12.2976,13.3009,17.2655,22.0077,28.4297,31.247,36.9898,40.0564,47.5124,51.8112,54.602,54.1118,57.3113,58.6984,58.5976,51.6221,37.2794,34.225,51.6274,107.583,0,0,0,0,0,0,0,0,0,0,0
609.5,10.9098,10.9139,10.2121,10.5865,10.185,8.32058,8.52117,7.86491,8.00256,7.67743,7.53424,6.59704,5.79966,4.94117,4.37209,4.12297,3.78418,3.41047,3.2124,3.22294,3.46226,4.08884,4.30987,4.66508,5.08608,5.79603,6.95317,8.17612,8.79092,9.75066,12.1616,13.1213,17.1588,21.5629,27.7461,30.9033,36.4385,39.6318,47.4205,51.6411,54.6709,53.7095,56.7627,58.7918,57.9263,51.4198,37.2552,34.0162,49.3851,97.6425,0,0,0,0,0,0,0,0,0,0,0
610,10.8004,10.9742,10.1855,10.4382,10.273,8.34744,8.54108,7.85963,8.02795,7.69512,7.52762,6.52864,5.81805,4.94877,4.3414,4.08617,3.78421,3.37967,3.17877,3.22561,3.48663,4.00843,4.31264,4.62928,5.05459,5.70906,6.94379,8.10335,8.80008,9.68797,11.9985,13.0131,17.2707,21.4312,27.3094,30.8197,35.6668,39.2115,47.2327,51.0255,54.7952,53.7977,55.8759,58.3328,57.5022,51.6009,37.1153,33.8905,47.9337,89.7651,187.766,0,0,0,0,0,0,0,0,0,0
610.5,10.8186,11.0036,10.2057,10.3592,10.51,8.39768,8.58666,7.94162,8.07304,7.67554,7.45642,6.48468,5.74911,4.9772,4.29918,4.04852,3.76428,3.39199,3.12736,3.17837,3.5116,3.99042,4.28967,4.59897,5.00418,5.63599,6.9276,8.02932,8.67959,9.70005,11.8196,12.8431,17.2995,21.2473,26.8308,31.0741,34.8242,39.0796,46.5934,50.6834,54.4984,53.1563,55.0594,57.8463,57.8392,51.7125,36.9708,33.9275,46.0922,83.8895,176.522,0,0,0,0,0,0,0,0,0,0
611,10.7964,10.9412,10.2524,10.3782,10.6717,8.60169,8.552,8.06652,8.0701,7.65445,7.39196,6.49861,5.70833,5.01601,4.27993,4.03605,3.73909,3.39011,3.12534,3.12286,3.51967,3.97243,4.27494,4.54974,4.96918,5.63169,6.92566,8.02069,8.57439,9.83389,11.6684,12.6871,17.1703,21.3517,26.7501,31.3371,34.2742,39.1373,45.8885,50.2099,54.0983,52.9307,54.4778,57.2669,58.5314,51.3398,36.7921,33.7784,44.163,78.7889,164.681,0,0,0,0,0,0,0,0,0,0
611.5,10.8527,10.8861,10.2778,10.3657,10.7881,8.98407,8.52571,8.15866,7.95757,7.70632,7.40961,6.52223,5.69801,5.03076,4.3294,4.01362,3.68929,3.39346,3.09822,3.08495,3.48876,3.99437,4.25676,4.51336,4.95027,5.63209,6.86444,8.0034,8.59891,9.88266,11.5148,12.4986,16.9112,21.3305,26.5188,31.1377,34.0596,38.7199,45.4579,50.1228,53.1076,52.9277,54.1533,57.2299,59.2608,51.0059,36.7729,33.41,42.3832,74.0876,154.364,0,0,0,0,0,0,0,0,0,0
612,10.8114,10.7752,10.3332,10.3571,10.7559,9.37204,8.53531,8.19942,7.9582,7.67605,7.43358,6.63263,5.76314,5.04222,4.3865,4.04077,3.64008,3.3656,3.04861,3.04275,3.43739,4.00828,4.16926,4.51598,4.95383,5.62722,6.75366,7.8565,8.6137,9.88047,11.5125,12.2999,16.6215,21.2076,26.4477,30.9871,33.9851,38.3971,45.0411,49.778,52.2529,52.5339,53.8206,57.2074,59.1931,50.5353,36.8673,33.1785,40.7784,69.814,145.031,0,0,0,0,0,0,0,0,0,0
612.5,10.8321,10.7178,10.3997,10.5232,10.7498,9.58553,8.4813,8.0952,8.01611,7.78527,7.38474,6.67342,5.78406,5.06991,4.42833,4.08279,3.62151,3.36537,3.07258,3.03386,3.42277,4.00122,4.12015,4.47128,4.94664,5.64406,6.64918,7.71403,8.62464,9.74171,11.5142,12.1956,16.5774,21.0279,26.3132,30.4743,33.9726,38.6921,44.6045,49.2703,52.1031,52.6,53.7964,57.6519,58.7492,50.34,36.7273,32.979,39.5934,65.3875,137.121,0,0,0,0,0,0,0,0,0,0
613,10.8896,10.7253,10.4007,10.7351,10.8294,9.60191,8.5154,8.06068,8.05252,7.81951,7.32283,6.68548,5.81395,5.08892,4.4421,4.10771,3.60351,3.33575,3.0413,3.03967,3.42532,3.95432,4.03183,4.44464,4.89027,5.56787,6.53303,7.59477,8.50613,9.63663,11.4954,11.9844,16.3961,20.8041,26.1793,30.323,33.9234,38.8562,43.8957,48.7401,52.1848,52.5788,53.9023,57.5957,58.4876,50.2657,36.6532,33.0921,38.8668,61.4011,128.874,0,0,0,0,0,0,0,0,0,0
613.5,10.9189,10.8096,10.343,10.8726,10.8499,9.67511,8.5501,8.08732,8.01399,7.83569,7.28473,6.74448,5.81524,5.09389,4.40473,4.07264,3.59764,3.32505,3.03804,3.04452,3.42596,3.92358,3.99736,4.41073,4.83053,5.45925,6.39373,7.64903,8.25939,9.50788,11.4925,12.0325,16.4105,20.7983,26.0667,30.0596,33.6995,38.7451,43.6473,48.6947,51.8214,53.3278,54.5702,57.2711,58.5859,50.0125,36.7289,33.2708,38.2508,57.9814,120.255,0,0,0,0,0,0,0,0,0,0
614,11.0138,10.9052,10.2762,10.9296,10.8518,9.70307,8.57484,8.14126,7.95722,7.75826,7.35057,6.74894,5.80574,5.11403,4.40049,4.05311,3.62665,3.30013,2.99032,3.012,3.41536,3.89849,3.98476,4.30125,4.77823,5.38289,6.28633,7.75891,8.15716,9.41464,11.5327,12.0584,16.2213,20.6933,26.1268,29.9944,33.601,38.3357,43.2889,48.933,50.9465,53.8823,54.6165,57.1173,58.3744,49.668,37.2064,33.1215,38.0367,54.8519,110.403,0,0,0,0,0,0,0,0,0,0
614.5,11.0376,11.0482,10.2498,10.9485,10.9343,9.93606,8.65634,8.26292,8.03026,7.74706,7.43852,6.76346,5.77036,5.04876,4.44006,4.04846,3.61947,3.25848,3.00013,2.98501,3.39056,3.89921,3.9779,4.28165,4.7237,5.32187,6.18546,7.83598,8.14547,9.3594,11.5531,12.2436,15.9769,20.6214,26.0086,29.9238,33.3949,38.0689,43.6956,49.5845,50.7245,54.2631,55.2845,57.1325,58.6173,48.9379,37.1847,33.0169,38.072,52.7829,100.784,0,0,0,0,0,0,0,0,0,0
615,11.147,11.1254,10.2917,11.1036,11.1015,10.0296,8.73468,8.29543,8.0311,7.7255,7.53603,6.77521,5.67363,5.05087,4.47645,4.08694,3.55857,3.25914,2.99602,2.9518,3.34346,3.85077,3.97919,4.21565,4.67075,5.38333,6.16041,7.8832,8.18909,9.36418,11.6109,12.5051,15.6931,20.3538,25.9817,29.7326,32.9988,37.9378,43.9343,50.0219,50.495,54.2075,55.3113,57.4137,59.0312,48.4115,37.1822,33.0649,38.3626,50.8058,92.1975,178.406,0,0,0,0,0,0,0,0,0
615.5,11.2227,11.062,10.3856,11.2414,11.3225,9.94855,8.84455,8.28518,8.10194,7.73367,7.55314,6.7608,5.61487,5.05043,4.49792,4.14654,3.53879,3.24976,2.99246,2.92029,3.30088,3.82815,4.01175,4.19878,4.64514,5.3522,6.15345,7.84002,8.30294,9.36168,11.5257,12.5873,15.6707,20.1885,25.7352,29.7847,32.6315,37.9235,43.5446,49.7859,51.1925,54.1176,55.5506,57.5444,59.9144,48.4761,36.7243,33.1548,38.2121,48.9854,85.4698,168.712,0,0,0,0,0,0,0,0,0
616,11.2807,11.0473,10.4916,11.4247,11.4237,9.86117,8.8477,8.37365,7.99779,7.70344,7.61003,6.71445,5.6134,5.08413,4.50401,4.19731,3.53883,3.26573,3.0019,2.84697,3.24169,3.79867,4.00673,4.16533,4.64389,5.34561,6.19515,7.80697,8.32786,9.36876,11.3245,12.7048,15.8642,20.1887,25.3032,29.5204,32.1286,37.5594,43.3127,49.8123,51.7257,53.8676,55.6242,57.5224,60.7035,48.9197,36.357,33.3345,38.0908,47.694,80.5836,159.498,0,0,0,0,0,0,0,0,0
616.5,11.376,11.0583,10.5529,11.5773,11.3707,9.6839,8.83018,8.38355,7.84588,7.63089,7.63931,6.65511,5.73153,5.10635,4.4835,4.2135,3.58937,3.2568,2.99322,2.7583,3.22346,3.77198,4.02245,4.10779,4.67832,5.27859,6.25958,7.70947,8.3296,9.3463,11.1492,12.5838,16.1494,20.4037,25.0759,29.4299,32.1185,37.7489,43.1744,49.5702,52.2793,53.1784,55.4325,57.8473,61.0894,49.419,36.5962,33.6645,38.0579,46.476,76.7192,149.074,0,0,0,0,0,0,0,0,0
617,11.4602,11.2495,10.6626,11.6637,11.3253,9.87498,8.73569,8.37233,7.6799,7.65756,7.74662,6.66433,5.77042,5.11175,4.49037,4.23677,3.61046,3.22811,3.00764,2.75682,3.20437,3.7331,4.01003,4.01351,4.68769,5.23283,6.30047,7.55273,8.3048,9.34897,10.9838,12.5028,16.2052,20.5596,24.8643,29.3656,32.3685,38.0646,43.4748,49.7038,52.8635,52.8659,55.7684,58.1021,61.1849,50.0189,36.993,34.1057,38.3982,46.0435,73.1108,139.455,0,0,0,0,0,0,0,0,0
617.5,11.6328,11.4703,10.7713,11.8205,11.4018,10.1178,8.7784,8.38328,7.60657,7.63864,7.83714,6.69855,5.93217,5.10697,4.55148,4.26211,3.61748,3.2163,3.00941,2.77883,3.2431,3.76316,3.98937,3.99164,4.67824,5.20386,6.26965,7.4049,8.31054,9.35661,10.833,12.4556,16.1314,20.72,24.8784,29.0824,32.5932,38.1577,43.4886,49.578,53.6073,52.4796,56.7487,59.0393,60.7839,50.5608,37.8982,34.8824,38.6508,45.2107,69.3856,130.738,0,0,0,0,0,0,0,0,0
618,11.8049,11.7109,10.8453,11.7758,11.5021,10.5275,8.8807,8.40279,7.767,7.75209,7.85043,6.7809,6.01172,5.15576,4.62431,4.26787,3.59935,3.17619,2.98154,2.823,3.27052,3.77106,3.95841,4.02841,4.63874,5.18019,6.23652,7.33981,8.24409,9.39634,10.8919,12.5485,15.9909,20.7077,24.9756,28.9103,32.7394,37.872,43.4511,49.9679,54.1226,52.7051,57.4609,59.6463,61.1158,51.5576,38.6639,35.5716,39.0363,44.681,65.5895,124.166,0,0,0,0,0,0,0,0,0
618.5,11.9249,11.8675,10.881,11.8306,11.6985,10.8002,9.07362,8.5451,8.04417,7.8102,7.84509,6.82126,6.0636,5.20439,4.60138,4.28663,3.59447,3.19981,2.96652,2.84876,3.26763,3.80611,3.91238,4.06054,4.5735,5.21061,6.22303,7.37158,8.26003,9.37377,11.0026,12.7295,15.9132,20.6728,25.3301,28.8541,32.6859,37.5367,43.4682,50.1241,54.2927,52.9549,57.9396,60.4339,61.2653,52.1012,39.4446,36.0488,39.4628,43.9577,62.345,118.007,0,0,0,0,0,0,0,0,0
619,12.0605,11.8717,10.7701,11.8429,11.9508,10.7255,9.30187,8.63008,8.28022,7.99911,7.81826,6.84252,6.13361,5.2408,4.58773,4.30841,3.64068,3.22623,2.96387,2.85261,3.26527,3.833,3.91444,4.1105,4.53493,5.23098,6.26004,7.44486,8.16543,9.37957,11.0573,12.9061,15.8934,20.6785,25.6298,29.0223,32.7206,37.422,43.1352,50.4747,53.947,53.3742,58.4114,61.2196,61.9137,52.7464,40.2093,36.8372,39.9716,43.5719,60.7878,110.876,0,0,0,0,0,0,0,0,0
619.5,12.1535,11.9353,10.7472,12.1237,12.2793,10.6089,9.58517,8.66992,8.50846,8.18353,7.81602,6.88497,6.15417,5.3458,4.56187,4.34034,3.70436,3.26836,2.97681,2.87748,3.25724,3.81863,3.91139,4.1217,4.49857,5.2743,6.25824,7.57458,8.13821,9.4167,10.9718,13.0661,15.9924,20.7191,26.0061,29.1829,33.0249,37.5782,43.6672,50.4441,53.4731,53.9348,59.0538,61.6437,62.4741,53.9238,41.0059,37.5835,40.6851,43.8362,59.949,103.856,0,0,0,0,0,0,0,0,0
620,12.3225,12.1369,11.0029,12.4822,12.5619,10.6085,9.80784,8.7247,8.5724,8.31331,7.86153,7.07421,6.23621,5.40473,4.65438,4.36186,3.72382,3.272,2.98584,2.90618,3.26101,3.80255,3.89678,4.1267,4.47644,5.27606,6.21543,7.65645,8.08555,9.48877,10.8017,13.1332,16.0277,20.9299,26.1698,29.4868,33.4686,37.5291,43.8823,50.9622,53.2103,55.0887,60.3209,61.7304,63.1413,54.5822,41.9294,38.6761,41.5014,44.6868,59.5284,97.6874,177.739,0,0,0,0,0,0,0,0
620.5,12.8456,12.7701,12.0336,12.5148,13.1562,11.5278,9.55833,8.33464,7.90443,6.90746,6.35327,5.96466,4.88958,3.97906,3.48075,3.08834,2.6227,2.11245,2.05725,1.92222,2.08667,2.46397,2.63567,2.8817,3.52309,4.08242,5.07549,6.40778,7.03615,8.56979,10.1674,11.6738,15.6408,19.8643,25.9772,29.1868,30.7489,37.1573,43.5261,50.5103,53.2656,55.9143,59.185,63.266,66.5054,54.7969,42.5697,39.8498,41.9461,47.1485,59.8562,95.5002,172.459,0,0,0,0,0,0,0,0
621,13.1676,13.1082,12.3329,12.8607,13.6491,11.8686,9.92158,8.55488,8.09135,7.11538,6.51167,6.06709,5.06856,4.08122,3.55547,3.19291,2.66029,2.14615,2.07459,1.98267,2.09552,2.43186,2.6516,2.86956,3.51097,4.14472,5.12018,6.40872,7.05571,8.62212,10.2901,11.9058,15.9147,19.8222,25.952,29.561,31.571,37.1945,43.825,51.0093,54.0195,57.1085,61.6419,64.8188,67.5118,56.6355,43.8834,40.5771,43.2892,48.4543,59.3628,90.9276,165.931,0,0,0,0,0,0,0,0
621.5,13.4917,13.4953,12.7378,13.2408,13.8902,12.1021,10.3446,8.72228,8.33057,7.38446,6.75021,6.22049,5.27115,4.22478,3.61389,3.29763,2.71266,2.21374,2.08093,2.01669,2.10792,2.42844,2.64744,2.8775,3.4903,4.21839,5.14116,6.40203,7.01148,8.64244,10.369,11.9823,16.0747,20.2254,25.8711,29.8819,32.3536,37.4292,43.7064,52.2472,55.5098,57.7231,63.0203,66.7637,68.6674,58.5907,45.0345,41.6893,44.6462,49.4749,58.8231,87.1879,159.18,0,0,0,0,0,0,0,0
622,13.7129,13.9492,13.0562,13.6517,14.1025,12.4838,10.7289,8.88082,8.45583,7.55943,6.92282,6.34938,5.48137,4.42223,3.71295,3.39647,2.72757,2.26934,2.08825,2.03908,2.17386,2.43449,2.65384,2.93775,3.50551,4.2453,5.16589,6.43394,7.04159,8.66305,10.49,12.1842,16.2697,20.6247,25.9105,30.4249,32.96,38.104,44.652,53.7403,56.7894,58.6846,63.53,68.8331,70.2252,60.0239,46.1906,43.1485,46.1449,50.5135,58.7162,84.8396,152.01,0,0,0,0,0,0,0,0
622.5,14.1312,14.3721,13.5017,14.1413,14.3766,12.8713,11.0387,9.15762,8.5676,7.7459,7.07136,6.48796,5.5796,4.59176,3.77183,3.44985,2.75591,2.30306,2.12987,2.05367,2.24581,2.46095,2.61808,2.98069,3.50954,4.23289,5.18369,6.46084,7.15792,8.79438,10.6647,12.4694,16.4946,21.2969,26.0769,31.0209,33.686,38.8976,45.8952,54.7695,58.1222,59.4277,64.3846,70.4803,72.329,61.4161,47.8618,44.8138,47.5526,52.0089,58.7247,82.6375,144.692,0,0,0,0,0,0,0,0
623,14.5618,14.7697,14.0818,14.9095,14.9084,13.1841,11.3694,9.46216,8.69825,7.86944,7.13462,6.6785,5.61548,4.75301,3.87231,3.49469,2.81772,2.35663,2.20834,2.0882,2.24591,2.50845,2.62207,3.02394,3.53544,4.17199,5.29245,6.51495,7.38409,8.99287,10.8697,12.7411,16.8051,21.7031,26.4344,31.6497,34.4428,40.2481,47.3473,54.9578,59.0058,60.6782,65.0546,71.977,74.5478,63.187,49.3792,46.7659,48.4737,53.7606,59.1073,81.4939,138.697,0,0,0,0,0,0,0,0
623.5,15.1725,15.0879,14.7491,15.8324,15.716,13.6744,11.7763,9.86459,8.94289,8.13633,7.28558,6.87901,5.62722,4.91414,3.96467,3.58382,2.89187,2.39694,2.25742,2.11027,2.2708,2.5333,2.64395,3.07812,3.55639,4.20228,5.40136,6.61838,7.62843,9.24653,11.1534,13.0757,17.0278,22.0882,26.6587,32.4669,35.4215,41.6844,48.4147,55.2188,59.8938,62.4472,66.7728,73.8558,77.1204,65.7888,50.9541,48.74,49.7116,55.4349,59.7463,80.8232,132.957,0,0,0,0,0,0,0,0
624,15.7059,15.5072,15.4476,16.7754,16.4321,14.312,12.3762,10.2188,9.31172,8.47957,7.6733,7.13198,5.7712,5.16059,4.16322,3.69927,2.99273,2.43562,2.30256,2.12318,2.31487,2.57539,2.67977,3.11428,3.5889,4.29072,5.4616,6.78136,7.78835,9.41962,11.4383,13.1743,17.2505,22.5681,27.4899,33.5792,36.2151,43.4498,48.9753,56.1146,61.1135,64.8842,68.4988,75.9428,79.9871,68.6431,53.6542,51.0343,51.4217,57.5672,60.8146,80.3164,128.609,0,0,0,0,0,0,0,0
624.5,16.3468,16.2486,15.9551,17.5148,17.1297,15.15,12.9611,10.6254,9.72504,8.85021,8.20787,7.39781,5.89433,5.34499,4.38401,3.86678,3.16351,2.52555,2.33151,2.14841,2.38035,2.62816,2.75691,3.12519,3.65836,4.40359,5.54145,7.09504,7.96961,9.535,11.6977,13.3273,17.3457,23.1009,28.678,34.6433,37.0063,44.8688,50.7278,57.7682,63.1443,67.7199,70.6946,79.1185,83.4703,71.6044,56.28,53.4745,53.745,60.112,63.2832,80.9874,125.25,0,0,0,0,0,0,0,0
625,17.1229,17.1466,16.5331,18.1194,17.7663,16.1288,13.4956,11.0166,10.2965,9.30317,8.63612,7.70065,6.17134,5.5612,4.62079,4.02629,3.3431,2.58377,2.38008,2.17057,2.43014,2.69862,2.82942,3.12861,3.70982,4.48597,5.68916,7.34398,8.13634,9.72191,12.0089,13.4477,17.6254,23.7455,30.1164,35.6018,37.7975,46.0071,52.7957,60.063,65.2753,69.9677,73.6329,82.5049,87.0971,74.3437,59.9695,56.1313,56.3696,63.5561,66.22,81.5504,122.364,186.508,0,0,0,0,0,0,0
625.5,18.05,18.1527,17.2755,18.7712,18.7221,16.9494,13.9183,11.5821,10.8606,9.73134,9.04256,8.03919,6.4815,5.77488,4.68933,4.1758,3.55183,2.69345,2.42458,2.21297,2.47307,2.76137,2.91049,3.14613,3.72906,4.51557,5.86271,7.54398,8.32545,9.96276,12.2928,13.4892,18.1249,24.4372,31.199,36.4611,38.6124,47.1284,54.9747,62.7415,67.2089,72.7354,77.5643,85.5284,90.8434,77.1427,63.4168,59.4348,59.5775,66.6094,70.35,83.1209,120.242,183.308,0,0,0,0,0,0,0
626,18.7632,19.1926,18.2913,19.7352,19.7548,17.7513,14.6071,12.1438,11.3509,10.2617,9.45574,8.39355,6.9221,6.04971,4.80799,4.31899,3.72971,2.79616,2.5169,2.26581,2.51449,2.83049,2.97785,3.19809,3.67201,4.61019,6.10484,7.75136,8.50689,10.3379,12.6761,13.7881,18.8057,25.2111,31.9879,37.4227,39.8038,48.9065,57.0491,65.5919,69.5326,75.7923,81.9169,88.7178,94.379,80.5212,67.1493,62.6773,63.3091,69.958,74.4091,84.6331,118.588,181.283,0,0,0,0,0,0,0
626.5,19.2946,20.1477,19.53,20.8964,20.8585,18.6894,15.5038,12.8804,11.7232,10.8368,9.94256,8.68053,7.43925,6.39083,4.92618,4.49307,3.89588,2.9423,2.57464,2.33245,2.58191,2.91465,3.04424,3.2958,3.69982,4.73737,6.2743,8.01261,8.74638,10.7259,13.0259,14.3715,19.745,25.85,32.8848,38.7056,41.1556,51.0629,59.3767,68.2016,72.1309,78.5892,86.4826,92.0499,98.8101,84.0386,71.3608,65.8506,67.0624,73.4552,79.0229,86.3584,118.175,179.682,0,0,0,0,0,0,0
627,20.0376,21.1883,20.6511,22.1006,21.9106,19.6885,16.4454,13.5012,12.2253,11.4129,10.3899,9.05407,7.95997,6.73898,5.21665,4.74267,4.04077,3.09206,2.65289,2.43403,2.65955,3.01645,3.12979,3.34368,3.83499,4.90364,6.39195,8.17439,9.12313,11.0509,13.438,15.3648,20.8209,26.8143,34.1954,40.1778,43.2046,52.9663,62.0772,71.0497,75.7871,82.0073,90.5236,95.8332,103.741,88.2512,75.37,69.321,70.7624,77.2764,83.7623,89.189,118.164,179.109,0,0,0,0,0,0,0
627.5,21.2884,22.2011,21.5089,23.1421,23.1209,20.924,17.3817,14.1357,12.7517,11.8879,10.8394,9.55277,8.45946,7.0937,5.53292,4.98587,4.20957,3.2089,2.71843,2.51665,2.7005,3.08909,3.21597,3.41187,4.09673,5.10178,6.54509,8.43858,9.58064,11.5269,14.0046,16.3599,21.8819,27.9511,35.2801,41.4823,45.4033,54.5707,65.1308,74.3037,79.2901,85.2107,93.6694,101.074,110.299,93.231,79.5707,73.1759,74.5579,82.4773,88.7352,93.069,119.117,178.835,0,0,0,0,0,0,0
628,22.9196,23.192,22.5367,24.147,24.381,22.5204,18.2234,14.846,13.6113,12.3945,11.3811,10.1151,8.97983,7.50126,6.05159,5.23799,4.34055,3.31827,2.82304,2.66372,2.78816,3.14474,3.34972,3.53138,4.36466,5.3223,6.75621,8.72611,9.93718,12.0331,14.5822,17.2105,22.7876,29.1265,36.7961,42.8928,48.1473,56.2473,68.5013,77.736,83.189,88.3215,98.4371,105.406,117.148,98.9264,83.8288,79.0125,79.1773,88.8,94.2142,98.5456,120.859,179.453,0,0,0,0,0,0,0
628.5,24.6231,24.1858,24.1746,25.4564,25.7097,23.8649,19.3119,15.8373,14.4717,12.9375,12.0352,10.8421,9.38774,7.89108,6.53301,5.47331,4.51117,3.438,2.98237,2.7843,2.90821,3.27116,3.49457,3.68702,4.58809,5.54611,6.99932,9.08098,10.3653,12.5564,15.0774,17.981,23.5676,30.163,38.2343,44.6814,51.0075,58.6487,71.2912,81.6665,87.6623,92.8551,103.209,110.137,123.643,105.137,88.994,85.393,84.3107,95.8074,100.548,103.821,125.001,178.297,0,0,0,0,0,0,0
629,26.1529,25.3121,26.1498,26.9745,27.0382,25.2965,20.4353,17.053,15.4411,13.4852,12.9353,11.3796,9.76397,8.35165,7.0302,5.7609,4.69962,3.63499,3.13345,2.93883,3.02996,3.41231,3.64922,3.88936,4.75779,5.73341,7.21495,9.50358,10.746,13.2407,15.5484,18.7686,24.4012,31.326,39.6039,47.0244,53.6072,61.0838,74.0705,85.1055,92.9518,98.7434,108.949,115.837,130.486,112.208,94.7229,92.3685,89.46,103.205,106.759,109.584,130.079,177.677,0,0,0,0,0,0,0
629.5,27.6171,26.8919,28.5875,28.7299,28.5247,26.6824,21.6082,18.2745,16.2393,14.2547,13.9126,11.9653,10.2822,8.80455,7.45438,6.14398,4.91687,3.89925,3.33476,3.02084,3.14793,3.52998,3.78521,4.04184,4.88806,5.89301,7.49834,9.94658,11.1671,13.8324,16.1587,19.7073,25.4442,32.6907,41.3724,50.0195,55.6579,64.3471,77.6049,88.1154,98.0983,104.64,114.416,122.624,138.257,120.192,101.732,98.1574,95.4696,109.376,113.38,115.632,135.54,177.169,0,0,0,0,0,0,0
630,29.0906,28.6465,30.7067,30.3437,30.5589,28.1455,23.026,19.3445,16.9569,15.111,15.0013,12.3722,10.8899,9.32817,7.8026,6.53625,5.10202,4.15141,3.50588,3.09177,3.25855,3.62652,3.94174,4.09844,5.02024,6.04689,7.74822,10.3015,11.555,14.4481,16.9053,20.7641,26.7058,34.4987,43.2979,53.0788,58.2123,68.3985,81.1312,91.802,104.13,112.096,120.833,131.584,145.024,129.085,109.531,103.882,102.156,116.211,120.698,122.541,141.54,179.3,242.863,0,0,0,0,0,0
630.5,30.6742,30.5757,32.5956,32.2458,32.6045,29.8226,24.9207,20.2875,17.9717,16.0585,15.8,13.0684,11.6351,9.87626,8.23419,6.91761,5.25431,4.38758,3.70274,3.16721,3.39992,3.70383,4.15106,4.20346,5.14199,6.2497,8.08725,10.6311,11.9155,14.9425,17.6767,21.8051,28.159,36.2795,45.8495,55.884,60.8832,72.9469,85.9058,96.1927,109.622,118.994,128.898,140.934,154.282,138.026,118.24,110.751,109.407,124.015,128.613,130.127,147.521,182.425,245.553,0,0,0,0,0,0
631,32.4846,32.6642,34.7301,34.3057,34.2528,31.4411,27.0998,21.4821,19.2156,17.1264,16.4805,13.9545,12.4015,10.4775,8.66363,7.27621,5.48877,4.56762,3.86417,3.24433,3.56567,3.84433,4.34784,4.33881,5.33631,6.5657,8.40716,10.9583,12.4258,15.5913,18.5302,22.8277,29.6402,38.3906,48.8109,58.8227,64.5863,78.0567,90.4433,101.48,116.047,125.186,135.758,149.837,163.164,147.005,126.327,120.333,117.961,131.962,137.773,138.888,154.635,187.044,249.165,0,0,0,0,0,0
631.5,34.4805,34.7042,36.7546,36.5777,35.9811,33.1336,29.2948,22.6719,20.8643,18.0158,17.0946,15.0045,13.1543,11.1188,9.19904,7.61986,5.77516,4.74783,4.07438,3.36331,3.72158,4.00207,4.53086,4.50876,5.60023,6.9714,8.79699,11.3159,13.0944,16.2476,19.3552,23.8291,31.107,40.396,51.4048,61.4532,68.6132,82.0747,95.1473,108.739,122.312,132.403,144.442,160.067,170.308,155.617,135.069,129.354,126.235,140.47,146.781,149.261,162.343,193.262,252.535,0,0,0,0,0,0
632,36.6026,36.7187,39.0116,38.69,37.6428,34.8601,31.1144,24.0014,22.3403,18.9749,17.8484,16.0251,13.9907,11.7687,9.71563,8.13259,6.19367,5.0029,4.27226,3.57566,3.82009,4.19222,4.70292,4.7145,5.86425,7.34599,9.23817,11.7041,13.9093,17.0452,20.4501,24.8174,32.1903,42.3118,53.7361,64.7071,72.9693,85.9061,100.88,115.448,128.522,139.452,151.979,170.439,179.465,164.11,144.769,138.045,134.734,149.58,156.905,160.275,171.005,200.492,255.868,0,0,0,0,0,0
632.5,38.5805,38.5912,41.1527,40.9253,40.0338,36.8386,32.9322,25.7144,23.9803,20.0283,18.8523,16.8431,14.8241,12.2662,10.1588,8.61415,6.58931,5.27027,4.4992,3.80947,3.93894,4.37502,4.84484,4.93629,6.15471,7.67534,9.64184,12.1365,14.8016,17.9037,21.5198,25.6802,33.2001,44.3931,55.91,68.1917,77.4272,88.9314,107.975,122.224,135.423,148.139,161.061,179.46,188.432,172.985,154.04,146.04,142.533,160.343,167.068,170.594,179.989,206.672,258.08,0,0,0,0,0,0
633,40.3786,40.6723,43.7928,43.3772,43.0189,38.9967,34.8586,27.4951,25.4816,21.2786,20.1848,17.5059,15.5308,12.7956,10.6319,9.12546,6.98562,5.52833,4.71315,4.03327,4.127,4.54458,5.04621,5.16588,6.47029,7.95317,10.0575,12.8652,15.569,18.859,22.5746,26.5439,34.5978,46.298,58.5523,71.3511,81.9886,93.9453,114.986,129.515,143.839,158.077,170.743,188.12,201.157,185.065,165.704,154.806,152.62,171.697,178.641,181.248,190.278,214.968,262.189,0,0,0,0,0,0
633.5,42.6722,43.274,46.3958,46.2696,45.7705,41.6925,36.8808,29.533,26.6994,22.6074,21.5441,18.2257,16.1595,13.3969,11.1442,9.63589,7.35649,5.76521,4.96344,4.15898,4.38147,4.75407,5.24879,5.45822,6.77845,8.16104,10.4549,13.7279,16.0891,19.8128,23.6613,27.7402,36.4546,48.6892,61.8204,74.8516,87.4232,99.2659,120.455,137.47,150.531,168.909,178.75,196.157,214.897,197.327,176.965,164.114,162.513,183.602,190.214,192.887,201.707,223.518,266.331,0,0,0,0,0,0
634,45.5511,46.1154,48.7558,49.33,48.7552,44.3807,38.6553,31.3621,28.2137,23.9455,23.0592,19.4439,16.8866,13.9386,11.725,10.104,7.73687,5.98607,5.1466,4.34759,4.60349,5.03378,5.38378,5.71822,7.09732,8.45386,10.8574,14.5171,16.5086,20.6856,24.725,29.1514,39.0516,51.5646,65.3353,78.7284,92.8517,106.588,125.414,147.104,159.837,180.151,188.612,206.907,227.664,212.078,189.54,175.066,173.707,195.14,201.634,206.721,213.448,231.652,275.717,0,0,0,0,0,0
634.5,48.7438,49.478,51.1583,51.8399,51.7112,46.8538,40.921,32.9047,29.5033,25.361,24.5388,20.8237,17.7016,14.5343,12.3572,10.7378,8.09544,6.23842,5.39202,4.61459,4.75818,5.31768,5.49704,6.00583,7.37008,8.91143,11.3303,15.243,17.2465,21.5986,26.0746,30.7225,41.5892,53.4891,68.7928,82.6376,97.468,112.86,130.956,155.603,168.1,190.509,198.011,221.59,240.827,226.181,202.251,188.622,185.998,207.338,213.909,221.091,227.27,241.974,284.292,0,0,0,0,0,0
635,51.9623,52.9668,54.0033,54.8172,54.3753,49.3751,43.6633,34.5443,30.9432,27.0126,25.9951,21.9797,18.7492,15.1628,12.9545,11.3608,8.47296,6.4861,5.63214,4.94383,4.96316,5.63172,5.64252,6.17903,7.69147,9.44693,11.7366,15.6982,18.1121,22.9134,27.2946,32.0407,43.2618,55.0444,71.8861,86.4901,101.359,118.559,137.283,163.734,177.693,198.21,207.643,237.208,254.812,240.823,214.077,201.702,200.143,220.306,227.549,235.04,240.557,252.093,294.792,338.271,0,0,0,0,0
635.5,54.9488,56.5016,57.6711,58.2794,57.7816,51.9651,46.1394,36.1796,32.5576,28.6173,27.5525,22.9084,19.6032,15.9395,13.6303,11.9217,8.92499,6.79111,5.91569,5.21913,5.15222,5.8341,5.8581,6.31585,7.9544,9.99009,12.3258,16.4451,19.1645,24.287,28.6904,33.5056,45.7238,57.0233,75.2835,90.7432,104.873,124.738,145.514,172.363,187.26,208.164,219.899,253.122,269.727,255.423,227.378,213.397,214.318,233.288,244.446,247.491,255.208,266.535,303.695,349.051,0,0,0,0,0
636,58.1237,59.7461,61.7539,62.4187,61.505,55.2677,48.2895,38.1198,34.6235,30.0445,28.9748,24.1584,20.4175,16.7166,14.2599,12.6189,9.44144,7.06707,6.15145,5.40889,5.38293,6.04057,6.11532,6.54144,8.23281,10.3151,12.912,17.051,20.0486,25.5273,29.8425,35.1704,48.2067,59.0949,79.2083,95.13,108.748,130.787,154.128,182.536,197.659,217.933,233.507,266.353,285.597,271.249,241.673,223.705,228.184,247.132,263.171,259.462,269.777,282.179,312.893,359.984,0,0,0,0,0
636.5,61.7879,62.6738,66.1939,66.482,65.4999,58.8984,50.4632,40.4737,37.0547,31.5418,30.5166,25.8061,21.3829,17.7427,15.1487,13.2789,10.0217,7.35035,6.38294,5.53752,5.61007,6.2372,6.48914,6.81588,8.49836,10.6738,13.534,17.8151,20.9115,26.5619,31.0729,36.7761,50.6462,64.1285,83.6876,99.1802,113.684,137.34,163.327,191.491,210.44,227.454,245.902,276.699,301.584,288.902,256.901,235.379,241.072,263.172,279.559,273.457,284.53,296.988,324.706,374.271,0,0,0,0,0
637,65.4708,65.271,69.6595,70.3145,69.7939,62.3242,53.2498,42.89,39.1101,33.2146,32.0897,27.6983,22.5832,18.5968,15.9244,13.995,10.583,7.7072,6.66375,5.71605,5.85503,6.44997,6.77427,7.17444,8.85079,11.1131,14.1086,18.5001,21.8261,27.5625,32.1712,38.3733,52.6194,67.769,88.0413,105.293,120.857,144.245,173.119,200.393,222.152,238.353,262.046,285.077,317.866,304.679,271.065,249.988,257.201,280.311,295.115,288.933,301.854,313.938,337.64,387.021,0,0,0,0,0
637.5,69.6517,68.809,73.2696,72.7139,74.2736,65.7784,56.5252,45.5243,41.0461,35.2502,33.6831,29.2818,23.7389,19.6325,16.8861,14.6787,11.2457,8.05068,7.01631,5.90863,6.06544,6.67192,7.07426,7.52139,9.23975,11.7051,14.657,19.2979,22.8983,28.7941,33.4084,40.2379,54.0992,71.3347,93.2093,110.531,128.312,151.53,178.539,207.496,236.913,249.663,276.128,296.742,329.961,319.919,283.827,264.068,275.824,297.895,310.496,306.343,318.216,330.732,349.821,397.019,0,0,0,0,0
638,73.6585,72.7537,76.0347,75.5185,79.6988,69.1885,59.5523,47.9392,42.732,36.9632,35.0135,30.6403,24.9627,20.5798,17.4803,15.2431,11.7431,8.40463,7.40473,6.18,6.2167,6.84901,7.37071,7.8232,9.61341,12.209,15.2183,20.1075,23.9644,30.0687,35.1173,42.612,56.0622,75.3601,98.6628,117.708,135.644,158.265,188.214,217.38,249.89,263.382,288.714,307.773,338.662,333.814,294.217,277.959,292.404,315.548,325.444,324.959,333.987,347.907,359.525,412.625,0,0,0,0,0
638.5,77.714,76.9748,79.57,78.9736,84.8263,73.4009,62.4143,50.5492,44.9466,38.4725,36.4056,31.6688,26.0456,21.6339,18.0612,15.7065,12.2238,8.82345,7.69157,6.44499,6.35863,7.09211,7.64068,8.06858,9.8855,12.6823,15.8774,20.7945,24.9081,31.2809,37.1639,44.708,59.0076,79.1648,103.987,123.653,141.051,164.022,198.023,227.704,260.194,273.686,300.48,324.642,346.652,348.178,307.152,294.396,309.036,330.001,339.221,341.924,347.694,362.565,371.22,426.788,0,0,0,0,0
639,81.2925,80.6272,83.0614,82.9883,90.084,77.9441,65.5787,53.1937,47.7505,39.7862,37.8906,32.8339,27.4732,22.8165,18.8612,16.2154,12.762,9.18126,7.9637,6.73509,6.4985,7.37523,7.90027,8.31413,10.1366,13.1174,16.6602,21.2853,25.9908,32.2573,39.0032,46.7943,62.4684,83.1672,108.619,130.703,146.758,170.08,210.134,237.717,272.564,285.038,308.277,339.382,357.838,364.833,324.761,310.94,324.101,341.7,351.204,358.661,360.956,377.033,382.552,440.564,0,0,0,0,0
639.5,84.1257,84.3914,86.5713,88.6124,94.4124,82.063,69.0299,55.8143,50.7921,40.9883,39.651,34.1457,29.2415,23.8334,19.5054,16.909,13.286,9.53785,8.19377,6.94472,6.74743,7.73036,8.1583,8.48355,10.2378,13.5954,17.4533,21.8155,27.0586,33.251,39.7816,48.4149,65.8669,87.1816,112.227,137.448,152.984,176.222,220.627,250.193,282.785,297.003,319.669,356.594,374.421,383.865,345.137,326.904,341.48,355.705,365.516,374.341,377.299,391.254,400.077,454.573,0,0,0,0,0
640,86.7481,88.0292,90.4036,93.4978,97.8648,85.5869,72.3888,58.0221,53.6672,42.1113,41.2764,35.8167,30.919,24.9985,20.4351,17.7259,13.7708,9.90196,8.41033,7.17797,7.0885,8.06526,8.36477,8.72505,10.5975,14.1472,18.086,22.4497,28.2863,34.4064,40.7805,49.9069,68.3358,90.7415,116.827,143.7,160.018,183.882,231.487,259.968,292.887,311.687,333.609,372.282,397.376,400.904,363.01,342.6,357.891,369.895,384.918,390.37,398.562,408.283,421.522,466.772,500.122,0,0,0,0
640.5,90.0091,92.2743,94.5272,98.3528,101.514,88.938,75.6727,60.4154,55.8488,44.3202,43.3551,37.6649,32.5929,26.1444,21.3414,18.7317,14.2485,10.4224,8.72034,7.46581,7.34566,8.38846,8.6765,9.06514,10.9233,14.5702,18.513,23.3382,29.276,35.5403,42.2702,51.6925,70.1188,93.7344,120.901,148.211,168.164,190.316,242.044,267.672,303.523,326.242,346.819,384.462,419.946,418.371,379.853,360.777,372.792,387.15,404.192,406.223,419.607,427.619,441.527,473.994,515.955,0,0,0,0
641,93.8092,96.0778,99.0787,103.448,105.299,92.5272,79.2829,63.2355,57.9619,46.9022,45.6789,39.6712,33.959,27.3838,22.6396,19.6056,14.707,11.08,8.99005,7.68969,7.61424,8.67963,8.98653,9.40234,11.5685,14.939,18.8871,24.2157,30.4062,36.8616,44.3881,54.2783,71.7946,97.038,124.347,152.638,175.429,197.465,251.934,275.795,313.367,340.288,365.461,399.893,436.073,434.814,394.783,380.443,387.814,402.268,426.617,419.829,440.904,446.971,461.647,490.152,529.893,0,0,0,0
641.5,99.3464,99.5802,103.529,108.876,109.496,95.9765,82.8659,67.1102,59.8727,49.9343,47.8715,42.0331,34.8831,28.6809,23.7553,20.4543,15.2839,11.6692,9.32507,7.81283,7.84187,9.09196,9.33395,9.77914,12.1496,15.3353,19.4954,25.1117,31.5115,38.1472,47.14,57.0682,73.3005,100.108,128.473,155.236,182.99,205.584,260.897,286.15,323.895,354.363,384.97,416.02,443.9,455.467,412.489,402.949,404.329,422.41,444.768,434.049,459.302,467.8,476.12,507.317,545.07,0,0,0,0
642,104.935,102.918,108.292,113.83,114.738,99.813,86.5628,70.2225,61.8399,51.9971,50.377,44.4115,36.2886,29.4592,24.9644,21.3964,15.7535,12.2532,9.65329,7.97514,8.1987,9.42021,9.59913,10.1324,12.756,15.715,20.3967,25.8429,32.865,39.8385,49.4312,60.4489,75.1358,103.723,132.23,159.194,188.267,212.286,270.133,298.81,337.818,363.981,405.772,437.678,458.985,475.448,433.179,425.363,419.356,441.29,460.273,450.463,479.644,487.4,490.546,524.979,554.624,0,0,0,0
642.5,109.94,107.034,112.625,119.416,118.909,103.861,90.0647,73.3025,64.4481,53.8393,52.4789,46.7026,37.6736,30.3316,26.2417,22.2884,16.2973,12.7052,10.0162,8.17494,8.50207,9.78361,9.79915,10.3964,13.3058,16.4236,21.4519,26.6137,34.1833,41.7867,51.6721,63.2483,77.6636,106.21,136.774,164.808,192.847,220.984,280.229,313.371,352.527,380.156,420.957,457.781,483.132,494.327,450.777,449.556,439.775,458.565,479.137,469.464,500.362,508.24,507.095,527.958,565.282,0,0,0,0
643,113.898,111.903,117.124,125.364,123.258,108.065,93.7488,75.4974,66.3684,55.7366,54.6252,48.4697,39.2314,31.4869,27.4404,23.1995,16.9962,13.0254,10.3802,8.6228,8.80457,10.062,10.0332,10.7141,13.5591,17.0821,22.332,27.872,35.3621,43.497,53.4469,65.5427,80.4501,109.319,142.691,171.878,199.494,229.562,286.06,323.793,367.647,396.283,436.977,473.013,511.732,516.458,471.203,472.247,459.621,474.598,502.196,492.999,521.397,528.194,530.993,529.858,576.623,0,0,0,0
643.5,118.421,117.085,121.615,131.283,127.333,111.72,97.5598,77.4981,69.7413,58.0035,56.8499,50.1776,40.9586,32.997,28.4472,24.1841,18.0039,13.3488,10.8024,9.05162,9.06901,10.2356,10.3255,10.9085,13.7488,17.7776,23.1006,29.126,36.4074,45.0148,55.2889,67.7234,85.1019,112.799,147.119,179.734,205.209,236.637,293.415,335.547,383.218,406.167,451.969,493.498,539.178,536.578,487.516,493.263,479.039,496.54,526.017,513.424,541.125,547.163,552.901,538.029,589.485,0,0,0,0
644,124.085,122.657,127.5,136.361,131.886,115.56,101.793,80.1642,72.968,59.9554,58.6905,51.6531,42.8407,34.7878,29.7402,25.2129,19.1043,13.8031,11.2199,9.52377,9.42591,10.5016,10.7148,11.2202,14.0825,18.4461,23.729,30.3877,37.4446,46.6518,56.8964,69.8073,89.5711,119.284,152.492,185.214,213.095,244.084,300.271,351.586,396.278,421.327,467.83,510.835,557.576,558.598,501.361,514.817,495.431,526.297,548.283,540.017,561.555,562.726,577.849,558.81,605.392,0,0,0,0
644.5,131.008,128.393,135.425,141.162,137.372,119.791,105.923,83.2338,77.5412,62.0404,60.4271,53.5321,45.0818,36.0044,31.0298,26.266,20.032,14.2975,11.6684,10.0188,9.89996,10.8254,11.2216,11.6549,14.5832,19.0382,24.2161,31.7435,38.6446,48.1843,58.5752,72.3015,93.7622,125.523,157.093,189.245,219.296,250.02,306.627,361.312,413.008,436.683,485.071,532.828,575.65,579.666,515.55,536.267,509.474,557.005,570.163,566.836,583.614,583.763,598.392,589.997,617.155,0,0,0,0
645,137,134.138,142.668,147.293,143.264,124.559,109.808,86.7624,80.9168,65.2357,62.3848,55.5618,47.1249,37.6222,32.4313,27.404,21.0298,15.0817,12.0804,10.4457,10.4341,11.2868,11.7622,12.2909,15.3743,19.6627,24.9417,33.0151,39.7235,50.0649,59.8712,74.6687,97.545,130.53,160.414,195.323,226.04,260.759,317.269,375.303,425.667,457.238,507.794,550.35,593.004,600.891,531.94,557.107,530.99,585.857,594.999,598.104,608.106,608.696,615.524,622.965,633.656,673.892,0,0,0
645.5,141.853,139.606,148.621,153.074,149.237,131.72,114.133,91.6211,84.077,68.5218,64.5922,57.8048,49.3286,39.554,33.9185,28.457,21.9034,15.6379,12.4636,10.691,10.7284,11.8024,12.2287,12.9372,16.0511,20.0946,25.6678,34.4326,40.8025,51.6984,62.103,76.6664,100.851,134.498,164.433,201.797,235.804,272.908,328.759,387.829,442.595,475.824,534.363,570.355,610.847,627.229,556.836,581.06,559.644,610.008,621.626,627.217,633.118,638.457,633.624,649.612,655.474,685.119,0,0,0
646,146.963,145.181,153.69,158.012,155.509,139.055,119.244,95.7012,86.7777,71.4865,67.6988,59.8918,51.4425,41.3302,35.0596,29.526,22.6312,16.4379,12.9087,10.9773,11.0485,12.2087,12.6334,13.5104,16.5722,20.6307,26.7068,35.6432,41.5655,53.6227,64.6039,78.9228,104.287,137.709,168.495,211.245,245.62,282.399,341.881,404.314,458.634,490.595,561.736,592.334,632.015,651.683,586.136,604.204,593.141,637.102,648.38,654.841,657.964,670.88,648.941,673.92,679.544,696.816,0,0,0
646.5,153.175,151.495,158.717,162.988,162.009,148.136,125.097,99.9448,89.3506,73.5228,71.1338,62.9386,52.8233,42.7239,36.3376,30.4217,23.5511,17.1357,13.5081,11.2517,11.4095,12.5283,12.9422,14.1162,17.0706,21.1804,27.674,36.5254,42.8193,55.9885,66.9496,81.7374,107.799,140.376,174.294,220.429,255.938,293.493,360.262,419.212,476.835,502.574,590.784,613.184,655.344,672.659,616.36,634.086,625.685,661.97,673.128,677.759,681.701,704.9,669.656,693.986,700.42,711.526,0,0,0
647,161.022,158.455,168.026,168.42,169.784,156.181,130.688,104.818,92.9974,76.3726,75.2805,65.476,54.3991,43.7623,37.6428,31.3457,24.8066,17.9172,13.9321,11.5495,11.8661,12.8778,13.4154,14.5456,17.5076,21.9548,28.3294,37.3636,44.4044,58.35,69.0729,85.9466,111.625,144.656,181.034,228.986,261.044,303.839,375.985,429.308,493.844,517.981,614.546,637.442,680.049,693.626,644.71,658.79,652.87,693.521,701.039,701.072,707.312,739.756,701.859,717.457,722.382,736.35,0,0,0
647.5,168.12,167.254,177.207,176.426,178.099,162.597,136.521,110.03,97.1159,79.3078,79.4828,68.6454,56.0428,44.9841,38.8233,32.2253,26.2764,18.7479,14.6306,12.1166,12.4896,13.2422,13.9862,15.0028,17.9615,22.4756,28.906,38.278,46.3789,60.6676,70.0644,89.4002,115.927,150.293,189.566,237.662,261.781,314.639,386.635,441.051,513.912,541.624,636.263,664.795,705.942,721.907,675.276,678.606,674.953,720.944,728.98,726.605,743.361,771.846,736.529,742.7,755.092,768.749,0,0,0
648,174.614,177.384,185.059,185.08,187.003,168.216,143.584,115.112,101.709,83.5681,83.1911,71.3771,58.1645,46.8589,40.5463,33.2422,27.7007,19.6295,15.2991,12.6574,13.1094,13.6645,14.5586,15.3951,18.5957,23.2198,29.7337,39.7141,48.5788,62.2864,71.3813,93.0337,119.767,155.995,196.486,244.363,264.653,327.413,402.834,451.203,535.37,567.26,659.687,690.962,733.818,755.838,700.835,698.33,693.637,745.351,764.84,756.542,777.463,803.086,778.672,771.946,790.759,799.768,0,0,0
648.5,181.106,187.022,190.933,193.75,195.132,170.561,150.41,118.953,106.165,87.6818,86.2526,74.7317,60.6079,49.3414,42.1874,34.4616,28.6794,20.4504,16.1358,13.3978,13.6367,14.0792,14.9916,15.8721,19.0959,23.829,30.9752,41.3221,50.2908,64.0341,73.0459,96.2746,122.328,162.371,201.576,253.18,272.831,341.921,418.606,473.193,556.408,587.369,681.457,716.506,770.896,790.028,725.477,724.051,714.662,775.553,796.497,786.329,814.515,832.028,807.787,801.014,822.867,828.276,0,0,0
649,188.248,195.224,197.823,202.8,203.324,170.959,157.462,122.9,110.113,91.4603,87.7048,77.5637,63.3967,51.6116,44.5651,36.2212,29.3288,21.4282,16.8965,14.0848,14.0988,14.5392,15.4855,16.3281,19.7584,24.8252,32.4174,42.7429,51.8146,65.2552,75.6114,100.105,125.15,167.258,207.725,262.687,286.041,353.761,436.312,491.12,574.807,611.978,698.603,739.491,804.452,810.657,750.811,749.037,738.947,803.124,824.092,822.179,831.81,861.6,839.153,831.944,852.721,853.452,0,0,0
649.5,196.755,201.319,206.871,210.749,210.776,175.003,161.134,127.495,115.108,95.3725,89.9172,80.1817,65.457,53.3615,45.9212,38.0049,29.8272,22.0228,17.4712,14.7737,14.3274,15.1068,16.012,16.8223,20.4381,25.6763,33.7835,43.9096,53.2362,66.7215,79.2256,103.448,127.357,171.47,216.907,273.904,304.618,364.718,451.207,513.066,589.99,635.565,714.392,769.433,839.712,835.187,771.263,774.352,771.94,826.082,850.831,853.396,851.086,888.794,872.297,854.641,870.613,881.269,0,0,0
650,205.848,206.472,218.331,217.907,218.596,182.747,164.469,132.068,119.471,98.7127,92.9128,83.127,67.2545,55.1365,47.7136,40.0587,30.1814,21.948,17.9405,15.304,14.7447,15.589,16.6046,17.3742,21.0836,26.4494,34.9871,45.0297,54.2211,68.4428,82.4039,106.085,132.01,176.198,228.724,285.217,316.503,373.09,463.993,531.908,603.252,665.734,731.808,801.82,870.025,855.323,792.29,797.496,808.236,844.49,882.753,886.041,877.598,910.481,911.179,886.089,894.969,907.178,849.828,0,0
650.5,215.091,212.706,227.871,223.353,224.168,195.451,170.255,137.672,123.925,102.271,96.8225,86.2854,69.6343,57.0913,48.9463,41.4516,30.8775,22.3347,18.3465,15.5404,15.1617,15.9222,17.132,17.8904,22.0192,27.2777,36.1404,46.801,55.9935,70.2893,84.65,108.326,137.195,182.349,239.257,296.503,326.636,386.353,473.754,546.652,616.742,691.35,754.982,832.887,893.849,885.742,811.061,831.996,841.128,867.508,916.192,923.066,916.242,941.681,949.145,922.736,919.076,928.6,864.029,0,0
651,224.09,218.445,237.89,231.248,230.352,207.613,175.446,141.522,127.677,106.368,101.823,88.0935,72.9683,59.453,50.1782,43.0935,32.0137,22.9272,18.8985,15.9451,15.6646,16.4752,17.6162,18.3584,22.862,28.049,37.0109,48.417,57.6568,72.5842,86.3849,111.363,143.515,189.934,247.516,306.673,333.405,405.379,483.327,562.922,637.349,714.462,780.212,858.126,916.367,911.857,835.133,859.753,874.533,902.95,950.884,955.199,960.531,979.264,980.982,964.819,948.31,947.059,880.803,0,0
651.5,232.832,225.488,246.164,240.121,239.134,219.502,183.515,147.076,130.689,110.12,106.777,91.1246,76.9294,61.7749,51.8204,44.9645,33.7008,24.4383,19.5338,16.5335,16.031,17.1937,18.2103,18.7069,23.5581,29.2267,37.8495,50.0478,60.148,74.8708,88.7546,115.705,148.376,197.309,253.593,313.912,341.028,419.101,495.117,577.391,659.372,734.18,801.449,877.65,933.638,942.181,860.594,882.141,906.413,941.736,981.888,989.843,998.537,1016.23,1001.32,1005.72,978.333,966.792,895.802,0,0
652,242.085,234.279,253.322,249.242,250.02,229.717,190.92,153.74,135.083,113.995,111.681,93.9913,80.6559,63.0621,53.0591,46.8986,35.7102,25.7724,20.52,17.2383,16.5701,18.1484,18.9192,19.0171,24.0002,30.4396,38.5375,51.2875,62.39,77.026,91.3277,121.181,152.556,203.384,258.664,319.485,350.142,428.524,513.08,597.586,679.829,753.752,819.092,898.101,948.614,969.959,892.23,905.486,936.959,975.753,1012.85,1022.01,1025.58,1049.44,1036.97,1051.32,1013.98,997.138,920.693,0,0
652.5,250.264,243.289,261.584,257.968,262.175,236.689,198.97,159.894,139.916,118.176,115.886,97.9043,83.379,65.1923,55.2423,48.6128,37.7271,26.87,21.5441,17.8561,17.2882,18.9845,19.4681,19.4205,24.34,31.3409,39.6647,52.5953,64.5306,78.5958,93.4577,125.013,155.43,209.702,264.829,326.174,364.705,430.932,534.248,615.528,697.169,772.952,843.208,923.373,964.451,1003.12,925.004,921.677,968.767,976.057,1052.56,1050.5,1050.81,1068.76,1067.76,1088.63,1052.02,1037.12,951.911,0,0
653,256.862,253.617,270.562,267.047,272.288,244.755,205.304,165.424,144.664,121.397,118.975,100.863,86.373,67.0948,57.4956,49.687,39.3679,27.6904,22.4594,18.3516,18.2446,19.4726,19.9805,20.2207,24.8129,31.3144,40.6668,54.5311,66.5239,80.5259,96.2792,127.603,160.379,214.886,270.172,335.413,378.913,442.154,557.195,637.735,721.352,788.804,868.548,954.699,981.35,1034.5,960.258,946.361,987.495,981.059,1089.47,1072.37,1079.17,1093.88,1116.29,1121.87,1085.53,1076.33,976.225,0,0
653.5,262.818,262.953,280.002,277.955,282.112,252.331,210.533,168.483,149.16,125.769,121.511,103.368,89.2113,70.1604,59.344,50.6707,40.6191,28.4764,23.1206,18.9206,19.1059,19.8306,20.351,21.2755,25.6484,31.1376,41.9832,56.248,67.9551,82.8515,99.8774,128.899,164.483,220.621,275.048,350.335,391.731,455.639,579.147,655.688,751.597,804.961,901.83,982.132,1015.09,1066.39,985.873,977.793,1003.45,996.622,1108.46,1104.16,1119.74,1124.39,1160.49,1142.66,1115.14,1109.23,996.005,0,0
654,269.476,271.212,289.893,288.304,290.351,260.355,217.93,172.148,153.705,129.614,124.812,106.646,91.4675,72.6817,61.1482,51.5947,41.6777,29.5614,23.855,19.6926,19.507,20.3977,20.6684,22.387,26.341,31.1832,42.8548,58.1412,69.8414,86.176,103.645,131.595,168.995,223.992,282.538,359.524,398.991,476.658,593.048,677.435,781.086,831.702,924.29,1012.28,1047.16,1096.19,1015.83,1006.31,1030.99,1028.4,1130.88,1143.46,1156.92,1165.94,1197.07,1173.96,1142.27,1124.57,1012.17,0,0
654.5,277.835,278.006,296.362,294.032,297.417,270.142,225.322,178.375,158.089,133.412,128.775,110.271,94.1919,75.0244,62.4369,53.1501,42.6331,30.9524,24.649,20.466,19.6572,21.1911,21.2744,23.1143,27.3079,32.4348,43.9129,59.7143,71.7143,89.669,106.965,135.796,173.356,227.753,291.129,371.999,410.051,485.614,607.073,697.733,805.689,856.859,935.143,1034.25,1081.79,1131.27,1041.37,1038.82,1067.24,1086.2,1156.62,1187.51,1198.58,1208.16,1241.28,1209.08,1175.35,1136.47,1034.17,0,0
655,285.043,284.319,303.33,298.627,303.452,278.397,233.07,185.217,162.608,137.304,131.896,114.165,96.7663,77.7994,64.2037,55.3001,44.1542,32.4789,25.4383,21.06,20.0508,21.7829,21.8363,23.699,27.9929,34.0218,44.8929,61.4938,73.7292,92.6844,109.027,139.219,177.949,232.56,301.438,381.929,422.586,497.017,622.172,715.081,828.443,890.701,955.497,1056.32,1111.94,1161.87,1061.93,1075.46,1111.31,1120.73,1208.02,1223.13,1240.09,1250.21,1267.17,1248.24,1204.84,1166.08,1065.94,1025.45,0
655.5,290.303,291.071,310.505,306.755,305.519,287.304,240.156,189.906,167.485,140.597,135.314,118.682,100.142,80.3582,66.5844,57.6542,45.6535,33.848,26.1038,21.6938,20.7213,22.0186,22.411,24.2182,28.8484,35.4308,46.2083,63.065,74.8171,94.7192,111.11,141.529,183.628,238.907,310.953,393.277,435.908,509.568,631.418,729.388,843.357,920.617,975.528,1084.58,1146.05,1187.48,1072.3,1116.1,1143.56,1162.44,1257.43,1255.26,1276.04,1285.33,1295.79,1287.07,1226.58,1198.42,1094.36,1040.64,0
656,295.231,296.315,317.932,314.419,311.655,294.279,243.426,193.093,171.302,143.838,138.203,122.453,102.58,82.6455,68.6539,60.1487,47.0522,34.3553,26.7192,22.5497,21.6158,21.9695,22.8496,24.502,29.3014,36.4454,47.769,63.8617,75.5318,96.5876,113.558,141.574,186.804,247.105,317.305,399.84,446.987,526.086,640.213,740.174,850.547,945.858,1002.15,1110.58,1181.31,1208.43,1089.01,1148.48,1172.56,1198.19,1299.69,1282.43,1304.73,1304.88,1312.89,1316.82,1232.37,1228.48,1118.57,1068.04,0
656.5,301.26,301.712,325.02,323.99,316.141,299.586,249.041,193.844,174.849,146.401,142.472,125.454,104.998,84.0515,70.7212,61.7455,48.1214,34.3152,27.2987,23.4443,22.3989,22.3178,23.1129,24.7673,29.6755,37.3699,48.3573,64.1302,76.5389,98.5563,115.95,139.725,189.877,253.459,321.198,401.534,452.699,544.396,645.822,751.244,861.072,967.224,1020.72,1123.8,1202.31,1225.27,1113.79,1170.27,1187.55,1228.12,1333.87,1302.94,1322.5,1324.91,1335.75,1331.33,1245.82,1249.07,1135.74,1064.76,0
657,309.23,305.989,330.273,327.124,324.793,303.269,253.806,196.881,176.931,147.897,146.948,127.028,105.792,83.9189,72.5325,62.187,49.0963,34.1331,27.7417,23.947,22.6277,22.7289,23.5194,24.9499,30.0075,37.818,48.4853,64.4079,77.4846,99.7187,116.757,137.592,191.651,257.831,326.486,402.668,455.725,560.257,651.375,763.006,870.944,974.062,1027.57,1141.22,1214.71,1244.69,1154.99,1178.61,1199.42,1246.2,1356.13,1319.2,1334.3,1344.09,1345.05,1336.12,1263.11,1258.07,1145.16,1068.61,0
657.5,316.698,311.757,336.004,323.808,332.053,306.829,260.443,199.691,178.87,149.135,151.338,126.435,106.637,83.6651,74.2409,62.3172,50.0334,33.892,28.2259,24.1651,22.6766,23.3371,23.7692,25.2342,30.493,37.9547,48.6304,65.2895,78.5726,100.908,118.815,137.09,193.887,259.741,331.27,403.473,457.302,563.639,650.812,771.608,878.668,965.885,1037.52,1152.76,1217.41,1261.05,1172.9,1185.68,1199.13,1265.75,1370.27,1332.17,1349.36,1363.2,1363.31,1331.02,1286.75,1288.36,1156.9,1072.72,0
658,321.298,316.452,341.513,324.345,337.264,311.376,264.277,200.744,183.528,149.383,153.454,126.515,107.978,83.386,75.1381,62.2171,50.3279,34.619,28.4591,24.0092,22.8395,23.4909,24.0054,25.5656,30.7309,38.1819,48.8996,66.3439,79.3446,101.381,120.433,138.907,195.756,260.307,334.176,408.042,458.903,563.722,652.488,776.377,885.301,960.592,1045.25,1170.79,1226.85,1269.3,1189.99,1189.4,1204.57,1288.53,1386.16,1344.35,1363.37,1383.39,1365.55,1335.53,1301.43,1308.47,1155.55,1078.74,0
658.5,322.551,320.126,343.734,325.891,345.962,315.872,266.173,203.048,186.631,150.008,153.635,126.339,109.095,84.4418,75.7305,62.6431,50.4853,35.4213,28.8765,23.9919,22.9347,23.4167,24.2554,25.8007,30.529,38.4721,49.3363,66.8243,79.3582,100.879,121.669,140.674,195.741,259.409,335.081,406.829,464.977,556.539,653.079,774.83,881.961,955.984,1045.13,1183.01,1245.38,1259.72,1190.43,1188.19,1209.57,1307.91,1392.84,1350.29,1370.16,1386.69,1357.79,1338.35,1308.24,1321.49,1148.12,1086.52,0
659,322.23,320.956,340.508,334.194,349.578,316.024,263.707,202.678,187.191,151.427,152.587,125.909,109.988,86.4507,76.5806,63.4795,50.5025,36.3954,29.1893,24.0051,22.7804,23.4271,24.2503,26.0774,30.4592,38.5517,49.3203,66.229,79.1691,100.072,120.937,141.732,195.165,258.311,332.77,408.86,469.816,551.764,659.555,768.678,881.627,954.114,1043.76,1183.49,1260.97,1246.78,1192.54,1175.47,1214.39,1313.54,1384.33,1344.34,1359.6,1375.2,1349.45,1337.6,1309.7,1303.89,1131.72,1086.28,0
659.5,319.514,318.583,335.128,336.78,351.282,311.454,260.178,200.468,186.62,153.315,150.933,125.368,109.638,86.8464,76.8023,64.2288,50.1074,37.4297,29.1132,23.9487,22.5486,23.703,24.47,25.9832,30.195,37.8463,49.4046,65.1614,78.5796,98.7292,118.857,141.233,193.133,258.905,328.608,405.347,472.312,545.149,658.016,762.403,888.44,952.736,1041.92,1172.73,1270.45,1234.42,1174.82,1152.36,1209.95,1305.54,1371.69,1326.54,1338.31,1356.82,1349.03,1326.13,1300.14,1281.54,1117.9,1069.54,0
660,317.472,314.858,328.116,334.299,349.672,305.138,256.015,196.726,185.013,155.071,149.282,125.047,107.737,86.0129,76.3792,64.3571,49.8361,38.1749,29.2401,23.8441,22.2696,24.264,24.4032,25.6795,30.1912,36.6843,49.282,63.5867,77.4325,97.9986,116.783,140.858,188.835,257.003,322.834,398.573,467.934,536.957,654.398,757.441,893.059,943.223,1038.24,1159.99,1249.05,1230.04,1161.48,1132.46,1197.32,1290.88,1359.19,1308.55,1315.12,1344,1344.4,1315.51,1282.19,1270.57,1104.03,1050.99,1022.35
660.5,313.751,312.634,324.626,329.215,345.498,300.235,253.433,188.609,181.785,154.917,147.157,124.011,105.271,82.4953,75.2732,63.8963,49.8985,38.832,29.2027,23.6264,22.0354,24.1077,24.3503,24.8922,29.9599,35.6025,48.7591,62.2688,76.7141,97.4607,115.485,140.688,186.067,251.338,317.166,389.822,457.415,527.503,645.421,749.531,884.053,929.16,1030,1142.52,1221.93,1219.38,1142.54,1116.65,1174.55,1271.84,1342.43,1287.44,1290.05,1328.24,1338.27,1311.17,1270.08,1254.75,1099.86,1034.68,996.648
661,309.186,310.54,322.938,324.963,339.419,299.531,251.756,182.104,178.257,152.281,144.499,123.162,103.114,78.9732,73.8939,62.9031,49.468,38.8846,29.221,23.4031,21.7661,23.6048,23.6692,24.2567,29.469,34.9801,47.7249,60.9953,75.0728,94.873,113.939,140.117,181.66,242.123,309.302,380.178,448.768,511.215,631.02,738.884,864.899,911.336,1019.85,1119.15,1192.54,1201.77,1121.57,1093.52,1146.98,1246.4,1314.94,1269.1,1271.92,1307.59,1312.45,1299.37,1254.88,1243.16,1078.07,1022.84,964.929
661.5,303.742,308.786,320.695,321.396,331.921,295.019,249.933,174.671,174.137,147.462,141.567,121.027,100.481,76.5876,72.626,61.5154,48.9132,38.0501,29.3513,23.2731,21.2513,22.3058,22.933,23.5615,28.8059,34.6437,46.077,59.5578,74.0872,92.167,111.248,137.408,177.941,231.825,301.633,373.61,438.138,493.072,620.091,721.723,838.228,888.874,1001.96,1089.26,1167.94,1169.45,1081.98,1081.67,1123.04,1208.62,1282.71,1246.68,1250.23,1275.4,1283.86,1275.35,1241.43,1215.74,1050.52,1010.28,944.302
662,299.129,302.866,318.652,315.489,324.211,289.201,245.444,170.995,171.466,143.429,137.84,117.277,99.4547,75.4218,70.6633,60.1148,47.8817,37.0244,28.9707,23.1876,20.556,21.0327,22.2526,22.8369,27.6697,34.2826,44.6261,58.3005,72.1937,88.2346,108.013,133.66,174.889,226.293,290.227,366.275,425.04,479.158,601.556,713.477,811.986,867.799,977.871,1052.46,1142.43,1129.82,1039.74,1071.03,1085.11,1173.97,1246.48,1218.38,1216.49,1232.18,1255.89,1237.3,1214.94,1188.31,1012.69,985.718,916.901
662.5,294.503,294.592,312.233,306.342,314.187,278.669,237.275,171.267,168.837,140.025,133.941,114.739,97.7561,74.7201,68.2856,58.2847,46.5545,35.9689,28.4039,22.8258,20.0122,20.0496,21.8997,22.1017,26.6652,33.8855,43.4775,56.9507,70.4709,85.478,104.914,130.802,171.079,221.319,280.179,357.062,414.673,470.113,579.064,691.941,789.83,841.858,948.806,1021.76,1104.76,1092.46,1010.4,1055.24,1058.62,1144.2,1219.19,1191.58,1180.21,1200.95,1221.34,1192.61,1172.57,1157.78,982.645,964.788,895.37
663,288.775,285.486,304.668,295.817,303.746,267.075,229.508,169.754,163.058,137.12,128.892,111.751,96.2823,74.7011,66.0947,57.3204,45.8282,35.1156,27.9755,22.2583,19.3501,19.3742,21.7229,21.2266,25.6495,32.7657,42.3819,55.711,68.0191,83.2831,101.305,127.109,166.583,217.284,271.757,347.525,401.293,460.722,560.393,675.804,770.944,811.291,910.44,1000.84,1068.73,1064.19,984.252,1022.63,1024.66,1119.25,1176.33,1163.04,1143.57,1173.79,1185.08,1153.4,1133.2,1127.66,953.27,934.265,869.564
663.5,279.773,278.353,295.793,285.799,292.473,257.401,221.243,168.431,158.439,132.469,124.344,109.17,93.4779,74.3294,64.1875,56.0166,45.1408,34.2638,27.4215,21.5863,19.0761,18.9921,21.3041,20.5886,24.95,31.3654,41.0964,54.2365,65.505,81.4667,98.8825,123.705,161.836,210.661,265.382,336.999,391.703,447.914,541.436,654.281,747.927,785.716,878.376,978.931,1035.63,1040.4,958.726,985.624,995.392,1088.85,1129.68,1135.85,1116.11,1149.22,1149.57,1122.25,1098.09,1086.38,929.87,893.625,860.546
664,268.313,270.259,286.792,277.258,282.341,251.368,214.759,164.385,153.153,126.372,119.552,106.136,90.7169,73.2031,62.8757,55.1199,43.8679,33.6733,27.06,21.1584,18.9847,18.8559,20.9564,20.0511,24.2146,30.1557,39.6779,52.2682,62.9163,78.9287,95.9467,118.611,156.359,204.046,258.847,327.114,377.991,429.922,522.117,629.6,720.75,756.263,847.365,944.27,1002.66,1007.75,926.425,947.1,964.388,1053.66,1078.59,1111.34,1095.76,1118.17,1113.36,1098.22,1067.56,1049.38,897.975,852.821,848.25
664.5,258.32,260.775,276.214,268.776,273.16,245.245,208.739,160.006,148.477,119.793,115.995,103.172,88.3493,70.3242,61.7379,53.4946,42.6358,33.4229,26.5718,21.034,18.9384,18.7566,20.1206,19.4768,23.521,28.8432,37.9127,49.9853,60.3199,75.9118,92.638,114.11,151.655,197.456,251.468,313.946,361.402,415.905,503.913,607.817,689.52,728.419,825.962,906.49,970.619,968.247,894.046,908.425,925.011,1018.22,1036.03,1082.83,1067.55,1085.44,1073.24,1061.13,1031.13,1007.43,870.023,823.597,833.348
665,248.999,250.503,265.197,261.753,263.469,240.613,201.22,156.611,144.125,114.19,113.727,100.594,85.8223,68.2157,60.7278,51.8304,41.3138,32.883,25.9409,20.8007,18.7169,18.4905,19.3362,18.8371,22.7393,27.7419,36.6005,47.9418,58.1578,73.2515,89.0382,110.55,144.961,190.426,242.973,302.261,345.121,403.734,487.989,578.972,661.11,704.351,796.702,865.081,940.391,928.079,864.577,871.708,883.853,982.174,997.468,1050.36,1023.07,1049.49,1030.96,1030.54,987.897,973.008,845.097,794.007,802.231
665.5,242.391,239.17,253.841,254.562,255.005,231.478,195.334,151.854,138.965,110.119,111.553,97.9224,83.3004,66.4259,59.6667,50.4313,40.275,32.1164,25.3707,20.5512,18.1948,18.2111,18.4557,18.1741,21.8103,26.7995,35.3511,45.9904,55.627,70.7646,84.9889,106.645,136.908,184.274,232.646,288.914,329.14,383.144,473.584,547.942,637.723,689.07,759.086,825.715,909.786,885.899,833.286,841.521,840.114,952.476,965.181,1009.43,971.708,1001.79,983.857,993.226,943.332,933.398,822.95,771.975,763.786
666,235.541,229.504,242.836,247.766,247.758,224.117,188.905,148.124,132.871,107.011,108.601,94.7736,80.2921,65.2103,57.8764,49.1343,39.5471,31.3026,24.975,20.1414,17.5449,17.8792,17.7922,17.4314,20.9947,25.9171,34.1483,44.2571,53.6465,68.1974,80.8869,102.123,129.034,178.271,222.475,276.523,316.396,368.692,458.743,525.009,615.679,669.695,724.557,784.385,871.854,863.181,809.129,816.223,810.318,912.639,929.071,961.542,929.381,958.929,954.699,953.853,907.316,902.091,801.117,747.595,723.466
666.5,226.521,219.904,233.901,239.87,242.015,216.69,182.204,143.22,127.745,103.638,103.877,90.2744,78.1777,63.836,55.83,47.6846,39.3265,30.6614,24.6759,19.4697,17.1329,17.2581,17.2054,16.6962,20.1481,25.4471,33.0002,42.9294,51.3841,65.7287,77.6606,97.3682,123.435,170.58,213.55,265.307,306.042,352.742,440.007,503.065,593.154,640.562,694.298,746.8,826.851,839.076,781.444,790.665,788.319,879.927,893.047,918.8,899.934,913.929,924.312,914.85,880.76,874.893,772.765,722.016,695.575
667,217.811,212.046,226.344,231.597,237.364,209.456,175.864,138.591,122.972,100.761,98.9773,87.4231,75.9775,61.7028,54.0988,45.9182,38.7372,30.5107,24.4647,19.1161,16.7171,16.7034,16.6691,16.1757,19.7601,24.4845,31.7406,41.6711,49.0183,62.9258,73.9277,94.0068,119.65,162.545,204.017,253.242,296.727,338.762,418.46,492.831,571.236,615.962,674.25,709.199,788.963,818.199,751.777,759.566,771.251,854.665,867.035,878.451,877.302,879.871,898.275,882.974,852.029,850.891,742.847,695.61,669.181
667.5,209.723,205.495,219.912,222.715,230.336,202.502,169.054,133.971,120.437,97.9983,95.264,84.3857,73.8541,59.3153,53.3089,44.323,38.009,30.453,24.4345,18.8008,16.3115,16.1771,16.2592,15.8042,19.4885,23.5298,30.7694,40.5528,47.021,60.4955,71.1125,91.4172,116.673,155.115,195.762,242.766,287.641,325.11,398.104,482.293,552.148,590.465,648.654,682.22,764.089,793.512,722.665,724.787,750.194,829.486,841.017,845.15,856.194,852.005,859.901,856.497,822.499,818.38,714.695,663.991,643.477
668,203.625,199.534,212.054,213.865,222.076,195.676,160.595,129.298,116.812,95.4605,93.392,81.2869,71.7765,57.6687,52.7418,43.3307,37.0813,30.4174,24.4534,18.7016,15.9784,15.5972,15.7334,15.4027,19.1805,22.5274,29.6828,39.1752,45.3698,58.0681,68.976,88.6513,113.431,150.049,188.736,233.582,277.223,314.514,381.815,463.609,530.968,567.527,625.768,662.494,733.189,764.885,699.028,691.676,725.168,807.394,812.076,810.602,824.794,826.648,819.114,828.164,796.902,781.393,689.234,636.381,625.219
668.5,198.382,193.838,204.016,206.408,213.69,190.312,152.491,124.241,113.66,93.9648,92.1073,78.2878,69.4469,56.3048,52.0795,42.8409,36.2128,30.2061,24.412,18.5701,15.7873,15.2729,15.1919,15.1703,18.8185,22.0551,28.4545,37.8741,44.064,56.2269,66.6651,85.5947,110.161,146.096,182.689,226.006,267.074,305.251,370.788,446.275,505.392,537.614,604.158,645.711,701.436,733.587,684.719,669.845,700.846,781.843,781.097,778.347,790.107,800.973,796.804,805.228,774.035,750.014,664.053,615.403,611.938
669,191.347,187.386,197.77,200.218,207.224,185.936,146.68,119.896,110.243,91.4568,90.5082,76.3275,68.5021,55.2241,49.8909,42.6272,35.3885,29.8547,24.1804,18.5687,15.6086,14.9332,14.6818,14.9468,18.3287,21.3976,27.5064,36.6908,43.1756,54.6906,64.3469,82.3005,106.406,141.374,177.322,219.029,259.17,292.918,360.088,427.456,488.294,514.226,585.353,627.325,672.194,701.239,662.143,655.866,682.045,758.977,750.509,741.233,764.494,773.776,780.226,783.283,752.188,721.965,645.302,600.3,597.391
669.5,183.872,178.155,192.892,197.921,201.62,180.951,142.904,115.661,108.334,88.9894,88.2904,73.79,67.7177,53.8438,47.6262,41.7486,34.8215,29.4656,23.7472,18.6605,15.5901,14.5819,14.3627,14.7468,17.6293,20.77,26.7643,35.8466,42.3909,53.3989,61.9605,79.4475,102.621,136.278,170.74,211.961,254.661,278.972,350.267,415.547,473.078,497.23,570.34,608.91,651.106,673.358,639.84,647.79,662.81,732.392,739.742,718.252,742.072,748.115,760.147,756.641,721.702,696.624,626.651,587.522,583.192
670,175.753,169.762,187.989,194.331,197.097,176.112,139.804,113.127,106.64,86.0728,85.2475,72.7845,66.9952,52.4007,45.8969,40.6015,34.4458,28.9231,23.3295,19.2103,15.3993,14.2453,14.0509,14.4619,16.9896,20.3464,26.2383,34.8296,41.2209,51.7887,59.7102,76.8309,99.405,131.025,164.527,205.831,248.3,265.758,342.278,401.859,457.474,487.838,552.977,590.508,638.046,651.977,618.158,636.939,642.414,705.573,730.866,705.386,723.214,723.284,741.691,729.247,692.236,673.444,611.355,571.28,566.133
670.5,169.704,162.836,183.624,185.997,192.624,170.805,136.035,109.618,106.015,84.4154,81.7627,71.2165,66.0489,51.7132,45.1173,39.8438,33.6542,28.9178,23.2366,19.5995,15.1964,13.916,13.6787,13.9803,16.2025,19.9031,25.921,33.5394,40.0718,49.9761,58.3543,74.7278,96.5245,126.962,158.962,200.428,239.583,257.434,335.665,390.419,444.044,478.486,537.428,576.06,628.969,628.28,596.746,621.352,624.568,680.49,716.075,698.674,699.418,706.224,717.936,704.343,671.815,648.547,596.669,553.158,551.431
671,164.957,160.787,178.452,179.774,187.295,165.193,133.162,107.478,103.669,83.0463,78.3831,70.8991,64.3138,51.4062,45.0876,39.4797,33.2456,28.6228,23.3577,19.9857,14.9715,13.6608,13.4194,13.582,15.6207,19.7181,25.4487,32.6271,38.9144,48.4247,56.9547,72.3256,93.4846,125.016,154.746,194.436,232.265,250.676,326.401,380.914,426.787,468.27,522.296,560.043,610.315,611.532,577.752,600.491,607.198,657.922,694.876,685.601,672.38,690.214,692.804,684.93,654.569,632.284,582.597,532.958,533.389
671.5,162.403,159.136,173.873,172.965,182.325,160.251,131.62,105.888,101.259,81.8307,76.1036,71.2764,62.5132,50.9225,44.8086,39.3439,32.2892,28.7589,23.6245,20.0587,14.7705,13.5331,13.0011,13.2851,15.0271,19.2157,24.7242,31.7323,37.9348,47.1852,55.3819,70.0093,91.8784,123.907,150.8,189.219,224.423,244.624,315.831,370.967,415.282,455.441,502.881,540.043,589.63,596.823,561.364,578.066,589.922,640.337,673.622,666.632,648.415,671.1,659.714,671.749,640.19,615.357,565.343,518.598,519.067
672,160.514,155.405,169.623,171.331,176.53,155.643,130.555,104.304,98.9586,80.4099,74.609,70.2957,61.3462,49.9868,44.3313,39.3331,31.6569,28.2712,23.7056,19.9105,14.3698,13.3325,12.867,12.9713,14.5365,18.6942,24.0491,31.0621,37.0659,46.4006,53.6535,68.3433,89.0114,122.752,146.42,183.592,216.995,240.058,305.531,363.862,402.405,442.519,488.784,526.603,574.169,585.158,549.235,557.193,571.233,619.364,656.179,649.083,632.077,651.633,640.319,657.697,623.819,603.254,551.097,507.187,502.56
672.5,158.19,149.523,164.702,171.22,169.609,151.546,128.714,102.632,95.7241,79.4483,73.844,68.1752,60.2291,48.5462,43.0486,38.6859,31.2459,27.6695,23.6646,19.6324,14.3852,13.0323,12.6732,12.7608,14.2207,18.1709,23.4555,30.0476,36.0212,44.9915,51.8168,67.0864,85.8827,120,142.323,178.123,207.86,233.569,295.865,352.192,393.715,427.171,469.106,513.392,555.537,574.136,541.068,535.673,549.566,604.036,641.012,629.612,619.531,629.476,622.325,639.101,608.471,593.286,537.428,497.67,485.344
673,155.327,144.276,161.278,169.149,162.553,149.165,125.799,100.586,93.3007,78.0518,74.0675,66.1421,59.0767,47.3008,42.2898,37.7756,30.9575,27.2903,24.0365,19.543,14.4602,12.8318,12.4691,12.4609,14.0223,17.7502,22.9632,29.305,34.8921,43.6423,49.1624,65.9295,83.4665,116.572,139.725,173.904,200.646,227.128,290.558,343.168,385.612,413.851,454.626,501.838,544.015,559.15,531.561,518.867,529.034,592.126,619.356,612.836,611.703,609.736,608.517,620.395,594.405,583.336,528.396,488.69,467.803
673.5,151.024,142.242,158.04,165.617,153.217,146.499,125.667,98.5714,91.0669,76.7335,74.1422,64.7735,57.5618,46.0752,41.8176,37.1976,30.9548,27.4891,24.1493,19.4274,14.6177,12.848,12.2827,12.1593,13.8934,17.3676,22.4461,28.4722,33.5177,41.7845,48.1861,64.679,81.0322,113.046,136.589,170.178,195.238,218.196,278.576,330.662,378.243,399.114,442.05,488.53,527.185,546.104,517.302,504.697,516.266,584.952,599.956,594.385,601.342,597.418,594.532,602.838,576.03,572.59,515.633,476.908,458.064
674,147.136,141.814,155.209,160.801,144.427,143.258,125.983,97.4922,89.8465,74.1844,73.7001,63.7912,55.9601,45.5359,41.7342,36.8832,31.1648,27.4733,24.6014,19.2703,14.8047,12.9761,12.0798,12.0711,13.9061,17.0927,21.9595,27.6242,32.3009,41.1737,47.4189,62.8733,79.1027,109.17,132.673,165.942,192.73,207.852,268.217,319.823,373.244,386.857,435.038,470.696,516.421,531.724,501.862,491.672,503.588,576.165,583.783,577.328,587.009,584.745,584.05,583.217,559.072,554.044,497.043,462.923,452.947
674.5,142.907,140.413,151.776,156.66,140.279,138.904,125.644,95.8314,88.9028,71.562,72.2903,63.0439,55.0384,45.1429,41.1468,37.1431,31.1601,27.8804,24.5934,19.1908,14.8059,13.0451,11.9309,11.9621,13.892,16.8347,21.5775,26.8676,31.2775,40.6549,47.5682,61.0849,76.8679,105.921,129.293,162.222,188.892,201.178,261.863,310.737,365.259,376.865,431.953,455.54,501.839,514.741,487.643,481.393,492.307,561.902,571.396,562.62,575.871,576.128,576.682,567.387,546.749,537.138,480.348,449.465,450.527
675,140.78,137.162,148.377,151.301,140.887,135.294,123.905,93.6996,88.2817,69.5301,70.4545,61.6983,54.4589,45.2219,40.0181,37.0758,30.9037,27.7177,24.8444,19.2996,15.1179,12.8935,11.8843,11.9657,13.7059,16.5989,21.3627,26.264,30.7291,40.3422,47.9682,59.3374,74.3446,102.505,127.214,157.665,183.289,197.009,257.979,306.204,355.091,371.927,420.678,446.191,487.825,499.875,478.262,472.376,482.465,545.43,563.908,552.148,558.834,564.406,568.404,551.473,537.368,522.276,462.251,438.32,436.955
675.5,138.469,133.588,146.101,147.436,144.415,134.29,121.566,92.1531,87.4136,68.23,69.4434,60.2845,54.3268,45.1514,39.9498,36.3393,30.5033,27.3312,24.8674,19.5144,15.4392,12.6141,11.805,11.9071,13.5469,16.3493,21.1104,26.0562,30.3891,39.5706,47.5105,58.0156,72.6183,100.593,125.988,152.784,178.802,193.635,254.821,300.384,347.346,367.199,417.471,440.053,473.481,481.154,468.096,467.34,471.411,533.156,557.324,539.667,545.856,552.438,552.09,542.232,535.38,514.558,450.681,424.477,422.78
676,136.164,130.508,142.684,144.011,146.013,135.033,119.764,91.8515,86.4965,68.6129,68.8457,59.4904,54.0916,45.1902,40.3513,35.5478,30.4695,27.1343,24.9975,19.8257,15.5865,12.4459,11.871,11.7899,13.4151,16.2212,20.751,25.8394,30.1787,38.6984,47.0379,56.8142,71.0288,98.132,123.306,148.738,175.525,193.004,250.365,296.105,338.014,360.656,407.856,430.255,467.026,472.228,459.217,463.326,464.201,522.256,547.041,531.416,529.273,543.029,534.795,533.129,525.133,506.068,445.781,413.467,412.857
676.5,134.128,128.777,140.467,142.435,145.419,135.598,118.148,91.9384,85.0391,68.8728,69.2061,59.3907,53.0942,45.1689,41.788,35.0493,30.6208,27.015,25.1254,20.0215,15.8735,12.5721,11.8283,11.7888,13.4071,16.1617,20.3694,25.5718,30.284,38.3594,46.489,56.9993,69.9187,95.4204,120.701,145.169,172.168,192.223,245.336,291.067,335.085,352.237,398.92,416.729,456.575,467.697,448.769,458.756,458.16,515.782,536.85,521.18,514.243,532.967,521.101,526.566,510.741,496.278,436.988,403.301,405.708
677,131.473,128.548,138.137,141.399,143.888,134.476,117.187,90.1567,83.2726,69.5296,69.3887,59.1732,52.7274,45.2747,42.0682,35.1761,30.9908,27.3818,25.086,20.2756,16.0998,12.8121,11.726,11.904,13.4336,16.0296,20.1837,25.0044,30.3098,38.077,45.5917,56.7858,69.5632,93.4155,119.399,143.579,169.37,190.087,237.158,288.239,328.233,342.286,389.721,408.662,449.369,464.497,437.162,449.424,454.731,504.387,522.398,510.199,502.668,521.581,514.231,517.433,496.775,480.531,431.85,391.683,397.299
677.5,131.394,128.873,136.585,140.033,141.934,133.454,115.888,87.7258,81.4813,69.3147,69.5446,58.9591,52.8102,45.2496,41.8739,35.7356,31.5515,27.9709,25.1266,20.8424,16.5197,13.1066,11.6169,12.0922,13.4933,16.0272,20.0892,24.7717,30.5384,37.6631,44.9519,56.2242,68.4038,92.1421,119.317,143.2,166.517,188.581,232.03,279.982,318.317,335.638,382.07,403.878,442.2,451.601,428.001,437.537,447.104,492.027,508.186,496.527,492.595,513.617,506.691,506.042,485.288,473.01,426.165,385.048,382.026
678,130.337,129.289,137.015,138.237,140.276,132.062,114.97,86.9029,81.2734,68.5121,69.3854,58.6751,53.59,44.8256,41.3319,36.2813,31.6882,28.3431,25.2459,21.2091,16.8996,13.0681,11.5893,12.252,13.5993,16.0638,20.0158,24.5128,30.6123,37.3632,44.3769,55.4677,67.1671,91.4825,119.563,142.461,164.926,185.178,227.14,266.504,309.683,333.395,376.204,402.952,431.347,438.19,419.416,422.862,438.759,483.482,495.848,488.496,486.841,507.207,502.451,496.193,478.688,468.839,422.807,381.127,370.747
678.5,128.94,129.19,137.841,135.519,138.592,130.793,113.906,87.329,81.521,68.0185,68.7438,58.1724,54.849,44.9863,41.3954,37.1661,32.2856,28.853,25.478,21.8921,17.2277,12.9735,11.7992,12.3414,13.6789,16.1545,19.8842,24.4213,30.4386,36.9444,43.9594,53.6158,66.5358,91.4832,118.205,141.013,162.346,182.609,224.673,254.558,303.619,332.428,371.881,402.559,424.663,427.732,415.788,412.371,429.338,477.101,486.817,482.501,484.666,504.929,496.999,489.651,475.943,467.481,413.906,377.827,365.472
679,128.128,128.207,138.203,134.363,138.909,130.001,113.193,89.3689,81.7631,67.587,68.661,57.9888,55.605,45.7115,42.1549,37.9356,33.0438,29.3607,26.2238,22.6384,17.4826,13.0198,12.1075,12.4376,13.8736,16.2536,19.83,24.5341,30.1772,36.9259,43.5062,52.0503,65.7895,90.7995,115.686,140.014,160.197,180.778,223.557,247.806,299.29,331.828,364.685,399.819,417.454,428.461,410.712,408.742,416.628,470.798,483.034,476.076,481.16,502.38,489.651,489.535,474.117,465.598,405.237,374.967,363.135
679.5,127.173,126.766,136.739,132.813,139.512,127.926,112.664,89.3019,81.9896,68.4345,68.7178,57.1793,56.1155,46.6425,43.6693,38.7444,33.9691,29.4953,26.7096,23.1763,17.7832,13.2836,12.4934,12.6214,14.0922,16.3981,19.8145,24.6726,30.1713,37.0563,42.7341,51.0953,66.0277,89.7065,112.67,138.673,157.663,180.836,220.572,248.499,295.535,328.17,361.043,394.334,415.033,425.861,405.878,408.861,409.716,466.196,479.59,471.138,476.606,494.95,485.001,481.639,468.356,458.033,392.272,369.153,361.893
680,126.8,125.723,135.184,134.205,140.198,126.673,112.183,88.1037,82.0797,68.5923,69.7604,57.0181,56.4324,47.6374,45.0826,39.6183,34.8022,30.3275,27.7311,23.596,18.0993,13.6425,12.7747,12.9575,14.4087,16.7074,19.9209,25.0814,30.413,37.2213,41.2917,50.7773,65.6211,87.1005,110.457,137.138,155.172,182.268,218.422,251.369,291.35,325.156,354.558,386.719,415.919,423.425,395.361,411.881,403.96,461.305,479.766,461.061,467.084,487.092,480.846,470.614,458.166,450.683,382.87,367.259,359.363
680.5,126.531,124.873,133.649,135.071,139.536,125.632,111.482,87.5051,82.1866,69.34,70.6272,57.9524,56.7691,48.4085,46.579,40.402,35.8923,31.8849,28.6782,24.0802,18.6631,13.9529,13.1535,13.3638,14.7932,16.9653,20.1084,25.5392,30.5687,37.216,40.2979,50.8929,65.2792,85.1324,108.915,134.428,153.048,183.013,214.945,249.284,284.138,323.496,350.228,379.987,414.552,419.733,386.821,409.188,399.611,456.484,476.062,456.161,460.073,475.762,483.08,462.882,450.216,448.476,381.659,361.362,357.232
681,126.446,125.348,132.83,136.087,137.829,125.397,111.117,87.4379,83.0851,69.8583,70.9729,58.8189,57.2148,49.3287,47.4934,41.2811,37.0872,33.7264,30.0775,24.8117,19.2075,14.4935,13.4964,13.6781,15.0685,17.286,20.3811,25.5852,30.4872,37.2744,39.8069,50.9331,64.118,84.4989,108.202,132.763,151.926,181.787,212.964,247.255,283.011,318.906,347.354,374.214,413.307,417.383,381.906,404.022,395.381,451.562,468.379,449.016,454.54,465.445,475.966,458.457,443.11,445.833,381.026,357.271,355.426
681.5,126.362,126.125,133.181,137.111,135.367,125.684,109.074,88.1419,83.6902,70.7673,71.1388,59.9981,58.0111,50.1524,48.0565,42.3171,38.0226,35.8141,31.4604,25.6761,19.7334,14.9584,13.903,13.8952,15.4174,17.5246,20.5751,25.567,30.2857,37.499,40.5395,50.8403,63.4139,84.8684,107.035,131.637,150.575,180.989,214.43,244.299,281.066,313.968,345.037,370.829,413.25,411.452,380.922,397.347,389.133,444.359,458.609,442.781,446.829,456.55,470.795,454.52,439.092,444.544,379.948,356.472,347.751
682,125.722,125.49,132.479,135.913,133.011,125.083,106.894,88.6002,84.3498,71.4579,70.2533,61.0828,58.7348,51.4882,48.1159,42.9269,38.4853,37.4744,32.6999,25.9646,20.0428,15.571,14.3377,14.0346,15.5696,17.6792,20.7036,25.3866,30.1566,37.8431,41.6907,50.5209,62.8479,85.0741,106.233,130.421,148.678,178.852,215.119,239.971,280.628,305.854,343.034,365.799,408.099,405.765,378.408,392.49,382.044,436.364,447.581,440.325,437.085,450.455,462.308,453.581,433.932,440.026,378.802,353.991,340.698
682.5,124.303,123.357,131.268,134.377,132.149,124.243,104.944,88.6628,84.2009,72.2375,70.2833,62.3337,59.1309,51.9742,48.1353,42.6663,38.9089,38.8925,33.5995,26.037,20.498,15.9698,14.7314,14.1792,15.936,17.8382,20.6173,25.1109,30.0341,37.9913,42.1967,49.7203,62.5061,84.1704,105.018,129.796,145.063,176.031,213.85,240.323,281.449,300.688,339.687,362.736,399.574,395.312,375.974,388.532,373.953,427.215,439.471,440.185,426.997,446.307,455.042,445.689,427.711,432.809,372.913,352.239,333.565
683,121.226,121.106,128.857,131.908,132.144,123.854,104.241,86.8519,83.4555,72.243,70.6554,63.4304,58.9034,51.75,48.0193,42.6275,39.2365,39.7486,33.6598,26.2248,20.6234,16.3129,14.9402,14.3643,16.1098,17.776,20.5223,24.4875,29.9491,38.0569,42.4713,48.9152,62.0191,82.4084,103.826,128.117,142.239,172.08,209.794,237.49,279.851,295.806,333.113,358.957,387.916,386.002,373.551,384.173,365.981,416.605,430.871,443.06,413.895,438.04,448.017,438.543,423.266,426.168,368.904,346.495,326.77
683.5,118.38,119.5,125.744,130.011,132.231,122.34,105.105,84.6232,82.2647,71.2092,70.8244,63.5758,58.6881,51.4913,47.7558,42.3449,39.4508,39.7589,33.3976,26.3635,20.383,16.4727,14.8445,14.523,16.193,17.63,20.5317,23.807,29.6768,38.0093,41.9463,48.3968,62.1593,82.1811,102.242,126.264,140.351,168.074,204.351,236.027,278.157,291.058,326.468,356.343,380.967,371.657,369.93,377.161,357.712,406.198,421.276,439.518,408.393,428.637,441.482,431.241,419.39,421.785,363.707,340.061,322.357
684,115.483,117.177,121.66,128.093,131.714,121.706,104.486,82.5215,81.5564,69.6353,69.5894,63.0522,58.3254,51.4162,47.1134,42.5902,39.0925,39.1305,33.4086,26.6,20.2146,16.407,14.6255,14.6065,16.1651,17.4497,20.5454,23.2084,29.1396,37.7543,41.4705,48.3629,61.4109,81.004,99.8904,123.602,139.863,164.821,199.658,234.35,272.032,287.277,323.697,351.661,373.529,359.55,367.232,370.286,353.164,394.933,411.75,428.978,401.895,420.182,435.683,425.293,414.941,414.007,358.339,334.94,316.265
684.5,113.795,114.958,117.681,125.88,129.647,118.662,103.31,81.4978,80.7719,67.9131,67.7726,62.0276,57.7022,51.7171,45.8933,42.7469,38.4765,38.1094,33.7499,26.5374,19.8055,16.3258,14.4528,14.4904,16.1157,17.1596,20.4147,22.8979,28.5154,37.1948,40.9612,48.1901,61.2496,79.7365,98.0322,121.032,137.853,159.783,194.227,231.393,268.22,281.956,319.988,341.445,366.69,349.554,360.558,362.43,349.022,382.699,407.729,415.91,398.703,413.929,428.813,420.932,408.204,407.15,349.808,327.224,310.126
685,111.576,111.019,113.234,123.764,126.98,115.139,101.753,80.4054,78.7897,66.3774,64.9024,60.9677,56.7782,51.4039,44.1822,41.8412,37.5478,37.4498,33.4778,26.3342,19.3222,16.142,14.3891,14.3201,16.0658,17.0315,20.0788,22.8628,27.648,36.3955,40.4521,47.7885,60.0185,77.4422,96.3566,118.893,135.282,156.06,191.649,226.388,262.268,279.241,316.38,331.927,362.713,346.259,355.454,355.649,349.912,374.166,404.451,405.02,397.838,409.231,416.606,413.94,401.536,394.048,343.515,322.033,303.272
685.5,109.105,107.877,109.839,121.187,124.204,110.156,100.339,78.8916,77.031,64.593,62.4484,58.9914,55.5141,49.8055,42.907,40.651,36.6872,36.5298,32.6891,26.1573,19.1433,15.9315,14.4318,14.1508,15.6812,16.785,19.7234,22.7512,27.1508,35.5795,39.8191,46.8395,58.251,75.2169,94.4811,116.71,131.78,151.823,186.438,220.439,258.481,273.689,305.644,323.666,355.76,344.582,348.103,350.664,350.239,367.939,403.497,396.239,396.573,401.731,405.254,407.317,395.795,380.18,336.948,315.862,298.621
686,106.645,105.042,108.153,120.409,120.607,107.789,98.4528,76.9689,75.3359,62.5019,61.42,57.4713,54.0843,47.6685,42.1447,38.9425,35.8541,35.5069,31.7423,25.8357,18.829,15.5959,14.3181,14.0433,15.2809,16.5216,19.4849,22.325,26.9648,34.7965,38.7938,45.5807,57.013,73.6471,92.5598,113.923,129.66,147.05,181.346,215.529,253.491,269.487,298.939,317.79,350.147,342.468,341.315,344.341,347.065,366.575,396.707,388.794,396.041,393.129,395.529,398.334,389.944,370.987,333.226,309.214,291.276
686.5,104.18,102.771,106.542,118.349,117.277,106.022,95.6013,75.2866,73.7489,61.0581,60.3481,56.3769,52.9804,45.1368,41.4267,37.5556,35.1208,34.3736,30.6054,25.4383,18.5099,15.3036,14.1459,13.9277,14.9178,16.2426,19.2924,22.1075,26.891,33.9815,37.5936,44.8034,56.3743,72.7613,90.5161,112.213,128.278,145.014,173.524,212.92,250.699,265.177,295.029,314.709,343.179,339.098,334.357,339.063,339.678,366.371,386.534,378.27,394.898,381.915,386.952,389.662,380.005,363.563,325.153,302.817,289.204
687,101.892,101.081,105.613,116.46,114.15,105.108,92.6849,73.7839,72.8144,60.1947,60.3338,55.5649,52.0595,42.7272,41.1921,37.0524,34.7043,33.2975,30.1107,25.1298,18.3503,15.1739,13.9584,13.7694,14.7354,16.0576,19.0135,21.7745,26.7816,32.76,36.3456,44.2556,56.0444,71.8984,88.5892,110.444,126.266,139.857,169.576,209.537,243.531,262.489,291.385,310.39,334.999,335.429,324.957,332.014,329.691,364.031,376.207,370.207,389.401,372.035,383.99,380.327,371.636,360.368,314.799,293.637,281.973
687.5,100.142,99.9238,106.366,114.09,112.856,104.335,90.6553,72.4805,71.4477,59.5489,60.1315,55.1696,51.4903,41.8463,40.4862,36.8874,34.1347,32.8436,29.9943,24.7644,18.115,15.1062,13.8327,13.5617,14.7203,16.0744,18.6334,21.7949,26.3747,31.6903,35.2947,43.5953,55.9734,71.6392,87.2924,109.915,124.929,137.655,165.674,204.056,234.488,258.409,289.29,304.868,329.426,332.128,317.525,327.21,318.914,360.789,368.148,362.482,384.099,364.428,380.538,370.632,362.609,358.502,303.266,287.294,276.904
688,98.5214,98.2278,105.813,111.174,112.193,103.814,89.358,71.383,70.4382,58.9123,60.0523,54.3497,50.6841,41.9144,39.9631,37.0578,33.5073,32.6662,29.8406,24.604,17.8425,15.1152,13.6754,13.3966,14.6701,15.8694,18.431,21.855,26.0702,30.9021,34.8062,43.2683,55.6101,70.3222,86.5094,107.563,123.901,135.274,164.084,201.122,227.533,253.453,284.203,299.437,324.124,329.298,312.525,322.803,312.456,357.307,364.136,358.942,378.582,360.805,378.185,365.804,353.449,352.466,293.512,281.429,270.955
688.5,97.5288,97.0337,105.41,109.459,112.208,103.29,89.2321,70.0957,69.6642,58.201,60.5088,53.1761,50.4275,43.4071,40.1108,37.2644,33.193,32.345,30.0482,24.4448,17.8624,15.276,13.592,13.3856,14.7182,15.529,18.5657,21.9387,26.0456,30.5608,34.8903,42.9713,54.3277,69.9181,86.2213,104.729,122.87,134.156,162.973,197.478,225.611,249.303,279.626,296.643,325.087,328.18,311.954,313.548,307.522,353.35,361.491,356.704,373.872,361.723,374.128,363.483,346.977,348.554,286.066,278.998,265.727
689,96.4643,95.3092,104.457,107.306,109.969,102.433,89.9992,69.5972,69.5489,58.3628,59.831,52.4226,50.0274,44.8533,40.5451,37.2058,33.257,33.0064,30.3171,24.4457,17.9285,15.4094,13.5869,13.3847,14.8476,15.231,18.8662,22.1749,26.104,30.7781,35.1836,43.2929,53.6096,69.5334,85.981,101.754,121.773,131.661,163.144,197.961,228.108,246.639,277.799,294.679,324.184,328.311,309.414,304.437,309.26,347.742,357.823,355.222,369.603,362.028,371.583,364.779,345.11,345.554,281.85,277.572,261.236
689.5,95.8885,94.7637,103.348,106.144,107.65,100.224,91.0168,69.9719,69.7769,58.6,59.3179,52.2926,50.0947,45.8461,41.3215,37.4728,34.1658,33.6813,30.6542,24.4033,18.3086,15.7274,13.5092,13.529,14.9336,15.4983,19.2166,22.3909,26.053,31.1121,35.4723,43.9589,52.6434,69.5307,85.7945,100.248,118.82,131.055,164.698,194.726,231.491,246.299,274.603,297.378,324.691,325.08,307.544,295.88,312.366,343.436,359.959,357.017,364.583,361.21,369.384,364.987,347.052,343.55,280.233,276.32,258.344
690,95.6173,94.192,103.427,105.043,106.271,99.0662,92.1492,70.1152,69.9545,58.3045,58.3818,53.3029,50.1168,45.6388,41.9857,37.1756,35.0241,35.0681,31.305,24.672,18.8545,15.9417,13.7061,13.7042,15.1512,16.2269,19.508,22.5334,26.2002,31.7666,35.6334,44.7567,52.8335,69.4332,85.9304,100.569,116.147,131.374,164.693,194.912,229.487,246.472,275.588,297.431,323.978,322.852,304.46,294.406,314.951,340.609,360.516,355.336,360.042,358.562,369.475,363.864,354.602,343.894,281.002,274.652,255.185
690.5,96.1695,94.7627,103.655,105.153,106.205,99.4124,92.3025,71.5075,70.2301,57.6187,58.6599,54.4205,50.8013,45.605,42.1472,37.2448,36.0448,35.7847,31.8976,24.911,19.1516,16.1784,13.8959,14.0839,15.4092,17.0736,19.7541,22.5931,26.3143,32.2642,35.953,45.4114,53.4471,68.7897,86.2735,101.431,113.519,133.573,163.759,196.637,228.448,247.833,276.983,298.573,322.552,323.139,305.053,294.856,318.406,341.208,362.783,353.678,355.26,359.434,368.638,362.966,358.567,344.366,283.223,273.859,256.184
691,96.6112,96.1263,103.867,106.708,108.502,100.931,91.878,72.1192,71.2249,56.4124,59.3496,55.4334,51.5576,46.3916,42.8049,37.7508,36.6618,36.5934,32.6931,25.6289,19.7134,16.4957,14.2924,14.57,15.8294,17.7589,20.1038,22.7527,26.7136,32.3976,36.5128,45.9784,54.4373,68.3751,86.7819,102.786,111.172,135.748,162.743,195.328,226.202,250.172,277.62,300.52,324.026,325.804,308.871,299.012,318.297,341.186,360.615,354.719,352.348,360.799,368.374,362.285,367.088,344.402,287.182,272.887,257.863
691.5,96.7353,98.4916,102.595,107.714,110.849,102.58,91.126,72.7943,72.1443,56.1303,60.3343,55.3132,52.6745,47.4918,43.7263,38.6354,37.1802,37.253,33.3594,26.2998,20.1613,16.6963,14.6435,15.1523,16.2043,18.0095,20.2995,22.8201,26.7356,32.4652,36.662,46.3719,55.2834,68.6416,86.6586,103.698,111.011,136.981,162.957,194.974,228.369,252.848,280.696,300.728,321.855,328.23,314.115,302.799,317.384,344.334,356.319,354.916,354.144,361.986,370.478,364.603,372.835,346.33,288.788,274.567,260.915
692,96.3853,99.762,101.706,108.478,110.772,103.495,91.2631,73.0196,72.9813,56.8261,61.3013,55.0029,53.5721,48.5504,45.0202,39.2704,37.9595,37.1881,34.4673,27.1912,20.8015,16.9237,15.0766,15.5797,16.475,18.2276,20.4404,22.837,26.8964,32.4461,36.6198,46.3023,54.954,69.496,86.5689,105.218,112.235,136.444,164.915,196.571,229.657,252.149,281.551,301.767,323.62,329.659,315.949,305.716,316.802,345.847,354.681,357.355,358.117,362.839,368.674,361.85,378.561,347.86,290.296,276.951,263.845
692.5,95.8674,100.252,100.602,107.269,110.892,104.353,91.6725,73.7737,72.8242,58.1193,62.2107,55.134,54.1769,48.6616,45.6964,40.2268,38.5513,37.1911,35.1609,28.0686,21.0644,17.046,15.4916,15.8063,16.7239,18.4135,20.4759,22.9193,26.8601,32.366,36.2394,46.2688,54.4989,70.5225,86.8492,105.598,114.211,135.11,166.521,200.079,229.196,250.987,284.721,304.645,320.675,326.797,315.222,309.148,317.536,347.591,354.617,358.376,362.541,367.394,364.209,361.049,376.944,347.587,293.021,277.363,262.149
693,96.0155,99.3954,100.746,107.176,110.537,104.464,93.1876,74.7696,73.2967,59.9363,62.3595,55.9922,54.518,48.4569,46.3932,41.0783,39.3204,36.9437,35.5172,28.7498,21.1596,16.9127,15.8432,15.8807,16.9279,18.437,20.4686,23.0278,26.981,32.6298,36.1954,45.9474,53.5965,70.7947,86.5156,105.54,116.165,134.68,167.764,201.792,231.046,248.401,284.608,304.793,321.529,323.372,314.14,311.995,318.605,346.47,358.056,360.792,364.466,372.311,361.308,362.186,372.43,346.477,295.985,277.831,259.876
693.5,96.4881,99.255,101.45,107.461,111.332,103.863,93.2262,75.4578,73.2192,61.4507,62.7041,57.3098,54.2815,48.5893,46.934,41.789,39.391,37.6804,35.4917,29.0622,21.1849,16.919,16.0643,15.7227,17.0238,18.3091,20.3809,23.287,27.107,32.8593,36.4299,45.9769,53.7394,70.1422,85.805,105.044,116.587,135.726,166.036,201.326,231.659,248.073,283.648,305.239,320.857,320.756,315.844,315.116,321.612,344.821,359.086,363.69,366.769,374.261,360.71,363.194,369.56,346.202,300.07,276.459,256.138
694,96.4529,98.7109,101.466,108.313,112.542,103.157,92.2458,75.971,73.302,62.7457,62.3909,58.1471,53.8933,48.9127,47.4753,41.9496,39.3995,38.0063,35.3072,29.1877,21.2706,16.8741,16.1506,15.6728,17.0431,18.1762,20.2263,23.3354,27.2139,33.4092,36.9068,45.8721,53.9926,68.6808,84.3185,104.756,117.128,136.181,163.898,199.149,232.925,247.749,284.686,301.887,318.958,320.872,314.654,316.846,320.8,341.86,354.644,363.445,365.758,373.262,360.314,364.866,361.706,344.049,301.168,275.294,254.429
694.5,95.8931,98.0224,101.618,108.26,112.09,102.539,90.9363,74.4248,73.2155,63.4321,62.3164,58.1084,53.6455,49.1981,47.4696,41.7285,39.392,38.3245,35.3085,29.0318,21.3437,17.2749,16.2002,15.6714,17.1605,17.9669,20.11,23.1552,27.2401,33.6773,37.3766,45.7643,54.2939,67.0378,83.0663,104.056,116.938,135.893,162.623,194.355,230.582,244.182,282.842,296.74,316.529,318.641,313.879,318.926,317.712,338.608,349.255,359.977,363.926,371.281,360.22,363.53,352.34,343.353,298.259,271.609,252.338
695,95.224,96.9081,101.338,107.46,111.687,102.132,89.3364,72.344,72.3997,63.6968,62.1737,57.4811,53.1521,49.2391,46.8295,41.1988,39.6966,38.145,35.3444,28.7927,21.2038,17.5053,16.167,15.8482,17.3128,17.9639,20.0204,22.8536,27.0253,33.9991,37.3391,45.4169,54.5549,65.9898,82.3073,102.199,117.106,134.524,160.536,192.14,228.215,241.586,281.786,292.243,313.307,316.266,311.255,315.907,310.618,335.681,342.926,356.729,359.103,368.257,354.956,362.335,347.812,337.7,296.204,268.176,250.237
695.5,94.3728,95.6552,100.17,106.593,111.303,101.267,88.7938,71.2053,72.2104,63.3102,62.0199,56.7201,52.6861,48.5635,46.2021,41.0692,39.5898,38.1339,35.32,28.0418,21.1959,17.5948,15.995,15.8997,17.5402,18.0941,20.0782,22.791,26.8425,33.9145,36.9248,44.8576,54.2959,65.5653,82.6535,99.6535,116.971,134.568,158.389,192.195,223.938,237.917,278.669,287.695,309.189,312.966,306.676,310.778,299.672,332.466,341.279,354.902,352.421,365.288,350.684,358.658,347.942,333.252,292.763,262.988,248.826
696,93.4164,94.1873,98.9349,105.335,109.923,100.416,89.533,71.2312,71.5837,62.8666,61.7286,56.3381,52.2784,47.8589,45.5414,40.6833,39.3322,37.7318,35.1916,27.7867,21.1606,17.6544,15.7279,15.792,17.6121,18.2958,20.1965,22.7501,26.6743,33.898,36.392,44.3749,53.8203,65.3232,82.7919,97.8169,116.084,132.777,157.077,192.957,218.465,235.33,272.423,282.485,306.691,308.822,301.84,305.622,289.24,326.916,340.681,347.9,346.449,359.412,348.79,352.313,349.401,329.725,291.755,260.496,248.192
696.5,91.9462,92.7656,98.246,103.741,107.859,99.3921,89.7325,71.3885,70.1839,62.5601,61.1196,56.3995,51.3703,47.3445,45.1578,40.3123,38.7244,37.6227,35.1546,27.8166,21.0154,17.6276,15.5545,15.771,17.4653,18.5443,20.256,22.7202,26.5916,33.433,36.0738,44.2011,53.0911,65.3054,82.8977,96.9622,114.86,131.919,154.03,191.721,213.749,234.842,265.675,275.548,304.927,307.394,296.248,301.153,288.53,321.36,337.705,340.709,339.863,352.765,347.284,345.52,350.152,324.957,288.857,257.376,246.54
697,90.76,91.6803,98.0863,101.577,104.43,98.4055,88.8166,70.5408,68.5877,62.4738,60.0327,56.2818,51.0708,47.3574,44.8273,39.7595,38.3454,37.3109,35.112,28.1486,21.0904,17.5712,15.6458,15.8173,17.4445,18.4726,20.1845,22.5719,26.4947,32.7203,36.1789,44.2732,52.2083,65.4544,82.5011,96.8237,113.935,130.262,153.841,188.794,209.267,233.479,260.127,268.336,302.836,305.167,290.582,296.37,290.141,315.685,335.18,331.508,335.552,343.436,343.851,338.538,344.476,322.391,284.699,253.314,242.949
697.5,89.5764,90.8472,98.4476,100.092,100.941,97.0698,87.4146,70.2016,67.9087,62.1321,59.1961,55.923,50.7358,47.6245,44.3023,39.2336,38.3397,37.3966,34.7425,28.6597,21.0934,17.5236,15.7429,15.8571,17.4402,18.3522,20.129,22.6921,26.3207,32.0671,36.2365,43.8446,51.7847,65.2759,82.2963,97.0826,112.579,128.313,153.581,185.719,208.383,229.675,257.137,265.417,301.421,304.307,287.627,293.795,292.871,313.147,329.12,322.567,334.945,333.006,338.273,335.811,336.954,319.662,281.319,248.46,236.785
698,88.5509,89.9979,97.7832,99.7662,99.1317,95.0683,86.3201,69.0975,68.0916,61.566,58.3877,55.089,50.4241,47.6939,43.9869,39.1882,38.253,37.3015,34.7888,28.3682,21.0048,17.4282,15.8266,15.8207,17.5942,18.3744,20.1419,22.9538,26.2886,31.6498,36.2793,43.5026,51.7919,64.959,81.7475,96.2354,110.675,126.615,153.184,184.764,210.543,226.453,253.167,266.229,299.433,303.159,286.514,290.793,291.764,308.961,325.162,322.219,333.025,327.426,332.966,332.048,331.413,317.958,279.544,242.956,232.298
698.5,88.3687,88.6544,96.7847,100.14,97.9174,93.4379,86.4329,68.6516,68.2898,60.7483,57.9289,53.7469,51.0822,47.2904,43.6129,38.9334,38.1979,37.2258,34.8097,28.4368,20.9284,17.7064,15.9322,15.7745,17.6821,18.573,20.2691,23.2986,26.3388,31.5692,35.994,43.5514,51.6272,65.0738,80.9799,95.5348,107.55,125.513,153.892,183.349,209.648,221.734,251.531,267.773,297.634,299.615,282.759,287.983,288.739,305.787,323.088,321.877,331.336,322.918,330.326,330.441,326.302,315.246,278.166,239.201,227.93
699,88.9607,88.1628,95.6222,99.6989,98.6331,91.8521,87.0003,67.2015,68.5985,60.972,57.488,52.8469,50.9807,46.6244,43.1446,39.1101,38.1338,37.1664,34.8725,28.6118,21.2111,18.0542,16.1271,15.7756,17.7097,18.7979,20.4719,23.3014,26.5771,31.8149,35.5295,43.4961,51.2726,64.9614,79.9774,95.401,105.324,124.959,153.646,182.453,207.263,220.863,249.446,269.25,293.82,298.659,279.759,284.353,285.801,301.085,322.542,323.213,327.176,320.248,326.335,325.207,324.821,310.11,276.916,236.159,223.943
699.5,90.2929,88.7079,95.1186,98.1508,99.8663,91.2948,86.6338,66.5875,68.1576,61.2209,57.6973,52.4968,50.8779,46.3963,42.8315,39.5579,38.2876,37.4875,34.9099,29.3427,21.865,18.4928,16.32,15.9089,17.7394,19.1303,20.6182,23.2105,26.7037,31.8819,35.3683,43.689,51.5473,65.0428,78.5746,95.0582,104.644,124.782,153.413,181.551,203.488,221.574,248.505,265.2,290.368,294.165,275.495,279.181,281.512,297.447,320.739,320.327,323.142,318.832,318.052,318.66,323.071,305.688,273.379,231.892,223.325
700,90.7921,89.3529,94.5033,95.8806,100.371,90.7501,85.3274,66.1185,68.3789,61.4929,58.16,52.4457,50.7761,46.4502,43.3019,40.1367,38.3642,38.0617,34.6816,30.1294,22.6898,18.854,16.6608,16.1699,17.9188,19.4323,20.7563,23.2439,26.8141,31.8151,35.2083,43.2811,52.0117,65.0293,77.555,94.6809,103.049,126.13,151.803,178.801,201.383,219.543,247.044,262.382,284.627,289.815,273.528,275.132,278.141,293.872,317.25,317.492,320.195,315.209,309.364,311.037,321.98,300.26,268.114,229.845,221.952
700.5,89.962,89.1423,93.6414,94.5331,100.043,91.2844,84.354,66.1568,68.9231,61.1437,58.4516,53.0226,50.9366,46.8711,43.8835,40.5891,38.7338,38.8764,35.2413,30.8641,23.4185,19.1497,16.9466,16.3027,18.2784,19.7266,20.8729,23.5691,26.7772,31.8763,35.301,42.6619,52.7069,65.0717,77.1752,92.9748,103.602,126.219,149.84,177.242,199.484,217.299,245.757,259.998,281.043,285.631,271.413,271.68,271.934,292.364,313.321,314.199,314.595,310.832,301.598,301.231,319.572,297.475,263.676,227.583,217.908
701,88.9408,88.691,92.3595,94.5653,98.9226,91.5216,83.8027,66.5384,69.3365,59.6479,58.9959,53.3875,51.2036,47.4213,45.0008,40.8286,38.9732,39.5547,35.7538,31.6458,24.127,19.5904,17.1987,16.4651,18.6981,20.1901,20.853,23.9965,26.4319,32.1885,35.4588,42.6071,52.6136,64.2212,76.9674,91.0421,103.707,125.022,146.586,175.066,197.259,214.616,244.281,258.161,277.897,280.417,269.585,270.699,267.896,292.129,311.07,307.174,308.503,303.553,301.952,296.837,318.399,293.962,259.464,224.506,216.466
701.5,87.5274,88.147,91.3535,95.4166,98.3397,92.2848,83.931,67.0123,69.1727,58.9158,59.2253,53.6326,51.6135,47.928,45.4121,41.0427,39.6552,40.3343,36.52,32.6127,24.917,19.9998,17.4111,16.663,18.8016,20.6344,21.4347,24.2675,26.4893,32.3732,35.7362,42.7659,52.2222,63.9234,77.3097,89.9324,103.808,122.591,143.505,174.016,193.179,212.642,241.57,254.524,274.501,279.184,267.188,268.248,266.628,293.329,307.633,300.925,304.336,298.174,300.8,293.827,310.997,288.865,256.771,222.306,211.634
702,86.3195,87.7075,91.0861,96.1603,98.2881,92.6927,83.0814,68.1179,68.5161,58.3773,59.4403,54.0816,51.7505,48.3978,45.6953,41.7456,40.6454,41.187,37.6495,33.3641,25.8276,20.5121,17.6496,17.0107,19.1923,21.1323,22.2287,24.3372,26.7519,32.5436,36.2584,42.9332,52.131,63.1754,76.9158,88.8019,103.248,120.878,140.939,170.849,191.756,210.743,238.418,248.417,269.897,276.594,265.033,265.178,266.088,290.676,303.973,294.367,301.064,293.495,298.058,291.973,304.71,285.385,253.54,219.664,207.874
702.5,84.9795,87.4049,91.3909,96.427,99.4472,92.7284,82.7229,68.3621,68.3611,59.5712,59.9242,54.2381,52.4187,48.9072,46.4565,42.6655,41.6149,42.3095,39.365,34.5307,26.8367,21.1527,18.0167,17.5099,19.7527,21.8185,22.9153,24.5266,27.4952,32.562,36.5137,43.3958,51.7034,63.3889,76.0667,88.0203,101.778,119.342,140.62,168.714,187.986,209.222,235.041,242.191,264.912,273.113,261.623,260.864,265.733,285.12,296.962,290.274,297.95,292.03,294.754,293.808,298.913,279.38,249.645,214.667,204.806
703,83.425,86.5842,92.2999,97.2434,99.922,92.8929,82.272,68.4809,68.7799,60.3094,60.6362,55.0597,53.2714,49.956,47.0423,43.9496,42.4933,43.5875,41.3006,35.8549,28.2224,21.9017,18.5589,17.9889,20.5018,22.63,23.4892,24.8402,28.0808,32.6376,36.883,43.4714,51.3053,63.3372,75.1453,87.246,100.355,116.448,139.016,166,185.029,206.164,227.415,238.95,260.73,268.688,258.035,257.134,262.801,277.949,291.697,288.528,296.905,291.19,289.911,290.868,295.894,278.127,246.431,207.603,201.57
703.5,82.604,86.8475,92.7533,98.3585,100.464,93.0679,81.3509,69.0079,69.7561,61.9393,61.2789,56.7125,54.4796,51.6139,47.721,45.5602,43.3687,45.2355,43.2376,37.9096,29.4317,22.8359,19.2614,18.4553,21.4111,23.4101,23.7366,25.1729,28.3714,33.0288,37.0786,43.8644,51.1452,63.3859,74.5554,86.6294,99.4377,114.43,136.423,163.776,180.673,204.252,224.738,239.182,254.841,264.296,254.104,253.786,260.234,272.345,289.234,288.169,293.298,288.799,284.422,287.767,292.214,276.845,243.973,202.294,198.594
704,82.0306,87.7206,93.5564,99.7691,100.965,94.5172,81.6365,70.2492,70.9094,64.2545,61.6983,58.3812,56.2457,53.7531,48.8411,47.7415,44.5924,46.9197,45.1447,39.7139,31.1446,24.0076,20.1918,19.0644,22.1198,24.4089,24.4147,25.8714,28.6995,33.7666,37.3975,44.2634,51.564,63.2085,74.8175,86.1033,98.599,113.38,132.854,161.703,178.51,200.365,220.186,239.266,250.495,262.13,251.58,247.102,257.198,268.328,286.583,286.785,290.251,284.567,279.985,282.976,287.573,273.962,240.585,200.001,196.214
704.5,82.438,88.3313,94.326,100.638,101.184,95.0745,82.4993,71.7433,72.1089,66.4423,62.9118,60.5792,58.3468,56.0255,49.9613,50.0698,46.4005,48.6338,47.4384,41.8933,32.9849,25.4838,21.4515,19.9458,22.9453,25.4782,25.2622,26.7704,29.1624,34.7055,38.0643,44.7422,52.0548,62.3509,75.2404,85.8594,98.5524,113.725,131.308,159.744,177.618,197.542,217.478,238.311,247.679,259.058,249.727,241.521,255.157,267.137,284.856,283.851,287.63,280.415,276.497,276.321,286.001,270.457,237.64,200.332,193.329
705,84.7315,90.0691,95.227,101.706,102.599,96.4019,84.4811,73.2763,74.041,69.5449,65.0764,62.9982,60.6542,58.2393,51.5425,52.3948,49.0156,51.0162,50.3303,44.5195,35.2756,27.1841,22.7017,21.1418,23.787,26.6324,26.3181,28.0984,30.0223,35.7856,39.0535,45.441,52.8504,62.0913,75.3858,84.874,97.9091,113.402,128.636,158.46,176.157,192.574,215.535,235.806,246.054,256.452,246.972,236.014,252.991,267.138,281.615,278.142,284.406,274.187,275.404,272.712,284.735,263.18,234.908,202.821,190.905
705.5,88.1848,92.1307,96.439,102.835,104.481,96.5658,87.9057,75.1623,76.2544,72.2842,68.0387,65.6307,63.1767,60.8714,53.9599,54.8826,51.8747,53.6417,53.6442,47.818,37.9576,29.2293,24.1814,22.6015,24.7652,27.8755,27.569,29.305,31.0117,36.5231,39.9396,46.3999,53.5012,62.3997,74.9654,84.287,96.6492,110.726,125.571,157.839,175.052,189.193,214.027,233.96,245.314,251.923,243.11,234.874,249.774,266.649,276.729,272.67,281.054,269.661,276.255,268.87,285.562,258.752,233.222,203.846,187.234
706,91.4255,94.3413,97.9168,104.426,107.256,97.4046,91.8508,76.6777,79.793,74.9266,72.2985,69.1032,65.8622,62.8576,56.9433,57.756,54.8968,57.4733,57.7092,51.5647,41.2102,30.9974,25.7512,24.3672,26.1206,29.123,29.1273,30.4267,32.1373,37.4381,40.8553,47.5624,54.5882,64.0043,75.1465,84.3861,96.0901,108.402,124.977,157.638,175.416,189.209,213.401,232.213,244.095,249.458,239.94,234.87,244.728,265.662,272.851,268.916,278.048,267.205,277.016,267.59,283.368,257.028,233.283,205.089,186.897
706.5,94.5512,96.4246,99.1446,105.842,109.736,100.512,95.963,80.9608,83.7301,78.0102,76.4897,71.8203,70.012,65.8668,61.2084,60.9801,58.7648,61.6468,62.643,55.3349,44.3355,33.0319,27.378,26.2061,27.9125,30.1653,31.0916,31.2001,33.0851,38.4946,42.085,49.0633,55.4409,65.0852,75.4591,85.1437,95.6873,108.316,126.478,154.356,173.97,189.88,212.132,231.472,243.538,248.232,237.406,236.324,241.034,263.567,270.222,263.804,276.964,268.106,276.636,265.31,281.597,255.802,231.683,205.049,188.012
707,97.0258,97.9752,100.295,108.254,112.2,104.264,100.249,85.6823,87.9013,81.3327,80.9389,74.8856,75.4089,69.6662,65.6878,64.765,63.3478,65.7831,67.1189,59.7871,48.1783,35.1549,29.5411,28.0782,30.2793,31.6113,33.2678,31.9738,34.3739,39.8604,43.661,50.7566,56.3674,66.4318,75.7733,86.3182,96.118,108.987,129.815,153.176,174.101,187.675,211.561,230.18,242.444,247.125,236.011,237.739,239.169,262.769,268.721,261.94,276.569,270.636,274.024,265.843,280.058,257.373,230.738,205.988,189.141
707.5,100.587,99.914,102.504,111.854,114.959,111.125,104.389,91.56,92.955,85.7075,84.7144,78.397,81.0729,75.1673,71.3663,68.221,67.9348,70.9701,72.8181,65.6948,52.3055,38.014,31.6085,30.029,32.5011,33.4723,35.5018,33.2892,35.9846,41.8075,45.7312,52.7286,57.811,67.0771,76.5583,86.6409,96.278,110.714,131.321,152.303,173.694,186.253,210.759,229.296,242.37,245.987,235.691,238.742,238.645,261.487,267.295,259.597,276.54,270.618,272.493,266.764,280.591,255.066,230.506,205.53,190.292
708,104.54,102.86,105.614,115.469,118.958,116.822,107.825,95.7991,98.4401,90.0049,88.2468,83.7196,86.3096,80.9281,78.365,73.1976,73.4388,75.8622,78.8898,72.7531,56.6369,41.3197,33.7665,32.1105,35.0798,35.5889,37.812,35.2934,38.1884,44.1387,47.8305,54.7502,59.7393,67.8973,77.3805,86.8468,95.7239,111.49,129.447,153.516,174.238,183.406,210.977,228.432,240.134,244.583,236.291,240.661,237.122,260.044,266.62,260.893,272.649,269.611,274.214,269.637,280.559,255.884,228.075,205.93,190.211
708.5,109.045,106.675,109.961,119.652,124.811,123.055,112.758,101.357,104.526,96.2866,92.6359,89.4202,91.5507,87.1032,85.6639,79.3323,79.5372,83.5074,85.5933,79.1228,62.3628,45.4732,36.3042,34.8082,37.3373,38.6484,40.1202,38.6142,40.6312,47.0178,50.1329,57.0552,62.2309,69.558,78.6707,87.3977,95.3129,111.465,127.889,153.849,177.041,184.687,211.31,229.754,237.435,245.357,236.477,243.278,237.555,262.154,267.02,263.483,266.488,267.513,277.642,271.361,282.305,258.123,225.317,205.477,189.865
709,114.896,111.03,115.232,123.172,130.689,129.401,117.674,107.105,110.457,104.218,98.6332,97.2798,98.24,94.4694,94.3071,87.1311,86.9597,92.1685,93.8171,84.5243,68.5255,50.0201,39.6161,37.5847,40.1857,42.0117,42.6977,42.2469,43.1018,49.8597,52.8945,59.7029,64.8643,71.8665,79.8866,87.8349,95.4167,110.138,127.172,153.508,179.119,186.483,211.844,232.305,235.984,244.533,235.106,245.758,238.461,265.537,267.666,267.926,265.055,269.117,282.247,272.375,281.983,260.245,224.628,207.784,191.499
709.5,121.034,115.846,121.527,128.041,138.484,135.349,125.26,114.064,116.291,112.898,105.619,104.282,104.736,103.621,102.866,95.6171,94.1552,101.648,102.656,88.6674,75.1019,55.0705,43.9743,40.014,43.6294,46.0294,45.6505,45.9554,45.0222,52.6006,55.87,63.2671,68.2308,74.4112,81.3585,89.325,96.3572,109.593,126.546,153.704,181.195,189.325,212.652,236.369,237.938,245.679,235.925,247.167,241.439,269.51,270.321,272.648,267.291,271.405,284.172,273.086,282.763,262.066,227.416,211.327,194.087
710,126.876,120.422,129.239,135.47,146.065,140.281,133.623,121.601,123.072,120.567,114.342,112.999,112.889,113.813,111.504,105.139,101.177,110.996,110.691,93.1251,80.9724,60.1455,48.7613,42.8154,47.3011,49.8017,49.0378,49.3216,47.2586,55.5499,58.8776,66.8422,71.7258,76.8009,83.3841,91.6733,98.6758,110.874,127.022,155.593,182.506,191.077,213.09,238.915,240.793,247.66,236.053,249.446,243.936,271.86,273.083,279.191,273.961,276.329,285.445,277.1,282.342,264.758,235.554,217.171,198.87
710.5,133.002,126.568,137.244,144.778,153.512,145.692,143.289,129.238,131.473,128.473,124.612,120.775,120.672,123.038,120.323,114.735,110.504,118.282,120.594,99.8239,87.4912,65.124,53.0005,46.5201,51.466,52.667,52.7253,52.7524,50.1629,58.035,62.6076,70.1712,75.3026,79.367,86.0081,94.1453,100.578,113.292,127.314,157.17,181.956,193.634,214.42,241.01,243.554,249.114,237.743,251.548,247.632,275.04,278.466,283.459,279.822,280.347,288.779,282.234,285.692,266.656,243.419,220.891,203.469
711,138.963,133.656,144.591,154.84,162.074,152.821,153.338,138.216,140.115,137.31,133.291,128.958,128.98,130.576,128.974,122.261,120.126,126.694,128.529,108.827,93.5508,70.0484,57.2653,51.3657,55.4354,56.0283,56.6274,56.1712,53.7104,61.2932,66.3001,74.0859,79.2668,82.6429,89.5719,96.8538,103.883,115.831,131.441,159.941,181.261,198.112,217.033,241.893,244.981,251.458,240.921,254.342,252.171,279.649,283.46,287.819,284.437,285.271,291.054,288.857,291.768,271.423,250.814,223.399,209.407
711.5,145.679,140.958,150.841,163.639,171.296,161.851,161.998,147.401,147.296,146.181,140.993,137.055,136.428,136.802,138.026,130.433,129.998,135.153,135.503,119.548,101.194,75.747,60.4244,56.4256,60.0635,60.2534,60.5428,59.6614,57.1863,64.6842,70.6422,78.6327,83.0741,86.6961,92.8497,99.432,105.106,117.46,133.093,162.52,182.777,200.214,219.703,243.866,249.431,254.185,246.167,256.536,256.462,282.31,287.956,292.169,287.852,291.288,295.116,291.852,296.438,277.968,254.171,226.779,213.833
712,151.484,147.162,157.587,171.441,181.35,172.437,170.533,155.903,153.302,156.387,148.911,145.406,142.865,143.121,146.408,136.094,137.34,145.149,145.055,130.562,107.889,82.0366,64.8169,60.5709,64.5904,65.4853,64.8521,62.8733,60.5134,68.1239,74.5672,82.7266,86.8701,91.1446,95.6756,102.445,106.553,118.617,135.518,166.75,185.138,204.934,223.993,246.042,254.853,260.219,252.757,258.554,263.119,285.533,290.921,297.669,292.27,296.834,297.127,295.499,304.185,283.525,259.343,231.092,219.953
712.5,156.417,153.392,165.67,178.699,190.62,180.078,180.299,163.783,159.596,165.376,157.765,153.193,148.987,150.594,155.314,145.575,145.169,155.461,155.149,139.771,115.654,88.6268,69.1612,64.1613,68.3791,70.2786,69.0747,66.1325,63.9912,71.6909,78.5346,86.8881,90.5317,94.7707,98.9775,104.798,108.097,118.949,138.842,170.488,189.582,206.723,226.559,249.387,260.728,267.009,257.657,260.724,268.807,288.769,293.741,301.653,298.133,301.927,301.898,299.756,309.292,292.116,265.391,237.674,226.319
713,162.369,160.069,173.188,184.636,199.102,187.875,189.14,172.038,168.989,172.411,167.327,160.899,157.081,159.839,164.583,154.107,154.94,164.676,166.336,147.545,122.93,94.0878,73.0941,67.0585,71.6333,74.5588,73.2957,69.205,67.5337,75.2661,82.6908,89.864,94.9464,98.2391,101.998,106.967,110.62,120.6,144.237,173.873,193.862,212.037,228.511,251.355,267.386,271.008,263.841,265.325,273.132,294.098,297.015,305.672,301.794,307.3,305.384,303.397,313.742,301.08,272.978,245.563,234.157
713.5,169.895,167.075,178.626,189.861,206.036,195.014,197.816,179.21,179.324,177.128,178.717,169.667,167.033,170.692,174.642,162.212,166.117,173.836,177.74,153.02,128.943,100.557,76.5824,69.3368,74.5986,78.8024,76.3666,72.2377,70.9808,78.663,87.0499,92.3767,98.7395,101.662,106.203,109.302,114.017,122.371,150.259,177.159,197.259,216.54,230.824,253.464,270.191,277.553,271.333,271.534,278.587,299.171,302.014,309.529,305.077,313.417,310.888,311.411,318.282,306.285,278.75,251.351,242.313
714,177.802,173.671,186.126,196.068,211.25,203.603,206.165,187.139,188.623,180.712,188.231,179.747,177.931,178.913,183.745,169.401,174.918,181.94,186.33,157.401,135.326,106.297,79.2494,72.1684,77.4224,82.5434,77.4506,75.1791,74.9833,82.025,90.5444,94.3004,102.688,105.777,110.262,111.055,116.793,125.197,154.417,178.124,202.593,218.526,234.473,257.812,272.68,282.453,278.812,276.168,283.259,306.305,307.687,313.696,311.95,316.576,312.625,316.476,324.975,312.499,282.541,256.715,247.625
714.5,184.894,178.724,193.573,202.259,216.633,210.449,215.3,192.951,198.862,187.538,197.837,190.699,188.447,186.928,192.439,174.419,182.22,190.34,193.968,164.385,140.9,111.405,82.8481,75.3303,81.0274,86.394,78.2029,77.6304,78.9075,85.1033,94.1444,95.7629,106.083,109.578,113.931,112.862,119.335,128.795,156.867,180.319,205.993,220.391,238.824,263.632,275.302,289.414,285.749,281.231,290.293,314.847,313.79,318.008,319.408,321.34,320.467,325.062,332.194,317.915,284.932,261.429,250.801
715,191.271,184.059,204.121,209.879,222.539,220.084,224.206,197.597,208.708,196.399,204.035,199.643,196.733,194.624,200.128,181.947,187.152,197.902,199.154,172.75,144.15,114.282,87.6216,78.7109,84.9269,89.1513,79.9527,79.9132,82.3397,88.8843,98.0832,98.5753,110.31,112.39,116.067,115.261,122.436,131.445,157.713,182.388,209.569,219.346,244.718,271.425,280.577,289.85,290.764,284.789,293.081,322.765,321.534,324.276,328.917,325.184,325.878,326.765,341.197,323.079,292.834,266.321,253.551
715.5,197.697,190.158,211.937,216.411,230.536,228.836,231.674,203.308,218.722,206.094,208.63,205.395,205.569,203.9,208.663,189.305,193.253,204.654,207.728,181.502,149.455,117.564,92.8593,80.7466,88.5926,91.849,83.7627,82.833,85.9012,92.7531,102.18,103.322,114.533,115.379,118.042,118.178,125.197,135.566,160.331,185.958,213.882,222.902,249.193,278.127,286.319,292.197,294.782,288.583,296.093,327.91,328.018,331.337,334.631,332.971,335.155,333.867,345.071,330.075,298.713,271.091,258.709
716,205.012,195.698,220.658,224.514,239.97,238.868,239.709,209.673,226.688,215.945,212.075,209.476,214.679,213.855,216.268,198.144,200.398,212.253,217.747,192.339,156.576,122.012,97.0612,83.3427,92.4076,95.4368,88.8191,87.125,88.1895,96.4217,105.624,109.995,118.234,117.209,119.829,121.146,128.243,139.813,164.296,189.197,215.956,224.751,254.758,284.737,292.398,296.328,298.063,293.692,299.037,329.072,332.778,336.241,338.84,342.005,344.632,341.906,346.259,336.047,308.679,275.053,263.603
716.5,210.407,202.364,227.803,232.882,249.11,246.975,247.991,217.357,232.823,223.973,217.5,213.929,224.585,221.408,222.744,210.379,210.535,219.336,229.143,204.384,166.691,128.638,100.481,86.7639,96.2131,100.74,94.9021,91.7904,90.7341,99.7779,108.426,116.484,121.419,121.655,122.36,122.676,130.737,143.86,167.803,192.034,219.809,229.232,259.936,287.457,296.03,304.87,302.195,296.876,299.339,330.907,337.273,340.678,344.062,349.452,350.904,351.879,350.432,341.859,313.686,280.765,270.337
717,214.65,208.149,235.203,241.87,258.945,253.683,255.537,222.072,239.847,231.416,227.776,219.348,233.786,224.622,228.957,221.898,218.501,226.487,238.981,216.654,176.776,134.727,103.564,91.7306,100.525,106.02,100.234,95.9236,94.023,102.939,111.091,121.861,124.287,125.651,124.608,123.289,132.379,146.426,170.791,194.421,220.493,234.227,263.418,289.569,299.292,309.928,306.042,302.642,301.909,334.603,341.108,344.617,349.57,348.703,361.236,362.441,357.765,349.639,320.32,286.215,273.756
717.5,219.163,214.708,239.774,247.624,267.182,260.792,263.389,228.501,248.845,239.419,240.989,227.678,241.341,227.992,239.023,231.958,226.052,233.44,244.709,228.051,186.819,139.69,106.632,97.0929,105.361,111.444,105.81,99.1762,97.7147,106.278,113.579,124.843,127.257,129.969,127.671,124.193,133.546,145.951,172.395,196.034,226.801,239.635,267.253,292.282,305.587,313.321,310.119,307.694,303.543,338.454,346.219,350.396,355.826,351.853,367.742,361.909,366.944,353.42,327.351,292.76,276.906
718,226.896,222.252,244.193,255.032,274.215,266.793,271.655,233.824,260.435,247.005,253.387,236.621,248.147,229.406,249.553,238.761,233.153,241.603,250.071,236.846,195.612,143.285,110.375,101.727,109.804,114.97,110.296,101.885,102.119,109.006,116.168,127.434,129.81,132.082,131.039,125.679,134.694,145.952,174.144,198.603,231.594,240.763,271.951,295.931,309.092,319.003,313.227,312.124,306.17,342.687,351.214,358.199,363.495,352.291,371.768,366.263,375.079,357.246,334.968,299.796,280.502
718.5,234.18,230.964,249.645,262.328,281.301,273.602,282.752,241.593,273.696,256.657,265.584,248.464,255.14,236.221,262.073,243.517,240.876,250.472,258.669,245.873,203.579,146.642,113.954,106.4,113.974,118.191,114.394,105.614,105.633,112.359,119.604,129.953,132.883,134.558,134.786,129.334,136.586,145.482,174.548,200.254,234.548,242.941,276.057,300.868,313.302,325.287,317.373,315.494,310.666,346.685,357.646,364.396,369.336,359.916,373.786,368.585,380.678,361.547,340.037,305.715,282.93
719,241.429,240.174,254.818,271.453,288.519,279.722,296.402,248.17,285.297,265.399,274.389,260.489,261.28,246.254,270.784,248.798,250.901,260.603,267.419,254.25,209.997,151.054,115.136,110.99,117.68,120.586,118.624,108.735,109.059,115.69,123.746,132.213,134.044,137.978,137.779,131.615,137.881,146.672,176.153,202.178,237.026,244.96,278.614,303.209,315.211,331.357,323.603,319.02,312.226,349.624,362.732,368.622,376.16,367.103,373.796,374.54,381.379,368.084,344.702,312.673,287.795
719.5,246.552,249.918,260.778,284.085,294.18,287.709,307.978,255.161,294.708,272.251,281.534,268.775,265.94,259.85,276.234,257.399,259.558,271.73,276.644,262.666,216.317,156.198,119.002,114.991,121.438,123.44,121.634,111.388,112.27,119.663,128.708,134.427,136.92,143.362,139.858,134.355,139.649,148.582,177.563,206.574,237.475,242.947,279.777,303.926,313.626,331.002,330.6,325.07,315.156,353.638,368.167,372.625,382.459,374.5,379.426,378.998,385.865,375.604,349.449,318.877,295.515
720,251.575,256.594,268.724,293.342,297.594,296.087,316.387,260.8,300.885,277.435,289.316,275.796,271.025,273.058,283.854,268.541,267.769,282.339,286.464,268.056,219.797,162.184,123.081,118.7,125.031,126.795,123.889,114.755,115.634,121.608,131.899,138.721,139.847,147.752,141.694,137.889,141.517,152.038,180.09,211.548,240.064,242.524,281.48,303.77,313.714,334.076,336.545,330.527,317.555,356.271,374.592,375.853,388.817,380.155,389.388,383.113,389.924,382.244,354.228,322.933,303.337
720.5,258.543,261.952,279.95,301.161,303.097,304.504,321.656,268.102,306.903,281.538,296.605,280.111,277.73,286.011,292.041,277.81,276.35,291.773,294.941,274.073,220.679,167.475,130.013,120.93,127.921,130.217,126.01,118.285,118.767,124.396,134.654,143.471,144.622,151.245,142.846,141.106,142.901,156.909,182.845,216.491,243.29,244.928,284.439,304.271,314.352,335.912,341.473,338.737,322.74,361.423,380.219,379.212,394.984,385.84,397.499,387.946,396.754,383.773,358.199,321.741,311.656
721,266.224,263.6,291.001,306.894,307.883,314.052,326.43,275.788,312.729,287.157,304.366,287.112,287.041,296.764,302.046,286.539,282.415,297.88,303.607,278.504,221.555,173.769,134.42,123.854,131.515,133.617,128.728,122.669,121.563,127.749,137.3,147.956,148.617,152.816,144.533,143.889,145.29,162.355,184.992,219.794,248.122,251.435,287.969,305.287,317.693,340.74,344.781,343.31,328.8,368.207,385.14,380.908,397.228,389.537,403.788,391.25,400.484,383.918,360.746,322.819,316.396
721.5,272.966,265.957,300.031,311.061,310.207,321.924,335.023,283.105,317.044,296.831,309.846,293.951,295.189,305.62,313.985,294.432,289.667,302.103,307.852,288.502,225.827,180.451,138.956,125.612,134.681,137.024,131.16,126.374,123.358,132.533,140.4,151.141,151.296,153.896,146.701,145.984,147.055,164.559,188.36,222.856,253.143,260.809,290.183,307.782,321.286,342.331,348.208,345.225,333.914,374.571,387.546,382.409,395.839,395.583,407.58,395.952,402.446,382.164,358.834,323.723,323.102
722,278.125,269.603,304.192,316.024,314.638,327.825,344.598,292.855,319.964,304.66,313.211,300.091,301.012,312.029,323.438,303.316,296.44,308.241,311.532,299.051,233.87,186.973,143.493,126.054,137.392,139.526,132.969,128.525,125.145,137.367,145.037,154.147,154.697,155.744,150.202,146.721,149.634,166.661,191.098,225.146,257.479,267.24,291.827,311.121,324.673,340.279,350.353,344.547,339.866,379.919,387.462,384.648,392.965,400.943,411.302,401.502,405.532,388.007,363.507,330.761,326.427
722.5,282.093,274.442,305.107,321.081,316.932,334.343,352.143,300.83,326.1,312.73,315.631,303.867,304.425,316.147,328.933,311.638,304.324,310.232,314.515,309.85,239.617,194.111,146.804,126.981,139.338,143.403,135.31,130.617,126.816,140.707,149.169,156.961,159.54,158.468,152.682,147.81,151.238,165.321,192.033,224.767,260.042,271.756,291.441,316.408,326.335,342.158,348.856,343.605,342.897,382.998,387.432,388.75,392.459,402.836,414.363,406.691,407.795,394.705,368.973,339.058,330.615
723,285.425,276.05,303.751,326.117,325.915,339.325,357.287,307.86,331.21,318.735,318.511,306.342,308.228,317.607,327.002,316.536,310.573,309.928,315.471,316.995,247.9,195.493,150.431,130.25,141.531,147.214,139.453,132.504,128.944,144.132,152.925,159.769,164.461,160.204,153.683,148.993,151.909,164.221,192.2,223.708,259.649,270.399,293.075,322.688,329.442,348.278,345.967,342.692,349.284,384.378,388.786,394.366,396.069,404.956,417.011,411.62,412.056,402.31,376.452,345.701,334.583
723.5,290.762,277.089,302.174,332.003,334.785,342.916,359.601,316.528,335.326,319.89,319.968,307.37,312.665,315.843,326.206,318.385,314.932,310.335,319.576,319.144,255.135,196.279,150.658,134.997,143.654,150.477,143.331,134.525,130.8,146.418,156.471,160.833,167.858,161.792,154.894,150.102,152.488,164.547,193.026,221.949,257.409,268.884,296.132,327.846,329.897,356.875,346.543,346.44,358.149,387.521,391.133,399.235,401.391,409.923,415.781,416.479,415.632,406.241,372.301,349.721,338.7
724,295.036,278.377,303.916,333.983,344.612,341.829,362.352,323.103,336.279,321.391,323.844,308.95,317.339,314.152,328.9,320.943,319.171,315.723,324.202,320.103,262.658,196.865,149.245,140.053,146.565,153.229,145.67,135.887,131.864,149.231,157.306,161.011,170.316,161.702,156.087,150.8,151.899,166.422,195.196,220.615,254.811,265.211,297.693,331.715,329.354,361.427,346.877,348.195,361.615,388.418,394.838,402.511,406.696,410.633,413.216,420.536,419.123,406.631,367.805,349.802,343.382
724.5,297.369,279.724,306.543,334.177,347.672,342.523,365.283,328.362,334.895,325.122,328.777,312.521,322.53,315.302,337.632,323.041,322.567,323.618,330.281,320.023,270.805,198.59,148.123,142.789,149.814,154.506,145.325,137.233,132.036,150.651,157.283,161.297,170.651,164.166,157.794,150.778,151.822,167.632,195.807,221.511,255.421,265.364,294.488,331.862,329.668,362.384,346.895,348.732,360.866,387.473,395.193,404.508,410.304,407.842,407.142,423.369,423.358,406.291,365.034,348.384,343.401
725,300.314,283.433,312.072,334.476,351.8,343.665,368.113,330.524,333.429,329.405,337.058,317.863,325.027,322.317,341.051,326.241,325.528,333.04,337.576,317.805,274.399,202.091,148.038,144.742,151.913,153.839,144.358,137.562,131.248,151.236,156.975,163.112,171.281,165.572,158.658,151.463,151.312,169.323,195.087,220.112,255.227,262.464,291.091,329.936,330.383,358.874,346.331,349.728,356.308,384.946,394.58,406.031,409.005,407.163,406.967,421.849,426.361,409.299,369.445,349.447,340.041
725.5,302.854,284.375,316.139,331.784,350.287,347.444,369.832,331.91,332.421,332.648,342.78,324.167,326.946,329.683,336.121,325.053,326.494,334.776,340.747,316.218,272.834,202.629,148.256,145.722,153.334,151.408,144.181,138.34,131.338,151.104,157.128,164.138,171.557,165.525,159.264,151.485,150.713,168.093,193.475,221.283,255.016,262.996,289.319,328.023,331.113,351.717,344.427,345.653,352.745,374.228,392.083,404.222,408.08,407.715,409.122,420.148,429.889,409.11,376.783,351.907,336.123
726,304.432,285.921,319.73,335.904,350.843,350.668,369.517,333.842,332.651,330.317,346.66,328.802,330.388,339.816,334.583,323.91,328.401,334.231,344.613,316.284,269.163,203.486,147.399,147.665,152.478,150.294,144.32,138.141,132.352,149.582,156.46,166.509,170.816,165.657,159.759,152.504,149.152,167.862,192.149,219.793,255.705,263.568,290.76,324.796,328.525,345.646,345.781,343.041,351.57,369.228,388.688,403.56,404.928,409.246,415.51,415.128,428.275,409.183,379.91,352.803,333.747
726.5,305.02,285.16,322.242,333.683,349.327,351.974,367.781,335.871,334.435,327.953,345.934,331.417,333.718,342.334,335.858,321.047,328.959,333.456,348.109,319.948,265.412,203.602,148.147,147.973,152.096,149.78,144.165,137.918,133.399,148.058,155.823,166.099,169.573,163.833,160.44,152.15,147.209,166.559,193.432,219.034,253.423,262.477,289.853,321.151,328.653,343.827,345.923,340.087,355.053,360.592,389.036,401.168,406.966,403.114,415.674,410.714,426.06,408.429,380.134,353.851,331.981
727,302.129,284.689,321.446,337.171,350.596,351.313,367.233,336.932,337.71,329.659,342.783,333.758,331.903,345.126,340.978,319.04,330.539,332.454,351.245,324.907,263.119,203.302,149.347,148.599,152.282,152.109,143.15,138.071,132.637,148.1,154.842,166.742,167.879,162.156,159.16,151.755,144.649,166.86,194.14,217.004,249.267,261.681,285.792,317.516,328.021,344.349,343.74,337.58,356.574,355.964,388.965,403.197,407.039,401.172,410.266,405.727,421.048,406.885,375.163,353.007,331.518
727.5,299.459,281.628,319.476,336.212,343.092,350.192,366.683,335.934,340.22,331.454,339.836,332.522,329.569,344.69,340.662,316.349,331.862,333.895,353.395,328.672,261.945,201.966,152.436,146.89,152.852,152.291,141.481,138.81,132.481,147.809,154.776,166.987,166.047,159.925,156.773,148.322,142.182,167.095,194.453,214.802,244.798,260.325,280.388,315.825,328.828,345.317,342.886,337.947,355.389,357.166,385.253,402.314,404.367,396.127,403.456,402.742,415.033,403.161,370.169,352.026,325.828
728,296.068,276.586,316.493,335.573,334.399,349.599,366.005,332.433,343.068,332.233,335.898,329.019,325.527,344.062,336.52,313.721,333.089,335.936,349.648,328.811,262.771,201.341,154.217,144.621,151.537,151.448,139.529,138.625,131.393,148.111,154.973,166.332,163.845,157.854,154.424,145.96,142.598,168.528,194.258,211.552,241.538,259.394,278.484,314.771,325.885,339.82,342.429,336.741,352.79,357.047,378.119,400.511,397.76,392.161,399.12,399.94,408.06,395.882,366.813,350.253,320.59
728.5,292.981,274.899,313.456,330.78,329.119,348.324,362.753,325.013,342.337,330.921,332.324,324.465,320.148,342.971,329.295,312.356,333.968,337.674,344.58,329.036,263.905,200.295,153.788,143.305,149.193,150.915,137.532,135.904,130.946,146.192,153.949,164.314,161.964,155.498,151.792,143.31,142.836,166.572,191.566,211.431,239.811,259.589,275.611,313.51,321.486,329.788,342.314,337.081,350.312,357.181,372.188,395.009,386.699,388.13,397.804,397.553,402.171,388.673,361.069,345.826,315.491
729,289.769,274.255,309.435,325.818,324.7,346.934,360.422,316.441,340.485,327.099,328.05,321.127,318.843,340.756,324.06,310.453,328.522,338.662,342.903,326.751,262.33,198.884,152.564,141.535,145.382,149.142,136.655,130.606,129.748,143.088,151.484,161.73,159.365,153.444,150.246,142.588,141.927,164.305,190.006,210.67,239.674,257.52,273.204,309.927,318.52,321.365,339.503,334.82,345.851,356.19,367.683,389.375,379.502,381.844,394.042,391.306,397.587,386.5,353.841,340.738,309.509
729.5,287.258,276.076,307.502,320.515,326.475,344.529,353.883,310.976,337.401,324.582,322.536,318.296,311.841,334.859,320.688,307.253,322.635,335.65,341.397,323.407,258.164,196.201,152.08,140.03,142.611,146.358,134.926,126.995,127.363,140.938,149.105,159.657,156.56,152.268,148.738,141.688,140.178,160.956,186.902,209.233,238.433,255.29,269.138,304.286,311.625,313.971,334.122,330.543,339.62,352.482,364.02,382.385,374.704,373.278,390.565,387.642,394.889,381.649,349.233,335.562,304.215
730,282.755,275.198,304.383,315.918,323.869,341.055,346.864,307.742,331.33,319.33,317.734,315.376,303.425,330.51,314.734,304.652,316.816,330.882,337.886,318.503,252.466,191.979,150.46,136.894,141.712,143.985,132.918,125.304,124.632,138.623,147.759,156.553,153.254,149.907,147.381,140.735,138.443,156.956,184.915,208.613,236.897,250.444,267.937,298.543,304.995,308.051,330.958,325.674,333.964,347.699,360.494,374.738,375.675,368.71,385.579,382.453,393.094,379.65,346.503,328.6,300.104
730.5,279.012,271.769,300.635,312.071,319.297,340.091,334.235,303.864,325.826,314.279,311.935,311.178,298.895,321.643,309.564,298.695,312.105,323.619,330.233,309.981,249.76,188.497,148.82,133.709,140.13,138.987,129.081,125.729,122.068,137.919,146.79,155.225,150.632,147.381,147.238,139.701,137.926,155.256,184.28,206.402,235.232,243.938,268.433,293.763,300.313,304.517,327.864,323.013,329.113,344.471,356.707,364.682,377.14,367.634,383.897,378.416,390.572,373.497,346.271,322.416,295.006
731,272.546,267.89,294.919,309.83,315.885,336.466,327.361,297.777,319.427,307.298,307.842,308.206,294.559,315.699,306.215,296.187,308.607,313.866,319.62,300.839,244.984,185.581,145.971,130.103,138.795,136.162,125.505,125.763,119.95,135.992,145.706,153.833,149.338,144.11,144.551,138.655,138.916,152.313,180.944,202.999,232.502,239.517,267.843,290.155,301.219,304.473,324.436,320.591,328.277,342.387,356.427,356.166,375.299,363.252,379.036,370.938,381.965,367.888,343.62,316.864,289.394
731.5,268.842,262.808,289.413,306.53,313.956,331.316,321.903,290.534,310.467,299.768,302.399,305.31,293.99,309.327,306.372,296.786,300.335,305.291,308.032,293.445,240.525,180.821,142.614,126.872,135.148,132.786,121.96,124.522,117.361,134.312,143.638,151.761,148.108,141.634,140.296,137.169,139.371,149.447,176.938,200.277,228.035,235.581,266.16,285.403,302.803,307.681,317.22,320.242,326.052,341.852,353.393,346.91,370.936,361.604,372.729,363.258,375.715,363.663,337.286,312.186,287.362
732,264.78,258.875,285.402,301.049,312.166,322.617,318.502,286.229,304.104,296.496,298.497,298.288,291.216,301.852,303.773,290.84,289.648,298.535,293.5,286.459,234.217,175.943,139.673,123.321,132.557,130.98,119.613,123.33,115.024,132.784,139.966,148.857,147.879,139.509,136.457,137.054,138.617,146.158,174.512,196.835,222.468,232.049,261.63,279.836,300.92,310.826,308.583,316.58,322.096,337.124,350.094,339.904,364.059,351.734,366.455,358.214,368.04,358.47,332.801,307.387,283.848
732.5,259.685,252.257,280.267,293.238,308.453,312.162,312.591,282.177,296.626,292.772,293.991,288.818,284.693,294.375,295.029,286.154,279.854,286.918,284.023,282.842,228.847,169.773,135.762,121.66,130.554,128.532,117.957,122.177,112.349,130.564,135.855,143.914,146.782,138.225,133.793,136.016,136.593,142.851,172.969,197.346,216.984,228.955,255.761,273.282,293.772,309.851,301.142,311.636,316.839,331.439,344.484,332.815,356.062,346.547,361.879,354.229,364.133,354.071,329.7,300.836,280.434
733,255.444,246.694,272.814,284.238,303.008,304.191,304.451,280.305,294.786,290.963,290.32,278.913,278.244,284.308,286.396,279.241,273.968,276.674,278.51,277.258,221.674,165.234,131.806,120.082,127.801,124.311,118.179,120.846,110.433,128.119,132.487,138.844,145.481,136.526,133.128,133.998,132.588,140.152,171.455,194.523,212.964,225.649,250.938,267.793,290.542,302.846,296.382,304.975,310.488,326.262,339.768,328.153,348.844,341.621,354.714,349.519,356.495,351.581,323.348,296.514,274.137
733.5,249.112,241.33,264.137,277.016,294.127,298.76,298.584,274.889,287.944,283.517,286.323,270.65,270.377,278.824,278.811,273.608,269.449,270.774,274.832,271.127,218.036,163.245,128.231,118.594,125.037,120.182,118.292,118.239,109.175,124.756,129.835,134.533,142.843,134.524,130.971,130.992,129.312,136.846,167.683,189.832,207.614,222.594,247.276,264.364,285.672,296.18,291.519,298.663,307.023,318.114,333.667,325.323,340.726,339.322,346.867,342.676,349.291,346.155,319.755,290.755,268.244
734,244.453,236.279,257.287,268.208,285.457,293.895,294.52,268.207,283.818,274.233,279.843,264.221,265.201,272.306,276.071,267.531,260.975,268.52,272.511,264.703,214.368,160.439,124.933,115.554,121.788,116.311,118.285,114.407,107.894,120.486,128.056,131.373,139.85,131.436,128.187,127.678,125.504,133.44,162.025,183.443,204.305,218.867,241.398,260.825,281.678,289.062,286.576,292.19,303.547,311.855,325.201,325.453,333.294,333.414,332.87,333.729,339.153,335.913,311.639,285.516,263.721
734.5,238.333,232.207,252.032,262.673,278.077,286.583,290.509,260.285,275.367,264.324,269.472,256.468,256.952,266.722,271.805,256.337,247.198,268.821,264.523,255.882,209.586,157.214,122.939,111.593,119.033,112.407,115.924,109.929,105.625,116.372,125.856,128.169,136.247,128.788,124.438,124.739,122.468,131.929,157.798,178.639,200.528,215.647,234.587,256.274,274.078,283.721,280.845,285.257,300.379,303.325,315.925,322.797,326.314,326.621,323.693,327.179,333.316,323.811,302.749,277.609,263.653
735,230.305,226.891,248.214,259.221,270.827,278.129,285.17,255.344,267.639,255.857,258.261,245.951,249.744,258.773,265.82,245.321,236.532,258.997,256.793,248.36,205.673,152.108,120.231,107.64,116.386,109.399,112.068,105.316,101.918,112.83,123.266,125.543,133.196,126.075,122.209,121.946,118.868,130.782,154.558,174.282,196.74,211.49,229.914,253.282,263.738,280.163,273.828,276.436,294.364,297.86,310.138,315.97,318.919,319.57,319.656,320.807,330.683,313.539,296.395,267.638,263.873
735.5,221.731,220.96,241.444,255.288,264.676,271.163,280.068,250.345,261.17,249.467,248.034,237.407,243.531,250.984,255.656,234.78,226.394,251.058,251.107,242.885,200.471,147.88,116.717,103.456,113.23,106.361,108.194,100.673,97.4725,110.678,120.31,122.535,129.391,123.069,120.098,119.687,113.841,130.141,150.264,170.942,192.929,206.246,226.065,250.702,255.23,276.873,268.79,265.656,287.076,294.438,304.86,308.497,313.765,313.808,314.783,316.28,325.549,307.346,289.461,261.059,260.242
736,214.76,214.217,235.073,249.865,256.147,265.043,272.343,244.222,250.685,242.216,239.817,232.099,239.076,243.076,247.082,227.583,223.737,242.578,243.97,236.136,194.558,144.493,111.318,100.973,110.27,102.88,104.377,97.5792,94.6122,108.671,116.668,120.928,125.719,121.272,118.326,116.4,110.867,128.607,147.278,167.832,190.116,200.246,222.7,247.345,249.025,274.431,263.56,258.001,279.644,291.71,302.321,300.212,311.438,307.377,306.246,313.385,317.871,304.939,283.927,256.766,254.533
736.5,208.701,207.769,229.338,241.956,246.802,258.871,263.362,236.414,243.88,234.319,232.249,227.885,235.768,234.865,238.672,220.827,219.303,236.059,238.86,229.485,189.001,140.839,105.205,98.3944,106.269,99.8261,100.64,94.1349,91.4807,106.816,112.484,117.989,121.117,117.774,115.722,113.136,108.449,126.075,143.283,165.013,187.557,194.503,217.534,242.082,245.909,269.355,257.602,252.288,272.834,288.775,295.565,294.884,308.223,298.21,299.915,310.095,308.379,300.932,278.895,256.135,246.949
737,203.327,202.908,222.487,232.892,237.34,251.727,253.883,227.367,237.143,225.647,225.649,222.241,228.586,225.422,233.314,214.178,211.637,228.745,233.489,219.977,182.27,135.993,99.2203,94.8822,102.275,96.1353,97.651,91.4601,89.2195,104.1,108.293,114.963,116.564,113.153,112.368,110.172,106.696,122.301,140.1,164.323,183.081,190.38,212.058,235.395,243.812,262.352,253.891,248.097,266.726,283.66,286.755,287.836,303.096,291.345,293.815,306.066,299.446,295.91,273.47,254.94,242.691
737.5,197.454,196.267,215.997,224.83,228.129,243.862,243.138,219.96,231.056,217.12,219.317,215.025,219.332,217.65,227.277,210.29,204.219,221.45,226.919,212.257,174.948,131.444,96.0951,89.7199,98.0683,93.3632,94.6273,88.8894,86.4122,100.584,104.345,112.114,112.679,108.449,108.21,107.395,104.08,118.908,137.623,161.638,180.97,188.951,207.488,230.266,241.275,254.516,249.414,241.884,259.659,277.014,278.393,280.553,295.389,286.842,286.879,299.806,289.226,288.733,267.302,252.921,238.026
738,190.854,189.268,208.101,217.189,220.085,237.422,233.511,213.658,223.26,210.446,213.61,208.942,208.298,210.173,223.763,205.047,199.885,214.948,218.491,202.207,165.738,126.584,93.8217,85.6016,94.6826,90.6497,91.8711,86.4336,83.5608,97.0587,100.637,108.728,109.683,104.34,104.418,104.783,100.763,116.36,133.095,156.836,175.263,186.479,202.842,225.28,238.424,248.848,244.715,236.675,253.42,268.922,269.117,274.363,287.173,281.062,282.804,293.289,281.685,280.162,260.121,248.146,235.595
738.5,185.302,180.92,201.187,212.249,213.276,229.584,222.731,205.292,215.485,204.427,207.717,201.722,200.155,203.994,216.987,198.259,195.031,207.209,209.607,197.497,156.83,122.621,93.0382,82.5199,91.7553,87.9465,89.1439,84.5539,82.185,93.5404,96.7987,104.753,106.975,100.692,101.165,101.957,97.3859,114.992,128.52,151.035,170.501,183.903,199.46,221.549,232.839,242.652,240.926,233.733,247.465,261.242,261.465,268.129,280.61,275.64,279.702,283.086,273.821,274.075,252.61,242.708,233.518
739,179.408,174.351,194.393,207.334,207.242,221.083,212.679,197.987,209.957,198.899,200.817,193.225,192.665,196.126,210.796,191.297,190.832,198.638,201.592,192.143,149.054,118.653,92.1116,81.5313,88.9652,85.8045,85.8946,81.9564,80.2181,89.5232,93.1203,100.322,103.945,98.4737,98.0341,99.3946,95.5147,112.148,124.321,146.562,164.967,177.996,193.363,216.754,226.74,237.802,235.267,229.279,242.043,253.974,254.937,263.59,273.392,266.863,278.251,273.157,267.457,269.403,246.355,236.394,228.99
739.5,173.62,168.742,188.119,201.656,201.622,213.821,204.405,190.949,203.419,192.572,194.483,182.706,185.796,188.806,204.024,184.379,183.865,190.643,194.558,188.185,143.325,114.484,89.0665,80.1993,86.3978,84.4409,82.3873,79.1948,77.932,86.0033,90.2006,96.5614,100.532,96.4818,95.2449,96.7916,93.757,108.057,122.392,142.86,159.551,175.359,188.79,212.488,221.836,233.648,229.127,226.033,235.027,249.714,250.392,256.767,265.776,258.548,274.459,264.295,267.788,266.862,240.188,228.953,225.066
740,167.861,163.596,182.576,194.925,195.761,207.009,197.766,185.717,196.046,185.98,189.17,174.209,180.504,182.073,195.431,175.906,177.86,184.118,187.736,182.81,138.701,109.727,86.4075,77.0903,83.13,82.7134,78.7294,76.3657,75.5777,82.8715,87.0813,93.1458,97.3554,95.1867,92.8052,95.0343,92.5618,104.307,120.84,140.032,156.397,169.966,183.757,207.421,217.2,229.072,220.716,222.02,227.449,245.782,245.031,248.545,257.387,252.721,268.698,257.014,261.463,261.386,234.636,221.332,217.182
740.5,162.397,159.19,176.416,188.751,189.965,201.337,193.019,180.085,188.218,181.362,184.789,168.446,172.871,175.354,186.502,168.159,172.571,178.153,177.379,176.455,134.012,105.319,82.9511,73.4118,79.7342,80.9157,75.6422,73.8546,72.4323,80.1217,83.8373,90.1525,94.9207,93.1962,91.0719,92.7961,91.5071,101.38,118.779,136.721,153.188,164.129,177.701,202.331,212.211,225.165,212.77,217.29,220.732,240.055,239.343,242.578,248.653,246.036,260.493,252.328,255.397,253.274,230.585,213.081,210.851
741,156.488,154.748,172.32,180.316,184.296,194.203,187.47,173.109,181.005,177.16,180.777,164.535,165.426,169.564,177.014,161.579,166.703,170.812,167.038,169.874,129.578,100.498,79.2692,69.8548,76.5613,77.8332,73.4131,71.967,69.8182,77.1882,80.9085,87.3823,92.3347,90.6235,89.2911,90.5847,90.0591,99.602,115.715,133.304,149.035,159.235,173.544,197.376,204.782,218.109,207.332,212.991,216.182,232.399,232.238,235.732,241.263,240.628,252.989,246.557,247.972,244.441,225.828,208.77,204.513
741.5,151.882,149.857,168.917,171.755,179.198,186.104,180.589,166.347,174.283,172.006,173.494,161.158,157.087,162.963,170.369,155.799,159.319,163.009,157.197,164.637,124.179,96.0827,76.2465,66.9957,73.4306,74.5111,71.2305,69.7439,66.6047,74.2257,77.4357,84.3869,89.5826,87.3811,87.6444,87.409,87.6749,97.9675,112.574,129.798,145.783,154.459,169.442,191.316,198.059,210.303,204.5,207.99,213.263,223.09,225.949,231.396,236.702,233.563,247.235,240.92,239.977,237.201,220.395,204.247,199.864
742,146.886,142.6,165.111,164.036,174.577,178.691,174.007,159.314,167.147,165.495,165.262,156.809,152.061,157.031,164.479,151.167,152.658,155.993,151.086,158.538,119.708,92.7707,73.1184,64.2751,70.774,71.0597,68.7917,67.6845,62.9864,70.846,73.7837,81.5279,86.7332,84.4346,85.1205,83.9071,84.4505,95.9225,109.757,125.165,141.951,150.329,166.95,186.565,193.745,202.946,201.646,202.613,209.643,216.558,221.743,225.061,230.802,226.683,242.383,235.187,234.789,231.837,213.806,200.73,193.977
742.5,141.732,135.828,160.015,159.097,168.96,171.935,168.095,151.913,161.385,159.117,157.103,152.514,148.433,151.832,157.345,146.072,148.157,150.371,146.348,152.32,114.656,89.6653,71.0231,61.9125,68.13,68.0974,65.9305,65.5575,59.0364,67.9252,69.2645,78.3804,83.7802,81.7521,82.1548,81.2495,81.0247,93.606,106.883,121.19,139.027,147.308,163.755,182.777,189.649,196.705,197.039,197.428,204.087,212.315,217.506,219.805,224.564,221.672,236.432,229.977,228.984,225.946,207.993,194.906,189.378
743,136.945,130.557,153.293,155.904,163.103,165.526,161.81,144.451,156.17,153.389,149.327,148.392,145.878,148.462,149.932,141.214,143.514,146.535,144.824,145.578,111.265,86.8367,68.5168,60.6305,65.1491,65.1164,63.1932,63.1766,55.9785,64.7508,65.0788,74.9536,81.0711,79.0166,79.1703,78.6723,77.7955,90.9544,103.918,117.797,134.265,144.754,160.169,178.496,183.999,191.932,190.571,192.978,197.893,208.766,214.356,214.992,218.95,217.722,229.494,224.573,223.612,219.986,203.332,188.676,184.006
743.5,132.156,126.823,145.745,152.133,156.583,158.498,156.194,138.185,152.056,147.824,143.302,143.511,142.076,144.053,142.186,136.232,138.571,141.029,142.098,138.363,107.591,83.6174,66.7795,58.4999,62.4542,62.1642,60.8788,60.1868,54.0122,62.3245,62.2506,71.3328,77.7006,76.2387,75.8759,76.6888,75.123,88.417,101.01,114.999,128.497,141.665,156.47,173.88,178.667,186.689,183.828,187.31,193.055,204.327,209.566,209.632,213.78,214.999,222.621,217.212,214.009,213.718,199.271,183.818,177.973
744,128.476,124.752,139.273,147.809,149.738,151.948,150.481,133.697,146.994,142.091,137.687,138.888,137.564,138.579,137.128,131.451,132.365,133.936,137.881,132.07,104,81.127,64.9237,56.4195,59.6921,59.4471,58.9039,57.2909,52.7096,60.8845,59.7544,68.5708,74.8593,73.5947,72.5097,74.3513,72.5882,86.2101,98.6114,112.776,124.448,137.704,153.633,168.058,173.773,181.521,176.255,182.16,187.082,198.468,204.633,205.085,208.814,208.246,215.946,210.347,205.5,208.552,193.86,179.075,171.527
744.5,124.863,120.083,132.545,142.8,143.74,147.168,147.152,130.684,141.349,135.887,132.913,133.607,131.951,131.996,131.722,126.116,125.979,128,133.249,125.036,100.198,78.6127,63.4908,53.8619,56.4712,56.9265,56.9721,54.7124,51.0499,59.6124,57.6041,66.5551,71.7871,70.6581,69.3846,71.5414,70.4153,83.5907,96.311,108.645,122.454,133.87,149.685,162.49,170.679,175.516,171.536,176.878,181.633,193.114,199.937,199.955,202.971,201.893,209.186,204.686,198.072,203.101,187.833,175.131,165.513
745,121.112,116.341,127.457,138.821,138.825,142.609,143.679,127.264,136.223,129.997,128.291,128.181,127.777,125.504,128.643,119.743,121.042,123.706,125.446,119.607,96.4048,76.3229,60.949,51.588,54.2148,54.4199,54.8508,52.2308,49.2558,57.4058,54.6859,64.8333,69.355,67.4593,66.4969,69.3308,68.8509,80.9856,94.8702,105.579,121.896,130.478,144.799,158.377,167.313,169.886,166.945,171.513,175.915,188.933,194.718,194.102,196.666,194.911,203.271,199.493,194.805,197.127,182.258,170.593,160.085
745.5,117.116,112.023,122.888,134.14,135.452,139.01,139.546,123.954,130.62,125.201,123.265,122.535,122.895,119.656,124.519,114.805,116.504,120.104,119.458,115.048,93.0108,73.7351,58.1059,49.7271,51.9487,52.2916,52.7722,50.0973,47.7483,54.4859,52.616,62.8607,66.7796,64.317,64.5261,66.9619,67.0879,78.9336,92.3807,102.819,119.08,127.938,139.527,155.066,163.325,165.188,165.231,165.522,171.639,184.748,188.832,187.323,189.499,189.43,197.32,193.947,190.514,190.304,176.96,166.432,153.181
746,112.794,108.504,118.125,128.991,131.859,134.288,133.357,119.18,125.237,120.78,117.743,117.004,117.494,114.588,119.9,110.227,114.029,117.245,113.165,111.514,89.2071,70.8955,54.9187,48.3699,49.7918,50.3601,50.5277,48.2377,46.7033,51.9967,51.6226,60.4675,64.2187,62.0033,62.4847,64.6394,65.9323,76.1209,89.5787,99.933,115.183,124.732,134.82,152.063,158.127,160.877,161.725,159.842,167.788,180.154,183.281,180.468,184.023,185.513,192.288,189.167,187.578,184.553,170.881,160.776,149.61
746.5,108.347,104.82,114.217,123.993,127.66,129.597,127.715,114.951,119.607,116.826,112.843,111.956,111.112,108.766,116.538,106.5,110.351,113.54,109.2,107.627,85.7492,68.0212,52.4097,46.4538,47.664,48.6199,48.3797,46.4964,45.4217,50.326,51.2884,58.4844,61.4339,60.2918,59.7852,62.643,64.2089,73.8398,87.7054,98.4648,111.28,120.099,130.436,148.189,152.065,158.392,156.329,154.71,165.325,174.811,178,173.965,179.124,180.263,186.413,185.075,184.126,179.467,165.313,154.388,145.736
747,104.831,100.895,109.764,119.061,123.338,124.351,121.688,110.89,113.785,112.468,108.863,107.533,104.839,103.48,112.169,101.223,105.54,109.873,105.274,103.134,82.2479,64.1038,50.0233,44.2478,45.6997,47.1904,46.0972,45.02,43.5715,48.3495,51.4439,56.8629,58.773,59.1203,57.5679,60.4292,63.0847,71.9432,85.0139,95.3257,106.851,114.489,126.747,144.058,146.284,154.778,151.046,151.064,162.078,169.265,172.782,169.681,175.108,174.218,180.908,180.705,181.674,174.811,161.212,149.236,143.416
747.5,101.194,97.4751,106.134,115.132,119.393,118.766,116.66,107.41,109.012,108.395,105.642,103.028,100.089,100.018,107.251,95.598,101.003,106.165,102.521,99.3019,77.9548,60.9629,47.855,42.2893,44.0784,45.3898,44.2516,43.4448,42.0726,46.1522,50.5126,55.124,56.4751,57.6424,55.6344,58.7939,61.3015,70.0178,82.9594,93.0384,104.01,109.154,123.056,139.136,140.341,149.43,146.236,147.769,157.815,162.339,167.247,164.123,170.511,168.991,175.589,175.392,178.127,169.504,156.237,144.19,141.515
748,97.8376,94.5343,101.634,111.655,115.67,114.884,111.607,104.231,103.842,104.33,102.539,98.9106,97.3481,96.4581,101.874,90.5072,96.8894,101.884,99.1118,95.1026,76.1747,58.2992,45.8546,40.5952,42.3843,43.5337,42.4231,42.0053,40.8163,44.2506,49.0482,53.1022,54.4612,55.8814,53.9866,56.9241,59.2037,68.2536,80.4649,89.8362,101.479,105.156,120.072,135.057,135.842,144.552,143.142,144.27,152.535,154.356,161.222,157.752,166.121,164.547,170.268,168.25,172.98,164.317,149.825,139.917,138.96
748.5,93.2205,92.1244,97.3308,106.896,111.435,109.776,107.339,100.772,99.1102,100.254,98.6252,95.7962,94.9431,94.1542,96.3901,87.4187,93.1059,97.2746,95.3606,90.911,73.8147,56.6086,43.9011,39.253,40.7168,41.6199,40.9079,40.7754,39.7273,43.1674,47.0471,51.012,53.2033,54.1706,52.5862,55.0613,58.2337,66.149,77.1128,86.1893,99.516,102.047,116.994,131.875,131.14,139.364,139.323,140.84,146.598,146.517,155.953,150.487,161.556,160.808,165.507,161.805,167.195,160.255,144.945,136.259,135.396
749,88.5713,89.0503,94.0922,101.634,106.98,106.134,102.851,97.07,94.9284,96.4467,94.7964,92.0343,93.1445,89.9857,92.2065,85.7729,88.0155,91.7001,91.3017,86.718,71.8997,54.9667,42.249,37.9092,39.2568,39.4994,39.2654,39.4235,38.2977,42.1174,45.1067,48.9291,51.5533,52.139,51.1173,52.9492,56.6039,63.3,74.129,82.9856,97.9948,99.2436,113.349,129.166,129.066,136.145,134.654,137.413,140.802,140.454,151.411,144.179,158.306,155.444,159.452,156.231,161.944,157.049,141.205,132.865,131.548
749.5,84.7914,86.08,91.9261,96.5141,103.061,101.381,99.1276,92.9472,91.6147,91.8676,91.3301,88.5715,89.453,86.8951,88.1151,83.2224,83.3421,87.3126,86.8892,82.6585,69.7228,53.3223,40.9509,36.4937,37.9237,37.5662,37.5914,37.7941,36.8762,40.6706,43.3983,47.2984,49.9468,50.5923,49.8778,51.3808,55.1142,60.6184,71.902,80.9269,94.8912,96.0466,110.226,126.431,126.414,133.741,129.758,133.573,135.367,136.558,147.598,141.022,154.159,149.361,154.993,153.052,155.871,153.518,139.583,129.945,126.176
750,81.2359,82.912,89.755,92.666,100.072,98.2672,95.5591,88.8677,88.9973,88.2364,88.5078,84.2454,86.3188,82.9795,85.5189,80.3839,80.3251,83.3363,84.4392,79.5888,66.8131,50.8743,39.54,35.1723,36.7321,36.2299,36.0699,36.1613,35.4717,39.1866,41.7276,45.6678,48.0601,48.5531,48.4027,49.6547,53.4108,58.6071,70.4746,79.5057,91.3105,93.4002,107.241,122.148,125.756,130.137,126.085,130.171,131.032,132.93,143.241,140.052,148.647,143.426,149.65,150.167,151.005,149.731,136.494,128.704,121.817
750.5,79.1226,80.1709,87.4437,90.4179,96.1868,94.9828,92.0932,86.2126,86.377,84.4834,85.5662,79.9389,83.3765,80.0652,82.5232,77.4051,78.5761,81.1461,81.7876,75.9096,64.3272,48.8043,37.9995,34.1436,35.4355,34.993,34.8784,34.6569,34.2989,37.8973,40.325,44.3735,46.1963,46.917,47.0686,48.4157,51.8076,56.856,68.5105,78.454,86.7368,92.541,105.569,117.089,123.247,126.352,123.092,126.576,126.328,130.324,139.037,139.666,143.701,137.701,145.32,147.293,146.259,145.895,132.714,125.044,117.778
751,76.7694,77.7557,84.5321,88.3464,92.1173,91.558,89.5114,83.9542,82.9913,81.4487,82.7074,75.9376,79.6215,76.5826,79.5628,74.385,76.9645,78.9101,78.968,72.8274,61.364,46.5754,36.4773,32.9841,33.7921,34.2952,33.4461,33.2762,33.149,36.676,38.8044,43.017,44.4613,45.214,45.8057,46.9047,50.5955,55.45,66.772,76.5764,82.8963,91.7548,103.347,112.875,120.587,121.17,120.219,124.243,123.559,127.901,134.934,137.606,138.648,134.61,141.795,142.193,142.093,141.345,128.197,122.643,113.601
751.5,74.8169,75.2318,81.2523,86.3173,88.0189,88.4352,86.9192,81.3975,79.4936,78.8681,79.7853,73.5291,76.0914,73.1401,76.4341,71.7922,74.3122,76.5435,76.7074,69.8493,58.3597,44.3101,34.1535,31.7789,32.4085,33.2647,32.3013,32.0788,31.8625,35.3958,37.686,41.7678,42.804,43.5458,44.1725,45.5989,49.582,53.9668,64.9382,73.6289,80.479,90.3753,99.8553,109.096,116.961,116.733,116.791,121.436,120.061,125.245,131.02,134.797,134.77,131.148,137.152,137.844,137.433,137.323,124.845,118.236,111.285
752,72.3105,72.5198,78.2472,84.0049,84.1247,85.1976,84.917,78.5017,76.7079,76.9661,76.5993,71.8044,72.6419,70.3696,73.2403,69.8434,71.338,73.4206,73.4868,67.0793,55.7293,42.2298,32.3247,30.1704,30.9233,32.1671,30.8868,30.9517,30.6034,33.6352,36.2665,40.4426,41.397,42.3166,42.8326,44.3008,48.0253,52.182,63.2758,70.7786,78.8915,87.7716,96.3726,106.333,113.216,112.481,112.551,117.852,117.542,122.698,128.056,130.836,130.404,127.175,132.309,133.635,132.206,132.452,119.665,114.957,107.394
752.5,69.1009,69.6799,75.1606,80.9831,81.3803,82.1296,81.4924,75.5649,74.3518,75.1131,73.2491,70.1634,70.3092,68.1252,70.9363,68.5023,68.9735,70.148,70.4868,65.0236,53.0578,40.3852,30.7257,28.4856,29.5654,31.1114,29.4787,29.6196,29.341,32.0632,35.0163,38.8727,39.9441,40.6997,41.1913,42.7871,46.6746,51.1095,61.8077,68.238,77.2749,85.3934,92.7607,103.818,110.651,109.739,107.849,114.432,114.812,119.604,124.924,127.057,125.141,124.783,126.882,128.543,127.795,128.334,115.58,111.823,102.667
753,66.0261,66.8174,72.2311,77.7592,77.7453,79.5821,78.4171,72.1157,72.4282,72.4652,70.3861,68.4864,67.8659,66.4558,68.6004,66.3237,66.6311,66.796,68.0277,63.6656,50.545,38.4733,30.0218,27.3127,28.2933,29.8379,28.3843,28.1681,28.2328,30.5422,33.8422,37.2916,38.5246,39.4033,39.9303,41.4145,45.0641,49.5972,60.0559,66.246,74.0476,82.4605,89.898,100.667,107.378,107.276,103.869,111.254,111.498,116.226,121.863,122.678,119.144,123.21,121.793,124.562,124.356,124.093,111.72,108.193,100.336
753.5,63.1081,64.3028,69.9929,74.5541,75.2838,76.891,75.615,68.817,69.9859,69.2737,67.7861,65.9332,64.9963,64.7633,66.0542,63.1026,63.9342,64.0358,65.8898,61.5992,48.4513,36.7685,29.2353,26.5091,27.3287,28.7787,27.2588,27.019,27.1418,29.7358,32.6611,35.7575,37.1665,38.2308,38.4534,39.868,43.3729,48.4356,58.3078,65.1426,70.2904,79.5781,87.8021,98.0141,104.536,105.33,101.143,107.561,107.793,113.079,117.525,117.966,113.815,122.912,118.252,120.652,120.174,121.161,108.752,105.118,97.6422
754,60.8111,61.9619,67.5365,71.7619,72.9535,74.3909,73.6032,65.1039,67.6879,65.8484,65.8429,63.5058,62.4338,63.0759,63.5513,59.7316,60.6387,61.4587,63.7642,59.4133,46.1437,35.3474,28.2117,25.8976,26.4927,27.8153,26.2282,26.0733,26.3684,28.9821,31.3139,34.3733,35.6333,36.874,36.9879,38.4261,41.6791,46.7847,56.2337,63.6098,68.4689,76.0996,85.9499,95.2087,101.312,103.058,99.3727,103.767,104.162,110.023,113.544,113.826,110.084,119.953,115.147,116.566,116.583,117.777,106.249,101.575,95.6108
754.5,58.9042,59.6569,65.2516,70.2245,70.2152,71.6176,71.1738,62.1463,65.5312,63.0631,63.6599,60.8858,60.0452,60.5204,60.5927,57.2502,57.7487,58.9756,60.4783,57.0632,44.0883,34.2044,27.0174,25.2335,25.9848,26.8874,25.0242,25.4186,25.7421,28.2773,30.2339,33.1832,34.1634,35.4975,35.888,37.3196,39.9021,45.521,54.2507,61.891,67.959,73.8424,83.7708,93.2208,97.9228,100.436,96.3545,99.7237,100.71,107.69,109.41,109.803,109.173,117.181,113.426,113.42,113.867,115.06,103.924,98.2029,92.6146
755,56.7595,57.5687,62.8783,68.2947,68.1843,68.437,68.3149,59.5293,63.5789,60.8474,61.6686,58.3281,57.9676,57.7017,58.0217,55.6435,55.5959,55.8352,57.2587,54.6528,42.4958,33.5745,25.9377,24.5147,25.4532,25.9708,23.8962,24.5355,24.9711,27.3094,28.9572,32.1784,32.6122,34.177,34.7423,36.3178,38.8968,44.1656,52.4574,60.7074,67.9049,71.4177,81.363,90.0601,95.5101,97.0536,93.4738,96.3058,97.0941,105.153,107.267,106.03,108.833,112.372,110.427,109.662,112.519,111.433,101.102,95.3649,89.3863
755.5,54.8567,55.729,60.5054,66.2967,65.9515,65.8061,65.7797,57.2634,61.5847,58.6018,58.7512,56.0235,55.707,55.3844,55.7349,54.241,54.3726,52.2483,54.1863,52.8108,41.4838,32.4121,25.0856,23.8681,24.7612,24.9455,22.9218,23.4191,24.0102,26.1959,27.8275,31.3344,31.5702,33.118,33.9592,35.3296,37.7063,43.128,51.1879,59.0222,66.1452,70.1972,79.271,87.3708,92.6454,93.7978,90.164,93.05,94.1823,102.884,104.532,102.114,108.158,106.864,108.093,107.005,110.36,107.305,98.3001,92.8473,86.4912
756,52.9498,54.216,58.3688,63.8685,63.6979,62.659,63.6161,54.9236,59.7062,56.6962,56.5092,53.7512,53.9646,52.9936,54.1783,52.6378,53.2001,49.7362,52.1883,51.104,39.9098,30.8067,24.4442,23.173,23.9716,24.0194,22.1189,22.3346,22.8533,25.219,26.7628,30.4688,30.8694,32.2141,33.0175,34.3135,36.6383,41.6021,50.0274,57.6182,63.5688,68.5862,77.3962,83.9463,89.8218,90.8179,87.9442,90.7092,91.9079,100.142,102.345,98.7744,105.2,101.241,104.301,103.769,107.124,102.918,95.7455,90.7453,84.7754
756.5,50.9627,52.9353,56.4453,60.8136,62.3693,60.3754,61.8907,52.8933,57.5555,55.0193,54.0241,51.7459,52.7855,51.2401,52.738,50.8253,51.7661,47.6999,50.4018,48.932,39.0006,29.0937,23.8961,22.539,22.9648,23.2471,21.5275,21.3032,21.8456,24.1585,25.7737,29.5953,30.3654,31.2611,32.1979,33.4079,35.9771,40.5948,48.973,54.9107,61.4562,66.6411,75.6289,81.35,87.1359,88.6215,86.7379,87.9478,89.9113,97.2656,99.5464,96.3661,101.236,97.152,100.201,100.791,102.85,98.756,93.3931,88.4752,83.0329
757,49.0599,51.4341,55.2055,58.4311,60.4364,58.2237,59.9043,51.5774,55.208,53.4173,52.0461,49.651,51.4455,49.3461,51.2369,49.285,50.2751,46.5021,48.5909,46.7425,37.539,27.3998,23.286,21.7343,21.8378,22.4003,20.9319,20.5571,20.9903,23.3706,24.8778,28.4842,29.8197,30.1991,31.0294,32.3728,35.2069,39.2267,47.7453,52.2183,59.8878,64.559,72.7419,79.7218,84.537,86.4215,84.6364,85.2862,87.6754,93.9574,96.8067,94.4021,97.5775,94.1794,97.2419,97.9461,99.2464,94.9053,91.2802,85.8821,81.07
757.5,47.8157,49.759,54.0159,56.1083,58.6012,56.6585,57.8411,50.7649,53.3785,51.6317,50.3057,47.3029,49.5861,47.7738,49.4646,47.269,48.4228,45.1331,47.2693,44.6032,36.6008,26.5854,22.6533,20.8792,20.7754,21.6394,20.4061,19.9122,20.1699,22.5556,23.927,27.3032,28.7012,29.1202,30.0862,31.5456,34.9202,37.8296,46.355,49.8777,58.5122,61.8841,69.6111,77.4702,82.1927,83.7258,83.0117,83.018,85.3091,90.6901,94.6791,92.4124,93.9243,92.2174,93.7604,94.6466,95.4582,92.4729,89.0106,83.728,78.9355
758,46.6702,48.1058,52.5901,54.3466,56.7528,55.3244,55.9074,49.7494,51.5718,49.8773,48.9352,45.0432,47.6813,46.3803,47.5381,45.4034,46.3965,43.9037,45.9126,43.0967,35.1059,25.953,21.915,20.0735,19.8861,20.9662,19.7713,19.3186,19.2669,21.876,23.0364,26.3613,27.6525,28.2565,29.2466,30.6528,34.028,36.7099,44.7213,47.9885,56.9536,59.2004,66.0219,75.0479,79.5856,80.8229,80.5998,80.5344,83.2014,87.7648,92.7971,90.7518,91.2589,90.5543,91.8319,91.6564,93.2848,90.1187,86.5792,81.6045,76.1624
758.5,45.9547,46.4716,50.7036,52.608,55.2476,53.6438,53.8387,48.2441,49.9971,48.046,47.4038,42.9788,45.3952,44.9868,46.0023,43.4121,44.3766,43.0348,45.3592,41.6979,33.3516,25.7175,21.2023,19.1616,19.1818,20.2558,19.183,18.766,18.5532,21.2563,22.1639,25.508,26.5957,27.6428,28.4779,30.0268,32.8704,35.5166,43.2015,46.1346,55.6386,57.5246,63.6816,72.6955,77.4901,78.093,78.0549,78.6346,81.6276,85.1441,90.3619,87.8685,88.7118,88.291,90.0993,89.3225,89.4666,87.9673,83.6157,79.5271,73.7294
759,45.1531,44.8702,48.8548,51.1003,53.602,52.4318,52.1199,46.016,48.7171,46.0768,45.9264,41.6469,43.5743,43.8377,44.5294,42.0219,43.0084,42.1295,44.3583,40.844,31.9841,25.2743,20.4845,18.4469,18.4772,19.6086,18.573,18.2425,18.0029,20.5042,21.573,24.7697,25.9356,26.9981,27.7168,29.1118,31.5903,34.8319,41.9743,44.6598,53.739,56.1334,61.8778,70.4883,75.1039,76.2079,75.088,76.6119,80.066,82.9355,87.3534,85.5517,87.0139,85.5701,88.7866,86.621,87.8368,86.0834,81.6045,76.4801,72.5559
759.5,43.9682,42.6733,47.1009,50.0206,51.9287,51.1411,50.8298,43.4737,46.8258,44.3667,44.7486,40.6552,42.1345,42.6562,42.9295,40.7679,42.0231,41.4109,43.3573,39.6334,31.1356,24.884,19.9342,17.8087,18.0444,18.6334,18.0849,17.9035,17.5975,20.0343,20.9083,23.944,25.4747,26.1905,27.0064,28.0934,30.209,33.8001,40.7041,43.7728,52.4612,55.0287,60.7345,68.7437,73.1959,74.962,72.8166,74.8861,78.9543,80.7848,84.5452,83.42,85.936,82.4593,86.6889,83.8225,85.9171,84.5738,79.8233,74.0566,71.4916
760,42.6273,40.9906,45.7753,48.8093,49.6928,50.0898,49.1723,40.9129,44.686,42.6404,43.4993,39.802,40.6905,41.6423,41.5091,39.3074,41.1369,40.6283,42.2172,38.4453,30.6306,24.0146,19.242,17.0354,17.5658,17.8322,17.5092,17.5739,17.2086,19.4859,20.1751,23.1953,24.8475,25.3434,26.4293,26.9525,28.8496,32.7679,39.5604,43.5807,51.2074,53.6821,59.6177,67.0673,71.1958,73.8576,70.3171,72.8938,77.2677,78.7803,82.0073,81.4564,83.9258,79.5137,85.1509,80.9977,85.0474,83.4696,78.3831,71.8794,70.6793
760.5,40.6645,39.6598,44.3315,47.1394,47.7356,48.7074,47.5778,38.3381,43.113,41.5857,42.0334,39.1229,39.1557,40.3737,40.2162,37.8785,39.6976,38.9463,41.066,37.1634,30.0121,23.0366,18.623,16.4916,17.259,17.1369,16.9853,17.1551,16.8262,19.0081,19.364,22.7244,24.1691,24.7736,25.9575,25.9426,28.1973,32.0751,37.9301,43.3709,50.1207,52.6614,58.9278,65.4141,69.377,72.0404,68.9986,71.7638,74.5637,76.6655,79.5401,79.6556,82.055,77.6605,83.0887,79.0361,83.8939,82.042,76.151,70.6631,68.7025
761,38.4925,39.3238,42.7461,45.857,46.4302,47.0276,46.274,37.0309,41.9145,40.7502,40.5016,38.3779,37.8281,38.7666,39.0351,36.2654,37.9472,37.32,39.3444,36.1209,28.8605,21.97,17.7536,15.9422,16.9252,16.584,16.3948,16.6324,16.3428,18.5455,18.4898,22.0777,23.4477,24.119,25.3857,25.3582,27.3996,31.418,36.7915,42.8988,49.1207,51.467,57.8447,64.005,67.4322,70.3553,67.5939,69.7768,72.309,74.1876,77.3993,77.2832,79.7386,76.3023,81.2425,77.7174,81.5303,80.4838,73.4959,69.7312,66.8032
761.5,37.0346,38.54,41.5546,44.4077,45.1442,45.5047,45.2976,36.0358,41.2061,39.9143,39.4097,37.5991,36.7106,37.5426,38.236,35.1848,36.5483,35.6132,37.7876,34.5263,27.6542,21.3541,17.0694,15.6409,16.498,16.0911,15.8743,16.0094,15.734,18.1822,17.9537,21.2864,22.8156,23.5894,24.7852,24.9071,26.9641,30.7373,35.3997,42.4361,48.0084,50.7669,56.7642,62.9964,65.9164,67.8904,65.9153,67.549,70.4115,71.9648,75.6467,75.6392,77.5468,75.393,78.9258,76.5401,79.3586,78.6559,70.7204,68.1505,64.5551
762,36.3448,37.6661,40.261,43.6007,44.2661,43.9486,44.3398,35.9468,40.4125,38.8032,38.8227,36.7722,36.0203,36.0588,37.2319,34.2376,35.6517,34.0204,36.5057,33.348,26.257,20.9597,16.4971,15.2725,15.9101,15.6205,15.4753,15.629,15.2861,17.7964,17.5745,20.5867,22.2533,23.0381,24.1933,24.6752,26.5356,29.9377,34.4152,41.4122,46.7498,50.3894,55.237,62.0839,64.47,65.9459,64.6835,65.1142,69.4371,70.2214,74.2537,74.2906,75.2314,73.6528,76.1342,75.4605,77.4564,76.7433,68.4878,66.3535,63.0945
762.5,36.3238,36.7307,39.7544,42.2345,43.0574,42.7124,42.7718,35.7529,39.3649,37.6584,38.1576,35.8866,35.3635,34.6677,36.2442,33.69,34.472,32.9518,35.0506,32.2273,25.0575,20.7731,15.9846,14.8574,15.4489,15.4124,14.9725,15.27,14.8863,17.2537,17.3836,19.9494,21.7072,22.6011,23.4996,24.1971,25.8403,29.0704,33.7223,40.4609,45.9357,49.4321,53.863,60.9438,63.2669,64.153,63.441,62.9288,68.0195,69.1198,73.048,73.1294,73.1944,71.5721,73.9051,73.712,76.1731,74.5694,66.5852,64.5899,61.5628
763,36.134,35.7335,39.0208,40.5786,42.2354,41.1814,41.1353,35.2518,38.4578,36.5366,37.4926,34.8582,34.7291,33.4478,35.0168,32.4786,33.2206,31.8909,33.9412,31.4143,24.35,20.267,15.6655,14.2749,14.98,15.2604,14.4432,14.8535,14.6652,16.5275,17.161,19.6402,20.9575,22.0618,22.811,23.9115,25.4194,28.0776,33.0454,39.405,44.5562,48.2466,52.7717,59.4804,62.1506,62.7014,62.4718,61.2898,66.2269,68.0166,71.4383,71.6046,71.6958,69.7046,71.7383,72.1896,74.6641,72.1331,64.8728,62.8208,60.4919
763.5,35.6377,34.905,38.6948,39.0985,41.3246,40.1261,39.674,34.3765,37.4965,35.3911,36.6069,33.9537,34.1449,32.6435,33.8216,31.7974,31.7424,31.348,32.877,30.715,23.6234,19.6305,15.3314,13.7923,14.551,15.0864,13.7305,14.2238,14.4821,15.7709,16.78,19.1476,20.2238,21.357,22.079,23.5852,24.8369,27.0605,32.5421,38.4566,42.9701,46.8206,51.6623,57.6742,60.5171,61.7231,61.5568,60.4621,63.9664,66.4993,69.2304,69.7003,70.1543,68.1063,69.6668,70.9314,73.461,70.0883,63.4511,61.3889,58.9479
764,34.7769,33.9351,38.0491,37.9711,40.4803,39.1712,38.9481,33.2241,36.4366,34.6477,35.7661,32.7967,33.2689,31.8228,32.8712,31.1001,30.7244,30.7711,32.126,29.9724,23.0979,19.007,14.9676,13.4036,14.203,14.8739,13.2191,13.6033,14.2579,14.9426,16.3488,18.5234,19.4185,20.5872,21.297,23.1526,24.4427,26.2417,31.8349,37.2838,41.559,45.1822,50.1152,56.0751,59.5312,59.9233,59.9707,59.6354,62.3945,64.7311,66.9179,67.8012,68.7018,67.204,68.9496,69.6904,71.759,67.842,62.2877,59.4162,57.6982
764.5,34.0523,33.0102,37.2138,37.661,39.9154,38.4581,38.2208,32.578,35.189,33.7733,34.8862,32.0301,32.2599,31.6505,31.806,30.8426,30.3658,29.9872,31.3302,29.0063,22.6356,18.2761,14.7345,13.0643,13.8117,14.5554,12.9897,13.0717,13.9234,14.3043,15.9855,17.8787,18.754,20.0311,20.6315,22.6647,23.8236,25.6628,30.979,36.0888,40.5184,43.7738,48.5774,54.9664,57.8362,58.4669,58.2822,58.3619,61.0077,62.8111,64.9132,65.7879,66.829,66.839,67.0795,67.7176,70.0771,65.9658,60.5901,57.8717,55.4075
765,33.2319,32.3201,36.0146,37.378,39.213,37.5514,37.3397,32.2916,34.2395,32.8654,33.8567,31.0884,31.3168,30.9547,30.9149,30.297,29.7635,29.1677,30.1794,28.5123,22.3666,17.7438,14.3558,12.6054,13.4381,14.1931,12.9832,12.7242,13.443,13.7723,15.5101,17.3015,18.2411,19.7843,19.9463,22.0063,23.1515,25.2901,30.3658,35.0964,39.5108,42.607,46.506,53.9389,56.6291,56.9652,56.194,57.087,59.4407,61.1854,63.5803,64.0294,65.3982,65.7052,65.8874,65.5438,67.8695,62.9329,59.1342,56.3695,54.2147
765.5,32.4482,31.3779,34.7291,37.0096,38.3071,36.4515,36.3717,31.8099,33.2822,32.206,32.8094,30.2569,30.7652,30.0649,29.9618,29.4996,28.9893,28.3713,29.3833,27.5297,22.2254,17.1432,14.0562,12.3368,13.1053,13.8002,12.9099,12.4797,12.9632,13.5644,15.2195,16.7342,17.7616,19.5915,19.5061,21.3869,22.2912,25.0227,29.8136,34.0791,38.1468,41.8148,44.6199,53.0379,55.4902,55.2539,53.8876,55.7572,58.1538,59.6859,61.9855,62.1864,64.1024,63.861,64.166,63.2439,65.4512,61.0323,57.5572,55.07,52.7691
766,31.4557,30.6818,33.4286,36.368,37.022,35.2931,35.4165,31.1081,32.9444,31.5107,32.0192,29.4555,30.1364,28.9404,28.9554,28.6204,27.7751,27.5554,28.6212,26.777,22.0254,16.7188,13.6438,12.1635,12.8388,13.3746,12.6207,12.2431,12.5876,13.3587,14.9395,16.1675,17.6301,19.1658,19.1014,20.7835,21.5215,24.6661,29.5077,33.3213,37.0759,41.1926,43.366,51.9667,54.668,53.9965,52.3155,54.6228,56.3285,58.0406,60.6572,60.2061,62.98,61.5609,62.9689,61.3561,63.1855,59.6732,55.9564,53.5218,52.4093
766.5,30.2677,30.0143,32.1756,35.5566,35.7266,34.2027,34.7693,30.3167,32.4528,31.1284,31.3415,28.6285,29.5926,28.0681,27.8995,27.5099,26.7996,27.0861,28.2745,26.1751,21.6746,16.1599,13.3174,11.9727,12.567,12.9669,12.2808,11.9914,12.229,13.3582,14.7621,15.7204,17.4727,18.5993,18.6908,20.26,20.8204,24.1235,29.1288,32.562,35.8227,40.2637,42.9567,50.6845,53.8265,52.8238,50.9225,53.6866,54.7903,56.0965,59.4846,58.6559,61.7359,59.3251,61.6729,59.9721,61.221,59.1215,54.4332,52.4217,51.2558
767,29.3634,29.2728,31.1688,34.7338,34.7516,32.8475,33.7565,29.3568,31.646,30.8213,30.8895,28.0053,28.5904,27.5379,27.0067,26.4604,26.2386,26.7507,27.7752,25.5741,21.247,15.7869,12.9038,11.7872,12.2926,12.528,11.9302,11.7605,11.9837,13.201,14.5072,15.4282,17.2337,18.1054,18.262,19.7993,20.4162,23.4136,28.5783,32.0875,35.0592,39.1724,42.7727,49.1162,53.0464,51.8392,50.0433,52.6742,53.7935,54.8256,58.1105,57.5469,60.0399,57.3389,60.4916,58.2719,60.0491,58.6003,53.0262,51.3425,49.8449
767.5,28.6844,28.5326,30.5102,33.5704,34.0189,31.6488,32.7811,28.7003,30.8451,30.2289,30.3244,27.4613,28.0507,27.5436,26.0693,25.6924,25.8825,26.623,27.1754,25.5449,20.6705,15.5851,12.53,11.4606,11.9856,12.1444,11.7131,11.5104,11.5891,12.9962,14.296,15.2554,16.8974,17.7079,17.9642,19.2163,20.0662,22.6397,27.743,31.3256,34.5285,37.6486,42.4177,47.6864,51.6627,51.1838,49.174,51.4502,52.5879,53.2315,56.8952,56.8878,58.2162,54.8399,59.4172,56.6166,58.0985,57.5897,51.6652,49.7462,48.3528
768,28.0871,27.6623,30.1384,31.6504,33.4579,30.2993,31.6687,27.6852,29.9597,29.4052,29.6636,26.8427,27.4192,26.9571,25.35,24.7517,25.6694,26.334,26.6728,25.0331,19.9505,15.3869,12.2255,11.3027,11.6531,11.7758,11.4542,11.2723,11.1871,12.6918,13.9502,15.1175,16.5141,17.2404,17.6728,18.6503,19.7706,21.6645,26.6979,31.048,34.048,36.5429,41.9341,46.6217,50.0689,50.3547,48.3284,49.759,51.5273,51.6811,55.8755,55.962,56.7263,53.3591,58.1913,55.1461,56.5944,56.405,50.2032,47.9146,46.615
768.5,27.4573,26.8295,29.5769,30.098,32.6108,29.6995,30.9694,26.9224,28.921,28.3609,28.847,26.0666,26.7122,26.4714,24.9196,24.2673,24.9499,25.7391,25.5736,24.415,19.5613,15.1791,11.8917,10.9741,11.5843,11.5606,11.2337,10.9706,10.865,12.419,13.514,14.8513,16.0946,16.7693,17.3683,18.2341,19.576,21.1281,25.7294,30.4058,33.8872,35.5931,41.1839,45.4814,48.4572,49.0671,47.342,48.234,50.2453,50.6099,54.7638,53.9032,55.1888,51.727,56.8702,53.6685,55.7459,55.7078,48.3199,46.0195,44.9284
769,26.8548,26.3806,28.9957,29.3686,31.478,29.7974,30.1529,26.2728,28.5366,27.4843,28.1562,25.0386,25.8301,25.646,24.4252,23.8863,24.218,24.959,24.8763,23.6442,19.4185,14.9174,11.6773,10.6511,11.4354,11.4252,11.0235,10.7229,10.608,12.2054,13.0805,14.5276,15.6915,16.2232,16.9786,17.9484,19.1649,20.461,24.9279,29.5921,33.4564,35.1597,40.2699,44.5695,47.0598,47.7341,46.3215,46.7945,49.343,49.6847,53.4358,51.7723,53.6538,51.3363,55.3863,52.7387,55.182,54.973,47.3603,44.2399,43.9129
769.5,26.1687,26.1018,28.3164,29.581,30.1478,29.7395,29.5648,25.8724,27.9779,26.6717,27.4926,24.2816,25.1425,24.8915,24.445,23.8667,23.6083,24.1562,24.5398,22.9542,19.1513,14.3951,11.4076,10.3082,11.2145,11.221,10.797,10.5108,10.4874,12.0293,12.7303,14.2508,15.341,15.7429,16.5902,17.6379,18.6246,19.8741,24.2959,28.617,32.8656,34.5653,39.3238,43.1602,45.7655,46.1244,45.198,45.6931,48.5508,48.9198,52.0532,50.3415,52.1706,50.9259,53.9067,51.4714,54.6219,53.8596,46.4486,42.9069,43.3553
770,25.5768,25.8682,27.6049,30.1496,29.0733,29.6138,29.043,25.7291,27.0746,26.0527,26.7856,23.9226,24.7464,24.422,24.1726,23.8584,23.3038,23.5977,24.4997,22.8063,18.7267,14.1123,11.1079,10.0793,10.8849,11.0423,10.4977,10.3392,10.4935,11.7538,12.4791,13.9032,14.9541,15.5849,16.2454,17.263,18.0861,19.2986,23.5112,27.6439,32.2782,33.9341,38.1596,42.2333,44.389,44.9869,44.177,44.4967,47.4086,48.147,50.9558,49.179,50.8974,50.2985,52.5397,50.0984,53.0754,52.393,45.874,41.9319,42.7941
770.5,24.8613,25.4893,27.0439,29.7172,28.5513,28.9342,28.8477,25.6726,26.6033,25.6286,25.9141,23.7326,24.3827,23.9615,24.0538,23.5191,22.9544,23.239,24.2102,22.8007,18.094,13.6972,10.8136,10.0033,10.4569,10.7688,10.2159,10.1464,10.3863,11.4825,12.1804,13.6261,14.5484,15.2666,16.0152,16.9269,17.3426,18.917,22.9307,26.9687,31.5441,33.1836,37.0459,41.101,43.4085,44.0411,43.2714,42.7397,46.4293,47.1075,50.0227,48.4467,49.843,48.9858,51.4134,48.3616,51.556,50.2903,45.013,41.0385,41.3637
771,24.2491,24.7828,26.3549,28.4493,28.5472,28.1571,28.481,25.4911,25.8557,25.0889,25.0213,23.4699,24.0176,23.5984,23.9572,23.064,22.6222,22.92,23.2994,22.9953,17.7961,13.4428,10.5466,9.81982,10.3262,10.4391,10.0023,9.98311,10.3049,11.2123,11.9407,13.3812,14.1145,15.0921,15.8141,16.5981,16.9053,18.764,22.4408,26.5749,30.5167,32.3787,36.3797,39.8544,42.4302,43.2717,42.3446,41.0935,45.1144,45.7389,48.8873,47.3446,48.2635,47.5142,50.4791,46.8253,50.0707,48.4269,43.713,40.2005,39.8337
771.5,24.0198,23.8983,25.7211,27.2428,28.4562,27.7646,28.0111,25.22,25.2331,24.6601,24.4329,23.1284,23.7631,23.2151,23.6148,22.5352,22.3796,22.6509,22.426,22.893,17.6711,13.172,10.4408,9.69941,10.1926,10.1166,9.9172,9.76207,10.1572,11.0312,11.5992,13.1747,13.8676,14.7946,15.5899,16.1447,16.5068,18.3901,22.1369,26.4792,29.5496,31.2989,35.1542,38.481,41.5424,42.2778,41.5469,39.7433,43.642,44.226,47.2917,46.0451,46.8578,46.3383,49.3178,46.0931,48.8507,46.8162,42.0318,39.5229,38.2099
772,23.7126,23.3031,25.3102,26.0181,28.071,27.288,27.5129,24.4288,24.8719,23.8746,23.9836,22.8594,23.7109,23.0169,23.1169,22.2734,22.0737,22.2721,21.9337,22.7287,17.6033,13.1125,10.3815,9.52639,10.0694,9.91265,9.75108,9.59935,9.88393,10.7952,11.3857,12.866,13.6345,14.3101,15.2458,15.6128,16.2182,17.8337,21.7616,26.2499,28.6612,30.2277,34.0747,37.3663,40.4064,40.7598,40.4773,39.2254,42.239,42.8494,45.7651,44.9596,45.384,45.4249,47.7023,45.2383,47.7107,45.3304,39.9833,38.4935,37.0119
772.5,23.2356,22.9037,24.8931,25.7572,27.5241,26.8741,26.9714,23.8538,24.7552,23.3289,23.6419,22.7443,23.5011,22.7512,22.4181,22.0768,21.9377,21.9783,21.6222,22.0972,17.3838,12.9725,10.2561,9.44348,9.92067,9.76154,9.59066,9.5179,9.64893,10.6102,11.176,12.5441,13.4151,13.8456,14.8078,14.9931,16.1461,17.3412,21.2634,25.6074,28.1683,29.5938,33.0902,36.6547,39.2868,39.4916,39.4739,38.9659,40.9787,41.8244,43.9521,44.0899,44.6849,44.5576,45.9597,44.439,46.4126,44.3647,37.8271,37.7857,35.8646
773,22.5858,22.7392,24.5887,25.5014,26.9599,26.4262,26.4728,23.4162,24.7377,23.045,23.2379,22.5746,22.9159,22.6098,21.9417,21.8188,21.6901,21.8158,21.7244,21.4525,17.1012,12.8082,10.0547,9.36086,9.69102,9.59007,9.33827,9.4293,9.34521,10.424,10.996,12.2419,13.1404,13.377,14.2764,14.4759,15.8035,16.9638,20.7377,24.5805,27.4434,28.8218,31.9002,36.1142,38.4883,38.2849,38.1106,38.6273,39.5264,40.8608,42.7869,43.1267,44.0093,43.5622,44.8586,43.3685,45.2729,43.5013,36.2907,36.6077,34.8219
773.5,21.7563,22.4628,24.2518,25.2185,26.3882,26.0842,26.0034,23.1703,24.6183,22.7793,22.8164,22.2087,22.2164,22.1213,21.9356,21.5165,21.3965,21.6771,21.8602,20.9587,16.7785,12.6619,9.84101,9.2829,9.5401,9.49887,9.19064,9.35872,9.20772,10.2461,10.8749,12.0258,12.7401,13.0342,13.9275,14.0712,15.464,16.7344,20.2317,23.5442,26.5759,28.1575,30.8999,35.1221,37.7722,37.7305,36.9323,37.796,38.1732,39.9658,41.4446,41.9819,42.9868,42.3898,43.647,42.5426,44.1477,43.1421,35.4837,35.416,33.8229
774,21.2393,22.0154,23.725,25.0193,25.9073,25.7504,25.6761,22.9682,24.3373,22.628,22.569,21.7865,21.7133,21.6762,21.9031,20.9487,21.0485,21.2844,21.8909,20.6513,16.5971,12.5116,9.67633,9.2057,9.37032,9.40873,9.10744,9.14107,9.10211,10.0982,10.7475,11.9531,12.4331,12.8882,13.7643,13.8745,14.9896,16.4639,19.7629,22.8117,26.0298,27.4274,29.9492,34.1144,37.062,36.7115,36.0569,36.9192,37.2108,39.0749,40.3412,40.5776,42.0338,41.2761,42.8255,42.0368,43.5174,42.6268,35.1122,34.3635,33.2588
774.5,20.6909,21.5258,23.178,24.3841,25.5329,25.3801,25.4332,22.4679,23.9196,22.1371,22.337,21.3905,21.3642,21.3221,21.8865,20.359,20.652,20.8799,22.0073,20.2678,16.5927,12.4643,9.533,9.17764,9.33195,9.34519,9.04736,8.94325,9.05807,10.0822,10.5569,11.8237,12.2925,12.683,13.6167,13.5624,14.6529,16.2946,19.2076,22.05,25.7946,26.6673,29.2117,32.9994,36.1199,36.089,35.5015,35.9359,36.2731,38.3554,39.1532,39.3088,40.9184,40.1301,41.801,41.278,43.0262,41.7818,34.7068,33.6203,32.5559
775,20.0272,21.0361,22.8341,23.9725,25.0661,24.9494,25.4473,21.8009,23.6171,21.5769,22.0779,21.1674,20.9115,20.9972,21.4259,19.9145,20.3821,20.4975,21.7826,19.6286,16.5584,12.2661,9.37098,9.06079,9.24741,9.35726,8.98366,8.7612,8.96924,9.99101,10.4145,11.6627,12.3164,12.4223,13.3543,13.1555,14.4373,16.1157,18.7594,21.5678,25.357,25.8617,28.7792,32.0449,35.3838,35.388,34.3894,34.8241,36.0001,37.6085,37.8298,38.2654,39.9137,39.4433,40.9737,40.3467,42.5284,40.3653,34.3865,32.8946,32.2489
775.5,19.4163,20.5535,22.4311,23.311,24.7987,24.3897,25.2935,21.2152,23.2653,21.1411,21.901,20.877,20.719,20.7453,20.918,19.4688,20.2043,20.1127,21.2765,19.0382,16.3389,12.1276,9.35032,9.06921,9.18944,9.20148,8.88583,8.57326,8.91732,9.89606,10.3326,11.5143,12.3372,12.2258,12.9775,12.5533,14.0933,15.599,18.3526,21.1962,24.8121,25.0888,28.1557,31.42,34.5657,34.8668,33.3167,33.9367,35.2707,36.7174,36.8534,37.5114,39.0486,38.3739,40.1204,39.2919,41.4877,38.741,33.9572,32.34,31.735
776,19.1206,19.8595,22.0225,22.9008,24.5525,24.0553,25.0641,20.4211,23.0256,20.7303,21.7318,20.4752,20.504,20.426,20.582,19.3376,19.9849,19.7449,20.8464,18.706,15.971,11.9025,9.38628,8.85738,9.08646,9.09416,8.75639,8.52281,8.76652,9.67767,10.2091,11.3717,12.1877,12.1075,12.5257,12.0124,13.7634,15.3033,17.916,20.9759,24.0326,24.519,27.4051,30.9866,33.6483,33.7938,32.4185,33.0461,34.2139,35.9768,36.3109,37.0029,38.1181,37.747,38.9258,38.5866,40.5784,37.4054,33.5309,31.346,31.1266
776.5,19.3255,19.2229,21.554,22.6116,24.2289,23.7132,24.6523,19.7213,22.612,20.4922,21.525,19.9115,20.4276,20.243,20.3243,19.1523,19.7149,19.3748,20.3367,18.8151,15.5079,11.6094,9.40323,8.66353,8.90963,8.98899,8.58421,8.33565,8.68981,9.43784,10.1188,11.2397,11.9834,12.0531,12.0859,11.6395,13.5279,14.7977,17.6754,20.456,23.1164,23.8933,26.7597,30.5541,32.7476,32.9172,31.9583,32.199,33.3854,34.9598,36.0526,36.7482,37.3587,36.7338,37.7953,37.7434,39.6477,36.5547,32.8058,30.2839,30.3954
777,19.7937,18.7572,21.1023,22.336,23.9468,23.2968,24.0404,19.0736,22.2623,20.4037,21.2397,19.4448,20.2277,19.967,19.9735,18.8757,19.5404,19.1554,20.0962,18.5916,15.1626,11.5323,9.22719,8.45382,8.81049,8.87986,8.37941,8.23001,8.55405,9.2331,9.99359,11.1153,11.8074,11.9219,11.8765,11.4438,13.2778,14.2912,17.2814,19.6719,22.6206,23.0988,26.3691,29.9127,31.9228,32.0679,31.6924,31.5268,32.7723,34.3486,35.3968,36.4691,36.5978,36.0363,37.0064,37.1151,38.7682,35.9244,31.6595,29.5913,29.3948
777.5,20.0546,18.7058,20.5996,22.1508,23.5859,22.8004,23.5765,19.013,21.9147,20.48,20.8668,19.2727,19.9447,19.8812,19.7076,18.7897,19.337,19.0519,19.9264,18.2495,15.0112,11.3464,8.93381,8.33794,8.69313,8.86551,8.30169,8.16402,8.45309,9.15795,9.74834,10.8745,11.7156,11.6964,11.7866,11.4224,12.9366,14.1069,16.9758,19.028,22.1097,22.1052,26.2658,29.2927,31.253,31.5916,31.0105,31.163,32.4985,33.6907,34.8639,35.9461,35.851,35.0406,36.4592,36.1493,37.8166,35.5911,30.6506,28.7628,28.4982
778,19.8952,18.7297,20.1997,21.9674,23.1526,22.2031,23.0179,19.5142,21.536,20.4549,20.5876,19.0006,19.5271,19.6463,19.5342,18.7995,19.1339,18.9945,19.78,18.0292,14.8345,11.4306,8.81781,8.26539,8.60406,8.68119,8.19586,8.18513,8.36123,9.0884,9.51103,10.6695,11.6755,11.4873,11.8314,11.4503,12.5508,13.6109,16.5723,18.3589,21.9024,21.1115,25.803,28.7109,30.8957,31.2392,30.6082,30.7246,32.1562,33.1411,34.0089,34.8985,35.3043,34.4686,35.9896,35.1322,36.9595,34.9219,29.6947,28.2271,27.7839
778.5,19.449,18.6928,19.6168,21.9171,22.7095,21.5797,22.8574,20.0775,21.2255,20.2167,20.332,19.0407,19.3199,19.3239,19.4424,18.7482,18.8971,18.6896,19.6682,18.0097,14.5228,11.3207,8.72469,8.22771,8.57168,8.5257,8.17832,8.25764,8.29495,9.06372,9.15349,10.4105,11.5058,11.2112,11.7392,11.356,12.1523,13.1153,16.1555,18.2235,21.4753,20.1607,25.204,28.2276,30.3649,30.6288,29.8287,30.3289,31.7355,32.3849,32.9162,33.9945,34.4985,33.7278,35.4807,34.2748,35.7765,34.2529,28.9563,27.6151,27.2308
779,19.0536,18.4846,19.6249,21.849,22.3047,21.2473,22.7776,20.4223,21.023,19.9047,20.3015,18.9052,19.2118,18.9178,19.3432,18.5535,18.7351,18.542,19.5509,18.1673,14.2059,11.0801,8.809,8.15091,8.34321,8.40533,8.08776,8.17444,8.249,9.00391,8.96975,10.2934,11.3222,10.9947,11.5593,11.2308,12.0985,12.6204,15.8965,18.1004,20.8846,19.7114,24.9232,27.7318,29.6538,29.6466,29.2559,29.6114,30.9621,31.778,31.8169,32.9135,33.7289,33.302,34.5021,33.4463,34.571,33.6697,28.6546,27.1563,26.9274
779.5,18.7748,18.1645,19.7845,21.6146,21.9157,20.9092,22.7192,20.4941,20.7345,19.6316,20.2123,18.6371,19.1571,18.6212,19.1312,18.1018,18.5367,18.3581,19.5746,17.9874,13.8345,10.8264,8.7494,8.06162,8.24449,8.37643,7.92802,8.06105,8.20885,8.88789,8.78337,10.2021,11.0526,10.8833,11.2602,11.1383,11.8994,12.3218,15.6616,18.049,20.2964,19.7939,24.8228,27.1465,28.8672,28.6248,28.7628,28.8423,29.7999,31.2231,31.1811,32.2026,33.0207,32.8789,33.6049,32.9782,33.3368,33.2359,28.4682,26.5359,26.3843
780,18.695,17.8319,19.8511,21.068,21.679,20.7629,22.5693,20.5193,20.3912,19.4392,20.0531,18.448,19.2269,18.5792,18.7274,17.6934,18.4755,18.2793,19.6295,17.9497,13.934,10.5181,8.60477,7.93108,8.21111,8.42372,7.76325,7.94761,8.11603,8.74415,8.71059,10.1261,10.8124,10.6833,10.9837,11.1348,11.8264,12.0828,15.4003,18.0746,19.5871,20.2569,24.3783,26.5876,28.0872,27.719,28.1292,28.3631,28.7237,30.6005,31.1667,31.5766,32.1521,32.3768,32.8257,32.4674,32.6826,32.7372,28.0381,26.1514,25.8165
780.5,18.5701,17.4889,19.5964,20.5473,21.457,20.8463,21.9673,20.4702,19.9369,19.2539,19.7197,18.161,19.2002,18.5358,18.2818,17.3727,18.3548,18.4577,19.6348,17.7,14.0169,10.3391,8.59783,7.78515,8.25569,8.44653,7.66996,7.86845,8.02738,8.52829,8.69372,10.0302,10.5498,10.5592,10.7923,11.0912,11.5774,12.0608,15.2333,17.8703,19.0562,20.4114,23.8728,26.131,27.5494,26.9903,27.6175,28.0336,27.9116,30.4458,30.5296,31.1423,31.3354,31.5172,32.1962,31.9979,32.3427,31.9958,27.4131,25.8096,25.2302
781,18.3876,17.1733,19.1109,20.0023,21.0696,20.5891,21.0169,20.3905,19.6349,18.956,19.2074,17.8796,19.088,18.2576,17.7855,17.4325,18.1513,18.485,19.3458,17.5633,14.2305,10.3056,8.64874,7.71529,8.31135,8.36963,7.69702,7.77569,7.94563,8.34536,8.60063,9.88521,10.3802,10.4096,10.7001,10.8718,11.4482,11.9474,15.0032,17.4332,18.7393,20.4915,23.0171,25.7407,27.1072,26.6035,27.0423,27.6199,27.4263,30.017,29.5572,30.7631,30.4013,30.2659,31.3347,31.4326,32.0541,30.9918,26.6534,25.2067,24.7231
781.5,18.1264,16.8937,18.7604,19.7459,20.6911,20.3093,20.3415,20.4403,19.489,18.722,18.8592,17.5967,18.8264,17.9353,17.4921,17.5543,17.9166,18.4078,18.9454,17.1047,14.1399,10.3238,8.68783,7.69814,8.18649,8.33374,7.7386,7.68468,7.86415,8.25636,8.55871,9.69489,10.3382,10.317,10.585,10.5503,11.1603,11.8519,14.7435,17.0524,18.4799,20.1497,22.3719,25.2751,26.5287,26.4303,26.6221,26.8436,27.2944,29.6081,28.4699,30.2229,29.5859,29.0909,30.8225,30.9086,32.0586,29.877,26.1545,24.746,24.2673
782,17.8833,16.6199,18.5205,19.5954,20.245,19.765,19.9436,20.3429,19.2383,18.5669,18.6277,17.2973,18.4483,17.822,17.2711,17.6018,17.3921,18.1088,18.7363,16.9256,13.7668,10.3881,8.6733,7.69576,8.02165,8.30251,7.70259,7.57099,7.76474,8.2261,8.52485,9.53352,10.3091,10.3132,10.4192,10.2868,10.9916,11.7649,14.4753,16.5943,18.3212,19.5174,22.0516,24.5805,26.1177,26.3001,26.2095,25.8847,26.9199,28.951,27.7915,29.4868,29.1017,28.7725,30.4369,30.3129,31.6808,29.096,25.858,24.1363,23.8878
782.5,17.7242,16.4617,18.3668,19.4655,19.9634,19.4027,20.1801,20.3338,18.9926,18.3773,18.6563,17.1505,18.2011,17.7185,17.301,17.6185,16.9298,17.7412,18.5509,16.671,13.5312,10.4509,8.51403,7.73704,7.85449,8.30057,7.51773,7.50984,7.58279,8.16896,8.55636,9.39275,10.2424,10.2217,10.2551,10.1499,10.6625,11.5228,14.1672,16.3438,18.2535,19.1119,21.8091,23.9264,25.5616,26.2628,25.6826,25.4024,26.4478,28.3267,27.563,28.7935,28.8026,28.6637,30.4189,29.8251,31.459,28.6527,25.8392,23.2562,23.3438
783,17.514,16.4654,18.2411,19.3076,19.9324,19.2608,20.2287,20.0821,18.717,18.1822,18.4911,17.1092,17.6934,17.6962,17.3571,17.5351,16.7119,17.4676,18.2374,16.6326,13.3092,10.5523,8.33897,7.72565,7.78562,8.2045,7.32595,7.50143,7.39727,8.11931,8.61352,9.37414,10.0199,10.0903,10.0258,10.178,10.3945,11.4502,13.9392,16.0771,17.9501,18.3622,21.4439,23.4741,25.3741,25.6943,25.2441,25.1038,25.9772,27.5737,27.5399,28.278,28.4553,29.0288,30.2393,29.2532,30.8856,28.474,25.6815,22.8853,22.8921
783.5,17.2833,16.5633,18.152,19.0693,20.0451,19.4013,20.0891,19.6684,18.6555,17.8988,18.149,17.2205,17.4958,17.7221,17.3395,17.4747,16.9118,17.4783,17.9082,16.6226,13.365,10.594,8.17089,7.7226,7.73194,8.10338,7.23657,7.51322,7.30417,8.019,8.56105,9.34331,9.88755,9.85737,9.87691,10.18,10.2221,11.1132,13.6907,15.861,17.5989,17.759,21.1315,23.1805,24.8626,25.3503,24.8432,24.8739,25.6493,26.9459,27.7134,27.8,27.9602,28.7384,29.6849,28.7192,30.2537,27.9676,25.489,22.9544,22.3624
784,17.0168,16.6657,18.0187,18.8775,20.313,19.5052,19.9037,19.3671,18.6265,17.7111,17.7059,17.3446,17.475,17.7675,17.3591,17.3544,17.1009,17.3545,17.4499,16.5862,13.4434,10.4708,8.14213,7.67011,7.69671,7.98983,7.2003,7.51891,7.24708,7.90191,8.47839,9.29892,9.80908,9.52037,9.75165,10.0712,10.0977,10.9336,13.5796,15.6056,17.2201,17.017,20.7187,23.0544,24.4548,24.973,24.5742,24.4687,25.399,26.1912,27.5725,27.5265,27.4749,28.1379,28.8301,28.0801,29.6412,27.3988,24.931,23.0349,22.3565
784.5,16.6692,16.5939,17.8707,18.6815,20.4739,19.3638,19.7432,19.0442,18.642,17.6397,17.4592,17.3603,17.4761,17.7141,17.2176,17.1171,17.1383,17.2297,17.3785,16.6536,13.4752,10.2702,7.99434,7.55604,7.68079,7.90584,7.25781,7.44365,7.17411,7.74098,8.32113,9.12947,9.81797,9.34748,9.73538,9.85106,9.99962,10.5764,13.4315,15.3366,16.8268,16.5233,20.5046,22.7953,23.8645,24.5602,24.1412,23.9474,25.238,25.9588,27.5545,27.2344,27.1205,27.6343,28.2171,27.7328,28.9354,26.9171,24.329,22.644,22.2746
785,16.3976,16.3525,17.4342,18.4618,20.4383,19.1371,19.5599,18.8757,18.5985,17.4788,17.5964,17.1662,17.3142,17.5066,17.16,16.917,16.9976,17.0245,17.3376,16.5199,13.4754,10.092,7.93844,7.46077,7.62001,7.80931,7.27102,7.3629,7.08399,7.57384,8.28452,8.97956,9.78798,9.32731,9.62486,9.66039,9.85922,10.2573,13.2201,14.9126,16.4748,16.3948,20.0402,22.618,23.5236,24.2042,23.8121,23.6654,24.8476,25.6863,27.0898,27.0575,26.7502,26.919,27.5956,27.0057,28.3458,26.6383,23.9005,22.2554,22.3137
785.5,16.0444,16.1606,17.181,18.3008,20.2506,18.6942,19.2628,18.834,18.4714,17.2937,17.8421,16.9147,17.0759,17.2672,17.1285,16.7343,16.7818,16.9501,17.2065,16.3228,13.4169,10.0393,7.79834,7.38471,7.50939,7.69974,7.17859,7.33838,7.01324,7.43161,8.28483,8.90119,9.7152,9.4544,9.51879,9.62795,9.6571,9.99268,12.8855,14.5497,16.0412,16.1263,19.5793,22.2442,23.52,23.7039,23.1708,23.3829,24.5467,25.4401,26.7838,26.8139,26.4534,26.3013,27.2262,26.47,27.8462,26.4202,23.7265,21.7764,21.8616
786,15.9473,16.0689,16.9742,18.1684,19.7851,18.3508,19.1208,18.6104,18.3468,17.1208,18.1202,16.678,16.9176,17.0364,17.2009,16.6236,16.6678,16.9467,17.1727,16.2643,13.3828,9.90783,7.68401,7.33209,7.43191,7.61287,7.1045,7.33337,6.85289,7.46627,8.30258,8.79863,9.61292,9.48732,9.32545,9.55766,9.38901,9.86033,12.6287,14.3195,15.5998,15.8455,19.2494,21.5332,23.31,23.1632,22.713,23.2155,23.9531,25.1815,26.2162,26.3147,26.2389,25.5572,26.6018,26.1588,27.4869,26.2361,23.7504,21.8326,21.2736
786.5,15.9457,16.1214,16.8424,17.9114,19.3272,18.073,19.0084,18.0158,18.1397,16.9952,18.0025,16.428,16.9756,16.7732,17.1444,16.467,16.5981,16.9055,17.1324,16.1772,13.1963,9.77693,7.72812,7.2837,7.37617,7.6508,7.08447,7.26326,6.65438,7.55539,8.23224,8.73859,9.56421,9.36292,9.26291,9.51916,9.15381,9.86076,12.4805,14.0962,15.2754,15.5342,19.0722,20.9486,23.0073,22.7739,22.0349,23.0065,23.5515,24.654,25.8832,25.7461,26.177,25.3671,26.5918,25.7457,27.1529,25.862,23.5798,21.7728,20.4968
787,16.0496,16.0409,16.6821,17.6432,18.8591,17.9571,19.0236,17.0827,17.962,16.9467,17.6946,16.3478,16.9093,16.646,17.2782,16.2104,16.2946,16.6922,16.9876,15.9471,13.0935,9.73457,7.71822,7.18954,7.39467,7.73877,7.13568,7.10795,6.40933,7.60469,8.1217,8.60491,9.49561,9.18945,9.17739,9.29794,9.02373,9.76475,12.3874,13.941,15.0047,15.4421,19.006,20.4932,22.3959,22.3608,21.5881,22.6611,22.9243,24.5205,25.4975,25.1169,25.8262,25.4583,26.4663,25.7347,26.836,25.423,23.2357,21.5874,19.9268
787.5,15.99,15.8651,16.4402,17.2668,18.5675,18.011,18.9265,16.382,17.67,17.0303,17.28,16.2331,16.9194,16.5047,17.205,16.0825,16.2508,16.3412,16.9148,15.8182,12.7851,9.69676,7.76288,7.05747,7.34831,7.83075,7.18777,6.90354,6.30571,7.6549,8.01956,8.5824,9.44812,9.01467,9.04821,9.14087,9.01687,9.63472,12.0253,13.8224,14.9081,15.5614,18.5879,20.1633,21.7332,22.2419,21.294,22.2259,22.5352,24.1778,25.1887,24.5012,25.3401,25.1662,26.278,25.042,26.3095,24.8705,22.8493,21.2369,19.4795
788,15.9683,15.4479,16.2145,17.0369,18.393,18.0652,18.8543,16.2112,17.4471,17.1177,17.0051,16.1547,16.8837,16.5545,17.1281,16.0128,16.0152,16.1856,16.8591,15.6977,12.6198,9.71506,7.74504,6.96719,7.22486,7.85802,7.21754,6.69359,6.37992,7.64147,7.88439,8.65205,9.36597,8.90377,8.94365,9.04679,9.04166,9.56671,11.7204,13.7492,14.8608,15.537,18.1997,19.9559,21.0964,21.7872,20.9138,21.6719,22.1421,23.8797,24.965,24.1925,24.5386,24.838,26.0665,24.6243,26.0278,24.5192,22.6607,20.8023,19.3004
788.5,15.843,15.1075,15.9042,16.8595,18.2806,18.0701,18.6771,16.4154,17.3131,17.1302,17.0036,16.0196,16.802,16.6046,16.9932,16.1759,15.8557,15.9695,16.9769,15.6292,12.4277,9.60958,7.68761,6.83135,7.10887,7.79314,7.16774,6.53488,6.56399,7.61894,7.83415,8.66033,9.26883,8.84322,8.85772,8.9461,8.9878,9.62614,11.4829,13.7036,14.9718,15.4335,17.8269,19.7798,20.7165,21.4442,20.691,21.1786,21.8891,23.4649,24.6442,23.8871,23.9522,24.4167,25.5378,24.2386,25.5961,24.0958,22.4725,20.2643,19.1626
789,15.7639,14.9456,15.7943,16.5329,18.1586,18.0029,18.6751,16.5907,17.2246,17.0767,17.0747,15.8712,16.5181,16.5036,16.7729,16.1989,15.7018,15.6335,17.0735,15.4255,12.189,9.41553,7.58394,6.72482,7.05751,7.67355,7.08227,6.49983,6.68796,7.4976,7.80346,8.52695,9.14573,8.83424,8.83704,8.80045,8.88762,9.58416,11.408,13.4408,14.8377,15.2913,17.6164,19.6046,20.6216,21.0753,20.4702,20.7151,21.825,23.1216,24.302,23.7368,23.4885,24.4176,25.1119,24.1956,25.2411,23.8706,21.9674,19.8256,19.1645
789.5,15.5364,14.725,15.7427,16.3192,18.1424,17.9423,18.386,16.8118,17.2592,16.8608,17.2103,15.7621,16.2027,16.3982,16.6012,16.2249,15.6103,15.3686,17.0248,15.1144,12.1702,9.27236,7.52221,6.65477,7.09424,7.47596,7.02764,6.54998,6.67044,7.33843,7.75839,8.3686,9.05851,8.84739,8.74193,8.59843,8.81266,9.60639,11.2059,13.1248,14.6199,15.1481,17.4707,19.4152,20.5574,20.7739,20.3412,20.4435,21.6697,22.9259,23.7506,23.4763,23.2415,24.2003,24.8128,24.2326,24.8275,23.6564,21.5395,19.3464,19.2829
790,15.1153,14.5464,15.7422,16.1206,18.068,17.9539,17.8455,16.8001,17.155,16.6348,17.1456,15.6257,16.1397,16.1766,16.3219,15.9428,15.7857,15.0611,16.7829,14.8179,12.0265,9.28242,7.41128,6.65512,7.17776,7.33372,6.96334,6.64832,6.62139,7.23619,7.71121,8.29385,8.9396,8.82748,8.62435,8.35706,8.77513,9.52576,11.0626,12.7207,14.1833,15.0424,17.3463,19.1215,20.2346,20.7347,20.2371,20.2089,21.5061,22.6004,23.3132,23.0354,22.9929,23.6711,24.3955,24.0062,24.471,23.5122,21.2007,18.8215,19.1167
790.5,14.7252,14.3552,15.8713,16.1771,17.9683,17.8853,17.4156,16.9182,17.0915,16.3381,16.9723,15.3822,16.0257,15.9743,16.111,15.8206,15.9601,14.992,16.6003,14.7388,12.0204,9.35364,7.31094,6.68972,7.12088,7.19286,6.96465,6.65333,6.57949,7.17509,7.59531,8.33752,8.84202,8.73211,8.52229,8.3225,8.72459,9.34589,10.8735,12.5783,13.9549,15.0292,17.0814,18.9033,19.922,20.5776,19.9769,19.9672,21.2387,22.0151,22.967,22.5692,22.7539,23.0783,23.9464,23.6722,24.0701,23.1722,20.8726,18.5618,18.8956
791,14.6032,14.1511,15.9206,16.2618,17.8385,17.692,17.1694,17.0225,16.8755,16.0485,16.6548,15.1106,16.0937,15.8361,15.7921,15.5954,15.8743,14.9891,16.3204,14.7226,11.9424,9.37844,7.30654,6.67382,7.01346,7.13447,6.87888,6.59163,6.60985,7.11201,7.51404,8.32204,8.68131,8.50743,8.35661,8.30075,8.65246,9.18808,10.8075,12.5023,13.7691,14.9748,16.8226,18.5339,19.7978,20.1825,19.647,19.8551,20.9062,21.6568,22.7871,22.2334,22.4429,22.395,23.5904,22.8661,23.7727,22.6342,20.6647,18.3338,18.613
791.5,14.7342,14.0674,15.9304,16.144,17.6984,17.4728,17.0979,17.0131,16.7579,15.9102,16.3529,14.8207,16.1703,15.683,15.5425,15.5414,15.645,15.0516,16.3007,14.4765,12.0169,9.28797,7.36549,6.59067,6.87982,7.08043,6.7967,6.49607,6.53726,7.02904,7.46086,8.18612,8.44926,8.24678,8.19994,8.32767,8.51626,9.04024,10.6858,12.5259,13.5542,14.7668,16.5228,18.2944,19.7413,19.8806,19.3731,19.8112,20.6021,21.3319,22.6299,22.1357,22.2237,22.0826,23.308,22.2853,23.5097,22.1508,20.2774,18.2896,18.3887
792,14.8575,14.0047,15.8072,16.0377,17.5389,17.2043,17.0217,16.9127,16.7334,15.7635,16.1897,14.5712,16.0545,15.6285,15.2492,15.3461,15.2025,15.0908,16.3525,14.2122,12.1355,9.22862,7.30007,6.54556,6.76874,7.09619,6.69334,6.46228,6.41005,6.83945,7.42302,8.10835,8.28972,7.9599,7.97851,8.25624,8.38967,9.11211,10.5416,12.2225,13.4837,14.3576,16.2003,17.9441,19.4772,19.5732,19.1612,19.7608,20.251,21.0993,22.4367,22.0119,22.0192,21.8869,22.9655,21.8975,23.2653,21.9328,19.9154,18.0432,18.102
792.5,14.7295,13.9175,15.58,15.8072,17.2986,16.9365,16.8874,16.683,16.5778,15.8104,16.084,14.4135,15.894,15.4044,15.1034,15.237,14.9206,14.894,16.0755,13.768,12.1711,9.1259,7.20977,6.55349,6.72549,7.06171,6.63854,6.44503,6.26818,6.78651,7.27968,8.01502,8.16496,7.79681,7.79691,8.09189,8.2479,9.16418,10.3923,12.0657,13.3975,14.0617,15.799,17.6474,19.2899,19.5125,18.9926,19.4844,19.9707,20.5462,22.158,21.6796,21.8536,21.7747,22.5679,21.7551,22.8507,21.7435,19.7505,17.858,17.7085
793,14.4402,13.8014,15.388,15.6902,16.9818,16.7076,16.7215,16.3114,16.1756,15.7741,15.9149,14.4166,15.5405,15.0941,14.9939,15.1284,14.8773,14.7214,15.6489,13.5912,11.9064,9.14996,7.10065,6.58675,6.69935,7.07801,6.62588,6.45085,6.0891,6.81997,7.18602,7.91182,8.08532,7.7332,7.74641,7.98235,8.042,8.90468,10.2993,11.852,13.3447,13.7837,15.5134,17.5016,18.8835,19.2638,18.8918,19.1575,19.6901,20.2882,21.7237,21.1924,21.5991,21.8263,22.1781,21.7245,22.5487,21.6757,19.6703,17.6844,17.3652
793.5,14.1367,13.6541,15.2732,15.4112,16.7218,16.2976,16.5576,16.194,15.9023,15.6963,15.6959,14.3912,15.2709,14.9777,14.7947,14.8999,14.9278,14.5034,15.1249,13.4448,11.6765,9.15189,7.02241,6.5758,6.72913,7.0539,6.52155,6.41648,5.95676,6.88213,7.11068,7.87444,8.05179,7.7918,7.65565,7.85852,7.90734,8.76977,10.2009,11.8251,13.3366,13.8061,15.3866,17.4057,18.48,18.7004,18.6098,18.8033,19.2531,20.292,21.2941,20.728,21.4393,21.5314,21.912,21.626,22.1204,21.7073,19.6391,17.7458,17.1284
794,13.9243,13.4421,15.1901,15.0356,16.4821,16.0968,16.4079,16.2319,15.7044,15.406,15.4186,14.3355,15.0969,14.8795,14.505,14.6354,14.9001,14.4313,15.0398,13.3914,11.5236,9.13893,6.9677,6.48977,6.69535,7.04438,6.40376,6.39708,5.86564,6.91246,7.06086,7.82205,7.96007,7.8711,7.65719,7.7816,7.80156,8.50477,10.0724,11.7794,13.0883,13.7613,15.3624,17.392,18.0841,18.3436,18.2947,18.4405,18.8927,20.4645,20.8789,20.4159,21.1722,21.105,21.6399,21.5619,22.1094,21.721,19.2463,17.7004,17.0538
794.5,13.7508,13.1627,15.111,14.6475,16.3285,15.8394,16.3813,16.3595,15.8859,14.9663,15.1443,14.1488,14.9113,14.9294,14.2374,14.3087,14.5781,14.5461,14.8953,13.5094,11.5188,9.0493,6.87847,6.32213,6.55961,6.98352,6.23478,6.30905,5.76234,6.87482,6.97446,7.7623,7.916,7.89508,7.61195,7.71609,7.70678,8.46426,9.97844,11.6557,12.8757,13.5049,15.3262,17.2075,17.6951,18.015,18.0144,18.1396,18.5833,20.5271,20.5354,20.144,20.9103,20.4947,21.2602,21.4113,21.8509,21.5443,18.9593,17.5672,16.8525
795,13.5939,12.9823,14.9286,14.3566,16.1965,15.8276,16.3041,16.3282,15.7876,14.5999,14.8965,13.9188,14.8338,14.8483,14.1067,14.0182,14.1459,14.5187,14.9759,13.624,11.535,8.87736,6.78236,6.14574,6.39612,6.85471,6.06889,6.26551,5.61649,6.76341,6.87645,7.64368,7.79729,7.75826,7.5854,7.5983,7.63156,8.18452,9.79572,11.5081,12.5863,13.3797,15.2033,16.9459,17.6448,17.847,17.8197,17.6735,18.5555,20.2361,20.2081,20.1207,20.7903,19.7945,20.7721,21.0126,21.589,21.1246,18.5748,17.2833,16.4663
795.5,13.4887,12.9906,14.8455,14.1491,16.017,15.6728,16.0222,16.0272,15.4842,14.1831,14.7282,13.7423,14.719,14.7387,14.1508,13.9144,13.7857,14.5387,14.8196,13.8335,11.4817,8.70753,6.65852,5.9469,6.27932,6.73056,5.97003,6.15946,5.54588,6.63323,6.71327,7.48999,7.7004,7.62918,7.51856,7.46482,7.4864,8.00121,9.57925,11.3003,12.3059,13.1249,14.9487,16.7456,17.4814,17.7915,17.6558,17.6206,18.4126,19.7766,20.0398,20.0767,20.6338,19.4545,20.2748,20.4164,21.0947,20.6658,18.4756,16.9652,16.1894
796,13.4643,12.9512,14.6804,13.9386,15.8746,15.4633,15.7407,15.6352,15.3082,14.0542,14.5747,13.6081,14.6106,14.5908,14.2657,13.797,13.4534,14.4622,14.6108,13.906,11.3191,8.54014,6.62012,5.82351,6.15691,6.55428,5.92559,6.01742,5.52051,6.41573,6.59441,7.34154,7.66828,7.50714,7.46794,7.36867,7.37443,7.81461,9.39282,11.0488,12.1949,13.0199,14.6962,16.5839,17.4336,17.7371,17.4226,17.4719,18.254,19.3536,19.6799,19.9948,20.5299,19.4076,19.9252,20.0728,20.6901,20.2668,18.6309,16.8266,15.9923
796.5,13.3649,12.8507,14.3419,13.817,15.6169,15.2322,15.3878,15.3785,15.0996,14.0352,14.4355,13.4695,14.4791,14.4875,14.3728,13.6274,13.3636,14.2741,14.2486,13.8588,11.134,8.31585,6.49569,5.75891,6.15341,6.45084,5.89925,5.90394,5.56025,6.25632,6.53032,7.25289,7.64391,7.45596,7.34985,7.28185,7.32562,7.64731,9.21882,10.9654,11.8537,12.7972,14.3252,16.4514,17.2274,17.6737,17.166,17.4776,17.9057,19.0183,19.4774,19.6943,20.2673,19.4198,19.7459,19.7017,20.4039,19.9096,18.6873,16.7224,15.8441
797,13.3072,12.6575,13.9172,13.8548,15.3326,14.9915,15.1258,15.3526,14.8233,14.1979,14.3552,13.3217,14.3908,14.3372,14.3197,13.6165,13.3688,14.1107,14.0265,13.6853,10.9647,8.2518,6.43264,5.72509,6.1537,6.36075,5.8735,5.72373,5.58244,6.12122,6.48617,7.15767,7.54537,7.47152,7.2486,7.18469,7.27476,7.64666,9.26713,10.8371,11.5505,12.3529,14.0998,16.1287,17.0544,17.5319,16.9864,17.4902,17.6843,18.7928,19.2805,19.3915,19.8635,19.2292,19.5598,19.594,20.2603,19.539,18.1672,16.452,15.8214
797.5,13.1669,12.5013,13.4865,14.0118,15.0149,14.7334,14.9831,15.1926,14.6344,13.9779,14.405,13.1366,14.2062,14.1323,14.1497,13.618,13.5243,13.83,13.7771,13.4019,10.8282,8.2229,6.33801,5.67248,6.15845,6.24355,5.80682,5.61492,5.61018,6.06041,6.45944,7.08669,7.39832,7.44752,7.18587,6.97211,7.14767,7.65375,9.24609,10.7212,11.3695,12.1171,13.936,15.8202,16.9238,17.2525,16.8562,17.3726,17.3807,18.6144,19.0271,19.0435,19.3155,19.1132,19.3807,19.3372,20.0944,19.2228,17.8197,16.1125,15.5374
798,12.9606,12.3613,13.2787,14.1229,14.7626,14.6306,14.9656,14.9864,14.3979,13.6912,14.2738,12.9843,13.9426,13.7822,13.8239,13.5833,13.5095,13.6534,13.7084,12.9822,10.6942,8.15942,6.2232,5.69159,6.15572,6.11834,5.71914,5.55416,5.60209,5.97172,6.30848,6.99768,7.24579,7.35808,6.97408,6.73055,7.02454,7.63576,9.13669,10.6193,11.197,11.8567,13.909,15.5099,16.6572,16.9905,16.7105,17.0336,17.1054,18.3242,18.6095,18.7855,18.8811,18.8883,19.2013,18.9733,19.9346,18.8936,17.4792,15.8214,15.4125
798.5,12.7882,12.2846,13.2095,14.1281,14.6126,14.5135,14.8389,14.6378,14.23,13.3179,13.9289,12.8708,13.6794,13.3584,13.5796,13.4544,13.3135,13.5512,13.5253,12.6827,10.6246,8.07759,6.0961,5.70479,6.08576,5.90414,5.56878,5.53447,5.56701,5.90986,6.19978,6.86348,7.14596,7.20895,6.82298,6.49782,6.88471,7.50089,8.9346,10.4287,11.0526,11.6658,13.767,15.2976,16.3399,16.7864,16.4883,16.6791,16.6585,17.7031,18.2333,18.5149,18.5864,18.7072,19.0148,18.697,19.7835,18.7709,17.3052,15.7368,15.1691
799,12.6369,12.0697,13.0881,13.9088,14.531,14.5481,14.8667,14.488,14.0564,13.0174,13.3787,12.7376,13.3273,13.0911,13.3785,13.2473,13.1469,13.4064,13.4949,12.526,10.3499,7.81966,6.02379,5.70137,5.95552,5.68992,5.45033,5.50493,5.44064,5.83512,6.1866,6.67142,7.03983,6.93803,6.6592,6.29963,6.82353,7.27537,8.79561,10.3074,10.9703,11.5292,13.6784,15.1436,15.8793,16.6567,16.2059,16.3938,16.26,17.1863,18.0707,18.1965,18.4719,18.2388,18.6391,18.3692,19.391,18.6059,17.1432,15.5856,14.9939
799.5,12.4068,11.7839,12.9349,13.7233,14.404,14.3627,14.6217,14.3318,13.7743,12.8928,12.8591,12.5519,13.0744,12.9793,13.195,13.0021,12.9514,13.244,13.3875,12.5918,10.1125,7.56325,5.99317,5.6522,5.87329,5.51026,5.36275,5.39755,5.37682,5.77766,6.18489,6.56861,6.93468,6.74084,6.55753,6.15758,6.75611,7.06695,8.65953,10.1456,10.82,11.3492,13.4603,15.0285,15.6292,16.4523,15.8557,16.243,15.999,16.5158,17.8383,17.8806,18.3809,17.7789,18.2503,17.9732,19.2371,18.5563,16.8199,15.4172,14.7681
800,12.2395,11.5719,12.6922,13.3689,14.1465,13.9999,14.3265,14.2765,13.5746,12.8504,12.5396,12.2422,12.8299,12.8391,12.9716,12.7564,12.8925,13.024,13.207,12.3951,9.93974,7.44839,5.94737,5.53638,5.70647,5.438,5.32403,5.27979,5.32077,5.69067,6.13484,6.51337,6.84672,6.60881,6.47037,6.10547,6.62597,7.0107,8.503,10.0512,10.763,11.3247,13.2507,14.8947,15.5108,16.2495,15.3719,16.1529,16.0705,16.1697,17.5802,17.7101,17.9443,17.4878,17.7842,17.6041,18.8858,18.1596,16.3423,15.2155,14.6294
