TITLE,
DATA TYPE,FLUORESCENCE SPECTRUM
ORIGIN,JASCO
OWNER,
DATE,2023/08/07
TIME,14:16:20
SPECTROMETER/DATA SYSTEM,JASCO Corp., FP-8550, Rev. 1.00
DELTAX,0.5
XUNITS,NANOMETERS
YUNITS,INTENSITY
FIRSTX,  500.0000
LASTX,  800.0000
NPOINTS,     601
FIRSTY,    21.29668
MAXY,   457.82544
MINY,     9.61409
XYDATA
,350,355,360,365,370,375,380,385,390,395,400,405,410,415,420,425,430,435,440,445,450,455,460,465,470,475,480,485,490,495,500,505,510,515,520,525,530,535,540,545,550,555,560,565,570,575,580,585,590,595,600,605,610,615,620,625,630,635,640,645,650
500,21.2967,21.965,19.8939,19.661,17.8637,15.8422,14.1055,14.2233,14.3943,14.2469,14.952,15.0102,14.3477,12.9262,12.7209,12.8402,12.5506,10.6824,9.69305,9.84474,10.8564,11.7134,12.2666,11.7469,10.8831,12.849,20.6847,92.1323,354.376,0,0,0,0,0,0,0,0,0,0,0,0,0,0,0,0,0,0,0,0,0,0,0,0,0,0,0,0,0,0,0,0
500.5,21.3824,21.8513,19.9132,19.2693,17.7617,15.6478,14.1939,14.1929,14.0385,14.3869,14.8927,14.854,14.2731,13.0342,12.7206,12.691,12.5456,10.6483,9.60669,9.87931,10.9796,11.7646,12.1553,11.6412,10.8639,12.5754,19.1241,79.1073,329.418,0,0,0,0,0,0,0,0,0,0,0,0,0,0,0,0,0,0,0,0,0,0,0,0,0,0,0,0,0,0,0,0
501,21.3102,21.6385,19.4573,19.2966,17.6458,15.397,14.0073,14.1315,13.8454,14.2471,14.8398,14.5747,14.4507,12.8657,12.8377,12.6711,12.5859,10.6652,9.37903,9.78025,10.9391,11.7896,12.1487,11.4064,10.6475,12.5286,18.0065,67.2772,293.217,0,0,0,0,0,0,0,0,0,0,0,0,0,0,0,0,0,0,0,0,0,0,0,0,0,0,0,0,0,0,0,0
501.5,21.4396,21.4227,19.5843,19.0701,17.5123,15.4844,14.2749,13.9472,13.6709,14.2403,14.8472,14.3906,14.5518,13.0555,12.8665,12.6678,12.3864,10.7853,8.96981,9.78616,11.025,11.6334,12.2054,11.2428,10.6442,12.3323,17.1705,58.1185,264.261,0,0,0,0,0,0,0,0,0,0,0,0,0,0,0,0,0,0,0,0,0,0,0,0,0,0,0,0,0,0,0,0
502,21.1295,21.2917,19.7031,18.9389,17.4228,15.4915,14.1847,14.0212,13.5818,14.2319,14.7234,14.23,14.479,13.1505,12.8011,12.7794,12.3332,10.6711,8.72573,9.78785,11.0397,11.5511,12.0588,11.2287,10.5431,12.0858,16.4193,49.248,236.342,0,0,0,0,0,0,0,0,0,0,0,0,0,0,0,0,0,0,0,0,0,0,0,0,0,0,0,0,0,0,0,0
502.5,20.7444,21.0309,19.5446,18.4835,17.3687,15.5729,14.3314,14.2066,13.7501,13.9158,14.805,13.9005,14.5381,13.4808,12.7699,12.7806,12.2966,10.6965,8.82651,9.85957,10.8992,11.369,11.9183,11.3395,10.474,11.9083,15.8254,42.0746,209.084,0,0,0,0,0,0,0,0,0,0,0,0,0,0,0,0,0,0,0,0,0,0,0,0,0,0,0,0,0,0,0,0
503,20.7969,21.0505,19.2233,18.2817,17.0148,15.6748,14.0418,14.1282,13.6848,13.8685,14.7337,13.617,14.2779,13.6744,12.9282,12.8397,12.088,10.7735,9.22395,9.89079,10.9198,11.3717,11.8064,11.3272,10.5431,11.8896,15.3502,37.0242,185.606,0,0,0,0,0,0,0,0,0,0,0,0,0,0,0,0,0,0,0,0,0,0,0,0,0,0,0,0,0,0,0,0
503.5,20.7626,20.7679,19.2461,18.3807,16.9685,15.8896,13.9734,14.2308,13.6993,13.7523,14.9568,13.7861,14.3804,13.484,12.8277,12.946,12.3446,10.8945,9.69421,10.0371,10.9629,11.3705,11.8005,11.1976,10.4964,11.8862,14.9329,32.1645,160.957,0,0,0,0,0,0,0,0,0,0,0,0,0,0,0,0,0,0,0,0,0,0,0,0,0,0,0,0,0,0,0,0
504,20.5946,20.5112,18.8838,18.1269,16.9742,15.8805,14.0332,14.156,13.8369,13.6547,14.805,13.7361,14.4386,13.3803,12.875,13.0938,12.355,10.9785,9.8528,10.0706,10.7998,11.651,11.8089,11.369,10.5731,11.3404,14.6596,28.0481,140.108,0,0,0,0,0,0,0,0,0,0,0,0,0,0,0,0,0,0,0,0,0,0,0,0,0,0,0,0,0,0,0,0
504.5,20.3371,20.5379,19.298,18.1482,16.9964,15.6937,14.0033,14.0996,13.8169,13.5369,14.9911,14.1571,14.501,13.2649,13.2875,13.103,12.4014,10.9367,9.96358,10.0599,10.8057,11.9182,11.9109,11.3011,10.6564,11.0679,14.3817,24.9189,119.417,0,0,0,0,0,0,0,0,0,0,0,0,0,0,0,0,0,0,0,0,0,0,0,0,0,0,0,0,0,0,0,0
505,19.9541,20.3057,19.4013,17.8173,17.0218,15.2783,13.764,14.1811,13.9088,13.539,14.971,14.1759,14.3892,13.2554,13.3551,13.2305,12.4634,10.9829,10.0578,10.1336,10.767,12.1015,11.8887,11.4073,10.7695,10.8683,14.0533,22.5208,103.176,358.04,0,0,0,0,0,0,0,0,0,0,0,0,0,0,0,0,0,0,0,0,0,0,0,0,0,0,0,0,0,0,0
505.5,19.902,20.3578,19.5153,17.7666,17.1676,15.2656,13.6995,14.0252,13.9632,13.1061,14.9008,14.1773,14.2317,13.3448,13.3627,13.0287,12.3948,10.9999,10.1429,10.1383,10.7846,11.9699,11.7174,11.4794,10.8629,10.7353,13.926,20.3696,88.1395,326.09,0,0,0,0,0,0,0,0,0,0,0,0,0,0,0,0,0,0,0,0,0,0,0,0,0,0,0,0,0,0,0
506,19.9604,20.3387,19.0134,17.3988,16.9558,15.0427,13.8038,13.9129,13.8761,13.1264,14.4708,14.0212,14.3469,13.478,13.3061,13.0757,12.3584,11.0684,10.1045,10.2412,10.761,11.9234,11.6965,11.2467,10.7999,10.7082,13.6401,18.7951,75.1642,295.068,0,0,0,0,0,0,0,0,0,0,0,0,0,0,0,0,0,0,0,0,0,0,0,0,0,0,0,0,0,0,0
506.5,20.0482,20.1132,19.448,17.5628,16.9325,15.0517,13.7784,13.8082,13.7167,13.0376,14.4824,13.9862,14.3442,13.5573,12.9654,12.9706,12.3166,11.0405,10.0588,10.151,10.7517,11.9542,11.5995,11.1535,10.7602,10.6631,13.2915,17.3546,64.8706,264.325,0,0,0,0,0,0,0,0,0,0,0,0,0,0,0,0,0,0,0,0,0,0,0,0,0,0,0,0,0,0,0
507,19.9547,20.1503,18.8153,17.6341,16.8769,15.2556,13.7376,13.9117,13.7192,13.428,14.3241,13.8006,14.0956,13.7997,13.0411,13.1488,12.3569,11.07,10.0868,10.0523,10.8756,12.0029,11.7423,10.9336,10.8087,10.6306,13.1641,16.4585,55.6612,236.478,0,0,0,0,0,0,0,0,0,0,0,0,0,0,0,0,0,0,0,0,0,0,0,0,0,0,0,0,0,0,0
507.5,19.6967,19.7676,19.0022,17.5138,16.9077,15.2215,13.5687,14.0011,13.8954,13.5834,14.548,14.0155,14.178,13.6905,13.1532,13.2532,12.3317,10.9075,9.94016,10.1203,10.6707,12.1612,11.6608,10.7813,10.7931,10.6805,12.8302,15.8841,48.1382,211.774,0,0,0,0,0,0,0,0,0,0,0,0,0,0,0,0,0,0,0,0,0,0,0,0,0,0,0,0,0,0,0
508,19.557,19.6125,18.9165,17.5008,16.9511,15.229,13.7278,13.6828,14.1865,13.7635,14.5069,14.0943,14.0776,13.4968,13.3667,13.1421,12.2281,10.9818,10.0692,10.1513,10.5403,12.0933,11.45,10.7628,10.8018,10.7708,12.8143,15.3141,41.4399,186.707,0,0,0,0,0,0,0,0,0,0,0,0,0,0,0,0,0,0,0,0,0,0,0,0,0,0,0,0,0,0,0
508.5,19.4796,19.4261,18.823,17.4991,16.9448,15.1395,13.7469,13.4256,14.2704,13.7849,14.369,13.9439,14.0931,13.6383,13.3815,12.9694,12.2983,10.8799,9.8916,10.3736,10.5922,12.0132,11.4726,10.7316,10.7634,10.8278,12.4812,15.1218,35.2223,160.773,0,0,0,0,0,0,0,0,0,0,0,0,0,0,0,0,0,0,0,0,0,0,0,0,0,0,0,0,0,0,0
509,19.6292,19.3995,18.7701,17.4676,17.0402,14.7019,13.8152,13.2817,14.1429,13.8221,14.2954,13.9193,14.2289,13.5827,13.3225,12.8983,12.4317,10.9676,9.95376,10.379,10.6704,11.97,11.4888,10.6526,10.878,10.8849,12.4331,14.6003,29.7229,140.583,0,0,0,0,0,0,0,0,0,0,0,0,0,0,0,0,0,0,0,0,0,0,0,0,0,0,0,0,0,0,0
509.5,19.4535,19.1384,18.8403,17.429,16.734,14.5896,13.7148,13.3902,14.0925,13.699,14.3647,13.5619,14.2453,13.4017,13.353,13.0512,12.6033,10.7719,9.7979,10.4451,10.8432,11.825,11.5817,10.568,10.664,10.9744,12.2492,14.1403,25.8381,122.909,0,0,0,0,0,0,0,0,0,0,0,0,0,0,0,0,0,0,0,0,0,0,0,0,0,0,0,0,0,0,0
510,19.5932,19.0795,18.669,17.1514,16.5665,14.4814,13.8284,13.5388,14.1374,13.785,14.2784,13.6278,14.2247,13.4034,13.4466,13.0618,12.6661,10.7164,9.95863,10.3567,10.7618,11.9543,11.6582,10.342,10.6004,10.8102,12.159,13.9624,22.6748,106.719,387.103,0,0,0,0,0,0,0,0,0,0,0,0,0,0,0,0,0,0,0,0,0,0,0,0,0,0,0,0,0,0
510.5,19.363,19.1295,18.2533,17.1825,16.6045,14.4448,13.5371,13.5561,13.8903,13.7521,13.9915,13.6983,14.0848,13.4344,13.4868,13.1348,12.635,10.8988,10.0005,10.3236,10.6433,11.9197,11.6329,10.2081,10.4717,11.0064,12.0516,13.6982,20.3214,92.0405,349.774,0,0,0,0,0,0,0,0,0,0,0,0,0,0,0,0,0,0,0,0,0,0,0,0,0,0,0,0,0,0
511,19.2098,19.0261,17.9158,17.3857,16.6295,14.6037,13.3947,13.5976,13.8568,13.6309,13.5961,13.7347,14.1567,13.2542,13.4959,12.9883,12.4127,11.0449,10.2077,10.24,10.6295,11.9757,11.4813,9.91177,10.5087,10.8059,11.8494,13.8408,18.5769,79.6118,318.488,0,0,0,0,0,0,0,0,0,0,0,0,0,0,0,0,0,0,0,0,0,0,0,0,0,0,0,0,0,0
511.5,18.9478,18.9726,17.6059,17.209,16.7757,14.3965,13.3155,13.5446,13.8539,13.8016,13.772,13.7806,14.2596,13.4088,13.3309,12.8062,12.436,11.0855,10.2827,10.3348,10.5336,12.0366,11.5391,9.88294,10.5625,11.0341,11.6432,13.5193,17.2853,67.5894,289.239,0,0,0,0,0,0,0,0,0,0,0,0,0,0,0,0,0,0,0,0,0,0,0,0,0,0,0,0,0,0
512,18.693,18.7769,17.577,16.9841,16.5919,14.3584,13.3487,13.6626,13.7578,13.9855,13.9161,13.9116,14.0528,13.2851,13.372,12.909,12.4242,11.3774,10.1741,10.4192,10.6769,12.0981,11.457,9.77841,10.4743,10.9008,11.4351,13.4725,16.2626,56.6552,258.003,0,0,0,0,0,0,0,0,0,0,0,0,0,0,0,0,0,0,0,0,0,0,0,0,0,0,0,0,0,0
512.5,18.6725,18.5067,17.9253,17.0222,16.6436,14.2281,13.4639,13.555,13.6377,14.0247,13.8106,13.826,14.042,13.1592,13.212,12.8185,12.5382,11.3327,10.216,10.4504,10.5401,12.0229,11.4943,9.74706,10.3898,10.7705,11.3516,13.2577,15.3738,48.2232,234.174,0,0,0,0,0,0,0,0,0,0,0,0,0,0,0,0,0,0,0,0,0,0,0,0,0,0,0,0,0,0
513,18.6446,18.1054,17.8198,16.7241,16.4687,14.202,13.6215,13.3609,13.3494,14.0832,13.7782,13.8252,13.8968,13.1698,13.1818,12.918,12.6894,11.1104,10.162,10.3767,10.3717,11.8065,11.3974,9.91044,10.2288,10.6902,11.18,13.0937,14.8734,40.7603,209.952,0,0,0,0,0,0,0,0,0,0,0,0,0,0,0,0,0,0,0,0,0,0,0,0,0,0,0,0,0,0
513.5,18.3722,17.8753,17.6836,16.4964,16.3595,14.2029,13.6851,13.3133,13.3369,13.9679,13.4991,13.5561,13.8347,13.124,13.1704,13.0138,12.7918,11.039,9.95243,10.3169,10.2389,11.8516,11.2526,9.88772,10.0841,10.6089,11.2887,12.8121,14.2115,35.3322,185.102,0,0,0,0,0,0,0,0,0,0,0,0,0,0,0,0,0,0,0,0,0,0,0,0,0,0,0,0,0,0
514,18.1708,17.9109,17.7707,16.4133,16.2229,13.9589,13.371,13.1935,13.4421,13.9965,13.5681,13.6708,13.635,13.3276,12.8792,12.8533,12.6233,10.9686,10.0914,10.3267,10.1665,11.9655,11.2728,9.87989,9.89006,10.5509,11.3157,12.3906,13.936,30.6525,161.176,0,0,0,0,0,0,0,0,0,0,0,0,0,0,0,0,0,0,0,0,0,0,0,0,0,0,0,0,0,0
514.5,18.1617,17.8971,17.5886,16.0981,15.8943,14.1409,13.0564,13.1114,13.3863,13.9344,13.8025,13.6667,13.5396,13.4596,12.7491,13.0124,12.3974,10.9087,9.90365,10.2539,10.1793,11.9386,11.3225,9.85026,9.82026,10.6122,11.3346,12.13,13.706,26.4736,140.504,0,0,0,0,0,0,0,0,0,0,0,0,0,0,0,0,0,0,0,0,0,0,0,0,0,0,0,0,0,0
515,18.1417,17.7843,17.3824,15.9344,15.8591,14.2884,12.6013,13.0568,13.2296,13.6719,13.59,13.7425,13.5231,13.5536,12.8058,13.0218,12.5175,10.9447,9.73766,10.2419,10.3505,11.9695,11.3303,9.81879,9.7171,10.5636,11.3405,12.0421,13.3986,23.2622,121.392,412.953,0,0,0,0,0,0,0,0,0,0,0,0,0,0,0,0,0,0,0,0,0,0,0,0,0,0,0,0,0
515.5,17.8132,17.7219,17.1403,15.924,15.5483,14.3432,12.5796,13.0268,13.1888,13.4327,13.8705,13.5726,13.6501,13.1664,12.8901,13.0297,12.3969,10.8113,9.83901,10.257,10.3179,11.8782,11.452,9.70736,9.70503,10.415,11.2077,11.924,13.0966,20.5243,103.406,378.196,0,0,0,0,0,0,0,0,0,0,0,0,0,0,0,0,0,0,0,0,0,0,0,0,0,0,0,0,0
516,17.6846,17.5384,16.8948,15.6387,15.3186,14.2119,12.6072,12.8472,13.2636,13.2613,13.7404,13.549,13.6536,12.8131,12.7775,13.034,12.4198,10.7924,9.70973,10.2728,10.336,11.7414,11.4563,9.66054,9.55208,10.3435,10.959,11.7221,12.9384,18.4113,88.9419,344.888,0,0,0,0,0,0,0,0,0,0,0,0,0,0,0,0,0,0,0,0,0,0,0,0,0,0,0,0,0
516.5,17.397,17.5429,16.9228,15.8022,15.1685,14.1784,12.6273,12.6671,13.1145,13.2849,13.6701,13.1898,13.553,12.9113,12.9371,12.9703,12.194,10.7586,9.81966,10.2224,10.3816,11.7373,11.4144,9.53247,9.43435,10.1528,10.9153,11.6457,12.5072,16.5778,74.6144,311.668,0,0,0,0,0,0,0,0,0,0,0,0,0,0,0,0,0,0,0,0,0,0,0,0,0,0,0,0,0
517,17.3999,17.4841,16.6646,15.4923,15.1203,14.1349,12.6342,12.499,13.0237,13.3295,13.551,12.9297,13.291,12.7989,12.7045,12.9445,12.0554,10.4904,9.78658,10.1459,10.3895,11.657,11.2501,9.50304,9.2998,9.96172,10.8827,11.3509,12.3585,15.6636,63.8937,281.88,0,0,0,0,0,0,0,0,0,0,0,0,0,0,0,0,0,0,0,0,0,0,0,0,0,0,0,0,0
517.5,17.0707,17.4491,16.6841,14.9118,14.9373,14.0348,12.6174,12.3617,12.9185,13.1403,13.5167,12.4865,13.1016,12.9482,12.8819,12.8751,12.0639,10.5935,9.70914,10.1366,10.355,11.8106,11.1377,9.52694,9.18601,9.69477,10.9822,11.1862,12.0861,14.6716,54.4985,247.928,0,0,0,0,0,0,0,0,0,0,0,0,0,0,0,0,0,0,0,0,0,0,0,0,0,0,0,0,0
518,16.9116,17.164,16.5173,14.9938,14.7307,13.826,12.7232,12.2621,12.9574,13.108,13.5229,12.4778,13.0389,12.7398,12.7943,12.6882,12.0484,10.579,9.59135,9.97722,10.3679,11.707,10.9663,9.49759,9.27198,9.5128,11.0627,10.975,11.8492,14.0343,46.0709,220.82,0,0,0,0,0,0,0,0,0,0,0,0,0,0,0,0,0,0,0,0,0,0,0,0,0,0,0,0,0
518.5,16.4791,16.8104,16.4286,15.1132,14.4523,13.6003,12.754,12.2214,12.927,12.857,13.3699,12.6493,13.0304,12.3165,12.8808,12.4406,11.9049,10.5725,9.54043,9.97864,10.2535,11.6588,11.023,9.72193,9.1026,9.41034,10.9758,10.9169,11.5644,13.5284,39.0139,192.295,0,0,0,0,0,0,0,0,0,0,0,0,0,0,0,0,0,0,0,0,0,0,0,0,0,0,0,0,0
519,16.1386,16.6262,16.3385,15.2376,14.428,13.3713,12.5854,12.0386,12.8488,12.9107,13.3067,12.1713,13.019,12.2263,12.828,12.3234,11.8082,10.4467,9.35473,9.8516,10.265,11.6923,11.0694,9.74203,9.04322,9.29292,10.9179,10.8486,11.309,13.1195,32.9185,169.195,0,0,0,0,0,0,0,0,0,0,0,0,0,0,0,0,0,0,0,0,0,0,0,0,0,0,0,0,0
519.5,15.9473,16.3083,16.0894,15.3788,14.0399,13.1993,12.4969,12.217,12.8073,12.6235,13.2034,12.3961,13.041,12.0949,12.7598,12.248,11.5437,10.1984,9.39997,9.80503,10.3601,11.5658,10.8649,9.65862,9.0835,9.29095,10.8176,10.943,11.1259,12.4853,28.3625,146.539,0,0,0,0,0,0,0,0,0,0,0,0,0,0,0,0,0,0,0,0,0,0,0,0,0,0,0,0,0
520,15.8921,16.1719,16.1179,15.3038,13.8273,13.0334,12.4028,11.931,12.6671,12.4737,12.9767,12.3393,12.7883,11.8858,12.6626,12.1785,11.5584,10.183,9.25108,9.81549,10.2425,11.5434,10.8338,9.49955,9.02059,9.19586,10.788,10.7937,10.8044,12.3247,24.4879,127.648,389.392,0,0,0,0,0,0,0,0,0,0,0,0,0,0,0,0,0,0,0,0,0,0,0,0,0,0,0,0
520.5,15.23,16.1381,15.7921,14.7573,13.7238,12.937,12.2919,11.8868,12.6549,12.3084,12.7181,12.47,12.5827,11.9014,12.3438,12.1917,11.5313,10.2164,9.21004,9.87449,10.1395,11.4152,10.8989,9.24073,8.98789,9.196,10.5465,10.8622,10.4478,12.0896,21.5177,110.687,358.655,0,0,0,0,0,0,0,0,0,0,0,0,0,0,0,0,0,0,0,0,0,0,0,0,0,0,0,0
521,15.2457,16.1249,15.7096,14.7416,13.339,12.6481,11.9441,11.7061,12.5426,12.1176,12.6454,12.5795,12.433,11.8732,12.1781,12.0457,11.427,10.2188,9.27077,9.72477,10.1023,11.2876,10.7409,9.39202,8.93893,9.0054,10.2357,10.7711,10.3243,11.9134,19.2915,95.7355,320.421,0,0,0,0,0,0,0,0,0,0,0,0,0,0,0,0,0,0,0,0,0,0,0,0,0,0,0,0
521.5,15.204,15.9011,15.5702,14.0726,13.3309,12.4474,11.6785,11.6792,12.2042,11.9854,12.263,12.3368,12.2063,11.6499,12.0222,11.8439,11.4606,10.1476,9.07506,9.60363,10.008,11.2222,10.6896,9.21897,8.78959,8.72013,10.0235,10.7372,10.1238,11.8087,17.4173,81.3132,289.432,0,0,0,0,0,0,0,0,0,0,0,0,0,0,0,0,0,0,0,0,0,0,0,0,0,0,0,0
522,15.3361,15.7521,15.073,14.1062,13.1068,12.3357,11.507,11.4569,12.0053,11.7077,12.1787,12.0177,12.1356,11.7954,12.0617,11.8433,11.1996,10.0696,9.07869,9.35764,9.87724,11.2262,10.6238,9.47632,8.78325,8.70988,9.83296,10.6114,9.98242,11.3819,15.8986,68.8237,261.317,0,0,0,0,0,0,0,0,0,0,0,0,0,0,0,0,0,0,0,0,0,0,0,0,0,0,0,0
522.5,15.2754,15.4596,14.9255,13.7144,12.8097,12.0398,11.1852,11.3903,11.8404,11.6877,12.0389,11.6972,12.1524,11.5032,11.9876,11.6606,10.915,9.98171,8.98451,9.19107,9.9872,10.9152,10.5962,9.44212,8.78001,8.62389,9.63141,10.4538,9.89655,11.0797,14.5837,58.7588,227.219,0,0,0,0,0,0,0,0,0,0,0,0,0,0,0,0,0,0,0,0,0,0,0,0,0,0,0,0
523,15.0806,15.0946,14.6693,13.4163,12.7778,12.1129,11.085,11.2089,11.7061,11.336,12.1887,11.7259,12.1972,11.2428,11.8439,11.5663,10.8496,9.97834,8.87936,9.11123,9.72472,10.8205,10.5502,9.52043,8.70528,8.74374,9.40461,10.5971,9.74531,10.6301,13.6847,50.15,203.287,0,0,0,0,0,0,0,0,0,0,0,0,0,0,0,0,0,0,0,0,0,0,0,0,0,0,0,0
523.5,14.9527,14.7841,14.3722,13.4312,12.7643,12.2129,10.7909,11.2355,11.542,11.4779,11.8069,11.8109,12.0552,11.2597,11.5369,11.4246,10.9066,9.91636,8.74083,9.00493,9.5694,10.5903,10.4341,9.46867,8.61723,8.72276,9.18922,10.5064,9.8317,10.4672,12.7986,42.6973,179.02,0,0,0,0,0,0,0,0,0,0,0,0,0,0,0,0,0,0,0,0,0,0,0,0,0,0,0,0
524,14.4778,14.5557,14.239,12.9702,12.6238,12.0753,10.7897,11.1224,11.3354,11.2026,11.9343,11.7179,11.8965,11.057,11.2902,11.396,10.8059,9.90248,8.6201,9.03396,9.40515,10.603,10.3744,9.4242,8.55858,8.66978,8.99863,10.4289,9.72277,10.3216,12.4505,36.2714,158.224,0,0,0,0,0,0,0,0,0,0,0,0,0,0,0,0,0,0,0,0,0,0,0,0,0,0,0,0
524.5,14.4777,14.2917,14.0958,12.7941,12.5528,11.907,10.7592,11.0936,11.0432,11.0216,11.5443,11.7932,11.7255,10.7566,11.1855,11.3059,10.615,9.78653,8.37104,8.91255,9.34187,10.4935,10.4789,9.23529,8.64134,8.53995,8.98037,10.203,9.76513,10.1499,12.218,30.9355,137.674,0,0,0,0,0,0,0,0,0,0,0,0,0,0,0,0,0,0,0,0,0,0,0,0,0,0,0,0
525,14.2316,14.093,13.905,12.6545,12.2715,11.743,10.6664,10.9837,10.9184,10.8891,11.3817,11.6098,11.416,10.6565,10.9308,11.1495,10.69,9.66689,8.3488,8.66914,9.39449,10.4758,10.4496,9.13048,8.6224,8.35486,8.91814,10.0706,9.62368,9.94912,12.0264,26.5139,118.867,388.227,0,0,0,0,0,0,0,0,0,0,0,0,0,0,0,0,0,0,0,0,0,0,0,0,0,0,0
525.5,14.2485,14.0115,13.8917,12.2257,12.0894,11.6123,10.3554,10.6956,10.8037,10.6929,11.3847,11.4499,11.268,10.6306,11.0421,11.0453,10.3943,9.43613,8.17996,8.60206,9.07241,10.4536,10.3505,9.08323,8.65365,8.20678,8.92364,9.96985,9.63262,9.77745,11.7087,23.2563,103.145,353.036,0,0,0,0,0,0,0,0,0,0,0,0,0,0,0,0,0,0,0,0,0,0,0,0,0,0,0
526,14.1316,13.8059,13.7615,12.4877,12.0669,11.4734,10.2098,10.5223,10.9087,10.8472,11.4766,11.288,11.1075,10.4795,10.862,10.9143,10.2526,9.28069,8.10445,8.41232,9.08579,10.4896,10.3073,9.0596,8.68315,8.22783,8.77383,9.78514,9.64606,9.6002,11.4201,20.3953,89,321.161,0,0,0,0,0,0,0,0,0,0,0,0,0,0,0,0,0,0,0,0,0,0,0,0,0,0,0
526.5,13.8692,13.6621,13.4168,12.1823,12.0524,11.4487,10.2023,10.3489,10.8033,10.7557,11.4866,11.1789,10.9466,10.7296,10.722,10.8069,10.1756,9.03151,8.20146,8.47013,8.97661,10.407,10.2355,9.09283,8.52164,8.19945,8.70033,9.65028,9.62928,9.35503,11.2009,18.1443,77.353,281.675,0,0,0,0,0,0,0,0,0,0,0,0,0,0,0,0,0,0,0,0,0,0,0,0,0,0,0
527,13.7276,13.6697,13.2357,11.916,11.8279,11.2403,10.0827,10.3613,10.8238,10.815,11.3713,10.9713,10.8547,10.6044,10.3987,10.5233,10.1425,8.9447,8.07451,8.44691,8.8583,10.1972,10.1925,9.01136,8.47167,8.24107,8.73901,9.47834,9.54628,9.3304,11.0621,16.3458,66.1107,251.746,0,0,0,0,0,0,0,0,0,0,0,0,0,0,0,0,0,0,0,0,0,0,0,0,0,0,0
527.5,13.6356,13.3278,13.128,11.669,11.6015,11.1475,9.91919,10.1148,10.6076,10.5567,11.321,10.7257,10.7525,10.6383,10.2164,10.4493,9.97997,8.89521,8.03468,8.54875,9.09553,10.1141,10.2885,9.01808,8.45401,8.21499,8.6719,9.36895,9.60357,9.28207,10.6466,15.214,56.2744,221.663,0,0,0,0,0,0,0,0,0,0,0,0,0,0,0,0,0,0,0,0,0,0,0,0,0,0,0
528,13.4101,13.066,12.8854,11.6144,11.4691,10.9467,9.6773,10.0548,10.3488,10.4692,11.0714,10.7767,10.5094,10.3018,10.0147,10.3481,10.0058,8.79677,7.85683,8.52837,8.95261,10.0464,10.278,8.92814,8.33726,8.093,8.63078,9.25798,9.54731,9.29049,10.5468,14.2856,47.7445,198.285,0,0,0,0,0,0,0,0,0,0,0,0,0,0,0,0,0,0,0,0,0,0,0,0,0,0,0
528.5,13.2391,12.9287,12.7985,11.3684,11.3618,10.74,9.43436,9.94957,10.2342,10.1921,10.8718,10.749,10.4876,10.216,9.78232,10.1763,9.87316,8.85767,7.76484,8.4737,8.90653,9.92541,10.2531,8.93144,8.34183,8.18537,8.57739,9.10894,9.70364,9.15357,10.3644,13.6793,41.3116,174.093,0,0,0,0,0,0,0,0,0,0,0,0,0,0,0,0,0,0,0,0,0,0,0,0,0,0,0
529,12.9681,12.7732,12.6301,11.2614,11.2009,10.6662,9.25318,9.75739,10.1729,10.0304,10.719,10.6327,10.1778,9.93582,9.64153,10.1461,9.67677,8.88577,7.66718,8.30174,8.76479,9.89799,10.0265,8.85941,8.35026,8.16409,8.63647,9.01265,9.65639,9.1286,10.4707,13.1139,35.7787,153.913,0,0,0,0,0,0,0,0,0,0,0,0,0,0,0,0,0,0,0,0,0,0,0,0,0,0,0
529.5,13.0066,12.5696,12.5248,11.0994,11.0453,10.368,9.35569,9.87468,9.92395,9.72682,10.6414,10.5784,10.0189,9.92658,9.56705,10.0121,9.49924,8.79341,7.56738,8.1948,8.66717,9.88072,9.88381,8.74162,8.29799,8.32232,8.6081,8.91844,9.5138,9.19126,10.3529,12.7049,30.4453,134.266,0,0,0,0,0,0,0,0,0,0,0,0,0,0,0,0,0,0,0,0,0,0,0,0,0,0,0
530,12.8242,12.2764,12.3318,11.1107,10.7822,10.3357,9.2283,9.52306,9.91143,9.64154,10.3805,10.3255,9.97842,9.70463,9.48954,9.92687,9.44601,8.76466,7.50527,8.10315,8.68166,9.89449,9.90543,8.5738,8.29021,8.20994,8.61136,8.90084,9.46076,9.15655,10.2371,12.4475,26.1679,117.595,368.679,0,0,0,0,0,0,0,0,0,0,0,0,0,0,0,0,0,0,0,0,0,0,0,0,0,0
530.5,12.6163,12.2038,12.1581,10.9172,10.6771,10.072,9.49149,9.30088,9.80902,9.38601,10.2005,10.105,10.0066,9.52682,9.34252,9.7754,9.28849,8.65836,7.33368,8.08757,8.47954,9.75211,9.80114,8.52742,8.31183,8.36362,8.50334,8.80874,9.38623,9.2662,10.1448,12.2021,22.6546,102.229,336.818,0,0,0,0,0,0,0,0,0,0,0,0,0,0,0,0,0,0,0,0,0,0,0,0,0,0
531,12.3867,11.6978,11.8396,10.8034,10.5595,10.0119,9.16851,9.33577,9.71931,9.49175,10.1047,9.91123,10.0001,9.28319,9.31974,9.71347,9.34995,8.53002,7.1544,7.96411,8.41257,9.59163,9.80373,8.65022,8.35373,8.16205,8.40043,8.7737,9.51894,9.35893,10.1132,12.052,20.4354,89.3872,303.785,0,0,0,0,0,0,0,0,0,0,0,0,0,0,0,0,0,0,0,0,0,0,0,0,0,0
531.5,12.255,11.7228,11.7034,10.8656,10.6168,9.66804,9.11619,9.3383,9.66996,9.67093,10.0774,9.88388,9.76688,8.93994,9.17517,9.50455,9.16716,8.41098,7.1801,7.95925,8.35584,9.49453,9.8061,8.57839,8.31483,7.98774,8.35946,8.89986,9.50522,9.36419,10.059,11.9421,18.6074,77.4559,272.904,0,0,0,0,0,0,0,0,0,0,0,0,0,0,0,0,0,0,0,0,0,0,0,0,0,0
532,12.0927,11.5345,11.4805,10.8405,10.4964,9.6028,8.8766,9.25786,9.50555,9.73219,9.90342,9.76615,9.70013,8.85806,9.26853,9.41463,9.20412,8.2778,7.12905,7.85657,8.37968,9.42605,9.69815,8.60946,8.40478,8.1415,8.48825,8.90546,9.39561,9.41906,10.0642,11.7924,17.0163,67.5459,248.738,0,0,0,0,0,0,0,0,0,0,0,0,0,0,0,0,0,0,0,0,0,0,0,0,0,0
532.5,11.9829,11.5379,11.4683,10.6817,10.3758,9.52527,8.8413,9.07266,9.38034,9.62085,10.0057,9.71213,9.74317,8.6037,9.21254,9.30595,9.04672,8.1182,7.39865,7.7798,8.32311,9.29133,9.55607,8.55907,8.32845,8.16254,8.59421,8.90343,9.24075,9.46604,9.99393,11.6717,15.794,58.6811,217.612,0,0,0,0,0,0,0,0,0,0,0,0,0,0,0,0,0,0,0,0,0,0,0,0,0,0
533,11.7991,11.4908,11.37,10.7902,10.2136,9.47277,8.81968,9.01158,9.21573,9.40405,9.89383,9.53197,9.65192,8.78015,9.001,9.19881,8.94436,8.05462,7.2968,7.63245,8.25873,9.21815,9.37272,8.44372,8.22702,8.24963,8.68979,8.96819,9.25004,9.63326,10.0158,11.5313,14.7298,50.2748,194.347,0,0,0,0,0,0,0,0,0,0,0,0,0,0,0,0,0,0,0,0,0,0,0,0,0,0
533.5,11.6265,11.2308,11.1916,10.6136,10.2125,9.38203,8.71095,8.95063,9.1586,9.19344,9.97374,9.65892,9.38073,8.79874,8.81695,9.06701,8.89125,7.90354,7.16185,7.58172,8.26725,9.12008,9.33843,8.48934,8.19435,8.10641,8.74493,9.04011,9.10581,9.496,10.0532,11.3864,14.2776,43.0482,172.286,0,0,0,0,0,0,0,0,0,0,0,0,0,0,0,0,0,0,0,0,0,0,0,0,0,0
534,11.4449,11.3023,10.9471,10.3921,10.091,9.29087,8.64579,8.81464,8.99751,9.08552,9.93942,9.39169,9.14454,8.85594,8.65695,8.93545,8.77274,7.83002,7.10754,7.5247,8.19012,9.1179,9.40102,8.50937,8.17006,8.17097,8.70498,8.93456,9.1389,9.61181,10.1456,11.3135,13.7963,36.8106,153.85,0,0,0,0,0,0,0,0,0,0,0,0,0,0,0,0,0,0,0,0,0,0,0,0,0,0
534.5,11.2912,11.1249,10.8615,10.1272,9.99086,9.24612,8.56358,8.80622,8.9367,9.06384,9.71787,9.24006,8.96939,8.76669,8.7397,8.82146,8.71132,7.8629,7.11212,7.53361,8.04072,8.91562,9.26698,8.48872,8.14223,8.1841,8.70273,8.98544,9.00056,9.65838,10.2286,11.274,13.5641,32.0959,134.385,0,0,0,0,0,0,0,0,0,0,0,0,0,0,0,0,0,0,0,0,0,0,0,0,0,0
535,11.1593,10.9691,10.7354,9.95467,9.74043,9.10551,8.43811,8.67955,8.85261,8.9314,9.5684,9.15805,8.99379,8.58412,8.6758,8.5602,8.50916,7.82772,7.18936,7.45422,7.95083,8.8839,9.25614,8.51044,8.17619,8.24229,8.67829,8.71181,9.10081,9.72913,10.217,11.1202,13.3757,28.1841,119.647,351.694,0,0,0,0,0,0,0,0,0,0,0,0,0,0,0,0,0,0,0,0,0,0,0,0,0
535.5,10.9366,10.8272,10.5836,9.78975,9.58397,9.13529,8.36689,8.57201,8.83564,8.81985,9.45759,8.98601,8.84865,8.44353,8.62092,8.53046,8.3649,7.91089,7.05718,7.45676,7.90569,8.86131,9.21862,8.59231,8.24748,8.30572,8.65555,8.8031,8.99527,9.7414,10.3071,11.0675,13.3769,25.1038,106.141,315.239,0,0,0,0,0,0,0,0,0,0,0,0,0,0,0,0,0,0,0,0,0,0,0,0,0
536,10.862,10.6533,10.3434,9.79083,9.44928,9.05278,8.38924,8.48375,8.81814,8.75637,9.32719,9.08231,8.76852,8.29603,8.46448,8.44111,8.4291,7.76047,6.88856,7.25962,7.8823,8.90874,9.11935,8.57837,8.18119,8.16072,8.78068,8.93819,9.06902,9.69737,10.3433,10.9424,13.2412,22.2045,92.4707,286.283,0,0,0,0,0,0,0,0,0,0,0,0,0,0,0,0,0,0,0,0,0,0,0,0,0
536.5,10.8096,10.5765,10.2616,9.77432,9.4826,9.00122,8.34909,8.39661,8.821,8.71024,9.32338,8.86146,8.76922,8.38679,8.38284,8.44169,8.22611,7.5827,6.67062,7.22036,7.87154,8.977,9.12106,8.51547,8.26337,8.30112,8.88451,9.26244,8.97793,9.76778,10.2852,11.0966,12.9987,20.1808,80.1304,261.554,0,0,0,0,0,0,0,0,0,0,0,0,0,0,0,0,0,0,0,0,0,0,0,0,0
537,10.7466,10.4842,10.1298,9.82539,9.35606,8.98181,8.24708,8.11283,8.67787,8.55944,9.28742,8.70105,8.7501,8.4007,8.33115,8.37568,8.13583,7.54061,6.61482,7.21172,7.74821,8.92892,8.96911,8.25039,8.09385,8.15971,9.03083,9.28654,9.19948,9.84737,10.4244,11.1017,12.8295,18.772,69.583,232.303,0,0,0,0,0,0,0,0,0,0,0,0,0,0,0,0,0,0,0,0,0,0,0,0,0
537.5,10.6262,10.4089,10.216,9.53715,9.23301,9.02753,8.08918,8.02858,8.54112,8.38378,9.26271,8.61451,8.69181,8.48656,8.23337,8.30711,7.91974,7.4092,6.50854,7.07737,7.6386,8.7902,8.96454,8.36663,8.00054,8.16316,9.12289,9.38168,9.40323,9.63654,10.6439,11.2351,12.8886,17.7326,60.0809,206.42,0,0,0,0,0,0,0,0,0,0,0,0,0,0,0,0,0,0,0,0,0,0,0,0,0
538,10.5085,10.208,10.0879,9.24854,9.29915,8.82683,7.91661,7.89979,8.20436,8.55988,9.2579,8.47798,8.55619,8.3582,8.0861,8.33179,7.91184,7.29894,6.49292,7.02693,7.59005,8.73404,8.87428,8.34036,8.10941,8.24208,9.12685,9.34083,9.50334,9.62313,10.861,11.4032,12.9561,17.0515,52.8601,184.786,0,0,0,0,0,0,0,0,0,0,0,0,0,0,0,0,0,0,0,0,0,0,0,0,0
538.5,10.4183,10.095,9.82641,9.06505,9.2725,8.75427,8.09224,8.16084,8.14526,8.47893,9.15108,8.5031,8.47563,8.3063,7.98667,8.20913,7.83863,7.1421,6.44464,7.03653,7.63142,8.72748,8.933,8.57129,8.15672,8.31199,9.25696,9.44119,9.77209,9.76855,11.1609,11.6766,13.3476,16.8421,46.5829,164.265,0,0,0,0,0,0,0,0,0,0,0,0,0,0,0,0,0,0,0,0,0,0,0,0,0
539,10.3757,10.0845,9.8442,9.24009,9.04819,8.5771,7.98631,8.00406,8.10128,8.60824,9.13092,8.3875,8.4475,8.137,7.84162,8.03683,7.70546,7.10104,6.43027,6.9876,7.75193,8.55544,8.99574,8.60749,8.16463,8.42289,9.32912,9.38116,9.93872,9.9859,11.1817,11.893,13.1761,16.4766,40.9218,145.755,0,0,0,0,0,0,0,0,0,0,0,0,0,0,0,0,0,0,0,0,0,0,0,0,0
539.5,10.2529,9.82655,9.85318,9.20601,9.05139,8.58316,8.02322,7.87959,8.10946,8.40334,9.02076,8.20434,8.40817,8.18423,7.7578,7.90758,7.56519,7.06447,6.37269,6.99284,7.68672,8.63592,8.85611,8.69344,8.12193,8.35025,9.45469,9.53452,10.1227,10.1574,11.3551,12.1126,13.3578,16.3421,36.2788,126.442,0,0,0,0,0,0,0,0,0,0,0,0,0,0,0,0,0,0,0,0,0,0,0,0,0
540,10.3499,9.76178,9.77558,9.33547,9.00106,8.4637,7.80916,7.94532,8.17219,8.32757,8.84894,8.14461,8.30589,8.03477,7.7814,7.81751,7.42346,6.99342,6.4549,6.95446,7.68104,8.58688,8.86604,8.78743,8.16341,8.18859,9.49588,9.62836,10.2745,10.3842,11.5225,12.4012,13.4286,16.1666,32.559,114.828,351.387,0,0,0,0,0,0,0,0,0,0,0,0,0,0,0,0,0,0,0,0,0,0,0,0
540.5,10.2833,9.90053,9.79152,9.25627,9.06743,8.40367,7.78433,8.02633,8.17991,8.25939,8.67862,8.0126,8.17341,7.97991,7.69061,7.86384,7.4609,6.95663,6.42049,6.98108,7.58199,8.52622,8.86467,8.83033,8.32008,8.07523,9.60704,9.75716,10.3823,10.6923,11.9044,12.6432,13.6801,16.1053,29.0842,101.228,317.937,0,0,0,0,0,0,0,0,0,0,0,0,0,0,0,0,0,0,0,0,0,0,0,0
541,10.2258,9.73495,9.71094,9.2257,8.86945,8.42499,7.81324,8.04568,8.07731,8.15366,8.60298,8.04355,8.118,7.74375,7.65409,7.81604,7.46764,6.83831,6.22958,6.92854,7.4577,8.54748,8.90409,8.81074,8.3877,8.20458,9.64223,9.96339,10.5278,10.7231,11.9777,12.9737,14.0103,16.1344,27.1721,91.2454,287.741,0,0,0,0,0,0,0,0,0,0,0,0,0,0,0,0,0,0,0,0,0,0,0,0
541.5,10.1893,9.73118,9.78365,9.18587,8.75527,8.47177,7.91647,7.76969,8.0216,8.15429,8.36158,8.0459,8.01359,7.678,7.41871,7.72851,7.43012,6.73923,6.3979,6.9117,7.39706,8.44995,8.91445,8.79283,8.35505,8.48159,9.71705,10.0257,10.4936,10.8438,12.2075,13.318,14.1539,16.228,25.3012,81.2557,262.08,0,0,0,0,0,0,0,0,0,0,0,0,0,0,0,0,0,0,0,0,0,0,0,0
542,10.2018,9.57127,9.68808,9.12327,8.57752,8.44549,7.80036,7.82655,7.92894,8.11627,8.39257,8.08362,7.95735,7.53824,7.30663,7.73925,7.38868,6.76682,6.37483,6.88611,7.28297,8.3564,8.92016,8.83742,8.32008,8.82291,9.70378,10.1784,10.5586,11.015,12.5424,13.697,14.2152,16.4711,24.1993,72.4786,239.447,0,0,0,0,0,0,0,0,0,0,0,0,0,0,0,0,0,0,0,0,0,0,0,0
542.5,10.2509,9.74758,9.87458,9.07584,8.48503,8.45604,7.69159,7.74318,7.83186,8.05386,8.22456,7.97997,7.94803,7.56716,7.14193,7.53273,7.20868,6.74899,6.41201,6.85758,7.3341,8.3476,8.87381,8.85878,8.39967,8.97986,9.79119,10.2579,10.5404,11.425,12.7875,14.0751,14.5926,16.7403,23.1002,64.5522,214.451,0,0,0,0,0,0,0,0,0,0,0,0,0,0,0,0,0,0,0,0,0,0,0,0
543,10.3202,9.56089,9.80144,8.9731,8.48751,8.36822,7.49055,7.76005,7.84134,8.01738,8.28975,7.84307,7.90494,7.49146,7.16797,7.48556,6.99453,6.69117,6.24669,6.79513,7.30097,8.28368,8.73538,8.76833,8.47749,9.10372,9.89728,10.3207,10.6736,11.5914,12.9449,14.4328,15.0001,17.189,22.5719,56.3878,192.519,0,0,0,0,0,0,0,0,0,0,0,0,0,0,0,0,0,0,0,0,0,0,0,0
543.5,10.2039,9.42428,9.76701,8.99056,8.56605,8.44301,7.6188,7.86443,7.85554,7.9223,8.26419,7.6902,7.86676,7.44212,7.05952,7.39401,6.91385,6.59908,6.35767,6.75665,7.22114,8.32625,8.6885,8.65945,8.5376,9.13208,9.99773,10.4891,11.0591,11.8155,13.2086,14.9652,15.4139,17.2316,22.6674,50.3898,171.045,0,0,0,0,0,0,0,0,0,0,0,0,0,0,0,0,0,0,0,0,0,0,0,0
544,10.1521,9.3081,9.73406,8.89416,8.6034,8.37783,7.68335,7.75721,7.84313,7.97152,8.04887,7.70947,7.79535,7.35573,7.03585,7.40559,6.80128,6.43734,6.33926,6.7495,7.15239,8.32311,8.58389,8.67584,8.71086,9.28694,10.1434,10.6829,11.0245,11.8281,13.6427,15.347,15.7949,17.5644,22.9253,45.2287,153.279,0,0,0,0,0,0,0,0,0,0,0,0,0,0,0,0,0,0,0,0,0,0,0,0
544.5,9.95525,9.31598,9.7258,8.8419,8.5938,8.34327,7.57291,7.72827,7.79315,7.89756,7.99442,7.68538,7.6898,7.1749,6.93495,7.27545,6.64573,6.30784,6.32061,6.68368,7.01551,8.31175,8.78975,8.66356,8.70944,9.12419,10.2654,10.9381,11.2808,12.1218,13.9601,15.7631,16.139,18.025,23.145,42.0277,137.304,0,0,0,0,0,0,0,0,0,0,0,0,0,0,0,0,0,0,0,0,0,0,0,0
545,9.95306,9.25732,9.65894,8.75414,8.60271,8.27347,7.66372,7.53914,7.79309,7.88895,7.87352,7.68913,7.64139,7.03916,6.81769,7.21314,6.60714,6.29444,6.2615,6.66471,7.01164,8.17463,8.65531,8.66438,8.5692,9.16273,10.4984,11.1647,11.4385,12.6307,14.2789,16.0884,16.6177,18.5097,23.4609,38.7244,123.421,337.642,0,0,0,0,0,0,0,0,0,0,0,0,0,0,0,0,0,0,0,0,0,0,0
545.5,9.88892,9.48693,9.61706,8.86511,8.50997,8.07283,7.4323,7.52036,7.79559,7.84261,7.8639,7.75976,7.38202,6.96465,6.86969,7.03226,6.6427,6.19845,6.01233,6.6219,7.03447,8.1156,8.74998,8.58351,8.57994,9.18501,10.7785,11.4569,11.8322,12.9408,14.7807,16.6485,16.8976,18.8149,23.4267,35.2466,110.556,312.736,0,0,0,0,0,0,0,0,0,0,0,0,0,0,0,0,0,0,0,0,0,0,0
546,10.0016,9.55523,9.50352,8.89046,8.7179,8.06452,7.41152,7.42798,7.79387,7.84972,7.98101,7.56181,7.35235,6.82994,6.82541,7.03826,6.53694,6.23817,5.95571,6.63043,7.0285,8.04102,8.73847,8.60367,8.47427,9.35809,10.9195,11.5417,12.0555,13.3395,15.3108,16.732,17.5915,19.479,24.0364,33.6209,99.8517,289.169,0,0,0,0,0,0,0,0,0,0,0,0,0,0,0,0,0,0,0,0,0,0,0
546.5,9.91518,9.54836,9.34168,8.90047,8.76083,8.07665,7.56527,7.49972,7.7572,7.92214,7.81363,7.49409,7.15152,6.90175,6.84498,7.04744,6.56351,6.13797,5.97372,6.66968,7.03885,7.88995,8.67094,8.57789,8.71614,9.62614,11.0416,11.7552,12.1146,13.7392,15.7328,17.1116,18.0887,19.9882,24.6572,32.4563,88.8317,265.642,0,0,0,0,0,0,0,0,0,0,0,0,0,0,0,0,0,0,0,0,0,0,0
547,9.78661,9.55406,9.32916,8.85298,8.87874,8.03226,7.55387,7.48259,7.62862,7.85424,7.73038,7.39169,7.16852,6.82824,6.6919,6.93542,6.55083,5.85873,6.06262,6.55421,6.98626,7.81642,8.48364,8.60852,8.8598,9.52729,11.0782,11.9975,12.4646,14.0528,16.1161,17.3443,18.5835,20.6122,25.4806,32.2175,80.2012,242.561,0,0,0,0,0,0,0,0,0,0,0,0,0,0,0,0,0,0,0,0,0,0,0
547.5,9.67332,9.30109,9.32276,8.88503,8.77974,8.13354,7.65822,7.63219,7.54324,7.90885,7.67317,7.23123,7.10318,6.82397,6.79745,6.71675,6.53894,5.87689,6.04628,6.4426,6.91645,7.78322,8.42612,8.62262,8.85933,9.48647,11.117,12.1038,12.5442,14.3851,16.4146,18.099,19.1662,21.3042,25.7442,31.8562,73.181,216.139,0,0,0,0,0,0,0,0,0,0,0,0,0,0,0,0,0,0,0,0,0,0,0
548,9.61409,9.11036,9.34255,8.99549,8.82074,8.20842,7.77919,7.66307,7.52968,7.84309,7.64979,7.25158,7.20795,6.73695,6.78649,6.67582,6.44406,5.82497,5.89945,6.22584,6.69561,7.81156,8.46106,8.69405,9.01576,9.37436,11.3052,12.332,12.9483,14.52,16.8412,18.6203,20.0046,21.5951,26.0627,31.8777,67.4765,191.619,0,0,0,0,0,0,0,0,0,0,0,0,0,0,0,0,0,0,0,0,0,0,0
548.5,9.65878,8.82857,9.22104,8.85244,8.80109,8.30092,7.72482,7.80335,7.53657,7.68709,7.83807,7.12935,7.23443,6.73193,6.76254,6.63122,6.44483,5.83303,5.65214,6.02914,6.58949,7.86049,8.52421,8.76465,8.95106,9.43744,11.3949,12.3764,13.3408,14.7149,17.2684,19.048,20.7095,22.0779,26.7722,32.3312,62.1937,172.655,0,0,0,0,0,0,0,0,0,0,0,0,0,0,0,0,0,0,0,0,0,0,0
549,9.62211,9.01622,9.4026,8.87897,8.91003,8.36968,7.93578,7.84501,7.60396,7.73288,7.99508,7.1331,7.17325,6.73092,6.71718,6.53931,6.27888,5.89473,5.50084,6.00831,6.42059,7.80404,8.49119,8.77731,9.02471,9.67977,11.5058,12.5632,13.7957,14.7517,17.5439,19.5875,21.1356,22.6419,27.2976,32.2808,57.2558,160.574,0,0,0,0,0,0,0,0,0,0,0,0,0,0,0,0,0,0,0,0,0,0,0
549.5,9.65834,9.08663,9.2809,8.87378,9.04728,8.34186,7.87184,7.85453,7.79957,7.62009,7.886,7.29412,7.06327,6.77691,6.58751,6.48971,6.23619,5.86026,5.44398,5.99913,6.55556,7.85695,8.52119,8.55934,9.15039,9.63438,11.5817,12.828,13.9571,15.027,18.0386,20.1799,22.0141,23.2902,27.8375,31.8243,53.6776,145.814,0,0,0,0,0,0,0,0,0,0,0,0,0,0,0,0,0,0,0,0,0,0,0
550,9.64129,9.21789,9.30141,8.84122,9.09202,8.34921,7.73367,7.74248,7.80485,7.73495,7.92308,7.09666,7.06518,6.70253,6.41821,6.4704,6.03026,5.86755,5.4139,6.07593,6.58295,7.76488,8.56036,8.51058,9.01717,9.77917,11.6346,13.1116,14.0293,15.5377,18.1724,20.8746,22.2328,23.605,28.616,31.7412,50.3796,130.33,320.38,0,0,0,0,0,0,0,0,0,0,0,0,0,0,0,0,0,0,0,0,0,0
550.5,9.66254,9.56535,9.11079,9.01322,9.15546,8.32288,7.61832,7.57718,7.81,7.75294,7.76309,7.2192,7.01231,6.69042,6.38841,6.47079,6.04881,5.80367,5.44133,6.12979,6.72562,7.77982,8.51827,8.46752,9.07306,9.77933,11.861,13.2434,13.9377,15.9064,18.5214,21.3249,22.8092,24.2084,28.8487,31.5587,47.6117,120.177,304.478,0,0,0,0,0,0,0,0,0,0,0,0,0,0,0,0,0,0,0,0,0,0
551,9.69861,9.60123,9.15881,8.99312,9.09118,8.35677,7.70815,7.56114,7.83475,7.77693,7.65911,7.20266,6.95744,6.6268,6.4025,6.44971,6.01803,5.60379,5.37321,6.02854,6.76052,7.72345,8.48979,8.60779,9.05779,10.0977,12.0953,13.5911,14.2167,16.2007,18.6629,21.835,23.7864,24.8501,29.7754,32.5246,46.1618,110.888,284.607,0,0,0,0,0,0,0,0,0,0,0,0,0,0,0,0,0,0,0,0,0,0
551.5,9.69954,9.67567,9.21033,9.09451,9.03749,8.54328,7.884,7.7727,7.77475,7.71637,7.67956,7.3439,6.9861,6.52908,6.45624,6.42102,6.08425,5.6171,5.36766,6.01278,6.66905,7.5595,8.38807,8.72666,9.18385,10.3467,12.2182,13.759,14.4693,16.3249,19.1618,22.4249,24.6477,25.7702,30.2353,33.0185,45.2316,100.849,263.198,0,0,0,0,0,0,0,0,0,0,0,0,0,0,0,0,0,0,0,0,0,0
552,9.81695,9.4841,9.42615,9.21799,9.10659,8.6196,8.15275,7.77363,7.83233,7.75674,7.84129,7.16339,6.98161,6.42351,6.36306,6.3699,6.04415,5.50391,5.31964,5.88159,6.6649,7.53922,8.29736,8.73694,9.22318,10.6863,12.4452,13.9302,14.7328,16.5164,19.0576,22.9805,25.6411,27.251,30.9811,33.6714,44.7693,91.8077,236.765,0,0,0,0,0,0,0,0,0,0,0,0,0,0,0,0,0,0,0,0,0,0
552.5,9.87614,9.521,9.33166,9.39894,9.02823,8.70689,8.16811,7.86707,7.90342,7.7402,7.90056,7.09452,7.02704,6.30034,6.38677,6.24707,6.01209,5.52636,5.31292,5.84397,6.54252,7.59185,8.27696,8.54438,9.27783,10.6617,12.5183,14.3768,15.1784,16.7681,19.326,23.4721,26.0821,28.1697,31.0907,34.3969,44.2049,84.7042,216.144,0,0,0,0,0,0,0,0,0,0,0,0,0,0,0,0,0,0,0,0,0,0
553,9.99609,9.4804,9.39923,9.46761,9.1059,8.74161,8.10066,7.78715,7.95024,7.71488,8.00733,6.93546,6.93129,6.19188,6.22974,6.19028,5.88239,5.43821,5.25828,5.74347,6.4955,7.50914,8.39202,8.6225,9.46358,10.8151,12.6178,14.5885,15.4142,16.6703,19.5929,23.8261,26.4762,28.2382,31.5005,35.0156,44.2606,79.329,198.77,0,0,0,0,0,0,0,0,0,0,0,0,0,0,0,0,0,0,0,0,0,0
553.5,9.87545,9.57036,9.54445,9.34079,8.96991,8.77452,8.08914,7.86228,7.96377,7.79072,7.89888,6.84031,6.81105,6.19361,6.24499,6.08603,5.81055,5.37771,5.2605,5.65861,6.34334,7.42469,8.24143,8.60388,9.36944,10.9123,12.5994,14.7282,15.6535,16.9257,20.0106,24.3692,26.8922,28.5654,32.2016,35.6535,44.2096,75.0505,181.303,0,0,0,0,0,0,0,0,0,0,0,0,0,0,0,0,0,0,0,0,0,0
554,9.93759,9.57391,9.55618,9.38211,8.83526,8.8073,8.11119,7.76705,7.97045,7.81092,7.76948,7.00985,6.77979,6.07159,6.14552,6.07789,5.72538,5.23831,5.22952,5.60351,6.42762,7.4259,8.21086,8.66369,9.3504,11.1474,12.8851,14.962,15.572,17.3375,20.5778,24.6188,27.3478,29.0618,32.7273,36.3007,43.9333,71.1247,166.939,0,0,0,0,0,0,0,0,0,0,0,0,0,0,0,0,0,0,0,0,0,0
554.5,10.0086,9.74111,9.67894,9.18777,8.90688,8.89449,8.14371,7.86275,7.94258,7.78982,7.60716,7.23188,6.83128,6.10073,6.10064,6.11347,5.75701,5.26552,5.0628,5.53146,6.31832,7.43046,8.161,8.52888,9.41738,11.4315,13.0636,14.7983,15.6893,17.9097,20.8879,25.2127,27.9435,30.4343,33.2629,36.9734,44.2731,66.6331,151.893,0,0,0,0,0,0,0,0,0,0,0,0,0,0,0,0,0,0,0,0,0,0
555,10.0726,9.75999,9.67633,9.32384,8.94527,8.89019,8.20045,7.89759,7.89497,7.83642,7.55688,7.32633,6.7863,6.0495,5.96364,6.06132,5.73056,5.27027,4.94893,5.48968,6.29861,7.60461,8.16905,8.47622,9.43163,11.5377,13.1604,14.7488,15.9264,17.9567,21.1589,25.4128,28.7728,31.573,33.9421,37.2639,44.5951,63.2142,140.972,328.038,0,0,0,0,0,0,0,0,0,0,0,0,0,0,0,0,0,0,0,0,0
555.5,10.086,9.79757,9.80866,9.40578,8.95211,8.94787,8.18284,8.05844,7.95216,7.75495,7.45529,7.4405,6.9067,6.1315,5.89024,6.01756,5.7449,5.197,4.90426,5.43432,6.01665,7.4731,8.24858,8.5022,9.48009,11.4994,13.4195,15.1223,16.0066,18.2539,21.808,25.7915,29.432,32.5099,34.7626,37.6769,44.8169,60.4063,130.566,314.172,0,0,0,0,0,0,0,0,0,0,0,0,0,0,0,0,0,0,0,0,0
556,10.0467,9.86102,9.89344,9.4327,8.94958,9.06384,8.2944,8.00903,7.9491,7.75593,7.42709,7.33247,6.80306,5.97224,5.82637,5.88938,5.60331,5.12529,4.91543,5.43451,5.79448,7.54725,8.22785,8.57032,9.44703,11.4475,13.503,15.4095,15.9477,18.3029,21.9293,26.1131,30.2177,33.0416,35.74,37.5666,44.7088,58.8069,120.219,285.691,0,0,0,0,0,0,0,0,0,0,0,0,0,0,0,0,0,0,0,0,0
556.5,9.92915,9.78548,9.95391,9.47079,9.09704,9.08485,8.30014,7.94313,7.95582,7.67878,7.4787,7.13436,6.63787,5.90814,5.781,5.77676,5.43069,5.06504,4.9599,5.35842,5.7921,7.48537,8.3549,8.6024,9.29002,11.5339,13.6305,15.4956,16.447,18.1945,22.2618,26.4724,30.3583,33.7035,37.0812,38.4211,45.1502,57.0081,111.306,267.569,0,0,0,0,0,0,0,0,0,0,0,0,0,0,0,0,0,0,0,0,0
557,9.93827,9.72765,10.13,9.29593,9.2985,9.04402,8.28663,7.95188,7.94541,7.88412,7.56764,6.90853,6.53252,5.76338,5.7363,5.66471,5.38644,5.08433,4.91374,5.27288,5.87311,7.59699,8.31179,8.63228,9.3223,11.5407,13.8258,15.6614,16.4925,18.5887,22.4555,26.8173,30.6909,34.2566,37.7223,39.0351,44.8329,56.4991,103.747,246.766,0,0,0,0,0,0,0,0,0,0,0,0,0,0,0,0,0,0,0,0,0
557.5,9.9131,9.91745,10.0703,9.32956,9.67445,9.05644,8.44888,8.16224,8.0569,7.92282,7.62785,7.00599,6.51304,5.73112,5.71338,5.57162,5.38806,5.14907,4.82363,5.24959,5.95604,7.5784,8.40609,8.4852,9.4094,11.83,13.9642,15.7945,17.1834,19.2598,22.4942,26.8849,31.1532,34.8913,37.9033,40.4989,46.1004,55.548,98.542,225.762,0,0,0,0,0,0,0,0,0,0,0,0,0,0,0,0,0,0,0,0,0
558,9.91596,9.8817,10.1806,9.26065,9.9554,9.08249,8.41892,8.13035,8.13369,8.07538,7.82049,7.01802,6.44104,5.58662,5.72331,5.54873,5.239,5.12798,4.72185,5.31254,6.00669,7.63871,8.27952,8.58725,9.42474,11.7836,14.2293,16.1218,17.3351,19.6737,22.6157,26.9367,31.6442,35.3359,38.226,41.4304,46.4949,55.4675,92.7834,207.711,0,0,0,0,0,0,0,0,0,0,0,0,0,0,0,0,0,0,0,0,0
558.5,9.91687,9.98624,10.1602,9.49432,9.9659,9.16869,8.60636,8.2228,8.12568,8.20761,7.71684,6.95931,6.55116,5.68079,5.63459,5.52007,5.2246,5.07787,4.70528,5.26271,5.92164,7.73226,8.1624,8.58675,9.15375,11.9436,14.3029,16.2713,17.7268,19.8592,23.0437,27.6982,31.9857,35.7591,38.9762,42.2158,47.4958,54.6846,88.3045,193.375,0,0,0,0,0,0,0,0,0,0,0,0,0,0,0,0,0,0,0,0,0
559,10.075,10.0668,10.1693,9.48014,9.94672,9.27625,8.57519,8.1964,8.22042,8.39239,7.6558,6.88927,6.34951,5.6109,5.61624,5.45869,5.20598,5.0472,4.63175,5.34319,5.88158,7.62943,8.16466,8.51112,9.13699,11.999,14.3868,16.6444,17.5056,19.8735,23.1603,28.0174,32.5048,36.0447,40.0402,42.9362,48.5802,55.399,83.827,179.523,0,0,0,0,0,0,0,0,0,0,0,0,0,0,0,0,0,0,0,0,0
559.5,10.0313,10.2011,10.2475,9.61687,9.77622,9.28376,8.6238,8.4149,8.25673,8.42491,7.71003,6.9967,6.15775,5.6228,5.55934,5.4713,5.2235,4.99561,4.59346,5.2896,5.77103,7.65192,8.19441,8.36187,9.31674,12.1664,14.5364,16.7865,17.8765,20.406,23.5948,28.853,32.7898,37.0292,41.333,44.1903,48.865,56.3406,81.742,164.68,0,0,0,0,0,0,0,0,0,0,0,0,0,0,0,0,0,0,0,0,0
560,10.0457,10.2209,10.5731,9.97931,9.81235,9.36883,8.58805,8.48283,8.39525,8.433,7.67291,7.0027,6.06781,5.56924,5.53547,5.48451,5.19002,4.99218,4.57516,5.31051,5.72837,7.58653,8.28586,8.39445,9.43838,12.4503,14.7839,17.0521,17.6199,20.779,24.055,29.5309,32.7031,38.1931,42.5974,45.0968,50.3533,57.6366,79.2404,152.934,319.487,0,0,0,0,0,0,0,0,0,0,0,0,0,0,0,0,0,0,0,0
560.5,10.0579,10.2986,10.8695,10.2635,9.6125,9.40824,8.65714,8.7135,8.48166,8.50721,7.85387,7.01249,6.16722,5.63628,5.48837,5.51865,5.15787,4.89289,4.52934,5.25266,5.6979,7.72544,8.21344,8.47818,9.53985,12.4164,14.8294,17.4964,17.9087,21.4036,24.6603,30.1971,33.881,39.5592,43.5581,47.0502,51.2585,58.2274,78.0623,143.876,300.859,0,0,0,0,0,0,0,0,0,0,0,0,0,0,0,0,0,0,0,0
561,10.2155,10.5619,11.1781,10.4889,10.0008,9.72341,8.87222,8.90272,8.62322,8.56363,7.95624,7.08808,6.34766,5.67891,5.41825,5.38985,5.14426,4.83945,4.57007,5.20756,5.7573,7.64518,8.11336,8.79402,9.4355,12.5417,15.117,18.0322,18.7508,21.6531,25.2544,31.1254,34.8005,40.5475,44.8423,49.3838,53.1628,59.3721,75.8719,137.458,280.036,0,0,0,0,0,0,0,0,0,0,0,0,0,0,0,0,0,0,0,0
561.5,10.3862,10.6921,11.4389,10.7471,10.4253,9.81848,9.29405,9.16753,8.78981,8.67868,8.12077,7.21578,6.42092,5.71364,5.38664,5.32348,5.09271,4.74142,4.50321,5.19454,5.68242,7.76654,8.33258,8.95496,9.55991,12.7549,15.3582,18.3589,19.2329,22.4087,25.9048,31.7291,36.3578,42.0263,46.6099,51.492,55.3082,60.3097,74.9199,129.398,266.424,0,0,0,0,0,0,0,0,0,0,0,0,0,0,0,0,0,0,0,0
562,10.7716,11.0303,11.7006,11.0827,10.8345,10.0098,9.61392,9.19801,9.03851,8.91508,8.28877,7.4298,6.38981,5.76903,5.37947,5.27011,4.98508,4.64886,4.44613,5.16259,5.63167,7.69579,8.36548,9.14906,9.74352,13.0665,15.6057,18.3823,20.1149,22.9991,26.8487,32.6164,36.7611,43.541,49.5932,54.3243,58.2254,62.9368,75.1955,123.914,249.89,0,0,0,0,0,0,0,0,0,0,0,0,0,0,0,0,0,0,0,0
562.5,11.2187,11.2713,12.0867,11.6332,11.409,10.3461,9.93863,9.60403,9.40815,9.19994,8.59214,7.66314,6.35382,5.77161,5.44322,5.12059,4.93892,4.53004,4.44249,5.15645,5.66528,7.76957,8.4456,9.18474,10.309,13.3876,16.0559,18.8826,20.9926,23.6404,27.0358,33.9482,38.0732,45.8012,51.8585,56.9473,61.4058,65.561,79.1613,121.779,231.377,0,0,0,0,0,0,0,0,0,0,0,0,0,0,0,0,0,0,0,0
563,11.5944,11.9236,12.4003,12.2374,11.913,10.9111,10.2013,9.99824,9.76557,9.49535,9.01846,7.74713,6.57033,5.86448,5.41548,5.15331,4.97972,4.58239,4.51175,5.14974,5.79751,7.80597,8.5504,9.41448,10.3392,13.6615,16.5618,19.455,22.1573,24.4457,27.2448,35.3285,39.5414,48.4237,55.0928,59.9204,65.2591,69.8428,83.2176,121.319,218.157,0,0,0,0,0,0,0,0,0,0,0,0,0,0,0,0,0,0,0,0
563.5,11.9708,12.657,12.4883,12.5003,12.5118,11.5181,10.7006,10.3525,10.3562,9.75654,9.37172,7.88861,6.77257,6.00446,5.47869,5.1495,5.07363,4.58133,4.45029,5.11562,5.8094,7.9427,8.63932,9.62166,10.774,14.0009,17.1797,20.5759,23.229,25.3018,27.9191,36.78,40.2726,51.2479,58.5174,63.4299,70.1951,73.6373,87.5088,121.496,205.108,0,0,0,0,0,0,0,0,0,0,0,0,0,0,0,0,0,0,0,0
564,12.2331,13.109,13.0128,13.0875,13.0876,12.1844,11.2451,11.0255,11.0176,10.2421,9.62588,8.11632,7.00275,6.14345,5.39504,5.24494,5.06924,4.68498,4.47542,5.17097,5.95397,8.12867,8.85357,9.82066,11.2355,14.397,18.1095,21.4414,24.461,27.1639,29.6115,38.0511,39.9262,53.9449,62.3042,67.8141,75.8867,77.7056,89.9359,122.924,198.936,0,0,0,0,0,0,0,0,0,0,0,0,0,0,0,0,0,0,0,0
564.5,12.744,13.7265,13.9367,13.4896,14.0016,12.991,11.9443,11.7612,11.6484,10.6083,10.0588,8.45441,7.24042,6.32867,5.46021,5.30936,5.11213,4.7175,4.53368,5.19884,6.01258,8.27145,9.09659,10.3107,11.523,14.9548,18.9287,22.4741,25.6704,29.283,31.8556,40.3314,41.7824,57.9109,68.1367,72.4041,80.4668,84.0653,96.128,124.456,191.376,0,0,0,0,0,0,0,0,0,0,0,0,0,0,0,0,0,0,0,0
565,13.5546,14.3033,14.6915,14.2909,14.861,13.9217,12.644,12.5538,12.4674,11.171,10.5349,8.92355,7.62132,6.50625,5.59252,5.41556,5.01558,4.73646,4.6276,5.31875,6.2079,8.52221,9.35214,10.5368,12.013,15.8108,20.1448,24.0695,27.1556,30.9782,34.8153,43.0509,46.5139,61.9272,73.923,78.1712,87.4675,90.1671,102.867,128.807,189.491,344.482,0,0,0,0,0,0,0,0,0,0,0,0,0,0,0,0,0,0,0
565.5,14.4434,15.1321,15.9298,14.7709,15.9306,15.0248,13.3715,13.5058,13.3568,11.7796,11.0674,9.37024,7.94115,6.68015,5.82152,5.54808,5.07036,4.77152,4.72072,5.3821,6.27412,8.65169,9.64966,10.9012,12.5385,16.5987,21.527,25.2035,29.2395,33.0996,37.8314,46.2085,51.7456,66.4695,80.1294,85.5806,93.3199,97.7875,111.912,136.835,186.102,331.791,0,0,0,0,0,0,0,0,0,0,0,0,0,0,0,0,0,0,0
566,15.2985,15.8495,17.0642,15.7007,17.0492,16.1896,14.2637,14.4368,14.1873,12.5877,11.6578,10.0439,8.22578,6.81616,6.03698,5.68874,5.15903,4.88639,4.76841,5.37124,6.59724,8.79212,10.0536,11.4933,13.0017,17.5562,22.9028,26.6938,31.5581,35.1671,41.1592,49.1392,59.0574,71.2361,88.4081,93.2977,103.728,106.83,124.179,144.231,190.192,318.564,0,0,0,0,0,0,0,0,0,0,0,0,0,0,0,0,0,0,0
566.5,16.8281,17.0129,18.1889,17.3449,18.4187,17.7538,15.4844,15.7351,15.229,13.5241,12.7205,10.7355,8.58091,7.11628,6.2044,5.79761,5.25732,4.96404,4.79972,5.46234,6.69754,9.05559,10.4149,12.1075,13.6588,18.4565,24.4718,28.7157,33.8101,37.9601,44.8884,52.9108,63.7443,77.1521,97.94,103.512,113.245,118.312,133.938,153.97,192.86,305.591,0,0,0,0,0,0,0,0,0,0,0,0,0,0,0,0,0,0,0
567,18.1453,18.3448,19.7309,18.9383,20.0712,19.2551,17.0126,16.9394,16.4185,14.323,13.6161,11.6188,9.09685,7.42333,6.42561,5.88346,5.34147,5.05284,4.8661,5.51384,6.7218,9.42953,10.9076,12.7793,14.4462,19.437,26.0647,31.1442,36.5126,41.063,48.0267,57.6007,68.6453,82.5342,106.406,113.763,124.004,129.706,143.015,164.677,201.001,304.524,0,0,0,0,0,0,0,0,0,0,0,0,0,0,0,0,0,0,0
567.5,19.6034,20.187,21.3017,21.4148,21.8072,20.8341,18.8723,18.1576,17.5952,15.6264,14.7556,12.4476,9.72305,7.90898,6.55251,6.04254,5.44588,5.17986,4.97169,5.76627,6.98467,9.82528,11.2565,13.4316,15.3569,20.7459,27.8687,33.7464,39.9421,44.6326,51.8944,62.8796,74.8705,89.3719,116.818,125.743,135.158,142.18,157.75,176.254,204.309,303.159,0,0,0,0,0,0,0,0,0,0,0,0,0,0,0,0,0,0,0
568,21.2154,21.7997,23.6094,23.4477,24.0063,22.3418,20.3649,19.8119,18.8181,17.1027,16.1252,13.2017,10.4805,8.3734,6.75327,6.09418,5.55788,5.29662,5.07455,5.98128,7.1527,10.3237,11.7626,14.1207,16.3981,22.2626,29.8632,36.1709,43.0438,49.0585,57.1087,69.0275,79.019,96.7082,124.959,140.815,148.719,159.685,173.519,194.876,216.345,307.839,0,0,0,0,0,0,0,0,0,0,0,0,0,0,0,0,0,0,0
568.5,23.2039,23.7772,25.8641,25.8111,25.911,24.4594,22.3678,21.7476,20.3998,18.937,17.1874,14.1695,11.2375,8.95001,7.01285,6.22864,5.71543,5.40561,5.24307,6.11386,7.13667,10.7465,12.3431,14.7349,17.6067,23.9846,31.8839,39.2285,46.5354,53.8304,63.3053,75.1002,83.9602,105.998,137.623,153.44,165.194,174.165,194.771,211.7,233.067,310.864,0,0,0,0,0,0,0,0,0,0,0,0,0,0,0,0,0,0,0
569,25.2224,25.7501,27.8568,28.1713,28.3729,26.5373,24.259,24.0391,22.0683,20.8125,18.5034,15.0406,11.9865,9.56887,7.26972,6.46569,5.88704,5.52562,5.43804,6.34311,7.58147,11.3241,13.294,15.5692,18.8271,25.545,34.3191,41.8647,50.5121,57.9509,68.8878,82.0314,90.9098,115.517,149.579,166.275,185.773,192.908,214.084,231.681,249.628,317.572,0,0,0,0,0,0,0,0,0,0,0,0,0,0,0,0,0,0,0
569.5,27.3055,28.7158,30.5289,31.2085,31.0749,29.4627,27.0754,26.6971,23.9701,22.5198,20.1463,16.0252,12.898,10.2026,7.6771,6.79636,6.07268,5.65137,5.58337,6.58574,8.0724,11.8888,14.0473,16.5541,20.1547,27.3043,36.6829,45.4498,55.1566,63.4342,75.1644,89.271,101.418,127.442,165.611,183.936,203.174,213.649,237.532,253.43,271.123,326.054,0,0,0,0,0,0,0,0,0,0,0,0,0,0,0,0,0,0,0
570,30.0662,31.4304,33.3872,33.8249,34.0501,32.0023,29.2631,29.4945,26.5717,24.2302,21.8066,17.9145,13.9894,10.8953,8.11552,7.1201,6.3421,5.91438,5.81218,6.8584,8.677,12.6502,15.0926,17.6952,21.8239,29.5639,39.596,48.8278,59.2468,68.929,82.2709,98.2841,112.067,138.805,183.356,205.803,223.597,233.249,255.46,276.185,293.397,341.284,483.767,0,0,0,0,0,0,0,0,0,0,0,0,0,0,0,0,0,0
570.5,32.8915,34.8837,36.7536,37.221,37.4809,35.5684,32.6387,32.347,29.3061,26.6379,24.1242,19.5465,15.122,11.4505,8.49839,7.29483,6.64237,6.05491,5.964,7.10203,9.00959,13.2206,16.1937,19.1987,23.695,32.1368,43.3961,53.1586,64.3643,75.1414,91.4057,106.467,125.992,154.81,200.651,229.379,245.459,261.417,278.293,300.962,319.168,361.774,501.563,0,0,0,0,0,0,0,0,0,0,0,0,0,0,0,0,0,0
571,36.6883,38.2599,41.2976,40.9253,41.9899,38.7823,35.9492,35.5335,32.8278,28.7417,26.6633,21.376,16.3748,12.0626,8.97054,7.52156,6.97822,6.23097,6.26837,7.46788,9.44054,13.9405,17.3552,20.6134,25.9781,35.0435,47.7833,59.3269,70.3811,82.9334,100.5,116.519,140.981,170.651,221.53,255.048,273.492,290.164,307.864,339.198,348.704,387.398,517.841,0,0,0,0,0,0,0,0,0,0,0,0,0,0,0,0,0,0
571.5,40.4196,41.8888,45.3192,44.8927,46.4334,43.586,40.1675,38.2989,36.5721,31.4275,29.5106,23.536,18.2454,12.9624,9.41287,7.8709,7.21528,6.49992,6.51604,7.81224,9.93524,14.8585,18.6733,22.2821,28.4995,38.3714,52.7468,65.3378,78.4393,90.8823,110.427,128.672,156.233,191.622,244.614,283.724,306.18,323.187,344.029,376.731,387.203,416.447,546.852,0,0,0,0,0,0,0,0,0,0,0,0,0,0,0,0,0,0
572,44.6601,46.247,51.0364,49.6265,51.7052,48.2687,43.2505,41.5349,40.6059,35.2123,32.8664,25.6677,19.4357,13.7735,10.2362,8.36809,7.559,6.78231,6.79957,8.16797,10.5688,15.8556,20.0611,24.2057,30.6476,42.4671,56.7678,71.9789,86.5524,99.7697,121.398,141.942,172.99,214.523,269.605,313.196,341.211,361.146,385.67,422.139,428.345,448.934,578.985,0,0,0,0,0,0,0,0,0,0,0,0,0,0,0,0,0,0
572.5,49.0059,51.199,56.1519,55.3176,58.2782,53.302,48.3078,45.6579,44.8452,39.2948,36.1013,28.7733,21.3271,14.8385,11.2477,8.9553,7.88441,7.20901,7.12053,8.56441,11.244,17.27,21.3423,26.2728,33.6802,46.9895,62.5734,79.754,96.2132,111.468,132.718,156.473,191.927,241.255,300.108,346.695,379.331,399.548,436.882,465.502,475.94,497.07,610.702,0,0,0,0,0,0,0,0,0,0,0,0,0,0,0,0,0,0
573,54.5315,56.6812,62.9154,62.7247,65.4109,59.5904,54.0885,50.9734,49.0728,44.3028,39.8802,31.8891,23.6646,16.2644,12.2464,9.796,8.25438,7.48579,7.49399,9.01357,11.6845,18.5004,23.0407,29.1599,36.6864,51.357,68.0064,88.7687,105.902,123.659,147.453,172.184,216.118,269.824,332.439,386.026,424.827,447.523,481.744,513.302,526.037,553.494,648.316,0,0,0,0,0,0,0,0,0,0,0,0,0,0,0,0,0,0
573.5,60.6974,61.7858,70.4077,67.5064,73.014,67.6161,60.8137,57.3034,54.7693,50.0889,44.9054,34.8481,25.9049,18.2412,13.2513,10.4541,8.77641,7.80918,7.75136,9.58183,12.0516,20.05,25.1185,31.4468,39.7914,56.8417,75.4498,98.7148,117.413,137.705,164.856,191.8,242.287,298.696,373.297,433.53,475.027,497.873,547.35,564.248,588.726,610.638,704.142,0,0,0,0,0,0,0,0,0,0,0,0,0,0,0,0,0,0
574,67.6142,68.9948,78.5886,76.3764,80.2001,75.5353,68.564,64.9062,61.095,56.6249,50.4707,38.4358,28.4282,19.9971,14.4269,11.4238,9.42467,8.31384,8.26778,10.1765,13.0928,21.7725,27.6266,34.7684,43.7173,62.9272,82.8707,111.432,130.69,152.58,182.427,214.943,270.345,332.335,417.401,481.766,532.532,553.071,609.709,633.152,651.236,684.151,768.126,0,0,0,0,0,0,0,0,0,0,0,0,0,0,0,0,0,0
574.5,75.2411,77.412,88.8406,83.5232,87.83,84.1696,78.2895,71.9165,68.374,61.6384,57.0666,41.6881,31.4064,21.9074,15.5268,12.1232,9.98005,8.66599,8.95964,11.0179,14.4783,23.2187,30.2789,37.9877,47.3961,69.0825,92.4597,122.144,146.575,169.278,200.657,239.938,300.671,369.263,460.022,541.091,600.452,612.619,686.325,707.68,710.044,770.928,836.698,0,0,0,0,0,0,0,0,0,0,0,0,0,0,0,0,0,0
575,82.7965,87.3174,98.5987,93.1997,96.9993,94.1368,87.6415,81.5455,77.5545,67.4389,62.9957,45.928,35.3755,24.1116,16.8611,13.1801,10.7533,9.2075,9.49281,11.69,15.9261,24.9199,33.278,41.4585,52.3539,76.5239,103.262,134.027,166.075,187.115,220.305,270.795,333.459,414.545,520.196,598.326,668.277,673.609,766.945,789.33,797.234,855.938,921.892,1165.93,0,0,0,0,0,0,0,0,0,0,0,0,0,0,0,0,0
575.5,92.3684,97.5267,109.095,102.327,107.592,106.828,96.2014,90.8844,86.3644,74.8169,69.6352,50.7869,38.8252,26.1519,18.6278,14.0761,11.42,9.753,10.2791,12.4941,17.055,27.1663,35.7391,45.1511,56.8233,83.7108,115.665,148.411,183.352,209.115,246.396,301.787,369.699,459.905,571.753,667.674,752.648,743.417,848.938,884.027,873.864,954.223,1008.22,1250.59,0,0,0,0,0,0,0,0,0,0,0,0,0,0,0,0,0
576,102.114,110.155,120.154,116.09,120.161,117.918,106.183,98.1151,94.3245,82.237,76.6301,55.0681,43.4403,28.8258,20.3403,15.1188,12.1731,10.4765,10.8274,13.4967,18.2917,29.4609,38.7751,49.1831,61.6887,92.3416,126.789,165.209,201.118,232.46,275.575,335.672,400.956,507.422,634.184,724.847,836.869,821.611,934.69,956.033,983.534,1052.72,1119.26,1331.78,0,0,0,0,0,0,0,0,0,0,0,0,0,0,0,0,0
576.5,110.976,120.122,130.31,127.47,134.484,130.287,117.527,105.958,104.256,91.5535,82.3553,60.2294,46.7378,31.0527,21.8201,16.1661,13.0808,11.164,11.6047,14.283,19.7316,31.9911,42.3456,53.4867,68.0251,101.883,136.897,180.49,221.067,247.96,301.454,372.364,439.083,561.735,693.278,796.63,912.234,922.664,1018.16,1061.43,1080.43,1142.79,1199.51,1421.32,0,0,0,0,0,0,0,0,0,0,0,0,0,0,0,0,0
577,119.773,128.524,143.292,139.854,143.111,142.121,128.885,111.692,112.557,100.876,89.8206,67.7264,50.6856,33.9179,23.2568,17.4294,13.7168,11.7427,12.0521,15.497,21.0614,34.3286,45.4143,57.9626,74.1992,111.085,146.491,195.038,238.502,272.621,328.91,395.809,467.729,606.241,760.794,866.892,979.25,1007.81,1112.09,1152.99,1173.5,1244.36,1321.96,1506.51,0,0,0,0,0,0,0,0,0,0,0,0,0,0,0,0,0
577.5,129.095,139.425,149.492,149.864,156.321,154.934,140.32,122.381,121.307,110.227,97.4286,71.6632,54.4896,36.5808,24.4832,18.8718,14.5403,12.3129,12.8753,16.1916,22.5577,37.1499,48.9431,61.4719,80.0703,117.973,158.219,206.18,256.859,291.824,352.203,435.943,513.853,648.934,813.492,934.922,1055.16,1085.44,1178.22,1266.72,1256.71,1340.48,1402.52,1593.2,0,0,0,0,0,0,0,0,0,0,0,0,0,0,0,0,0
578,139.161,149.127,159.889,157.952,164.851,164.688,150.362,135.204,128.111,121.132,102.542,78.6089,57.2456,39.002,26.1305,20.0392,15.2621,12.9436,13.6239,16.9623,24.2758,38.7548,52.0015,65.969,85.8931,125.173,167.836,218.01,269.344,310.194,379.398,464.217,542.476,694.274,884.004,993.356,1131.51,1179.84,1256.81,1342.13,1343.43,1431.47,1491.44,1678.06,0,0,0,0,0,0,0,0,0,0,0,0,0,0,0,0,0
578.5,147.671,155.336,167.292,170.061,177.272,176.504,161.483,144.495,136.685,129.383,109.046,84.0707,61.0493,40.7864,28.0506,21.2717,16.0371,13.2979,14.3379,17.7796,25.5309,40.0716,55.2008,69.3569,92.4014,131.631,175.834,229.674,285.403,333.024,402.362,491.499,572.809,733.208,927.305,1050.58,1195.83,1209.75,1328.52,1392.16,1427.31,1512.15,1564.29,1772.91,0,0,0,0,0,0,0,0,0,0,0,0,0,0,0,0,0
579,156.047,167.47,178.791,185.96,190.275,187.51,168.483,156.377,144.411,136.823,114.734,88.5039,64.8394,42.9278,28.9704,22.4152,16.9749,14.1548,15.1355,18.7873,26.2773,41.6509,57.4046,74.0167,95.5361,139.186,183.539,243.478,303.842,349.938,417.51,521.299,597.899,769.599,974.93,1128.55,1270.03,1274.18,1388.76,1435.28,1510.07,1582.67,1637.19,1815.32,0,0,0,0,0,0,0,0,0,0,0,0,0,0,0,0,0
579.5,162.075,175.423,185.823,195.642,204.66,198.757,171.542,163.755,152.443,141.157,120.523,92.7735,68.8303,44.5693,30.4428,23.1601,17.6124,14.535,15.371,19.666,27.6032,43.0274,59.2277,75.6632,100.976,143.57,190.462,254.699,321.844,370.018,430.681,547.307,627.939,797.999,1016.62,1200.37,1315.26,1330.44,1494.16,1502.75,1562.97,1655.1,1706.28,1888.21,0,0,0,0,0,0,0,0,0,0,0,0,0,0,0,0,0
580,170.555,184.945,193.206,208.357,210.571,205.875,177.395,166.367,158.082,145.707,123.024,97.1087,71.9854,45.8865,31.1897,23.8704,18.2067,15.394,15.6679,20.0166,28.4455,44.7515,61.4215,78.1394,102.692,148.186,195.556,266.574,330.92,381.812,442.447,566.589,651.949,832.843,1040.66,1248.08,1367.75,1392.73,1556.52,1565.06,1637.34,1706.28,1761.6,1893.43,2130.54,0,0,0,0,0,0,0,0,0,0,0,0,0,0,0,0
580.5,173.662,195.129,199.915,216.5,215.123,209.279,178.558,172.311,162.735,145.23,129.124,99.9551,73.1784,47.5852,32.0415,24.3379,18.5223,15.5983,15.9441,20.4626,29.4398,45.2533,63.5417,79.3002,106.258,150.476,200.852,274.497,339.162,393.971,449.436,583.374,682.867,843.59,1064.98,1268.78,1398.03,1423.87,1616.36,1595.41,1652.57,1754.58,1809.06,1924.53,2185.3,0,0,0,0,0,0,0,0,0,0,0,0,0,0,0,0
581,177.331,197,203.759,219.065,218.756,209.516,181.901,173.092,164.315,151.263,131.549,100.861,75.5106,48.6381,32.376,24.7565,18.9723,15.927,16.1807,20.6764,30.271,46.737,64.9262,80.102,109.397,152.557,203.94,282.68,334.46,401.091,460.675,593.65,694.964,867.575,1089.79,1288.95,1413.06,1441.83,1600.45,1642.75,1673.38,1763.75,1836.9,1953.35,2176.17,0,0,0,0,0,0,0,0,0,0,0,0,0,0,0,0
581.5,177.332,195.791,205.277,222.87,221.984,211.838,186.518,171.851,162.624,154.763,134.481,102.779,77.0145,49.0731,32.9906,25.0406,19.1762,15.5642,16.5995,20.9896,30.4876,47.9569,64.709,82.1666,111.631,153.125,204.825,288.803,339.09,409.812,473.76,598.661,707.027,867.851,1106.02,1293.33,1431.37,1469.36,1610.83,1663.45,1703.39,1787.95,1871.93,1954.4,2148.05,0,0,0,0,0,0,0,0,0,0,0,0,0,0,0,0
582,177.832,193.85,213.041,223.269,226.555,212.789,187.632,174.143,161.842,156.498,137.541,103.837,77.2,50.0578,33.4912,25.0733,19.2481,15.7385,16.5608,21.1893,30.9589,48.754,65.0136,82.4704,112.744,154.2,207.997,291.002,339.087,414.637,480.84,599.155,699,883.588,1109.9,1296.23,1433.23,1477.64,1583.78,1671.42,1707.13,1806.1,1876.15,1962.69,2133.09,0,0,0,0,0,0,0,0,0,0,0,0,0,0,0,0
582.5,178.271,194.319,212.919,224.976,229.513,214.851,193.137,176.636,161.675,158.408,139.808,103.109,77.2527,49.7644,33.9934,24.8665,18.9812,15.7077,16.3851,21.2465,30.8124,49.0638,64.9093,82.9575,113.566,156.287,209.142,292.039,343.477,412.069,487.041,592.724,702.015,881.063,1098.37,1280.07,1439.89,1481.65,1609.29,1668.65,1705.28,1788.06,1885.72,1949.07,2116.67,0,0,0,0,0,0,0,0,0,0,0,0,0,0,0,0
583,176.455,192.3,209.589,222.135,229.11,216.348,194.201,180.056,160.865,156.48,138.914,102.39,77.3182,50.5333,33.7546,24.6333,19.2951,15.5765,16.2638,21.1433,30.3319,47.3912,65.9903,81.7555,111.964,155.674,209.916,293.317,343.707,406.546,482.809,591.899,702.769,884.703,1094.78,1267.48,1429.06,1465.54,1586.62,1664.69,1712.98,1785.62,1869.17,1894.13,2097.97,0,0,0,0,0,0,0,0,0,0,0,0,0,0,0,0
583.5,178.589,189.726,207.143,218.908,223.016,211.793,194.725,180.663,163.73,152.43,137.021,102.767,77.4717,49.7216,33.8812,24.4793,19.35,15.4151,15.8687,20.8005,29.6253,46.4683,65.7072,82.3199,108.837,152.499,212.457,287.959,341.054,396.386,476.34,587.258,691.862,869.889,1089.43,1253.27,1411.32,1453.47,1580.24,1627.48,1693.11,1769.07,1837.66,1872.5,2085.19,0,0,0,0,0,0,0,0,0,0,0,0,0,0,0,0
584,178.452,188.158,212.2,219.757,214.93,207.896,191.754,179.616,163.242,151.748,133.962,102.032,75.7991,48.4986,33.0346,24.0729,19.46,15.0588,15.6258,20.3352,28.8757,46.0789,65.245,80.3628,108.038,150.229,210.588,285.852,337.418,389.787,471.001,587.49,676.759,845.982,1055.19,1235.47,1392.53,1418.54,1563.27,1610.66,1666.38,1733.35,1803.1,1829.42,2011.6,0,0,0,0,0,0,0,0,0,0,0,0,0,0,0,0
584.5,177.84,185.762,209.284,215.951,208.496,203.603,183.911,175.339,160.463,148.693,132.081,101.045,73.6764,47.8885,33.106,23.6437,19.2571,14.8015,15.6201,19.8408,28.6931,46.1713,65.2507,80.0631,104.896,150.69,209.469,282.31,323.671,382.208,466.59,577.452,657.998,851.016,1037.28,1218.12,1351.53,1395.04,1558.35,1582.57,1653.7,1694.92,1784.88,1775.68,1972.08,0,0,0,0,0,0,0,0,0,0,0,0,0,0,0,0
585,175.695,182.477,207.926,214.402,209.809,203.454,179.814,170.289,158.319,146.265,131.069,101.255,72.119,47.8763,32.0787,23.3363,18.6963,14.7024,15.2851,19.5372,28.6717,46.5005,64.0251,77.29,104.294,149.831,201.741,272.337,317.629,373.569,462.664,569.887,647.555,819.768,1004.83,1207.25,1318.86,1377.27,1503.55,1555.08,1628.46,1663.28,1736.66,1737.65,1921.38,1958.06,0,0,0,0,0,0,0,0,0,0,0,0,0,0,0
585.5,173.669,179.553,201.028,209.183,208.529,197.611,170.031,163.551,153.29,142.821,127.92,98.1942,70.7492,46.1982,31.6909,22.8456,18.0954,14.399,15.0574,19.5061,27.3701,46.1705,62.0509,75.6863,103.375,146.271,193.346,264.763,313.755,367.137,451.463,558.343,628.372,802.512,989.517,1161.46,1276.37,1356,1467.74,1547.74,1601.01,1602.04,1682.17,1723.92,1848.43,1907.23,0,0,0,0,0,0,0,0,0,0,0,0,0,0,0
586,168.502,175.622,194.003,205.694,202.347,195.656,167.669,159.274,146.427,139.201,125.175,94.6121,69.4765,45.4657,30.8158,22.2508,17.5504,14.3192,14.8724,19.1286,27.1609,45.4814,60.5273,73.8785,101.843,142.726,189.538,255.291,308.496,362.997,436.747,544.053,606.199,780.78,945.497,1128.21,1239.89,1340.41,1422.39,1510.85,1556.91,1563.61,1615.5,1676.04,1781.71,1849.62,0,0,0,0,0,0,0,0,0,0,0,0,0,0,0
586.5,163.728,174.333,190.416,204.721,195.393,191.304,162.174,154.154,141.808,137.51,121.045,92.7629,68.5791,43.7139,30.1188,21.7941,17.4839,13.74,14.5032,18.7343,26.3404,44.8973,58.7036,72.1522,99.5873,139.201,184.669,248.713,303.694,354.114,423.998,521.477,578.629,743.334,934.435,1102.09,1197.58,1309.9,1375.84,1453.95,1508.88,1537.76,1549.67,1628.85,1722.05,1777.16,0,0,0,0,0,0,0,0,0,0,0,0,0,0,0
587,157.629,169.008,183.689,197.948,188.511,184.292,154.904,151.61,135.451,133.969,114.608,88.3304,66.6265,42.5785,29.395,21.13,17.1146,13.5641,14.203,18.6549,25.757,43.1451,57.3422,70.7386,96.0553,136.069,180.147,244.449,289.692,341.678,407.635,504.895,568.721,730.458,922.761,1052.52,1161.02,1282.94,1333.16,1389.5,1479.17,1498.14,1540.52,1560.98,1685.1,1725.3,0,0,0,0,0,0,0,0,0,0,0,0,0,0,0
587.5,152.765,168.128,174.783,190.124,183.957,180.157,150.641,147.806,129.182,129.374,111.639,84.1414,65.1544,42.0883,28.7421,20.5611,16.548,13.4611,13.6589,17.986,25.3231,41.1588,55.6249,69.4534,92.4423,130.834,174.02,235.867,277.658,327.469,393.258,480.517,558.923,689.027,889.953,1015.12,1108.16,1200.03,1303.44,1351.16,1414.43,1438.72,1479.64,1507.11,1625.26,1639.36,0,0,0,0,0,0,0,0,0,0,0,0,0,0,0
588,148.038,162.75,169.263,180.336,175.707,173.633,144.415,143.214,125.393,124.163,108.849,82.5707,62.7019,41.1257,28.056,20.154,16.11,13.3808,13.4154,17.4629,24.7435,39.7741,53.3468,67.0555,88.0613,125.659,167.694,228.263,266.442,316.984,379.363,450.322,539.841,658.454,852.445,971.104,1066.06,1142.9,1249.54,1306.04,1369.32,1389.47,1397.18,1449.59,1531.05,1580.76,0,0,0,0,0,0,0,0,0,0,0,0,0,0,0
588.5,141.143,158.326,159.514,172.409,169.862,166.697,136.217,139.264,122.995,118.146,106.133,79.9134,60.526,39.8193,27.043,19.9533,15.4538,12.8129,12.8457,16.6058,23.9289,38.2473,51.213,64.5749,85.163,120.867,162.692,219.258,259.403,308.464,367.138,437.27,512.525,632.237,816.683,939.812,1005.05,1073.66,1197.3,1247.69,1312.21,1326.95,1337.06,1367.13,1462.75,1507.43,0,0,0,0,0,0,0,0,0,0,0,0,0,0,0
589,135.655,151.24,154.016,162.871,165.209,159.923,135.823,134.303,119.93,114.837,102.01,76.8628,57.6427,38.393,25.5336,19.67,15.0193,12.6673,12.4357,15.9973,22.8172,37.3111,49.1301,62.5098,81.3866,115.978,157.909,213.044,246.526,291.193,349.321,422.03,491.547,618.413,781.342,908.557,969.228,1013.89,1150.56,1202.07,1248.34,1269.26,1281.02,1312.71,1407.83,1435.65,0,0,0,0,0,0,0,0,0,0,0,0,0,0,0
589.5,130.079,145.435,148.675,158.509,158.088,153.912,129.395,128.898,112.936,108.002,97.1357,75.0766,55.88,36.8268,24.415,18.9804,14.6368,12.2668,12.1523,15.298,22.096,35.7359,47.3975,60.6254,78.1124,111.479,150.715,206.807,237.828,284.712,332.716,410.756,481.989,593.461,747.05,877.383,938.702,988.905,1100.19,1145.17,1204.1,1219.54,1234.57,1282.23,1348.46,1357.54,0,0,0,0,0,0,0,0,0,0,0,0,0,0,0
590,125.646,138.124,141.637,153.516,150.676,147.812,128.157,121.713,111.577,104.014,92.3065,71.33,53.2524,35.0128,23.7057,17.9694,13.9851,12.0225,11.962,15.0618,21.5664,34.2491,45.7461,58.5691,74.5129,105.415,145.558,199.933,226.095,271.115,319.713,395.461,455.338,576.034,712.194,816.903,903.352,940.223,1067.14,1112.43,1140.3,1156.73,1177.46,1236.13,1290.03,1281.49,954.906,0,0,0,0,0,0,0,0,0,0,0,0,0,0
590.5,119.9,130.81,137.597,144.128,143.023,141.547,122.261,117.593,105.236,97.5889,86.9333,66.1884,50.4507,33.3939,22.111,17.1065,13.493,11.6495,11.5128,14.5844,20.9426,33.0326,43.5768,55.5438,70.8817,99.7592,140.317,189.82,215.986,259.689,308.805,377.089,439.782,555.858,672.131,779.491,854.529,904.939,1014.98,1059.53,1097.16,1078.47,1127.15,1180.31,1214.46,1224.94,911.193,0,0,0,0,0,0,0,0,0,0,0,0,0,0
591,113.084,126.252,131.16,138.11,137.371,134.147,117.879,112.83,100.735,91.5351,82.769,62.8011,47.2719,31.8259,21.304,16.5996,12.9344,11.1832,11.0423,13.9541,20.5187,31.4563,41.4956,52.9412,68.43,95.1487,135.161,180.649,210.646,248.023,292.079,357.876,416.714,536.22,640.847,723.927,819.148,872.9,965.617,999.41,1040.67,1018.39,1072.25,1121.41,1151.3,1173.74,863.523,0,0,0,0,0,0,0,0,0,0,0,0,0,0
591.5,106.829,120.517,124.52,129.292,133.345,125.765,112.015,107.884,95.6931,86.886,79.7626,60.5275,44.4666,30.4429,20.4772,15.9532,12.5569,10.8171,10.5113,13.473,19.9278,30.4029,39.9007,49.8696,67.1151,90.5929,130.144,172.389,201.253,234.724,276.151,339.128,398.152,505.702,600.066,691.929,777.21,834.716,919.343,950.386,991.524,988.035,1016.43,1066.08,1086.3,1114.4,823.874,0,0,0,0,0,0,0,0,0,0,0,0,0,0
592,102.985,115.503,118.624,123.497,129.585,119.971,106.144,102.93,91.0882,83.2423,75.7663,56.528,42.2158,29.1542,20.2475,15.469,12.2336,10.4696,10.3771,13.0636,19.1313,28.717,38.5011,47.9516,63.4563,87.3399,123.324,164.293,193.36,223.318,265.191,324.549,376.122,483.892,578.409,654.651,745.695,804.413,868.576,898.737,951.105,932.651,975.807,1018.46,1031.8,1047.8,784.208,0,0,0,0,0,0,0,0,0,0,0,0,0,0
592.5,96.6801,110.508,113.984,118.663,123.577,113.202,102.41,97.5997,84.2598,78.4035,73.7402,56.3483,41.2027,28.191,19.6375,14.9086,11.8767,10.1481,9.80925,12.5427,18.2725,27.6373,36.6444,45.9049,60.9407,82.6847,116.827,157.13,181.952,214.624,254.598,305.493,357.306,461.25,551.237,641.424,710.968,766.014,822.82,882.509,904.739,886.711,937.149,955.962,984.442,992.751,734.051,0,0,0,0,0,0,0,0,0,0,0,0,0,0
593,91.8016,104.677,108.519,112.479,116.97,110.66,98.7675,92.7225,82.6059,74.7346,70.5059,53.9171,39.8025,26.9936,18.9546,14.4305,11.5962,9.76759,9.54216,12.3653,17.1869,26.9705,34.9275,44.2311,59.669,79.3928,108.456,150.786,172.594,204.14,245.318,288.341,342.624,440.471,516.294,624.668,668.464,723.96,780.528,843.588,871.827,839.1,902.915,921.67,937.419,937.771,686.098,0,0,0,0,0,0,0,0,0,0,0,0,0,0
593.5,89.4813,98.6313,103.774,107.754,109.484,106.661,91.9203,89.2028,79.3153,72.7248,68.4498,51.8533,37.9879,25.0586,18.3194,14.1173,11.1407,9.14693,9.20228,12.0781,16.4421,26.0647,33.4294,42.8915,57.5825,75.0832,102.976,143.83,164.819,196.858,235.31,275.276,330.979,423.94,504.502,586.827,646.018,689.163,738.096,811.248,832.904,784.648,876.857,876.512,916.504,893.238,634.627,0,0,0,0,0,0,0,0,0,0,0,0,0,0
594,84.8588,94.2205,99.6036,103.345,105.119,99.5968,87.8286,84.6643,74.3818,69.5855,65.7184,48.8248,36.136,23.8151,17.6471,13.6826,10.7591,8.87663,9.10627,11.8127,15.8161,25.5072,32.031,40.7641,55.6298,72.3179,99.5189,137.087,160.181,190.349,224.973,261.977,319.435,398.743,488.715,560.477,614.862,651.044,708.415,780.074,788.438,760.108,836.221,844.952,861.228,832.216,596.219,0,0,0,0,0,0,0,0,0,0,0,0,0,0
594.5,82.4563,91.0298,95.1544,99.8727,99.026,94.1856,83.8969,81.0293,70.6974,68.3831,63.2812,46.1515,35.0718,22.829,16.8359,12.9812,10.2757,8.71251,8.89356,11.4645,15.291,24.4833,31.4237,39.2067,53.3568,69.4374,95.0325,132.045,150.214,183.874,214.118,251.563,302.07,382.041,464.772,539.111,594.549,615.368,684.156,736.672,750.166,720.681,784.877,806.469,832.331,795.189,551.736,0,0,0,0,0,0,0,0,0,0,0,0,0,0
595,79.2599,87.9345,91.1292,95.1279,96.7891,89.5372,78.8955,77.5285,67.5096,65.3074,59.6118,44.7841,33.8444,22.2481,16.4684,12.5523,9.9739,8.48838,8.57518,10.9159,15.1502,23.8224,30.466,38.1031,51.4816,67.7904,93.4336,125.732,144.411,173.298,206.335,240.923,290.373,371.009,446.219,517.927,569.667,583.579,654.237,701.856,721.081,699.534,756.376,768.589,793.441,760.771,526.314,464.161,0,0,0,0,0,0,0,0,0,0,0,0,0
595.5,77.0257,83.0963,87.441,91.3867,94.5335,87.957,76.6364,73.4282,64.5174,62.4366,57.0089,43.877,31.9816,21.8981,15.7318,12.1956,9.68647,8.21209,8.2356,10.5312,14.8309,22.8021,29.5039,36.6422,49.7873,65.2143,88.1979,119.949,136.876,167.676,198.159,229.054,279.321,360.417,422.874,500.773,551.486,560.133,631.579,667.108,689.087,669.97,716.129,728.327,765.697,737.821,496.044,438.225,0,0,0,0,0,0,0,0,0,0,0,0,0
596,73.5302,80.1102,84.7093,88.4123,91.2277,85.8183,70.6454,71.9323,63.1603,61.2198,53.7741,41.8008,31.207,21.1359,15.1447,11.9254,9.59501,7.85633,8.05795,10.2279,14.4501,21.8347,28.4566,35.4529,47.8443,63.0882,83.7053,114.556,132.343,159.362,188.503,214.657,264.271,347.96,410.144,476.155,528.88,538.791,609.494,646.973,666.207,654.684,692.841,702.979,743.509,705.031,478.63,408.449,0,0,0,0,0,0,0,0,0,0,0,0,0
596.5,71.4514,75.8666,81.4987,85.8484,88.0131,81.5634,68.8471,68.9756,62.262,58.3417,51.0272,40.5287,29.7095,20.629,14.3238,11.5142,9.2312,7.55383,7.91576,9.88071,14.0541,21.0078,26.853,34.2195,45.8246,59.9034,81.1666,111.459,125.921,154.139,181.412,202.73,254.285,340.652,394.757,460.545,502.216,516.032,581.721,622.593,627.88,626.437,657.711,683.612,713.387,674.67,458.243,385.141,0,0,0,0,0,0,0,0,0,0,0,0,0
597,68.8328,73.5605,77.9887,83.0777,84.5169,77.9831,67.1904,66.4094,60.3594,56.4419,49.3564,38.1696,28.5583,19.7787,13.9669,11.3116,8.98557,7.45478,7.69484,9.73666,13.3026,20.469,26.1166,33.5815,44.3768,58.0467,78.4935,106.706,122.503,147.722,172.866,192.139,238.431,330.757,383.54,442.09,481.578,498.928,560.787,594.822,608.724,610.097,634.669,654.496,678.67,640.259,436.327,356.922,0,0,0,0,0,0,0,0,0,0,0,0,0
597.5,67.0725,71.2934,74.5808,80.1145,81.2781,74.7441,66.5728,62.3257,57.3494,54.9181,48.627,37.0925,27.2902,19.3591,13.4643,11.0487,8.79866,7.30006,7.49978,9.31326,13.0216,19.8388,25.3438,32.5035,43.0294,56.3777,76.7367,104.276,119.988,144.101,166.823,192.903,229.186,314.765,370.2,436.436,457.972,483.914,537.455,560.884,590.216,594.876,606.221,624.514,654.069,608.466,412.762,329.908,0,0,0,0,0,0,0,0,0,0,0,0,0
598,64.5786,67.5035,72.8238,77.1292,78.401,72.5387,63.1342,58.566,54.7611,53.3095,47.2105,35.2832,26.6128,18.5696,13.2328,10.6222,8.53795,7.12764,7.28112,9.15205,12.7864,19.3502,24.5898,31.7351,41.4583,54.2061,74.2656,100.028,117.086,138.529,162.549,183.278,220.798,301.29,356.027,417.574,444.078,466.245,512.019,541.665,576.103,561.477,595.819,605.122,629.665,575.064,390.009,305.552,0,0,0,0,0,0,0,0,0,0,0,0,0
598.5,62.3291,66.3524,69.7965,75.2433,74.918,69.9658,61.9366,57.3581,52.6025,51.4533,45.0676,34.5593,25.8307,18.048,12.7526,10.2926,8.28296,6.88703,7.15048,8.94701,12.6368,18.8237,24.5201,30.1799,39.5932,52.3025,72.0584,97.6947,113.475,133.695,156.104,176.669,217.805,290.784,340.812,403.079,428.857,452.821,488.506,522.355,555.159,553.189,575.166,582.552,616.738,553.841,368.021,282.699,0,0,0,0,0,0,0,0,0,0,0,0,0
599,60.1933,64.9269,68.0764,71.6023,72.1865,67.6733,59.7294,56.6238,51.201,49.7942,43.9908,34.4468,25.1166,17.547,12.4528,10.0878,8.08922,6.59579,6.89088,8.8059,12.3604,18.3838,23.7063,29.0926,38.7798,49.2319,70.3311,93.3812,107.649,129.357,151.308,172.451,207.3,278.185,331.38,385.185,414.044,437.262,465.048,504.562,535.445,519.344,562.475,571.83,591.826,533.285,349.545,264.734,0,0,0,0,0,0,0,0,0,0,0,0,0
599.5,58.6719,62.5387,64.8809,67.3558,70.1801,65.2561,57.6172,55.953,49.26,48.1998,42.2558,34.5108,24.7183,17.1187,12.5022,9.67742,7.84214,6.38311,6.73952,8.70367,11.8453,17.8671,23.0071,28.757,37.7197,47.677,67.6363,89.392,104.036,123.976,146.425,167.262,202.277,270.093,319.127,373.463,391.563,421.91,447.712,494.432,517.28,501.788,537.325,548.657,572.709,516.659,334.25,244.735,0,0,0,0,0,0,0,0,0,0,0,0,0
600,57.1511,61.83,62.6086,63.9487,68.3319,62.436,56.1674,54.465,48.0216,47.0386,41.1648,33.5022,23.7926,16.5312,12.4219,9.57761,7.73535,6.16221,6.74893,8.41291,11.3718,17.3524,22.2862,27.8411,36.8389,45.9942,64.7353,87.9293,100.548,120.158,140.234,158.722,192.115,255.773,309.228,357.876,382.895,412.183,430.08,472.827,495.144,477.575,517.172,530.323,550.347,506.509,326.352,230.405,331.93,0,0,0,0,0,0,0,0,0,0,0,0
600.5,55.0436,60.8103,61.4098,60.7749,67.3511,59.9926,55.7774,52.5814,47.1125,45.9533,39.9845,32.6041,22.7514,16.0605,12.297,9.36016,7.62168,6.11369,6.59256,8.28479,10.8907,16.6635,21.6566,27.3021,35.4571,44.693,62.6882,85.791,97.8728,116.992,136.738,154.066,188.153,244.549,295.81,347.05,368.878,402.928,417.628,457.02,480.475,467.14,498.416,516.044,531.703,481.506,312.719,214.786,311.666,0,0,0,0,0,0,0,0,0,0,0,0
601,54.0098,59.0059,61.4283,59.3759,65.641,58.3252,52.3133,50.952,46.0966,43.9853,38.9694,31.6402,22.1566,15.9008,11.9356,9.10346,7.49498,6.16596,6.52275,8.05358,10.6406,16.3971,21.1101,26.6795,34.3474,44.4402,61.344,83.6464,95.7715,112.763,131.829,149.096,183.685,235.23,279.988,339.635,362.099,396.944,404.701,444.978,465.225,461.392,480.602,501.709,507.788,475.717,301.955,200.629,288.078,0,0,0,0,0,0,0,0,0,0,0,0
601.5,52.8297,56.3381,58.1398,58.4178,63.6817,57.7416,50.6506,49.3205,46.163,42.5029,37.294,30.4944,21.3835,15.2455,11.3428,9.01439,7.42274,6.05233,6.38652,7.8653,10.3614,15.9479,20.7717,26.0971,33.0111,43.5196,60.2606,81.7354,91.03,109.92,128.752,147.098,180.875,231.444,276.447,329.307,349.705,387.423,407.494,436.743,454.947,449.069,472.928,488.203,493.002,462.316,289.721,188.26,270.891,0,0,0,0,0,0,0,0,0,0,0,0
602,52.0064,54.7368,57.0622,57.2936,61.3991,56.7384,50.0508,47.0152,45.0794,40.9719,36.5913,29.4623,20.9923,14.7226,11.0696,8.88707,7.33513,6.06832,6.26566,7.74687,10.4549,15.6289,20.4476,25.2871,32.284,42.173,58.752,80.6428,88.6667,107.148,126.297,147.595,176.29,223.44,270.496,320.936,338.455,375.272,402.474,429.007,440.188,436.126,461.958,471.327,473.992,447.304,282.248,177.899,248.315,0,0,0,0,0,0,0,0,0,0,0,0
602.5,49.8843,53.4828,55.3693,56.9488,59.2791,55.3556,48.2567,45.3656,43.1048,39.3226,35.4035,28.3705,20.5335,14.3665,11.0457,8.7274,7.18512,6.05382,6.19692,7.59854,10.5102,15.3391,20.07,24.6757,31.2212,41.245,57.6497,78.3852,87.6157,104.656,125.778,140.742,172.118,221.171,267.129,310.829,331.726,363.461,388.602,408.951,433.123,421.58,450.662,458.631,464.322,437.358,276.137,166.464,230.122,0,0,0,0,0,0,0,0,0,0,0,0
603,48.783,52.1623,55.1658,54.7601,57.8623,54.207,47.4155,43.3995,42.6833,39.0031,34.872,28.1231,19.891,13.9073,10.9674,8.64483,7.13631,6.05119,6.11861,7.37427,10.311,14.9259,19.4702,24.0744,30.2107,40.1902,56.2556,76.7911,85.4366,102.303,122.524,135.559,164.832,218.309,262.224,302.242,321.543,353.815,373.921,397.912,416.809,412.188,437.593,447.418,456.114,420.535,264.749,159.482,210.04,0,0,0,0,0,0,0,0,0,0,0,0
603.5,47.5386,51.0369,54.4676,53.13,56.2573,52.448,46.1592,42.7945,41.5349,37.8089,33.7647,28.0081,19.2348,13.7603,10.7119,8.53219,6.94362,5.92651,6.01251,7.16207,10.0964,14.4823,18.7677,23.572,29.861,39.9748,53.9605,75.2579,84.5782,99.692,120.194,132.344,165.114,213.351,255.046,298.261,312.578,345.249,364.015,385.971,402.451,401.763,415.868,440.385,446.522,402.652,258.486,152.205,192.859,0,0,0,0,0,0,0,0,0,0,0,0
604,47.3102,50.2146,53.8085,52.2749,54.7798,51.7927,44.5178,42.6258,39.6996,37.2119,33.45,27.2573,19.2833,13.7162,10.517,8.34446,6.74431,5.77691,5.87886,7.06945,9.92791,14.1794,18.171,22.9316,29.229,39.2914,52.8933,72.9841,81.2382,98.0022,117.105,130.076,160.145,205.65,247.408,281.009,307.214,340.778,356.941,382.167,393.82,398.028,397.34,438.819,437.045,394.431,249.223,146.703,179.941,0,0,0,0,0,0,0,0,0,0,0,0
604.5,46.7439,48.6083,53.3125,50.3237,54.1585,50.743,44.6388,42.7167,39.58,36.218,32.9595,26.4878,18.9412,13.0784,10.5096,8.37651,6.4433,5.61528,5.73289,7.02127,9.77568,13.9668,17.7805,22.602,28.0611,38.2182,51.1869,70.9058,80.9155,95.7356,115.522,126.499,154.11,203.231,245.271,276.981,301.161,337.29,350.412,369.32,380.079,389.993,389.841,429.87,428.601,380.946,245.555,141.541,163.791,0,0,0,0,0,0,0,0,0,0,0,0
605,46.0266,47.4728,52.0292,50.7939,53.063,49.9977,42.8676,42.1278,38.7223,35.1834,32.2947,25.7221,18.9496,12.7794,10.2649,8.20398,6.34105,5.51949,5.58976,7.03301,9.62887,13.8343,17.6584,22.2494,27.6502,37.8603,50.8264,68.5559,79.8397,94.0537,111.452,123.361,152.888,204.006,238.129,270.277,294.833,329.965,336.086,362.615,376.081,379.315,380.571,420.891,419.855,375.914,240.433,134.755,152.61,301.19,0,0,0,0,0,0,0,0,0,0,0
605.5,45.0915,47.1869,51.5678,51.2949,52.3542,48.2417,42.2424,41.5996,38.8473,34.9669,31.9485,24.5483,18.5343,12.6372,10.0358,8.25608,6.23756,5.49701,5.43015,6.91258,9.44409,13.6087,17.3181,21.5409,27.3083,37.3287,51.6095,66.621,78.769,90.9747,108.735,119.811,149.145,202.092,232.428,263.745,297.382,322.421,325.264,356.966,373.971,368.839,374.903,410.001,410.795,364.111,237.146,129.085,141.949,286.523,0,0,0,0,0,0,0,0,0,0,0
606,44.7388,47.4265,51.3359,50.6089,51.1388,47.8563,41.5309,40.4837,37.8974,34.3946,31.3995,24.6827,18.4459,12.4443,9.83022,8.0591,6.16732,5.2863,5.48571,6.80192,9.33808,13.0962,17.0177,21.153,26.8224,36.9869,50.1895,64.7942,76.5969,89.7772,106.595,119.411,148.06,198.059,228.085,260.694,294.102,315.302,316.601,351.163,372.066,357.382,371.265,396.526,403.74,356.382,232.902,124.598,131.51,267.577,0,0,0,0,0,0,0,0,0,0,0
606.5,43.8985,46.6674,50.0428,50.2525,50.341,47.2774,41.3515,39.9814,36.3937,34.3155,30.9509,23.8612,18.3329,12.5032,9.69933,7.86212,6.17822,5.28628,5.51055,6.6539,9.07842,12.6787,16.6801,20.4379,26.441,36.4152,49.067,63.7457,75.2682,88.1557,105.534,117.743,144.801,193.532,222.131,254.412,289.375,305.815,306.822,343.346,368.658,352.909,372.806,388.789,394.54,347.737,227.346,120.395,124.322,249.821,0,0,0,0,0,0,0,0,0,0,0
607,42.6805,45.8789,49.088,48.1423,49.239,45.4397,40.3151,39.4935,34.5468,33.8877,30.5258,23.9031,17.9898,12.53,9.53339,7.74846,6.22113,5.18094,5.42855,6.45288,8.89551,12.5039,16.3273,19.9001,26.2129,35.9354,47.5184,62.9974,74.7057,85.1857,102.43,116.941,139.937,185.816,218.139,245.858,280.219,301.821,305.799,332.354,361.228,346.615,372.54,378.891,390.006,347.297,223.099,115.106,116.282,231.873,0,0,0,0,0,0,0,0,0,0,0
607.5,41.4601,44.6804,47.737,47.2754,47.7409,44.7645,39.809,39.1716,33.9314,33.8151,30.0586,23.4037,17.8001,11.9629,9.37897,7.56705,6.13838,5.26479,5.41832,6.36267,8.51433,12.4726,16.2011,19.6402,25.4907,35.3524,45.8456,62.8616,73.5524,83.214,99.9092,114.233,135.382,177.929,215.501,246.032,273.95,291.947,304.578,328.841,358.153,340.566,368.72,366.705,380.33,338.702,217.417,112.981,110.286,215.02,0,0,0,0,0,0,0,0,0,0,0
608,40.8834,43.6587,46.5007,47.0276,46.6006,43.652,38.7268,38.3919,33.5531,32.8304,29.5736,23.0058,17.5769,11.5172,9.12118,7.55517,5.94312,5.16344,5.32119,6.16878,8.43899,12.0927,15.6977,19.279,25.3,33.9245,44.7322,61.5373,72.1337,80.5848,97.8264,111.931,133.369,173.132,211.433,240.815,266.667,283.822,302.787,318.474,347.01,333.064,356.364,358.473,372.984,334.018,213.047,109.799,103.489,196.839,0,0,0,0,0,0,0,0,0,0,0
608.5,40.2129,42.9193,46.5409,46.6587,45.8365,43.2239,38.1131,37.3865,32.9589,31.9374,28.8643,22.6528,17.2614,11.2214,8.96561,7.38456,5.79664,5.09823,5.26778,6.12368,8.35926,11.9636,15.4444,18.6574,25.0161,33.4554,43.9001,60.3077,70.2632,78.6052,95.0155,110.337,131.658,171.675,203.35,239.868,261.924,278.872,299.715,317.33,340.585,329.756,350.412,350.566,363.742,326.556,210.164,106.746,98.1283,182.824,0,0,0,0,0,0,0,0,0,0,0
609,39.6394,42.1683,44.6097,45.3461,45.338,42.654,37.8206,36.6261,32.4648,31.6136,28.6677,22.5347,17.0334,11.1792,8.92139,7.2834,5.71968,5.0237,5.2248,6.06333,8.34743,11.8238,15.2011,18.2325,24.4771,33.0019,42.4028,58.9563,69.4689,75.9405,91.4275,107.546,130.049,170.387,201.733,236.374,257.896,275.482,288.653,306.917,328.423,325.738,339.712,345.911,354.527,323.225,204.895,105.392,93.8273,167.629,0,0,0,0,0,0,0,0,0,0,0
609.5,38.7341,41.635,43.652,44.5393,44.3833,41.8924,37.4014,35.4032,31.4167,31.0418,28.0501,22.2301,16.8786,11.1171,8.75828,7.20513,5.63021,4.89813,5.08542,5.97731,8.26071,11.9542,14.7801,17.7666,23.9684,32.4085,42.2231,56.868,69.0244,75.3575,89.7754,106.023,129.675,168.17,196.379,231.887,256.137,268.557,285.942,309.579,326.891,318.383,338.731,343.978,350.881,314.178,202.46,102.984,90.1235,154.968,0,0,0,0,0,0,0,0,0,0,0
610,38.3617,40.4218,42.8172,44.0284,41.591,41.3834,37.3317,34.8416,31.5359,30.0833,27.1145,21.8931,16.7376,11.0197,8.74669,7.11519,5.49413,4.92514,4.91741,5.74236,8.15801,11.5985,14.5406,17.4686,23.0919,32.2037,40.9288,56.0102,66.9102,74.7733,89.1522,103.625,127.754,161.461,192.184,225.755,255.348,266.014,282.196,305.994,324.335,315.725,330.02,340.712,352.147,310.422,199.083,101.471,85.1901,144.001,274.508,0,0,0,0,0,0,0,0,0,0
610.5,38.037,39.0244,42.253,43.6681,40.8282,41.3556,36.7692,34.3779,31.1994,29.5069,26.6799,21.319,16.5575,11.0051,8.69437,7.08334,5.51164,4.8386,4.84243,5.75815,7.9972,11.4362,14.4102,17.1821,22.8364,31.2386,40.3531,54.1477,65.9666,75.3333,85.5501,103.69,126.503,159.667,188.658,220.237,250.044,261.819,275.587,297.923,311.378,307.647,321.021,328.584,347.148,303.925,194.787,99.7277,83.0774,132.927,258.559,0,0,0,0,0,0,0,0,0,0
611,37.9192,38.9091,42.1424,42.8246,40.4924,40.6188,36.5681,33.2922,30.4539,28.9011,26.512,20.8918,16.0493,11.1357,8.61432,7.01316,5.4218,4.69434,4.76228,5.77049,7.78763,11.2024,14.185,17.0291,22.2904,30.3992,39.1608,53.4098,64.1532,74.5613,85.1372,101.733,123.189,156.062,183.54,214.875,243.996,256.714,270.223,296.628,304.327,306.981,316.823,325.424,339.094,300.15,190.535,98.2787,79.7233,123.39,244.819,0,0,0,0,0,0,0,0,0,0
611.5,36.7346,37.7294,40.8164,41.8998,40.8368,40.4478,35.9294,32.7939,30.2073,28.7216,26.569,20.2815,15.5058,11.0414,8.40707,6.88193,5.44603,4.6652,4.68446,5.65834,7.6774,11.053,14.0031,16.9443,21.988,29.2776,38.3829,52.1313,62.9278,74.0364,82.4339,99.0852,121.063,153.084,178.169,210.604,235.99,250.238,264.784,293.552,299.548,299.967,310.491,321.207,333.738,294.766,186.967,96.242,78.0985,115.453,229.779,0,0,0,0,0,0,0,0,0,0
612,36.0693,37.3529,39.431,41.3974,41.2874,39.6808,35.6504,32.1478,29.9782,28.6439,26.2648,19.847,15.1334,11.0177,8.14606,6.79998,5.43665,4.58043,4.61547,5.67864,7.58826,10.9088,13.7107,16.6611,21.6079,28.7391,36.0368,51.1195,61.4341,71.5884,80.6913,97.6756,116.855,153.245,176.415,210.95,229.39,244.594,260.714,289.264,292.736,295.44,305.034,314.727,327.529,287.926,184.091,94.1606,76.432,108.306,214.762,0,0,0,0,0,0,0,0,0,0
612.5,35.2795,36.6665,38.9461,40.4571,40.2634,39.2241,35.2291,32.2893,30.0888,27.809,25.9596,19.9945,15.1842,10.7335,8.11923,6.63872,5.50294,4.51668,4.5986,5.6228,7.5308,10.596,13.694,16.4519,21.4026,28.4737,35.4022,50.385,59.4821,70.0428,79.8302,96.4058,114.178,149.48,173.695,208.316,224.445,239.925,255.897,280.898,293.497,281.982,303.85,311.862,321.488,282.562,180.857,92.014,74.55,103.647,201.218,0,0,0,0,0,0,0,0,0,0
613,34.8896,35.6171,38.0149,40.4859,40.0523,38.2215,34.413,31.4585,29.2001,27.5222,25.1092,19.9816,15.1368,10.4893,7.95927,6.56809,5.35328,4.49217,4.40194,5.4654,7.48487,10.6515,13.2872,16.194,21.6932,28.1988,34.6513,49.5033,58.3479,68.3113,78.252,94.016,114.927,144.211,172.159,205.655,223.234,234.657,253.938,272.199,285.305,282.194,299.331,304.547,318.207,282.333,177.887,90.5125,71.4482,96.4833,186.384,0,0,0,0,0,0,0,0,0,0
613.5,34.0365,35.5423,38.3201,39.8895,39.6307,37.3892,34.5191,31.1291,29.2099,27.7364,24.5527,19.3531,14.9811,10.3865,7.94692,6.47805,5.2162,4.43734,4.42514,5.39355,7.27731,10.2176,13.1579,16.1002,21.7138,28.1408,34.6013,49.3968,56.9171,66.7993,77.5137,92.6495,112.756,143.679,166.447,200.793,220.848,230.532,249.796,269.262,285.193,274.596,292.504,299.923,311.494,278.234,175.869,89.2965,70.1826,91.5403,172.948,0,0,0,0,0,0,0,0,0,0
614,33.9994,35.3618,37.4958,39.2997,39.3877,36.3976,34.256,30.6282,28.5509,27.196,24.2804,19.4461,14.7558,10.2271,7.90543,6.54895,5.01688,4.39019,4.29513,5.24159,7.15623,10.1203,12.8385,15.6859,21.1401,27.8567,34.5984,47.9983,56.0345,66.2577,77.1874,90.9686,111.583,140.157,164.451,196.294,218.848,227.248,247.986,266.837,281.088,272.512,291.158,292.936,307.995,270.494,172.092,87.6518,68.8298,87.6559,160.837,0,0,0,0,0,0,0,0,0,0
614.5,33.233,34.7263,37.2124,37.8974,38.7509,36.1823,33.511,30.7463,28.3351,27.086,23.7491,18.717,14.7187,10.0968,8.00485,6.44559,5.11476,4.29719,4.3797,5.15091,6.98821,10.0236,12.6802,15.284,20.574,27.8302,34.3002,48.2442,55.8433,64.7911,75.5995,89.6922,109.673,140.631,162.797,192.763,216.702,222.956,242.27,260.834,276.865,270.273,290.799,292.053,301.906,264.266,168.125,87.3221,68.2559,83.5719,148.287,0,0,0,0,0,0,0,0,0,0
615,32.53,35.0188,36.5213,37.6827,38.7132,36.0015,32.9117,30.3718,28.0138,26.6632,23.9857,18.6344,14.8408,9.9483,7.80032,6.36727,5.02512,4.23687,4.23118,5.1742,6.81012,9.88317,12.5912,15.1857,20.0767,27.3149,33.9937,48.2269,54.9156,63.5836,74.8459,88.4507,107.801,136.686,159.435,191.132,213.304,221.986,240.409,255.721,271.517,268.847,288.307,289.458,296.698,258.55,164.331,86.842,67.897,80.9711,136.496,252.451,0,0,0,0,0,0,0,0,0
615.5,32.2716,35.2814,35.819,37.5799,38.5794,35.8984,32.1004,30.1313,27.16,26.4839,23.4228,18.2855,14.6725,9.98591,7.68593,6.24194,5.07149,4.25586,4.22206,5.12426,6.73982,9.82617,12.342,15.369,19.465,26.7426,33.7104,48.0007,54.3749,62.2852,73.8486,87.5587,104.172,134.772,158.09,188.999,209.805,217.793,236.932,255.041,271.157,260.345,285.789,288.125,289.81,257.776,163.212,85.4186,65.452,77.4397,126.564,241.841,0,0,0,0,0,0,0,0,0
616,32.1888,34.824,35.8591,37.6013,38.9351,35.3375,31.5769,29.8372,26.6849,26.2862,23.4461,18.2636,14.6417,9.85497,7.52487,6.27815,4.9951,4.24406,4.18811,5.09262,6.72354,9.58418,12.3075,15.2993,19.4272,26.2893,34.0502,47.5386,53.6299,60.7107,73.2769,88.0736,103.878,131.511,152.679,185.071,205.254,212.674,232.805,250.24,266.084,258.79,280.09,283.932,288.096,256.601,162.638,83.9436,64.6838,74.6851,117.284,227.487,0,0,0,0,0,0,0,0,0
616.5,32.2729,34.3319,35.4624,37.0604,38.2795,34.5497,32.0011,29.7705,26.626,25.604,23.1592,18.3707,14.2917,9.80125,7.44521,6.20606,5.00316,4.23808,4.15648,5.06927,6.74537,9.41091,12.1374,14.6987,19.0782,25.6701,32.9765,46.7478,52.8757,60.9908,71.6984,87.8051,101.652,131.596,154.291,184.239,202.439,214.283,231.944,245.612,263.978,261.159,274.044,284.926,284.46,257.674,160.035,81.6333,64.0671,72.6013,109.886,215.925,0,0,0,0,0,0,0,0,0
617,32.1808,34.0546,34.9535,36.4794,38.1709,34.5442,32.098,29.5962,26.8535,25.0304,23.1901,18.3363,14.0902,10.0815,7.4781,6.23657,4.98587,4.20029,4.1663,5.02674,6.76605,9.27273,12.1932,14.2896,18.8948,25.1337,32.9444,45.7318,51.6981,59.5646,70.8927,87.1853,99.787,129.774,154.896,181.137,202.858,209.953,232.705,245.061,260.71,261.488,270.688,282.083,286.473,259.139,158.777,82.1581,64.4298,71.0252,103.597,197.791,0,0,0,0,0,0,0,0,0
617.5,32.2422,33.5112,35.3391,36.4446,38.1612,33.6206,32.0901,29.6113,27.1637,25.1,22.5594,18.4307,13.9777,9.94707,7.52304,6.22042,4.78566,4.23739,4.11189,5.01249,6.64596,9.28047,11.9161,13.9894,18.7252,25.1168,32.7094,44.5985,51.4144,58.7629,72.0451,86.4049,100.708,129.074,154.955,179.411,204.863,208.978,231.36,245.4,259.081,262.224,267.495,280.369,282.021,252.812,156.815,82.5262,64.4635,70.178,99.011,185.401,0,0,0,0,0,0,0,0,0
618,32.0024,33.3829,35.7613,36.3385,38.3228,33.6995,31.0721,28.8929,26.67,25.1666,22.719,18.3716,13.8783,9.78029,7.43361,6.2043,4.77908,4.26812,4.03422,4.96953,6.64737,9.23678,11.8208,14.0181,18.8766,24.8432,32.2356,43.9876,51.4557,58.3549,72.4923,86.0014,99.2394,129.202,153.18,181.43,204.319,206.151,230.456,245.305,258.621,257.091,265.369,279.724,278.854,252.056,153.667,81.7573,65.2933,68.9892,95.6821,175.332,0,0,0,0,0,0,0,0,0
618.5,31.8706,33.3145,35.8063,37.3953,38.3172,33.059,30.5542,28.8295,26.5057,25.1528,22.4239,18.1905,13.8487,9.61817,7.57893,6.23714,4.77432,4.20226,4.0742,4.91615,6.54909,9.13423,11.8112,13.9922,18.8376,24.5908,32.1468,43.4529,51.0246,59.672,73.168,86.0882,100.846,127.624,152.954,183.192,203.267,203.979,230.986,243.995,260.767,252.435,265.818,277.993,278.862,250.208,154.67,80.0321,63.8405,67.7989,91.7692,164.025,0,0,0,0,0,0,0,0,0
619,31.963,33.2981,35.7608,38.1852,38.4617,33.1984,30.609,28.7694,26.4427,25.1634,22.8191,18.1698,14.1778,9.7065,7.5463,6.23189,4.79868,4.17432,4.09047,4.86081,6.46012,8.92891,11.7091,14.1741,18.3814,24.5523,31.6383,43.997,50.7317,60.5451,71.574,84.9885,99.3545,130.613,152.947,181.646,201.615,204.327,232.738,243.427,260.812,254.452,269.381,280.022,275.597,250.55,154.399,80.1143,64.5672,67.7954,87.8748,153.058,0,0,0,0,0,0,0,0,0
619.5,31.8091,33.8151,35.6939,38.4182,38.1842,34.1524,30.5219,29.1458,25.5978,25.2243,23.1953,18.3916,14.3061,9.61798,7.71681,6.17491,4.88029,4.18377,4.09314,4.80202,6.43167,9.00977,11.6833,14.22,18.1311,24.7146,32.3941,43.8336,51.4659,60.1838,71.4386,84.4171,101.028,128.866,151.464,183.854,200.55,206.138,231.443,247.094,258.959,251.625,272.454,281.129,278.163,249.537,158.209,79.9436,65.2081,68.0097,85.4506,143.482,0,0,0,0,0,0,0,0,0
620,32.5054,33.6878,36.1344,38.1021,38.7506,34.6461,31.3172,29.91,24.8873,25.344,23.4528,18.5545,14.4296,9.68217,7.765,6.22393,4.89808,4.17538,4.15793,4.7347,6.45191,8.90223,11.5379,14.0007,18.2852,24.8301,32.2698,43.8718,51.4183,59.7759,71.0697,84.0068,99.8816,129.374,149.074,183.03,199.571,203.945,231.295,245.584,263.124,251.463,274.25,279.49,279.728,251.099,157.253,81.8549,66.549,67.8764,83.0557,134.044,249.274,0,0,0,0,0,0,0,0
620.5,33.0961,35.9415,37.3442,39.05,38.8475,36.352,31.4824,29.7739,27.0124,24.4058,22.9591,17.5158,13.281,8.92887,6.84597,5.52371,4.11411,3.49097,3.43527,4.14936,5.89995,8.44907,10.7399,13.5329,18.3094,24.304,33.3807,43.9884,52.2811,60.3314,72.284,87.6765,103.751,133.668,158.49,184.544,191.661,213.299,241.235,254.544,266.072,266.466,275.086,296.994,296.74,255.943,158.927,86.7686,66.6884,68.2372,84.1708,135.449,242.844,0,0,0,0,0,0,0,0
621,33.4289,36.3735,37.0772,39.0784,39.0226,36.3769,31.4718,30.0737,27.803,23.9586,23.0908,17.6593,13.4011,9.14747,6.9428,5.65487,4.06952,3.56762,3.48888,4.14394,5.80086,8.4006,10.8677,13.3951,18.4181,24.3835,33.0485,44.4031,51.7364,60.2339,71.6086,89.3239,104.404,132.66,160.549,185.6,192.742,211.726,233.734,256.584,264.858,269.334,277.196,296.475,299.383,262.342,161.556,87.3577,68.6265,69.0884,82.8511,128.884,233.258,0,0,0,0,0,0,0,0
621.5,33.6585,36.5342,37.359,38.9896,40.021,37.0354,31.9221,30.6626,27.808,24.2445,22.9636,17.9783,13.4109,9.44788,7.01779,5.64141,4.06986,3.65913,3.58803,4.20267,5.83113,8.32443,10.851,13.473,18.2522,24.0818,32.831,43.7753,50.357,59.1946,73.2395,89.8208,104.417,133.522,162.545,187.506,193.276,214.347,236.545,258.692,263.338,271.948,281.738,297.167,301.435,268.234,163.096,86.1842,70.6302,70.2776,82.7972,121.509,221.311,0,0,0,0,0,0,0,0
622,33.9064,36.807,39.0249,39.1553,40.6131,37.1496,32.0562,30.3943,27.8275,23.9666,22.6822,18.1618,13.5767,9.6538,7.15903,5.58367,4.06272,3.73213,3.5715,4.29952,5.87127,8.45176,10.892,13.7469,18.1443,24.0116,32.8569,43.9651,50.1937,59.5614,73.4958,91.2148,105.228,134.845,163.67,188.607,194.232,214.233,237.114,260.978,266.045,272.604,281.34,298.556,303.899,266.852,166.178,88.0851,71.6286,72.2926,82.1999,117.358,210.713,0,0,0,0,0,0,0,0
622.5,34.186,37.1549,39.5275,39.4381,41.2876,37.6594,31.8296,29.8387,27.2276,24.5519,22.9346,18.7212,13.9869,9.88207,7.21577,5.54292,4.10787,3.80076,3.6401,4.33168,5.99826,8.48343,11.0401,13.8497,18.1024,23.8224,33.1629,43.9308,50.3753,60.545,72.673,91.0405,107.913,133.7,162.651,189.981,196.314,215.974,235.97,263.224,270.029,271.731,282.776,300.222,307.329,269.559,169.881,89.6938,72.7156,74.375,82.6419,113.293,199.75,0,0,0,0,0,0,0,0
623,34.7039,38.5599,40.3065,40.4959,41.7168,37.1967,32.2322,30.2699,27.8618,24.9949,23.0738,19.4255,14.1469,10.1942,7.37431,5.63084,4.12356,3.83313,3.5704,4.40322,6.08811,8.68283,11.0737,14.1172,18.1793,23.9728,33.6607,44.3384,51.4201,59.8493,72.8514,92.2032,107.605,136.927,162.575,190.661,199.152,215.008,238.222,265.401,273.75,267.832,286.661,306.424,309.072,271.479,172.524,91.3433,74.6895,77.1032,83.9278,111.494,190.367,0,0,0,0,0,0,0,0
623.5,35.4571,39.7295,41.3651,40.8249,41.6412,38.1117,32.2963,30.8593,27.6905,25.9395,23.7627,19.4561,14.541,10.1732,7.49626,5.74412,4.12353,3.88764,3.67082,4.41207,6.15556,8.64173,11.254,14.0911,18.5854,24.1708,33.9071,44.799,51.9816,59.9407,73.5566,92.6239,106.822,135.377,163.862,193.783,202.553,215.184,237.984,266.159,276.211,270.185,289.624,308.551,315.871,276.461,174.24,93.9051,77.941,79.2594,85.2439,110.077,184.398,0,0,0,0,0,0,0,0
624,35.9071,40.4487,41.5428,42.8517,42.5649,38.3141,32.523,31.5144,29.0347,26.1535,24.4819,19.8394,14.6065,10.44,7.62754,5.89672,4.12245,3.90017,3.65374,4.43621,6.19099,8.68106,11.4234,14.1872,18.8915,24.808,33.6497,46.0319,52.1202,60.4564,75.2291,93.4609,105.974,136.682,168.24,195.147,204.896,217.429,239.067,270.795,278.953,274.363,292.973,311.001,319.377,277.599,176.504,96.0196,80.3025,81.671,86.3497,108.768,177.736,0,0,0,0,0,0,0,0
624.5,36.1598,41.7858,41.6972,43.3234,44.1421,40.168,33.0125,31.4881,29.489,26.6163,24.3689,19.7308,14.7998,10.5487,7.69852,6.04828,4.32603,3.88115,3.66721,4.51954,6.26177,8.58694,11.5705,14.321,19.3152,24.9203,34.1949,46.4388,52.6007,61.4521,76.6714,94.2876,107.905,138.524,169.217,197.755,204.117,219.908,245.897,271.926,282.194,277.404,300.225,315.322,323.614,278.983,183.272,99.8505,83.5763,84.301,89.7104,109.758,170.287,0,0,0,0,0,0,0,0
625,37.1265,42.3728,42.4985,44.6094,45.3936,40.3595,33.9827,32.3299,29.7598,26.8071,24.8382,19.902,14.7296,10.805,7.90117,6.30461,4.54948,3.84613,3.81175,4.57478,6.19709,8.63496,11.6134,14.4901,19.6771,25.0764,34.5225,47.1441,53.6383,62.5427,78.1172,93.9798,110.026,140.93,173.95,200.404,206.872,226.928,249.857,276.037,286.905,281.559,302.554,321.199,330.659,285.708,186.055,103.787,84.68,89.4681,93.7834,110.416,164.517,270.673,0,0,0,0,0,0,0
625.5,38.4867,43.3063,43.4031,45.0621,47.0942,41.682,34.6088,33.261,30.2725,27.1025,25.6317,20.3329,15.3692,11.0169,8.19807,6.53485,4.65338,3.91267,3.93653,4.6925,6.10461,8.73521,11.7116,14.508,19.8581,25.2506,34.6733,47.9962,54.7075,63.4064,78.1167,95.743,111.556,144.638,176.994,203.046,215.251,235.202,259.548,281.346,291.346,286.743,305.976,329.026,337.664,288.882,189.327,107.342,90.2172,93.0954,97.5068,113.278,161.436,263.906,0,0,0,0,0,0,0
626,39.2723,43.9645,44.088,46.4795,47.4147,42.7034,36.7204,33.8546,30.2281,27.7634,26.3142,20.6862,15.4444,11.1984,8.4664,6.64185,4.93176,4.08314,4.00808,4.77198,6.2391,8.96773,11.7358,14.6716,20.0872,25.7499,34.5799,49.4725,56.1308,66.8469,79.5915,97.1298,115.063,147.746,180.003,205.309,219.211,240.126,264.17,289.562,294.622,293.023,312.048,334.131,343.473,295.135,195.522,112.801,94.9519,97.9002,101.267,116.881,157.372,258.82,0,0,0,0,0,0,0
626.5,41.2383,45.2558,45.1529,46.8612,48.633,43.7297,37.459,34.3954,30.5438,28.2306,27.5023,21.0814,16.3269,11.3933,8.7367,6.96806,5.05837,4.22173,4.14998,4.81525,6.38478,9.18645,11.8499,14.8775,20.2072,26.0306,35.1275,49.8168,57.7675,67.689,81.0092,99.2789,118.439,150.333,183.727,211.464,226.2,243.485,268.036,295.412,303.425,296.664,318.698,339.533,350.602,303.275,202.378,117.374,100.32,102.973,107.155,119.588,157.422,253.197,0,0,0,0,0,0,0
627,42.8675,45.8408,45.928,48.9126,49.9912,45.2989,39.4275,34.1273,31.1452,29.3261,28.2824,21.2895,16.7454,11.8202,9.11398,7.20163,5.21534,4.39758,4.23984,4.84628,6.56678,9.27273,11.9041,14.9392,20.6545,26.6249,35.7713,51.094,58.514,68.6974,81.3907,100.989,122.402,154.523,186.016,219.54,231.277,245.762,270.7,303.633,308.489,308.826,327.187,346.703,356.113,312.912,212.019,123.078,106.606,108.982,112.922,122.862,156.938,249.41,0,0,0,0,0,0,0
627.5,44.5647,47.5949,49.2271,50.2256,51.372,47.7808,40.2257,34.7654,32.4669,30.0035,29.1115,22.2594,17.0468,12.2939,9.53137,7.61333,5.39835,4.5182,4.37634,4.97824,6.78397,9.46469,11.952,14.9266,20.9061,27.8089,37.1119,52.2804,59.4904,69.7278,83.0916,102.679,124.761,157.214,194.047,222.577,233.146,251.569,275.826,307.041,318.59,316.478,332.296,356.826,360.805,324.162,218.148,129.191,113.258,112.954,119.651,127.287,157.777,246.063,0,0,0,0,0,0,0
628,46.3457,49.2197,50.4137,52.5582,52.9869,49.308,41.7755,36.79,33.0661,31.3388,30.204,23.0231,17.3838,13.1379,9.91478,7.84312,5.6908,4.63912,4.39296,5.11814,7.00888,9.69105,12.3135,15.5092,21.2268,28.0159,38.1344,53.2612,60.2957,70.6172,85.9606,104.97,129.105,161.076,196.774,226.369,238.501,261.824,279.529,312.557,328.567,323.085,341.624,367.124,373.629,333.161,221.023,138.043,121.48,119.75,127.749,131.743,161.297,246.28,0,0,0,0,0,0,0
628.5,47.9772,51.6339,53.3116,54.2537,55.708,51.4657,43.1966,38.0332,34.704,32.5023,31.5222,24.4588,17.8867,13.6981,10.2571,8.11267,5.9959,4.80925,4.44571,5.25742,7.21056,10.1358,12.5588,15.7643,22.0147,28.8234,39.3592,55.0339,63.0431,73.4336,87.8323,107.369,132.608,164.117,201.865,230.972,246.266,267.459,288.265,323.455,342.052,330.562,352.939,379.403,384.655,349.296,228.785,145.189,130.368,127.546,135.583,138.987,163.388,242.695,0,0,0,0,0,0,0
629,50.7506,54.653,54.504,56.6927,58.0356,53.8844,45.5484,40.4983,35.8537,34.2734,32.9402,25.5859,18.5862,14.235,10.6119,8.4289,6.27539,4.89173,4.61503,5.46144,7.45305,10.5377,13.088,16.1328,22.763,29.6,40.8738,56.3984,65,74.3217,90.0492,110.553,138.668,169.436,208.292,234.413,255.558,278.172,302.149,335.135,358.731,333.188,368.615,394.501,395.716,356.924,235.179,154.638,138.779,134.352,142.951,145.68,169.049,241.502,0,0,0,0,0,0,0
629.5,52.764,56.932,57.1407,59.0386,60.5187,56.9476,47.1393,41.9789,37.3765,35.7956,33.4732,26.7553,19.0881,14.6439,11.0415,8.9131,6.55077,5.11746,4.74247,5.63568,7.6603,10.895,13.3893,16.7948,23.7692,30.584,41.7728,58.5461,68.3238,77.3846,94.124,114.18,142.685,176.004,216.575,244.288,265.227,287.245,309.637,349.404,372.965,347.959,383.39,407.687,414.259,367.828,249.686,160.971,144.943,142.65,152.362,154.643,176.095,241.478,0,0,0,0,0,0,0
630,55.2446,59.2602,58.7162,59.96,63.1987,58.9766,48.0778,43.6194,39.8133,37.9155,35.167,27.5429,20.441,15.2772,11.5966,9.20012,6.80253,5.36048,4.97192,5.79229,7.85374,11.2918,13.4849,17.2279,24.5663,31.5283,43.5351,59.971,70.5393,79.9348,95.4966,119.863,147.556,183.162,223.452,251.854,270.728,301.894,320.185,363.601,386.38,367.852,396.073,420.483,435.325,385.344,264.544,167.991,153.924,150.287,162.56,163.978,183.227,241.372,324.076,0,0,0,0,0,0
630.5,58.3938,60.852,60.8559,62.5205,67.032,60.6996,49.3857,44.9373,42.1122,39.3222,36.0881,28.7607,21.4169,15.8411,12.039,9.64742,7.02972,5.56651,5.11303,5.99741,8.01254,11.6298,13.7564,17.9918,25.2737,32.3136,45.2841,61.4802,72.3239,83.1627,98.9299,124.957,153.554,189.157,233.176,269.295,280.59,311.026,330.737,377.409,394.039,380.791,409.184,434.571,449.596,403.092,277.949,177.174,161.87,159.629,173.869,172.667,191.625,245.321,326.356,0,0,0,0,0,0
631,61.1497,63.5327,62.3501,66.2952,69.0796,62.6543,52.5418,47.0732,44.2061,40.383,36.8839,29.5501,22.4275,16.6732,12.5316,9.98022,7.23968,5.82948,5.28195,6.16293,8.21117,11.7727,14.07,18.61,25.9972,33.755,46.3225,63.3815,75.1469,87.7356,102.418,127.983,157.82,197.729,236.888,274.985,295.882,325.441,336.611,387.61,405.832,396.606,424.587,453.776,470.952,419.819,291.495,186.335,171.728,167.327,183.84,182.854,198.083,250.363,333.012,0,0,0,0,0,0
631.5,63.9513,66.5687,65.96,67.9362,73.5299,65.6186,55.502,48.551,46.3778,42.2097,38.1433,30.7077,23.3642,17.2862,12.9878,10.3653,7.55526,6.02629,5.48537,6.36572,8.56115,12.09,14.8368,19.098,26.6276,34.7128,47.8473,64.8018,77.2238,91.0785,108.406,131.064,162.146,204.183,247.532,285.208,309.673,336.237,351.541,404.326,423.198,410.215,444.494,468.809,486.15,435.325,302.349,198.238,182.464,175.52,194.96,191.314,205.368,257.455,333.51,0,0,0,0,0,0
632,66.7556,69.4634,70.0041,72.1735,76.3116,69.6254,59.5528,50.4669,47.9376,44.5315,39.5804,31.905,24.2086,18.0756,13.5962,10.7399,7.80338,6.3035,5.59708,6.47897,8.86014,12.3635,15.5243,19.314,27.2032,36.0835,49.5261,67.3555,80.5452,93.0005,111.488,136.681,169.43,211.226,255.311,293.077,319.863,344.818,364.393,413.989,439.574,430.396,462.94,489.051,506.346,450.173,307.086,208.084,192.771,183.724,206.174,200.549,214.472,261.185,335.026,0,0,0,0,0,0
632.5,69.4529,73.4658,71.5768,75.9654,79.0418,73.8199,62.6591,52.503,48.9332,45.8224,42.4197,33.8573,24.9736,18.5324,13.9203,10.6691,8.18615,6.36861,5.82754,6.68174,9.17751,12.7505,16.1769,20.0994,27.8781,36.6238,51.3089,69.9949,83.4877,95.1988,113.372,141.909,173.104,219.89,268.345,302.272,332.133,359.581,381.4,423.034,457.452,443.771,481.882,507.108,523.703,467.433,321.426,220.444,203.75,196.176,215.875,209.241,219.981,266.015,333.853,0,0,0,0,0,0
633,72.231,75.3531,75.7066,78.3761,81.1085,76.8477,64.5739,54.4332,50.7954,47.4745,43.315,35.2036,25.5213,19.0161,14.5042,11.0114,8.34716,6.576,5.84583,6.76651,9.33611,13.1597,16.677,20.8058,28.3483,38.1228,52.5332,73.0159,86.7997,95.789,114.681,146.698,179.092,225.848,275.882,315.259,338.599,364.887,392.494,440.117,471.296,458.644,490.457,520.418,539.297,475.999,333.121,229.442,209.332,206.879,225.549,217.299,229.603,275.452,337.967,0,0,0,0,0,0
633.5,74.4124,78.0485,78.9808,80.533,82.2707,80.3168,67.5049,57.4028,51.8552,49.0598,45.4017,36.2967,26.5281,19.7947,14.899,11.3211,8.64171,6.76858,6.01423,6.8523,9.55597,13.4098,17.0958,21.8792,29.2846,40.04,53.246,74.5119,89.8385,99.7863,118.018,151.296,184.433,229.787,284.815,325.114,351.794,376.7,402.068,448.719,486.753,476.459,505.093,544.839,555.494,484.313,347.287,236.622,220.95,215.28,234.229,228.776,240.565,280.915,331.105,0,0,0,0,0,0
634,77.1803,80.81,80.5148,83.1059,82.9672,83.488,69.5711,60.1286,53.0781,49.5125,47.3058,37.2193,27.3631,20.2829,15.5012,11.8424,8.90129,7.05372,6.06093,7.14918,9.85713,13.8057,17.7704,22.5351,30.4304,41.336,54.9278,77.1677,92.5474,102.715,124.504,155.346,190.906,238.099,297.118,336.842,362.802,385.097,410.348,464.466,504.697,496.456,521.791,561.565,574.968,503.862,365.207,251.441,234.137,225.263,242.616,235.166,252.546,288.403,332.602,0,0,0,0,0,0
634.5,79.2435,82.5578,83.9007,84.1921,88.0703,85.7301,71.7876,61.1724,54.7262,51.1836,48.8367,38.3235,28.885,20.6781,15.7063,12.1764,9.27557,7.21539,6.3184,7.29932,10.1654,14.0175,17.9167,23.4117,31.2684,42.416,57.0441,78.4793,95.4032,104.07,128.925,158.427,196.885,245.948,309.031,342.885,376.415,398.483,422.104,477.539,522.067,510.994,541.027,582.295,593.119,530.693,377.36,256.701,242.038,231.728,250.114,244.619,261.238,292.35,330.12,0,0,0,0,0,0
635,81.7363,85.586,86.3532,88.5667,92.2364,86.7594,75.1487,63.9316,57.2788,52.2462,51.3511,38.8863,30.1183,21.1505,15.9703,12.3706,9.32451,7.29202,6.59294,7.46459,10.3134,14.5473,18.0912,23.8708,32.4435,43.9455,58.8514,80.6713,97.5787,107.941,134.634,162.102,202.073,249.986,317.841,349.034,386.397,405.297,438.181,492.997,537.436,530.113,561.7,594.589,607.375,546.739,398.068,270.605,253.38,240.599,255.292,252.957,269.675,297.29,333.317,433.355,0,0,0,0,0
635.5,83.8562,89.0398,90.7067,90.314,95.427,88.0242,75.1131,65.917,59.1055,53.651,52.8721,40.7421,31.0217,21.8814,16.4973,12.811,9.57977,7.40579,6.77743,7.66392,10.5452,14.7726,18.415,24.4831,32.9103,45.4753,60.4903,82.7769,100.235,111.913,133.127,166.31,207.948,257.973,329.16,361.942,400.693,411.585,450.028,505.88,553.921,548.881,579.984,613.827,621.471,565.498,414.6,282.471,265.121,251.333,264.473,264.8,277.545,305.941,333.509,434.06,0,0,0,0,0
636,86.3373,92.3091,93.3292,93.3743,99.0457,91.0293,77.9782,67.9049,60.6815,54.8633,53.995,42.0282,31.8112,22.2131,16.833,13.0073,9.81051,7.49234,6.94409,7.9016,10.626,15.0931,18.7353,24.811,33.7775,46.228,61.9801,83.5941,102.247,115.208,136.277,172.111,212.672,263.107,335.525,373.841,409.858,429.114,468.083,515.079,567.244,568.525,592.136,625.933,634.576,570.582,426.451,290.611,275.177,262.045,272.023,272.389,283.298,315.072,334.393,434.103,0,0,0,0,0
636.5,88.6158,96.0667,98.5597,96.8331,101.156,93.6098,81.1514,70.8789,61.9555,55.7964,55.3378,43.2564,32.4743,22.69,17.5731,13.3398,10.0697,7.67129,7.10093,8.23972,10.9287,15.4182,19.193,25.0538,34.4218,47.0988,62.6286,86.4348,104.974,116.052,139.01,177.192,217.499,277.942,343.94,390.677,421.243,441.316,485.945,527.264,576.761,577.414,606.861,642.774,642.054,599.168,439.232,304.531,282.101,272.553,282.025,281.99,292.084,323.228,337.68,435.299,0,0,0,0,0
637,89.7995,99.9821,101.317,102.158,103.356,95.1942,84.4605,72.5839,64.5372,58.0671,56.892,44.3889,33.393,23.8888,17.9937,13.8887,10.699,8.02297,7.2052,8.41088,11.3277,15.7308,19.595,26.5167,35.5732,48.0648,65.2584,87.4996,108.63,118.086,141.807,181.246,225.123,288.522,354.389,393.16,435.166,459.249,499.479,546.275,594.752,598.45,617.571,657.903,675.349,611.208,448.848,315.609,289.006,278.631,291.218,291.742,298.768,330.712,343.095,429.889,0,0,0,0,0
637.5,92.7683,102.963,107.707,103.662,105.767,99.4476,86.7596,75.5177,66.16,61.0928,58.869,45.706,34.5163,24.6882,18.6132,14.3909,10.9553,8.47772,7.40039,8.5812,11.438,15.8717,20.5459,26.9328,36.7594,49.4597,67.8689,90.4961,110.091,122.745,149.485,188.551,231.375,297.474,359.334,399.698,448.057,473.748,510.571,562.063,614.323,611.178,635.265,676.29,683.735,621.008,461.751,326.148,295.608,288.004,304.018,301.893,309.042,340.151,358.196,432.139,0,0,0,0,0
638,96.0666,105.087,110.547,109.977,106.689,102.228,88.3473,78.1639,68.6968,64.3194,60.7032,47.9193,35.0356,25.4676,19.126,14.8218,11.4991,8.4002,7.69883,8.81297,11.5954,16.041,20.9384,26.9113,37.7979,50.2788,68.8493,92.1396,113.176,126.744,154.674,196.115,236.359,303.823,368.631,412.245,456.76,491.779,521.729,580.238,633.63,629.527,659.516,699.402,712.983,646.279,481.734,336.873,307.746,298.982,315.424,313.389,320.316,348.559,360.26,433.841,0,0,0,0,0
638.5,98.8741,107.613,112.766,112.606,111.756,105.193,92.1501,80.9999,71.8558,66.5627,63.0089,49.8461,35.386,25.8109,19.9448,14.5853,11.5501,8.67233,7.9223,9.00666,11.9349,16.7184,22.1208,26.1381,39.0609,52.65,70.6951,95.1726,115.023,133.039,159.559,202.081,243.245,308.076,379.81,431.331,469.166,493.093,531.351,594.721,650.878,646.61,682.099,725.581,735.742,651.049,502.104,348.703,315.011,300.255,329.919,327.492,334.658,360.724,367.788,438.484,0,0,0,0,0
639,103.198,111.249,113.411,115.479,117.103,109.447,94.808,84.2898,74.7094,69.3761,65.1191,50.8983,36.4138,26.0445,20.6034,14.9373,11.914,8.86548,8.21141,9.27829,12.3828,17.3767,23.0049,27.1414,40.3726,54.2477,73.495,99.0346,119.493,138.619,163.998,209.681,252.198,316.578,387.601,450.558,479.461,510.098,545.944,616.625,670.264,667.721,711.592,748.786,757.139,684.584,517.307,364.213,331.711,315.275,343.639,342.142,351.015,368.246,375.196,449.548,0,0,0,0,0
639.5,107.868,117.306,116.936,115.442,124.785,113.973,100.198,87.2044,77.4986,71.5449,68.2606,52.0223,37.4261,27.6819,21.2907,15.5531,11.8788,9.43129,8.21152,9.51935,12.8277,18.1297,24.0554,28.1834,41.9702,56.598,75.3889,102.538,120.699,142.11,167.5,217.654,263.662,324.967,401.691,456.535,497.772,519.206,571.503,637.769,690.358,683.781,735.983,779.762,795.088,706.669,545.803,376.52,352.249,333.017,360.165,358.656,366.049,380.21,385.892,454.316,0,0,0,0,0
640,113.491,123.191,123.835,121.374,132.216,119.721,100.263,90.5781,78.6724,73.5633,71.2086,53.9059,38.698,29.0082,21.7753,16.303,12.1242,9.57463,8.31157,9.96299,13.1001,18.9328,24.5373,30.4372,43.6313,58.349,79.8568,106.633,125.823,146.929,174.572,225.88,270.954,334.969,412.119,464.529,513.87,550.128,605.37,661.968,715.913,712.511,768.394,802.878,818.349,736.353,566.751,391.49,369.097,349.896,374.566,369.695,386.79,396.864,394.399,461.629,528.409,0,0,0,0
640.5,118.378,128.99,127.152,125.726,138.01,122.257,104.728,94.5515,82.036,76.2053,73.033,56.7634,40.3574,30.1997,22.3651,17.2442,12.6525,10.0744,8.5529,10.3141,13.4246,19.8041,25.0209,31.8263,44.6354,60.8785,82.9096,109.815,132.529,151.943,181.499,235.989,286.237,345.244,425.194,473.672,529.138,578.482,632.111,694.668,738.066,739.34,791.608,835.79,846.314,751.33,591.067,409.949,388.075,369.222,393.327,387.295,403.044,413.849,409.292,467.77,539.705,0,0,0,0
641,124.736,135.597,133.209,135.849,143.422,129.866,108.837,98.6247,84.2983,79.0814,75.2895,59.953,42.227,32.1751,23.4024,17.9744,12.9223,10.5583,8.84876,10.546,13.907,20.283,26.0218,32.64,45.6515,63.0308,86.4597,115.357,135.477,155.794,189.928,244.829,296.859,359.11,445.733,485.734,540.498,604.075,648.046,715.387,761.709,777.911,814.449,864.66,880.985,796.831,613.16,426.476,406.181,381.341,409.26,404.894,422.171,434.781,429.988,472.839,551.067,0,0,0,0
641.5,130.845,140.982,138.043,143.924,150.137,133.649,115.862,103.517,89.2652,82.0892,77.0522,62.5018,45.2261,33.2222,24.7588,19.1458,13.4905,11.2592,9.34233,10.9836,14.5862,20.8556,26.3825,34.0847,47.1763,66.2764,90.1749,120.079,141.378,159.361,195.477,254.019,308.023,374.651,469.584,513.753,557.914,624.71,668.142,745.493,788.18,821.126,846.139,897.889,910.465,836.718,637.341,454.456,425.231,397.291,425.987,429.484,438.199,451.522,445.252,479.807,555.143,0,0,0,0
642,136.029,148.168,145.911,149.694,157.098,143.705,123.663,107.874,93.4597,84.7481,80.36,64.2815,46.3938,34.0343,25.7878,19.9346,13.7463,11.6819,9.86918,11.3209,15.2643,21.2893,27.307,35.0621,49.104,69.3857,94.7353,125.885,143.879,168.563,203.012,263.611,314.661,390.29,497.45,535.314,579.488,648.236,699.703,771.269,813.218,854.147,878.752,923.308,945.871,854.885,670.775,476.689,448.224,414.322,440.842,448.8,461.154,466.676,469.805,493.835,564.034,0,0,0,0
642.5,141.079,154.449,154.781,160.413,164.416,149.027,130.264,110.904,97.6561,87.8818,85.4511,66.8064,48.6015,35.0735,26.9447,20.5935,14.5139,12.0601,10.0946,11.7363,15.4989,21.9957,28.6216,36.1034,51.1851,72.3335,97.8095,132.345,149.009,175.46,211.977,269.577,321.813,409.133,514.795,557.66,603.347,672.434,731.468,805.284,825.857,900.692,915.227,960.325,986.61,902.582,700.829,506.407,466.286,434.274,463.925,462.883,485.805,487.627,485.043,516.294,570.775,0,0,0,0
643,145.855,161.13,160.218,167.119,170.593,157.954,132.052,116.473,103.217,91.7306,90.3419,68.6938,50.8491,36.6818,27.6362,21.3319,15.5791,12.4492,10.3723,11.9383,15.8667,22.7371,30.3283,37.6799,53.3538,75.6395,102.298,137.631,157.275,181.446,217.233,279.635,329.089,433.172,540.856,585.714,621.579,706.472,765.556,831.812,864.74,916.278,951.012,999.968,1025.95,922.458,730.512,527.399,482.416,457.71,481.092,486.23,504.672,506.111,505.254,538.11,585.137,0,0,0,0
643.5,150.643,167.354,162.321,174.533,180.588,163.011,136.812,120.516,107.992,94.6908,92.2421,71.0841,52.9777,37.725,28.7642,21.7505,16.541,12.6769,10.5505,12.0846,16.1894,23.7189,31.236,38.575,55.1023,77.6678,105.082,138.733,162.871,187.296,230.307,290.07,341.03,445.844,548.09,602.93,647.523,718.781,779.503,858.422,903.238,948.07,971.43,1031.9,1053.75,947.872,752.857,545.376,503.645,475.165,503.147,510.874,516.809,522.282,518.999,554.33,592.777,0,0,0,0
644,154.469,171.2,172.997,183.233,183.109,167.37,143.669,125.357,110.501,99.6486,94.8948,73.3875,54.162,39.5131,29.9358,22.3512,17.4588,13.0025,10.8901,12.3567,16.4913,24.345,32.0787,39.9712,56.6016,78.8512,108.606,141.684,165.828,187.873,239.054,295.309,350.194,455.704,562.917,630.433,672.606,737.532,796.11,886.862,937.459,954.343,995.823,1058.28,1077.85,997.864,776.467,564.11,519.631,485.884,521.528,523.889,528.42,540.305,534.667,570.931,605.137,0,0,0,0
644.5,157.971,174.597,174.244,180.532,187.468,173.529,146.503,130.763,113.055,102.482,97.2172,76.2316,55.4013,40.686,30.9975,23.5726,17.9976,13.3166,11.132,12.7531,17.1261,25.2649,32.804,41.3139,57.4869,79.9466,110.257,144.04,170.498,196.18,243.838,307.061,367.359,468.349,575.515,641.148,693.253,745.807,818.306,901.241,965.53,975.26,1012.15,1079.07,1091.37,1034.8,796.893,577.822,531.212,496.844,533.703,543.872,547.099,552.168,541.969,577.005,602.223,0,0,0,0
645,160.959,176.665,183.988,180.302,185.551,177.74,150.631,135.026,116.26,108.097,99.6489,77.1927,55.755,41.3811,31.474,24.4229,18.2742,13.4462,11.599,13.4173,17.8135,25.2839,33.6719,41.9134,57.8514,83.0302,111.772,148.139,173.559,198.44,247.921,310.465,373.948,481.58,586.402,654.327,713.836,778.243,827.835,930.322,981.269,1005.33,1032.06,1111.31,1104.26,1066.9,821.838,597.836,543.132,510.691,541.785,560.383,562.957,559.705,548.667,585.914,606.342,579.546,0,0,0
645.5,167.662,179.612,187.13,183.41,185.009,181.392,150.506,138.347,115.591,109.696,99.9752,77.1705,57.4304,42.7136,32.2033,24.5233,18.1907,13.3619,11.611,13.6773,17.9077,25.47,34.4857,43.2584,58.7706,85.3126,114.451,149.822,178.104,200.753,252.154,317.517,385.413,482.542,596.082,668.004,736.562,793.873,834.422,944.429,996.237,1030.12,1038.53,1146.29,1118.67,1086.84,829.63,626.525,549.269,516.118,551.652,563.569,572.522,575.054,552.543,595.943,607.673,572.482,0,0,0
646,170.764,180.651,187.511,190.608,188.777,183.579,153.187,140.033,120.306,110.321,100.783,79.3868,59.1898,43.6663,32.4331,25.2265,18.1477,13.2797,11.8661,13.8446,18.1537,25.4438,35.1947,43.5658,59.5076,86.8573,115.376,151.9,182.447,206.299,252.294,319.918,380.745,484.383,598.678,677.041,731.375,802.46,841.589,946.691,1003.53,1040.93,1059.59,1165.14,1154.45,1097.75,854.49,634.064,553.421,519.059,562.405,576.061,579.675,577.628,561.325,601.355,614.63,578.542,0,0,0
646.5,173.38,181.886,191.884,193.532,187.165,182.79,157.108,138.343,121.105,112.64,102.775,81.4062,60.6745,44.3044,32.3671,24.8977,17.7299,13.4911,12.0075,14.0166,18.0514,25.5539,34.488,43.3291,59.4001,87.3128,116.388,152.133,183.143,207.531,255.983,321.368,388.358,484.073,602.55,689.826,727.027,803.762,862.606,956.778,1014.94,1061.83,1075.34,1162.22,1156.01,1085.66,841.346,640.813,561.242,528.185,568.048,575.205,578.707,587.619,564.315,607.338,612.193,576.69,0,0,0
647,171.226,185.066,191.764,195.014,191.447,184.405,155.951,140.098,123.262,112.009,102.865,81.6225,60.0739,43.9166,32.7603,25.1265,17.5276,13.6954,12.2395,14.1154,18.3237,26.1747,34.4898,42.8441,60.6233,86.8017,116.224,152.135,180.577,210.457,257.562,320.913,389.775,481.864,606.831,685.988,724.506,803.69,878.99,967.453,1016.91,1059.05,1084.53,1170.04,1162.03,1089.47,844.684,638.771,563.914,521.886,567.027,590.069,584.667,594.386,569.482,596.678,613.101,579.665,0,0,0
647.5,172.141,185.815,191.931,195.881,194.876,181.803,159.456,140.315,122.703,109.779,104.085,80.69,59.7319,43.5025,33.0063,25.0681,17.4079,14.2084,12.373,14.2914,18.391,26.4248,34.6539,42.8088,61.7902,86.2658,116.057,152.989,178.195,208.985,256.053,319.145,394.205,480.283,607.645,682.171,732.055,801.802,878.905,961.472,1011.14,1067.45,1069.92,1157.4,1166.03,1086.67,841.02,649.169,570.652,526.669,580.816,592.366,587.526,589.506,569.725,590.744,613.66,572.088,0,0,0
648,170.964,183.478,190.187,189.579,196.281,181.683,160.935,142.014,126.664,109.493,104.349,77.6066,60.0453,43.7612,33.7379,24.8521,17.2625,14.0614,12.446,14.3381,18.3781,27.0541,35.1629,42.6921,60.7659,85.2998,116.808,155.863,179.716,211.606,258.153,316.445,394.772,478.391,608.118,688.497,738.403,807.972,872.172,966.382,996.899,1039.72,1065.92,1155.38,1186.14,1100.13,845.638,648.097,577.118,540.325,588.026,595.916,597.942,598.778,573.524,582.571,612.213,568.476,0,0,0
648.5,171.152,184.368,194.261,190.661,200.752,183.121,159.193,140.447,123.438,110.022,104.64,78.8121,59.8488,43.8856,33.4227,25.1076,17.8,14.1189,12.2652,14.3102,18.5639,27.0585,35.1128,43.0443,60.8258,86.1103,116.295,156.424,181.84,210.468,254.3,319.538,393.366,474.269,615.99,682.082,751.269,805.793,864.779,956.902,985.368,1022.77,1051.81,1150.63,1191.04,1099.95,842.519,644.931,581.129,542.317,589.392,596.684,606.078,595.788,575.37,596.227,608.051,548.296,0,0,0
649,172.054,183.423,196.585,193.376,200.371,186.179,159.543,140.345,127.196,108.335,104.577,79.85,61.2327,45.3606,33.5343,25.0902,18.2793,14.0907,11.9957,14.2205,18.7984,27.1085,34.9251,43.9919,60.106,85.9163,115.975,156.529,183.373,211.676,252.848,323.312,394.2,479.98,617.711,681.254,746.188,813.159,865.701,965.096,985.609,1038.52,1069.95,1148.88,1175.7,1113.62,848.289,645.759,583.044,545.326,594.138,598.804,618.852,599.339,579.293,599.685,619.101,550.234,0,0,0
649.5,170.253,189.899,200.749,200.076,201.101,187.338,161.476,141.63,125.42,109.387,104.712,80.8978,62.8512,46.2193,33.3955,25.1241,19.0641,14.505,11.9893,14.3557,18.6292,26.8702,35.1443,44.8366,60.1626,87.0213,117.489,158.493,185.966,216.345,252.129,323.806,401.143,486.018,623.387,676.398,748.117,820.811,853.803,963.134,983.556,1064.23,1084.28,1155.41,1184.43,1096.84,866.748,652.964,595.557,560.038,603.018,607.04,621.689,610.015,585.072,618.981,618.757,546.7,0,0,0
650,173.49,194.676,205.3,204.756,205.632,188.538,164.298,144.438,128.302,110.725,107.098,82.8747,64.7755,45.4107,34.2769,25.3851,19.8428,14.7543,12.252,14.3916,18.9144,27.104,35.3995,44.5811,61.2234,87.31,119.12,158.445,185.375,213.71,254.524,323.352,404.556,491.105,628.266,683.955,753.445,826.528,875.807,977.421,998.416,1086.68,1096.98,1167.47,1183.17,1091.33,876.59,661.369,604.443,573.97,615.629,618.015,628.831,618.994,584.742,628.763,623.075,552.855,618.611,0,0
650.5,173.757,197.859,205.549,210.635,209.945,191.998,168.761,147.941,129.889,115.466,110.191,83.1566,64.407,46.8702,35.5393,25.8241,20.1573,15.0193,12.3578,14.7174,19.079,27.6125,35.5868,44.346,62.3513,87.6588,120.463,161.005,184.047,216.518,261.293,324.431,411.091,500.479,630.963,684.584,760.209,830.775,878.309,1003.94,1028.09,1086.98,1106.34,1172.71,1207.32,1102.02,887.533,674.928,627.512,587.935,628.196,616.852,636.336,631.023,606.966,644.031,632.355,556.774,613.211,0,0
651,177.825,204.744,212.951,212.287,214.839,197.953,171.414,152.465,133.298,117.695,112.491,85.4364,64.433,47.8254,37.0871,26.4877,20.3225,15.1304,12.6963,15.1044,19.9584,28.5881,36.0008,44.7374,64.103,88.2006,121.701,163.377,189.57,217.338,270.9,328.191,411.874,513.041,637.822,696.37,769.073,840.86,904.559,1014.63,1055.98,1116.18,1121.89,1192.76,1237.14,1143.59,890.256,672.74,649.44,606.684,648.732,633.104,648.489,634.282,622.695,655.724,631.558,570.078,608.987,0,0
651.5,181.233,208.959,216.111,219.432,220.579,200.384,173.796,156.907,133.01,122.502,113.604,86.9796,66.1847,50.0753,38.4212,27.2555,20.5967,15.1754,13.0235,15.4586,20.4639,28.8832,36.9625,44.9431,65.716,90.1349,123.361,166.028,192.592,218.75,279.34,337.587,425.145,521.972,653.269,709.599,776.725,856.135,917.735,1053.89,1075.23,1132.08,1146.49,1226.29,1276.3,1181.19,910.174,689.372,670.477,624.66,658.409,647.219,654.1,659.93,647.667,676.812,653.907,588.689,611.542,0,0
652,186.074,212.669,226.301,226.538,226.171,204.091,181.478,156.539,135.307,125.181,116.798,91.2111,67.3601,50.6032,39.6633,28.1166,21.7211,15.6962,13.4671,16.2194,20.9887,29.5323,37.8889,44.9169,66.6924,93.7045,125.41,168.511,197.101,231.721,284.581,344.021,434.726,534.275,675.291,748.475,803.021,887.73,953.142,1081.29,1106.37,1166.81,1179.32,1272.2,1303.05,1207.87,943.98,697.385,692.376,649.427,676.454,677.326,665.922,671.975,672.285,686.973,671.638,600.019,619.572,0,0
652.5,197.404,220.106,228.198,235.86,231.735,210.986,186.631,159.365,141.106,126.092,119.387,94.4171,69.6506,52.0028,40.3964,28.4838,22.5153,16.1106,14.0287,16.7645,21.5122,30.1489,38.6844,46.1728,68.2139,95.669,130.111,170.251,202.875,237.273,289.454,349.891,457.06,547.48,696.519,772.215,824.171,927.389,955.931,1117.99,1123.41,1193.86,1219.57,1315.73,1332.36,1243.45,981.629,708.776,723.081,661.767,696.987,703.777,687.076,700.963,701.208,706.644,690.719,602.417,632.455,0,0
653,206.186,228.825,238.296,244.216,235.048,219.39,192.876,165.714,150.545,129.563,121.59,97.5429,69.2118,52.5461,40.8838,29.7384,23.3461,16.8743,14.1226,17.077,22.2842,31.4569,40.6211,47.0594,71.1633,98.5282,135.277,176.221,211.301,247.942,298.641,349.506,464.547,573.071,719.715,802.707,859.579,961.699,1002.65,1146.28,1158.59,1232.28,1247.46,1355.97,1368.17,1273.14,1018.09,728.189,734.607,681.045,724.933,731.54,705.127,730.53,733.082,723.99,718.522,623.267,656.208,0,0
653.5,215.251,231.726,244.084,253.655,248.36,223.501,201.809,173.989,154.671,133.896,126.04,100.801,71.3757,53.2306,41.5708,31.0719,24.0585,17.6326,14.6835,17.5045,23.2717,32.7546,41.8086,49.6451,72.7828,100.594,140.505,178.637,220.982,256.792,303.649,348.682,480.706,593.544,738.215,829.839,872.579,988.814,1051.8,1187.66,1195.96,1276.11,1305.51,1408.21,1403.51,1336.99,1055.09,767.983,753.575,703.549,762.666,759.017,732.78,756.336,747.537,761.372,740.749,650.645,677.687,0,0
654,224.72,243.844,251.452,264.541,254.08,226.764,204.87,181.769,156.464,139.41,132.476,106.208,73.5677,55.6295,42.9979,32.7497,24.8519,18.4034,15.2483,18.0354,24.0416,34.2182,43.74,50.8008,75.1593,104.265,145.41,187.332,230.626,262.725,310.037,363,492.205,603.629,760.273,850.884,891.186,1036.55,1070.8,1211.3,1241.61,1331.29,1363.32,1453.38,1462.44,1346.75,1090.91,804.481,767.606,727.045,794.675,778.5,746.147,780.961,775.343,779.77,766.033,669.066,709.872,0,0
654.5,230.363,245.566,262.687,273.52,269.646,235.726,212.254,185.439,162.499,145.087,137.095,109.017,79.1779,56.9628,43.762,33.8558,26.1917,19.2005,15.9475,18.6115,24.9549,34.7653,45.6142,52.9392,77.8009,108.699,150.41,191.926,234.325,272.461,319.651,385.82,510.966,626.889,784.372,883.73,930.575,1047.49,1121.17,1244.9,1278.46,1370.91,1405.56,1504.58,1496.93,1413.7,1132.59,833.889,798.082,767.621,826.746,805.753,779.287,808.555,793.806,809.204,794.528,704.663,738.338,0,0
655,241.1,261.897,273.774,284.505,278.783,240.56,216.505,192.72,166.606,146.901,142.473,112.454,81.7932,59.0378,45.7542,35.2946,26.6199,19.8494,16.277,19.1161,25.8779,35.8802,46.9504,55.7071,80.5628,111.747,155.015,195.969,242.125,285.256,329.232,404.489,528.66,641.88,810.836,892.224,956.998,1062.77,1118.53,1276.48,1304.36,1405.52,1431.96,1550,1523.11,1450.57,1161.24,865.679,816.157,800.697,846.967,829.198,811.692,830.657,814.43,831.142,825.747,735.151,762.278,851.867,0
655.5,248.221,264.712,282.063,287.624,281.719,255.428,222.325,198.254,176.035,151.453,145.267,114.891,84.1942,61.5085,46.9973,36.3169,27.7762,20.2459,16.9863,19.6923,26.6343,37.102,47.9528,56.6236,82.4606,115.045,157.463,201.161,249.163,291.076,338.294,419.135,542.282,655.327,836.356,914.454,988.099,1087.21,1174.44,1303.75,1335.37,1459.86,1446.11,1594.81,1576.13,1487.06,1184.67,877.547,845.634,840,867.679,858.81,839.957,842.964,837.468,858.333,842.721,763.105,776.544,874.446,0
656,256.203,269.9,278.981,293.172,285.797,263.516,222.908,198.586,178.602,158.466,147.193,118.067,87.235,64.5691,48.3272,37.1832,28.515,20.9819,17.2388,19.839,27.129,39.063,49.1166,58.0024,84.2967,117.561,158.246,203.696,256.953,298.574,347.991,430.236,552.34,673.285,858.416,944.018,1002.9,1117.57,1205.86,1323.88,1364.05,1488.96,1468.65,1634.96,1619.45,1514.99,1215.02,913.134,859.341,859.324,885.589,881.839,857.945,856.732,861.037,874.609,851.646,782.883,776.629,885.711,0
656.5,263.194,283.225,284.635,299.654,292.037,266.82,230.852,202.88,180.572,159.196,148.528,122.685,89.0621,67.0929,49.518,38.2654,29.9137,21.2902,17.5555,20.2235,27.8153,39.6087,49.1728,59.3115,84.7216,120.232,162.164,210.915,264.056,305.064,350.055,442.332,562.766,687.164,876.271,963.637,1024.9,1156.13,1224.33,1345.21,1392.88,1538.21,1494.8,1653.76,1668.55,1517.63,1246.25,938.703,885.157,871.885,904.072,904.237,873.974,870.416,884.182,893.83,862.212,782.672,801.692,882.539,0
657,267.447,288.349,296.319,308.706,298.902,273.451,237.101,207.664,184.664,160.23,147.395,125.814,90.9145,66.902,51.3674,39.7311,30.5058,22.2327,17.8929,20.2318,27.692,39.9995,50.3094,59.6974,85.9394,124.456,165.249,214.606,269.5,308.38,361.855,457.123,562.237,698.048,884.61,986.846,1049.7,1160.4,1219.16,1359.63,1422.64,1540.93,1519.76,1683.79,1693.33,1523.31,1275.31,953.402,900.679,873.21,923.088,907.37,901.128,882.341,903.301,913.327,851.243,794.314,811.414,886.144,0
657.5,274.498,297.123,300.267,309.329,304.034,273.629,240.465,213.65,188.222,160.1,151.244,126.458,94.0793,68.6415,52.1969,40.2855,30.95,22.634,18.4935,20.3568,28.335,39.724,51.0512,60.4519,87.4521,127.112,167.54,215.846,273.585,311.853,371.381,457.803,569.445,707.15,886.587,989.033,1047.29,1159.93,1234.25,1394.97,1427.28,1561.06,1554.11,1695.62,1692.45,1533.52,1290.42,975.271,901.857,881.872,938.992,922.841,915.649,900.955,909.429,907.646,871.227,793.185,827.609,891.896,0
658,274.861,302.635,315.689,306.63,310.894,275.978,248.487,216.602,191.641,161.761,152.376,128.413,96.6232,69.3898,52.346,40.8407,31.1124,22.9803,18.7586,20.7479,28.4987,40.2377,51.2653,60.5668,88.3072,127.743,170.895,215.964,275.641,310.244,375.579,461.895,577.022,710.995,889.475,975.131,1062.78,1175.14,1233.2,1403.81,1431.82,1559.36,1584.22,1704,1686.97,1543.35,1287.9,986.908,902.734,868.379,948.504,938.835,923.081,903.061,911.446,917.813,897.799,822.528,823.977,884.542,0
658.5,279.192,303.389,317.263,306.38,309.763,279.855,251.357,216.15,189.417,166.133,156.79,126.901,97.2994,68.621,52.2496,40.8994,31.0354,22.7153,19.0471,20.2682,28.8646,39.3741,52.1087,62.5036,89.073,127.124,167.835,221.21,276.466,305.195,372.561,465.917,574.618,716.112,897.899,988.477,1064.13,1174.76,1216.49,1405.56,1419.2,1556.09,1582.83,1710.7,1680.44,1577.8,1287.34,980.696,895.15,883.583,965.595,944.505,924.531,911.534,894.354,916.854,887.716,824.477,818.454,883.376,0
659,279.126,300.077,320.253,302.844,312.678,276.4,254.373,218.107,187.019,166.138,158.124,127.485,95.431,68.7719,51.8043,40.6264,31.7217,22.9522,19.4508,20.6505,28.5113,39.0222,51.3757,61.1804,86.3382,124.78,166.262,222.868,276.066,308.039,372.949,461.37,581.761,704.719,897.546,978.093,1050.82,1179.17,1235.14,1406.2,1411.62,1540.29,1566.07,1711.32,1689.78,1612.63,1302.72,971.932,899.282,870.16,956.991,935.17,923.384,904.294,878.89,929.27,891.452,838.426,813.614,867.613,0
659.5,268.372,299.709,316.944,300.517,310.717,280.042,252.588,219.983,188.522,170.166,157.887,126.528,95.0786,66.6167,51.6889,41.6374,31.366,23.0745,19.4916,20.8149,27.9352,38.5229,50.9342,62.0514,85.0608,122.404,162.877,224.309,273.303,309.302,369.207,465.191,573.3,700.193,898.571,983.191,1064.03,1169.54,1219.42,1378.62,1395.85,1536.83,1553.08,1697.88,1679.55,1624.63,1271.11,951.971,895.853,869.104,949.697,938.672,903.65,906.262,882.545,934.803,894.67,832.382,820.492,859.003,0
660,267.652,296.956,311.612,302.871,307.77,280.054,251.287,216.651,182.639,168.463,157.87,123.353,93.6295,67.0229,52.0134,41.1796,31.0745,22.9227,19.2505,20.7155,27.3632,38.5662,49.9997,61.2235,84.6294,120.292,161.053,219.576,270.567,306.708,367.428,455.631,561.591,693.693,893.033,965.225,1055.47,1147.11,1231.2,1356.5,1395.45,1530.42,1545.14,1678.33,1654.07,1591.71,1281.16,934.526,898.581,865.993,935.157,920.423,894.838,899.798,876.99,931.259,883.531,824.686,811.498,848.854,983.297
660.5,265.571,292.828,310.16,294.026,304.543,279.865,245.56,214.205,182.977,167.453,159.668,120.782,94.279,66.5077,51.262,41.4109,30.6636,22.5209,19.0477,20.409,26.7556,38.0059,49.524,61.3082,83.3821,118.081,158.633,215.375,266.291,300.19,365.716,443.86,556.234,682.661,880.674,953.354,1037.43,1122.9,1194.15,1311.35,1364.47,1500.02,1524.03,1649.05,1622.14,1536.41,1245.46,925.66,890.637,851.607,930.349,913.277,885.042,890.982,873.592,921.004,862.33,800.077,806.765,831.764,959.483
661,265.903,287.101,306.186,285.042,297.677,270.956,242.084,212.11,181.708,164.618,154.041,119.019,93.1829,65.1335,50.2004,39.045,30.2732,22.3413,19.0255,19.7922,26.4275,37.5029,48.5646,58.9474,82.6064,115.635,155.262,211.069,262.224,289.383,357.353,435.818,546.044,673.7,858.356,936.208,1010.66,1098.74,1170.52,1269.57,1331.78,1460.95,1488.7,1606.2,1582.86,1523.57,1225.86,907.498,850.025,836.497,910.197,894.759,863.19,848.151,864.419,884.132,854.919,780.671,786.441,813.305,939.29
661.5,268.814,282.476,296.518,286.771,291.457,264.707,235.839,206.571,178.297,156.541,149.117,116.887,92.0489,64.0487,48.498,38.5382,29.4132,22.3316,18.557,19.7196,26.0431,36.7958,47.431,57.8136,80.8681,113.569,153.373,209.766,256.619,280.787,351.546,421.634,528.629,658.963,842.207,919.949,974.19,1073.79,1157.5,1270.97,1300.9,1431.69,1461.28,1569.49,1555.54,1488.1,1195.59,884.944,829.563,835.077,891.555,881.26,867.813,830.287,852.793,866.799,817.017,751.756,760.848,789.667,908.841
662,262.834,275.144,286.959,282.073,286.167,255.146,228.255,198.896,174.744,152.986,142.914,116.606,88.0609,62.7969,47.4044,36.4281,28.3025,21.969,18.5085,19.206,25.4364,35.4498,46.2719,55.6215,78.7527,111.866,149.485,203.692,248.233,276.893,335.978,410.516,512.402,642.001,811.699,887.214,949.712,1047.34,1159.73,1226.26,1271.12,1391.26,1424.33,1514.24,1514.74,1446.35,1168.39,863.436,803.914,815.304,872.751,855.069,841.293,810.744,846.774,819.498,795.37,726.244,743.684,770.654,874.086
662.5,254.627,268.108,278.859,283.589,272.181,254.247,221.834,191.555,172.089,148.759,134.258,113.613,86.0437,60.7224,46.2933,36.2203,27.9873,21.2459,18.0456,19.0795,24.4932,34.8361,44.9646,54.5461,76.8032,108.524,145.076,195.774,239.298,268.783,322.111,396.151,499.289,619.155,784.91,851.874,885.725,1016.05,1114.14,1211.01,1228.98,1365.72,1368.29,1464.36,1475.32,1412.08,1142.76,838.445,790.006,784.901,848.913,835.326,816.083,800.009,825.261,818.587,778.25,703.747,724.375,752.757,845.156
663,248.046,263.199,271.566,279.376,265.105,241.561,215.495,187.567,167.439,146.704,129.531,108.541,82.1714,59.1132,44.7197,35.1261,28.1252,20.8816,17.6886,18.602,23.5933,33.7301,43.6502,52.9244,74.1242,105.16,137.727,187.065,229.543,263.076,309.795,382.216,490.512,593.244,760.8,821.3,851.425,981.672,1094.62,1162.11,1187.78,1318.98,1329.41,1408.35,1423.18,1360.56,1096.1,812.488,773.661,757.202,829.955,821.865,794.967,792.538,795.484,791.477,757.211,674.151,704.136,735.958,801.437
663.5,240.135,251.781,263.8,263.38,253.428,234.623,206.293,179.461,160.532,140.912,125.372,106.022,80.527,57.4933,43.5723,34.1091,27.7668,20.2809,17.9535,18.1783,22.584,33.2098,42.1114,50.4551,69.2807,100.199,131.298,179.644,221.47,255.202,299.369,367.533,474.508,572.411,738.111,792.175,836.811,974,1034.85,1124.6,1154.75,1271.4,1292.62,1351.98,1383.23,1306.39,1072.33,798.751,751.089,739.074,808.366,794.854,758.72,766.447,766.818,761.94,745.664,643.109,686.418,704.953,772.728
664,233.259,245.545,254.011,255.37,251.35,231.414,198.077,172.015,150.807,134.436,119.096,104.738,77.8222,56.0729,42.4369,33.1763,26.8156,20.5132,17.6147,17.6564,22.0285,32.0264,40.6277,48.4868,67.1549,95.9774,127.925,174.826,215.812,245.076,294.435,350.022,456.267,552.779,716.734,762.233,805.691,941.634,1008.77,1090.15,1102.06,1226.67,1243.5,1313.5,1328.18,1263.6,1033.05,768.671,725.312,718.95,786.537,766.208,735.212,739.463,720.483,743.908,713.364,619.407,663.606,669.54,752.047
664.5,226.431,239.254,244.683,242.209,241.169,219.451,191.514,165.105,147.138,125.988,115.95,102.642,74.9376,54.3074,41.077,32.8055,25.7636,20.2098,17.1609,17.1618,22.021,30.4271,39.7038,46.8506,63.9987,92.6283,125.562,172.151,203.15,237.461,282.772,336.505,438.262,531.927,687.211,741.287,795.767,914.604,965.341,1060.28,1070.76,1174.05,1222.43,1267.61,1284.48,1218.13,1000.35,751.018,692.451,698.149,759.529,746.711,708.333,705.458,689.013,713.863,672.422,596.732,643.7,655.773,727.812
665,218.483,226.337,235.365,236.972,234.686,216.758,184.013,159.581,140.891,122.358,111.52,97.9388,71.389,53.287,39.9703,32.6406,25.0134,20.1228,16.4962,17.0032,21.7049,29.5185,37.4714,44.3156,62.1789,88.2691,119.554,166.182,192.217,226.998,271.631,325.496,422.643,517.413,663.817,725.611,775.54,868.454,933.721,1024.09,1023.7,1126.9,1176.67,1223.07,1242.89,1191.57,953.518,727.559,667.158,682.487,738.328,718.203,687.873,690.356,662.036,699.545,650.665,581.331,615.907,634.181,701.488
665.5,210.558,221.621,234.031,229.458,228.117,208.225,175.742,154.253,132.071,121.43,107.396,92.6268,68.403,52.073,38.5773,32.1299,24.2606,20.0114,16.0585,16.4066,21.2092,28.2139,36.3967,43.0781,60.2491,86.1485,114.869,161.859,184.935,221.611,263.789,314.913,401.525,495.824,638.179,700.653,742.89,843.369,886.731,977.727,989.621,1075.44,1127.13,1174.35,1176.18,1165.76,911.747,695.815,654.918,667.271,713.942,701.674,664.859,673.971,653.994,677.403,630.373,571.777,591.948,610.769,672.242
666,200.355,211.781,224.246,224.35,221.389,198.555,166.835,149.82,129.758,120.046,106.879,89.6105,66.2857,51.0118,38.1002,30.5055,24.2021,19.3845,15.7416,16.1719,20.3858,27.5588,34.6989,41.1794,58.8239,81.7285,109.826,154.256,182.833,213.491,257.042,301.123,382.056,479.284,614.253,668.775,712.911,809.251,856.996,950.273,950.557,1048.91,1089.69,1136.37,1140.54,1132.5,869.62,671.109,633.449,640.507,687.327,671.173,652.922,655.857,640.516,667.104,611.732,564.089,580.891,591.885,646.552
666.5,192.689,210.561,216.077,214.411,214.35,188.003,159.219,144.643,124.822,118.167,104.904,87.6667,63.7121,49.6626,36.9893,29.9473,23.6724,19.0426,15.4973,15.7257,19.6963,26.8959,33.8086,39.7895,56.8103,78.6954,105.926,146.586,177.559,204.709,244.838,287.482,372.253,468.047,587.358,647.095,685.199,787.947,806.786,911.215,928.573,1020.67,1051.84,1090.36,1107.5,1098.01,839.648,632.587,611.643,627.667,663.045,657.341,623.837,638.569,618.724,654.597,598.777,550.963,567.509,576.378,630.175
667,186.746,199.074,208.013,208.304,210.401,178.608,153.324,139.152,122.001,112.715,102.98,83.6018,64.0261,47.734,35.6859,28.8736,23.4492,18.5432,15.3755,15.7955,18.7094,26.1828,32.3928,39.1652,55.1505,76.0872,100.764,138.478,171.645,196.279,240.008,274.817,360.744,448.094,564.546,632.091,657.825,758.977,789.101,883.455,894.39,988.628,1027.38,1040.57,1070.09,1047.21,827.707,616.037,592.359,605.049,640.611,637.476,604.676,616.636,595.617,632.914,582.903,525.963,548.694,564.685,619.689
667.5,179.65,190.969,201.659,203.056,203.727,173.624,150.125,133.642,121.853,108.093,98.8337,82.0015,62.2103,46.8968,34.9158,28.2602,22.9855,18.1098,15.0785,15.7284,18.2527,25.3695,31.3547,38.2825,53.3933,74.3382,98.1024,133.41,164.987,189.871,227.017,268.178,356.415,436.245,549.728,603.992,628.362,729.604,761.35,858.187,870.306,961.219,983.182,1003.93,1045.91,997.512,805.295,597.998,572.252,586.239,617.495,625.033,585.298,590.442,586.802,609.797,560.934,513.151,538.093,539.212,596.293
668,172.747,185.906,193.994,196.746,197.311,171.513,146.625,128.003,117.539,104.626,96.1986,78.8762,61.5768,45.8556,34.5303,28.0474,22.6506,17.9033,14.5779,15.4182,17.7045,24.0913,30.6726,36.9738,51.7323,72.4719,93.6499,128.718,157.89,183.013,221.494,257.233,346.475,417.41,532.156,587.305,613.454,703.328,732.568,840.495,849.617,926.23,954.552,958.314,1002.17,959.661,774.948,584.877,554.748,566.782,599.978,610.661,579.549,576.967,567.779,591.364,546.464,500.827,518.302,526.726,583.251
668.5,167.859,182.277,189.341,188.679,192.096,167.651,142.433,122.099,117.425,100.855,93.7715,77.5534,59.4778,45.6404,33.8545,27.12,21.9938,17.5229,14.6628,15.2979,17.7679,23.6406,29.9353,37.0092,50.4641,71.8889,93.5672,125.621,151.858,178.35,216.326,255.355,333.134,410.774,515.782,565.274,601.109,684.975,722.873,799.006,807.495,906.904,935.829,928.195,970.786,936.267,748.796,567.075,545.966,555.687,580.435,587.867,562.356,560.344,556.956,576.288,537.863,488.368,501.893,513.896,568.193
669,163.797,178.185,180.316,186.52,189.2,166.768,137.49,117.764,112.305,100.606,91.0308,76.4525,58.403,44.3478,33.4052,26.4653,21.87,17.4297,14.7975,15.0401,17.348,22.6909,28.8692,35.6728,49.1934,70.2068,89.3859,121.374,147.989,173.013,213.309,249.538,322.764,394.206,500.026,543.047,590.718,663.54,701.619,769.147,778.245,881.21,900.646,894.495,944.186,921.713,732.083,554.89,523.48,538.521,561.996,574.012,549.245,548.996,534.982,556.653,534.286,479.213,485.038,504.281,549.444
669.5,160.661,173.135,177.017,179.722,181.182,162.388,139.962,113.737,110.448,98.6331,89.0011,75.5387,55.9176,43.3874,33.4655,26.0751,21.5045,17.5244,14.5836,14.8559,16.8267,22.4915,28.3927,34.8377,48.5118,68.6245,86.3641,118.837,142.539,166.82,206.1,245.57,307.584,382.397,483.659,532.934,554.625,644.992,691.942,746.15,769.055,857.453,874.703,879.166,924.901,899.089,718.745,533.664,511.653,531.259,549.121,554.946,538.46,525.973,523.339,542.812,527.256,465.243,479.383,497.695,536.395
670,158.163,168.22,173.509,173.114,178.001,159.431,135.205,108.953,109.421,96.4103,86.7699,74.4484,55.724,42.6199,32.6165,26.0609,21.3449,17.6062,14.8901,14.513,16.5543,21.8603,27.5532,33.9581,46.6964,66.7751,82.0063,115.296,139.86,163.931,198.628,239.401,299.863,364.632,470.069,521.344,529.391,623.73,668.789,734.543,756.286,831.595,854.539,846.134,891.683,877.09,701.691,529.619,500.226,507.76,539.896,545.575,523.221,516.723,520.211,528.864,518.641,465.026,462.951,487.063,523.177
670.5,154.186,162.923,171.57,170.514,172.715,156.619,133.658,110.258,107.842,93.4089,85.3293,73.5705,53.4112,42.151,32.1653,26.8015,21.14,17.293,14.9005,14.5247,16.3998,21.4223,27.046,32.867,45.1265,65.4183,81.1147,113.465,134.745,159.774,193.41,234.553,291.438,359.227,459.019,513.296,509.106,612.581,661.137,712.297,730.111,806.792,842.448,821.576,863.214,860.794,688.886,512.771,494.3,492.455,529.924,536.093,507.398,506.141,500.888,521.553,502.506,459.69,462.518,483.229,506.227
671,150.136,160.26,167.582,168.853,170.242,152.545,130.661,108.659,107.371,92.4721,82.8539,72.1391,51.0177,41.3418,31.7006,26.6385,20.9407,17.178,14.8769,14.9937,16.3191,21.1089,26.6755,32.5092,43.2537,63.0604,80.279,110.596,130.237,154,184.472,227.588,285.593,356.069,444.398,509.249,503.581,595.125,622.987,693.822,698.233,790.77,827.381,807.564,832.873,837.037,676.479,509.934,477.366,481.636,515.946,525.775,501.366,502.907,489.624,513.248,490.147,452.246,458.352,469.997,492.298
671.5,144.059,157.708,160.103,168.745,166.83,149.23,128.658,107.681,104.589,88.7553,81.7464,70.6583,46.1613,40.9802,31.1756,26.3984,20.9012,17.4098,14.7632,15.2159,16.2537,20.769,26.2189,31.9967,42.6097,61.2043,80.2424,109.015,127.556,149.586,180.649,226.792,279.08,346.613,436.008,494.279,490.715,582.958,603.914,684.586,681.573,772.987,807.471,788.979,816.226,838.509,662.246,487.945,468.24,476.312,506.066,513.98,496.335,495.6,472.934,503.501,481.412,440.262,449.399,467.945,481.555
672,142.877,154.051,156.958,166.057,163.798,146.947,127.623,106.924,103.449,88.1894,80.2115,69.3034,42.7379,40.0792,30.7861,26.5105,20.5966,17.4337,14.6734,15.4383,16.3937,20.7704,26.0101,31.4101,41.4628,59.7998,78.9163,106.428,125.921,148.495,175.107,220.316,272.658,339.995,426.638,485.671,485.273,575.54,591.708,671.298,672.144,756.11,779.12,769.245,806.617,818.42,651.141,485.245,458.681,471.107,493.817,505.273,490.493,485.479,468.881,496.159,470.863,440.844,440.752,460.194,470.092
672.5,140.967,148.871,152.809,164.007,157.253,144.533,125.543,106.968,98.235,87.4816,78.1646,68.8936,42.8325,39.1856,31.0153,26.0953,20.6054,17.746,14.8019,15.6962,16.4159,20.6213,25.7929,31.2165,41.8119,58.6068,77.3007,104.782,121.344,147.667,174.483,219.153,265.862,331.837,422.675,463.679,475.127,573.03,583.455,657.81,673.909,748.362,761.51,752.019,803.305,786.369,645.516,472.044,448.908,465.691,481.815,498.223,481.733,469.348,461.981,488.617,465.315,427.381,432.255,452.543,467.293
673,138.986,144.756,150.95,159.827,154.788,142.102,121.568,104.314,98.954,87.9056,77.5153,66.7928,45.9834,38.3747,31.3159,25.9881,20.3222,17.862,14.8643,15.876,16.265,20.5822,25.4697,30.7403,40.2911,57.9108,75.9085,102.475,118.64,148.102,171.285,214.393,262.165,325.367,412.684,455.413,479.297,562.229,600.687,634.164,663.064,731.724,741.482,736.873,797.212,759.167,628.591,467.031,445.43,454.888,470.558,484.793,475.79,464.004,457.108,480.985,453.295,425.628,422.948,441.893,456.659
673.5,135.771,145.127,150.503,159.267,153.051,139.855,116.68,103.551,95.0037,86.135,76.6792,66.7796,49.0973,38.2365,31.6556,25.7962,20.2395,17.6391,15.1575,16.3549,16.0758,20.2869,24.9999,29.6732,40.1123,56.2547,72.8056,101.155,115.95,143.848,171.563,209.1,259.997,321.956,402.075,447.305,478.653,555.405,586.399,626.833,655.574,710.918,735.493,730.157,794.298,744.746,621.039,462.387,439.684,449.598,456.669,471.885,472.775,454.359,450.034,466.802,454.448,421.148,420.01,436.446,448.226
674,132.953,143.554,148.006,159.405,152.062,139.269,116.253,99.224,95.5449,83.0426,78.0083,65.819,50.8504,38.9138,31.469,26.2499,20.118,17.8916,15.2918,16.4095,15.9615,19.9249,24.4917,29.0656,39.7756,55.1081,71.6894,99.9668,115.468,139.009,167.13,202.639,255.888,314.727,393.516,438.257,465.414,538.29,570.145,618.441,639.783,702.707,716.38,721.209,780.095,737.321,599.086,455.198,431.02,442.417,451.328,465.337,464.849,440.333,448.012,459.319,453.878,411.849,408.403,427.927,441.022
674.5,133.329,140.774,147.705,153.621,148.5,139.197,115.14,97.9445,93.7231,80.9732,77.1401,65.4528,50.4461,38.4493,31.7378,26.3513,20.4697,17.972,15.2543,16.3701,16.3247,19.3073,24.1518,29.4793,39.1559,53.9042,70.2156,99.2897,115.599,135.52,165.157,202.041,247.334,309.872,386.558,436.177,454.567,526.694,559.246,606.929,614.713,694.111,703.565,711.36,761.248,727.908,591.871,444.956,423.344,434.615,444.371,448.052,460.984,436.965,437.575,446.338,451.293,411.128,397.004,423.674,435.119
675,133.15,137.592,145.053,152.062,144.282,138.118,116.224,97.3116,92.4894,81.6366,74.674,64.618,49.6921,38.3807,31.8441,26.2196,20.5928,18.3754,15.6362,16.3248,16.5856,18.8083,23.6693,29.5998,39.0043,52.6826,67.6572,98.9726,114.499,134.459,161.554,197.259,245.009,303.059,379.516,429.762,457.365,516.867,549.407,603.173,604.272,691.515,690.157,682.31,742.552,721.032,580.935,443.548,415.408,427.33,441.272,437.712,448.423,431.61,428.583,445.891,439.567,411.143,381.382,415.814,418.241
675.5,131.646,136.484,146.921,150.609,144.207,135.653,117.278,98.3695,91.6062,82.018,73.6035,64.062,48.9727,38.5109,31.8393,26.3894,21.156,18.7207,16.2482,16.4021,16.6651,18.9289,23.4034,29.8282,38.1,51.7743,66.8345,98.2329,114.819,135.279,158.612,198.523,243.418,298.493,368.389,425.495,453.638,508.247,540.308,593.218,589.341,676.675,681.959,666.818,737.462,710.673,583.535,439.346,412.095,422.883,433.092,430.519,446.781,429.226,422.399,443.524,435.042,401.607,372.737,410.067,407.166
676,129.07,131.269,142.631,151.317,143.633,131.857,116.69,97.3388,92.4753,80.8965,73.7855,63.0717,48.5661,39.0671,31.1933,26.1184,21.9247,18.8042,16.4387,16.518,17.032,18.6644,23.0021,29.2322,37.973,51.3442,65.6262,98.0667,112.766,136.101,155.933,194.497,237.692,296.641,363.467,421.876,444.484,498.798,531.677,587.944,585.482,663.604,680.574,657.717,725.949,712.796,559.07,435.054,405.735,418.856,421.272,428.756,435.078,423.733,416.066,436.71,418.558,400.106,370.458,406.154,400.05
676.5,128.81,132.168,140.973,148.767,144.323,130.511,114.772,98.4643,91.0722,79.7367,74.9477,63.749,48.5207,39.416,31.7776,26.1017,22.2754,19.2274,16.621,16.9115,17.2322,19.2909,23.1727,29.4308,37.9698,51.6637,65.3108,97.0498,112.031,133.931,153.029,193.242,238.896,296.485,358.658,419.345,438.859,491.768,518.025,579.068,578.365,656.357,658.731,659.028,720.657,717.969,551.449,429.712,397.279,414.126,421.517,428.283,425.991,420.534,415.307,434.845,413.399,393.652,367.565,404.005,389.484
677,127.279,133.065,137.841,148.803,144.776,130.367,115.199,97.5506,91.572,80.6527,76.0103,63.4201,49.3644,40.1467,31.9353,26.5814,22.6445,20.2352,17.5289,17.3474,17.5133,19.3769,23.2692,28.9061,37.107,51.2992,65.3662,96.4533,110.502,133.491,151.386,190.993,234.219,291.937,357.153,414.26,438.507,481.079,517.271,580.481,568.128,637.736,639.944,649.191,711.608,708.466,552.931,425.209,393.384,412.192,409.629,427.844,422.079,412.64,402.556,423.925,410.905,390.06,363.441,398.606,389.954
677.5,126.389,134.781,141.016,147.864,146.137,132.412,111.737,98.5506,88.8655,83.9022,76.1824,64.4639,49.6662,40.6866,32.87,27.2352,23.1197,21.3371,18.6393,17.5352,17.562,19.6485,23.8459,28.9943,37.4841,51.9177,65.3994,96.4157,110.254,132.184,153.861,187.737,233.937,283.855,354.067,412.462,445.562,469.515,517.465,573.041,562.824,625.645,632.314,642.867,704.517,698.82,550.329,425.195,391.329,414.008,409.904,419.807,423.522,411.097,401.315,421.204,408.976,388.046,363.485,394.871,380.66
678,126.075,136.724,141.672,147.57,145.046,133.028,113.608,98.4279,90.5837,83.4303,76.2522,65.1548,50.7278,41.5619,34.0215,28.763,24.0556,22.2287,19.6205,18.0098,18.0136,20.0063,23.8307,29.2068,37.746,51.2176,65.6598,95.1317,108.306,130.933,150.474,185.268,229.266,284.989,348.303,410.123,437.352,471.129,513.705,565.636,553.846,618.64,640.133,641.98,704.653,678.89,543.13,425.249,392.45,415.555,411.809,416.603,421.276,413.679,400.139,415.662,409.556,384.889,361.529,387.89,381.552
678.5,124.568,137.941,142.075,146.928,147.554,133.678,113.395,98.9133,90.75,83.8562,75.9192,66.8006,51.7555,42.779,35.2733,29.5361,24.7058,22.9485,20.6972,18.6765,18.3008,20.5484,24.163,29.2581,37.7578,51.4545,64.4233,95.7042,108.696,129.206,150.276,185.189,230.859,283.69,351,406.12,431.434,467.529,513.978,557.222,552.672,613.239,654.066,640.427,700.435,663.091,529.133,419.828,388.689,414.529,409.772,412.86,420.805,413.426,402.21,412.049,408.264,380.304,357.094,383.109,381.173
679,124.545,139.188,142.964,145.904,146.991,133.433,116.186,99.8248,93.4338,84.1019,77.0424,68.0661,51.816,43.7757,36.6348,30.8419,25.8811,24.1068,22.1961,19.5989,18.4982,20.8096,24.3296,29.4242,37.5227,51.358,64.5989,93.0837,108.774,128.473,148.751,185.267,228.674,288.468,343.165,400.539,425.642,463.429,501.982,557.089,544.351,609.407,661.98,640.459,689.086,661.581,526.923,417.246,385.944,412.95,405.174,412.945,419.666,410.001,397.374,408.348,405.894,375.648,352.881,383.282,370.887
679.5,126.052,139.559,141.338,147.505,145.527,136.014,116.21,102.164,95.5405,84.5404,77.2283,68.0149,52.3153,45.1967,37.9331,31.5725,26.9958,24.9606,23.0491,20.5405,18.8876,21.39,24.4447,29.6287,37.9485,52.23,66.7078,93.2224,107.986,130.504,150.844,183.205,224.951,285.28,342.468,402.641,423.353,457.35,501.018,546.81,551.439,603.685,663.839,637.24,686.547,658.095,520.879,411.195,379.985,409.729,403.047,412.597,416.573,408.265,385.422,406.353,404.336,369.278,348.863,378.454,362.428
680,128.134,138.406,141.026,143.934,144.464,134.722,118.663,102.895,96.6721,85.9467,78.428,68.5182,53.946,46.26,39.0249,32.7616,28.5668,26.1473,24.5204,21.792,19.4761,21.4443,24.9593,30.2574,38.6208,52.7382,65.3506,92.1647,107.342,130.018,152.416,181.973,227.252,281.496,337.948,399.342,409.376,456.332,497.322,540.833,547.501,598.386,660.147,625.925,664.471,656.36,520.677,413.443,382.804,405.963,392.965,416.554,416.982,404.649,386.454,403.377,397.334,368.432,345.198,375.057,357.316
680.5,128.432,140.321,141.057,144.269,144.128,137.517,119.625,102.323,96.141,86.848,79.2381,69.0318,55.9672,46.8774,40.0662,33.9749,30.4955,27.4251,25.5183,22.8357,20.0138,21.4152,25.0105,30.8967,38.5052,52.4428,65.6428,91.9347,105.6,130.02,154.343,181.626,228.771,280.473,336.485,398.705,401.234,453.79,490.393,531.311,544.828,594.801,647.546,628.963,663.996,645.45,517.818,416.247,378.518,398.426,394.523,413.848,411.475,403.567,387.884,409.211,404.945,366.398,337.403,372.923,349.861
681,125.618,137.857,143.217,142.268,146.187,134.567,119.744,102.008,96.0212,86.4545,79.6658,70.9052,58.4928,47.7862,40.9554,35.364,32.2875,29.0424,26.9943,23.9543,20.3919,21.3619,25.1842,31.4426,39.5038,52.0695,64.9833,91.2388,106.75,125.609,153.476,181.721,224.149,282.001,332.724,394.768,386.489,456.99,487.109,522.799,536.865,587.903,636.426,617.603,649.298,642.621,511.192,408.23,375.637,389.018,389.264,412.521,408.346,397.454,397.67,406.234,400.823,367.609,335.08,368.765,344.669
681.5,125.452,138.507,146.141,147.907,148.429,135.851,119.314,104.871,94.9482,87.8985,79.6466,71.0356,59.2165,48.9863,42.7762,37.5193,33.8571,31.4718,28.8804,24.7277,21.2028,22.0727,26.0513,30.93,39.0557,51.8341,65.35,90.3113,106.212,123.98,150.357,172.851,224.455,279.435,335.484,390.831,386.879,451.632,491.238,522.695,525.596,579.168,622.327,607.12,647.534,631.305,506.891,403.231,372.692,382.658,389.443,406.213,402.42,393.423,389.69,393.94,401.786,367.999,340.233,363.988,342.635
682,126.09,136.547,148.325,146.522,148.425,136.272,120.084,105.895,93.3906,88.1924,80.4133,71.2911,60.3084,49.8808,43.4785,38.6202,35.5122,33.8832,29.4956,25.4247,21.7739,22.3615,26.645,30.7562,39.6081,51.773,65.5238,89.3851,104.222,122.515,146.242,171.839,218.589,278.659,330.021,384.305,388.82,446.698,477.683,526.424,517.612,580.936,614.256,605.2,647.356,624.091,498.499,395.253,374.249,372.159,387.376,403.249,393.293,386.19,380.028,389.173,396.24,361.951,335.582,359.571,334.447
682.5,126.983,135.631,144.181,144.31,150.501,135.776,120.793,108.086,95.1608,86.8029,82.7578,71.6022,61.384,50.0154,43.8144,39.5613,36.5416,35.283,30.7082,26.6307,22.0826,22.9417,27.2776,30.5632,39.7095,51.3617,65.7739,87.6677,103.49,122.357,145.862,168.096,219.298,273.041,324.152,377.705,384.046,440.477,467.212,521.308,512.737,576.969,597.118,587.551,635.31,622.632,495.802,391.883,366.142,365.3,379.986,393.729,391.889,381.06,383.962,385.53,389.854,354.604,338.629,356.231,337
683,126.34,133.593,142.656,139.661,149.624,134.671,120.044,105.665,94.6075,86.5255,83.5305,72.9608,61.3658,50.3404,43.9896,40.0358,36.4813,36.8223,30.9694,27.2885,22.0105,22.7,27.2163,30.8999,40.3302,51.5405,64.38,87.633,101.665,123.908,141.676,163.256,216.193,271.644,319.952,368.828,383.294,430.698,460.605,515.169,505.721,571.19,587.38,574.991,622.177,612.909,489.53,388.423,359.895,363.575,374.927,388.556,386.52,376.576,378.441,382.456,385.581,349.27,334.872,351.303,326.95
683.5,123.736,132.473,139.495,136.901,146.103,130.073,120.679,106.363,96.1752,84.9792,82.0863,72.9806,61.5242,50.9523,43.6899,39.7948,37.1366,36.7372,31.7504,28.08,21.7941,22.5859,27.0093,30.8145,40.3563,50.8572,63.4874,86.6603,101.852,122.669,140.75,160.868,213.457,266.009,315.595,364.431,381.21,421.323,457.958,505.854,497.542,561.751,565.196,560.101,614.085,599.818,479.416,382.525,354.873,361.185,368.807,380.958,381.345,374.665,380.107,381.973,374.511,340.078,328.361,342.764,326.832
684,123.716,133.174,137.86,136.775,141.86,128.119,119.248,105.904,97.3204,84.4942,80.3422,72.2861,61.4091,52.1304,43.2026,40.0226,36.5725,37.1592,31.5651,28.1636,22.2351,22.6667,26.6386,30.9859,39.6908,50.3211,62.7819,87.2851,100.539,120.701,139.635,157.871,209.997,262.818,311.681,357.334,370.935,415.358,446.221,496.19,487.235,552.251,564.331,559.958,611.11,589.976,468.815,378.748,348.046,356.369,364.646,371.223,379.652,374.465,374.054,375.476,369.191,336.686,321.97,335.649,318.991
684.5,120.51,131.346,138.034,135.237,139.907,126.255,117.773,105.469,94.0867,85.682,78.307,70.8847,61.2382,52.3365,43.1344,39.2974,36.4257,36.0233,31.3389,27.6747,22.0802,22.4414,25.7585,30.5787,38.7881,47.6877,61.6969,85.2008,98.8204,118.545,137.225,153.336,206.324,260.377,306.587,352.21,364.172,408.759,442.242,486.899,480.327,541.418,549.307,550.913,585.873,581.69,454.09,371.222,342.625,351.231,358.074,365.926,372.237,363.631,371.383,368.142,360.524,326.251,306.172,329.869,313.775
685,117.022,129.865,135.387,135.149,139.775,123.193,114.085,104.051,93.4613,84.0204,77.8995,69.0703,60.6479,51.6322,42.8074,39.0803,36.9177,35.5154,31.1681,27.7468,22.0032,22.2981,25.6198,29.8292,38.0651,46.3982,60.0733,83.7496,98.0593,114.548,136.458,152.394,203.271,257.384,299.841,350.672,366.459,404.3,435.115,473.614,475.349,530.152,540.622,538.262,573.716,573.592,449.575,362.736,339.061,347.056,349.924,359.285,364.374,357.844,367.569,360.143,358.543,321.026,292.693,324.661,310.052
685.5,117.599,127.573,134.663,132.276,139.363,120.392,109.331,102.899,91.4664,83.5476,76.392,66.9743,59.9323,50.7536,42.4293,38.5343,35.8243,34.564,30.7964,27.525,22.0213,22.0703,25.3297,29.0792,37.1672,45.5254,59.7103,81.297,94.5271,111.969,133.932,150.341,193.947,250.349,298.791,347.791,364.545,399.741,431.184,463.524,467.946,514.815,522.794,527.374,552.304,555.393,438.611,354.074,335.712,342.266,347.444,354.118,355.898,349.066,357.378,352.277,348.679,303.911,287.856,317.06,300.79
686,117.558,123.756,128.622,131.316,136.56,118.153,109.399,99.1217,93.2094,81.6471,74.7276,65.7466,58.7894,49.2532,41.4787,37.595,35.8068,33.8365,30.5388,27.6212,21.5308,22.0565,24.9675,28.5812,36.8608,45.4104,57.6706,80.5254,93.8964,110.63,131.377,149.123,190.466,243.374,291.732,341.34,361.107,391.802,426.13,463.546,463.704,504.627,520.512,521.791,547.733,545.163,440.508,347.87,326.345,333.127,337.215,344.241,350.636,343.746,348.273,345.191,347.159,300.245,287.343,309.395,294.549
686.5,115.632,118.6,123.722,128.898,128.613,116.548,107.531,95.0808,89.2334,79.6104,71.8752,65.0042,57.408,48.3485,40.3397,36.6306,34.9238,33.1867,30.6456,26.8812,21.2982,22.4061,24.8513,28.413,36.3703,45.8232,55.6245,79.3182,92.0874,112.271,129.26,144.787,185.544,235.929,285.945,331.422,350.526,387.225,419.697,453.221,457.22,486.881,518.327,512.756,543.098,532.459,429.351,343.857,319.681,327.888,331.241,338.664,343.635,337.262,343.737,339.361,339.946,291.895,285.285,303.276,288.565
687,112.365,116.546,119.477,128.044,126.875,113.085,107.472,92.7947,86.3149,77.47,70.3352,64.7428,55.4131,46.8574,40.7229,36.8595,34.4862,33.5338,30.6645,26.554,21.0547,22.0252,24.5371,27.8804,35.2981,45.784,55.135,78.2714,90.3648,109.967,126.138,141.104,185.261,231.858,277.526,326.126,333.209,379.828,405.781,443.117,447.428,478.221,511.578,499.865,532.774,531.148,433.666,335.468,311.573,325.785,323.697,330.735,333.162,333.522,328.705,331.568,333.11,290.17,281.551,296.498,283.241
687.5,109.025,115.848,120.601,126.885,124.214,111.806,105.276,91.4452,82.6488,76.156,70.7416,64.5201,55.477,45.0914,41.0567,35.841,33.859,32.2772,31.0397,26.377,21.186,22.0444,24.3763,27.9845,35.0927,46.1225,55.65,78.0884,89.9628,108.152,122.929,138.775,185.761,229.116,272.6,322.676,330.549,375.735,396.245,436.19,431.016,468.732,503.943,487.265,520.044,524.03,423.796,333.997,307.411,321.788,324.773,328.827,326.057,325.604,322.791,328.754,325.199,285.229,273.386,292.565,279.062
688,108.585,112.728,121.731,126.06,125.696,111.018,104.314,91.7697,83.7398,75.5832,70.2804,64.9297,54.1706,45.0879,40.6498,36.2737,33.5365,32.9538,30.6722,26.6491,21.5496,22.0251,24.4104,28.2841,34.5498,45.8271,55.6967,77.3556,89.2941,105.251,120.911,137.693,184.978,229.026,268.739,319.573,326.733,367.087,391.957,429.939,414.273,457.58,501.114,487.113,518.017,511.605,421.531,325.754,305.528,316.867,319.195,327.679,317.389,321.994,315.382,326.944,323.329,283.464,269.564,287.665,274.546
688.5,108.008,111.798,122.282,125.865,125.153,109.979,102.865,92.0912,83.3447,75.9707,70.9423,64.8875,54.6491,46.0774,41.6099,36.7589,34.0944,32.3169,30.8935,27.0737,21.8148,22.6733,24.5548,28.2252,34.9893,46.1199,56.0006,78.0972,88.8117,104.879,120.526,140.839,182.153,227.257,268.608,316.711,327.578,368.351,389.034,426.94,412.26,450.961,494.49,484.063,511.35,504.26,408.606,317.909,298.502,314.803,318.086,320.795,317.346,320.751,313.719,324.63,321.59,283.563,265.015,284.347,273.016
689,106.743,111.391,121.324,125.23,122.287,109.488,101.143,94.3126,86.1144,77.2738,71.5423,65.18,54.5649,47.1925,41.1462,36.7543,34.4696,32.226,31.3949,27.4544,22.7477,22.7702,24.8136,28.9268,34.9576,46.1841,57.4937,78.797,88.7794,104.14,118.827,141.49,178.255,227.538,269.177,311.47,324.641,356.736,393.298,426.596,420.202,450.141,495.656,475.443,507.449,502.706,409.026,314.903,296.711,312.516,315.092,321.793,314.511,318.258,314.138,321.207,319.709,283.334,264.117,274.288,271.815
689.5,107.91,112.952,117.589,121.178,123.624,110.565,102.025,95.1133,85.9552,78.9375,73.7439,66.365,55.6719,47.8023,42.1229,38.6407,35.4726,33.4582,31.6145,28.0265,23.9393,23.1783,25.1959,29.6191,35.3327,46.9797,58.3262,78.3784,89.3082,105.384,118.067,140.771,178.516,226.688,272.333,306.768,316.356,362.21,388.51,422.596,413.33,456.762,496.401,475.282,503.898,500.266,406.147,318.67,295.849,313.205,314.937,319.058,319.557,320.678,314.104,316.892,320.676,286.278,265.042,277.436,271.585
690,107.39,112.451,115.45,121.986,122.96,111.825,102.299,96.2537,87.7233,80.204,73.8102,67.9302,56.6932,48.2082,42.7032,39.5203,35.7585,34.5427,32.142,28.6276,24.914,23.6885,25.5779,30.2442,35.8015,47.472,58.8618,77.6206,89.1548,105.396,118.672,141.605,178.134,231.383,273.175,313.645,318.575,356.463,385.23,423.496,410.453,454.516,498.183,467.237,505.72,507.101,404.368,320.312,301.083,316.837,311.299,321.561,323.611,317.9,314.772,319.934,316.118,288.429,267.592,277.106,268.583
690.5,107.017,113.908,117.527,122.273,125.188,112.369,105.026,96.5201,89.0468,80.7853,74.7952,68.0722,57.8984,48.9324,42.806,40.452,37.3525,35.7643,32.5816,29.7829,25.6204,24.8183,26.2889,31.1723,36.3112,48.3904,58.0229,77.3654,90.3476,106.512,122.93,142.808,182.847,231.005,272.328,311.543,328.31,355.942,390.106,428.767,417.816,455.577,499.494,464.313,509.243,507.621,403.371,319.992,292.736,313.303,310.342,323.617,325.438,322.018,316.402,317.537,318.391,290.232,271.345,278.712,270.712
691,108.372,115.656,119.503,126.976,127.379,113.609,108.252,99.1473,90.9134,80.9973,74.4362,69.6375,59.2642,50.5996,44.65,41.0138,38.2005,37.6413,33.6473,30.8069,26.1581,25.3872,27.1032,31.379,36.7572,48.4428,58.5507,77.3366,90.1088,107.138,122.631,142.935,186.548,233.249,275.914,314.273,337.73,355.955,394.424,432.614,426.914,458.768,499.437,458.629,510.196,505.935,403.429,318.328,289.796,312.933,312.041,325.267,331.03,321.423,318.282,319.901,321.054,291.121,270.826,282.895,271.025
691.5,108.826,119.053,122.543,129.251,130.272,117.012,111.899,99.0809,93.3652,83.9436,76.1009,70.114,60.2223,51.8231,45.2566,42.0683,38.9342,37.5983,35.0415,31.6106,26.4205,25.9186,27.8176,31.4586,36.9666,49.3472,59.2738,77.7606,89.6769,108.381,125.991,143.793,187.839,234.657,278.573,308.697,347.813,365.498,402.289,435.495,424.962,470.138,499.697,476.644,507.832,509.83,408.527,320.515,291.125,309.99,310.653,326.291,331.111,324.644,322.342,321.291,323.695,291.199,269.511,280.755,274.111
692,110.553,119.842,121.936,129.756,132.451,119.242,112.105,101.613,94.6911,84.3276,78.0628,71.6638,60.4569,53.1405,46.3965,42.8228,40.5978,38.679,36.0597,32.7012,26.4916,26.3894,28.3922,32.0112,37.6873,50.2087,61.2154,79.6188,91.9647,107.784,125.656,142.475,190.158,238.717,282.491,308.262,353.404,371.778,403.894,439.42,437.479,469.908,496.558,490.326,516.217,520.781,414.368,329.094,298.909,315.705,314.879,327.889,328.144,324.323,321.848,323.43,329.556,298.427,271.631,281.227,274.402
692.5,113.147,119.076,122.993,130.986,135.149,120.4,110.846,102.059,96.1109,84.6215,81.4183,73.2152,61.4122,53.7467,47.4754,44.1233,41.4081,40.4416,36.255,33.2537,26.8781,26.4333,28.9841,32.3563,38.6706,50.8923,61.9621,80.5722,91.9633,108.571,129.035,140.754,189.782,239.359,282.81,303.812,345.18,376.534,408.239,431.011,441.672,475.556,500.827,487.759,515.359,515.938,425.233,334.222,308.282,318.508,320.689,328.013,326.499,327.876,325.002,325.731,328.392,302.794,271.827,283.121,273.411
693,114.683,117.334,124.142,131.308,135.129,121.193,110.933,102.4,96.539,85.4112,83.1556,74.9544,63.2535,52.0562,48.6568,45.4733,41.0298,41.4492,36.7648,33.7086,27.2079,26.2971,29.43,32.6901,38.8162,50.0427,62.4949,81.2188,93.5539,110.176,127.695,143.714,189.771,236.031,278.001,306.026,347.078,375.457,405.334,433.398,441.058,483.685,506.07,487.728,502.586,515.302,423.664,336.215,311.662,322.918,323.01,325.574,330.093,331.857,326.976,327.542,327.407,301.042,271.997,282.072,276.918
693.5,115.053,118.737,125.018,131.473,133.066,123.868,111.272,103.505,96.5281,85.9753,83.0097,74.9642,64.8737,52.9273,49.794,46.2506,41.433,42.8624,36.3859,33.7103,27.6185,26.6613,29.7446,33.0477,39.0457,49.6921,61.9521,80.0646,94.0799,108.564,126.45,143.761,189.417,236.635,279.431,307.925,338.461,376.242,411.006,436.333,448.964,481.87,504.211,483.633,510.43,515.206,421.449,332.196,310.586,323.534,324.863,321.165,332.162,326.628,325.543,328.152,320.942,298.619,269.025,285.067,273.728
694,114.686,120.192,124.193,132.617,132.761,119.757,110.51,102.773,93.5124,86.4911,84.1065,74.5237,65.8575,53.1231,50.626,46.962,42.6412,43.5585,37.4034,34.0956,27.6317,26.4624,29.7499,32.7124,39.3691,49.143,60.9464,79.7509,93.689,110.15,125.832,145.37,188.977,230.581,276.699,309.203,335.57,373.818,409.197,432.462,439.439,487.87,504.106,490.112,506.722,508.705,415.806,330.535,310.628,322.695,322.784,319.583,329.415,323.489,324.236,328.009,322.957,294.96,266.099,280.341,274.211
694.5,111.667,117.478,126.216,133.226,131.537,118.544,110.745,102.938,91.8325,87.32,84.0278,74.3229,67.0523,53.559,49.9577,47.2667,42.5342,44.0977,37.8232,34.3665,27.6405,26.5479,29.8073,32.5853,39.9417,47.7919,60.0385,79.4979,92.1565,107.578,124.85,147.349,187.268,226.689,276.536,311.427,335.453,369.86,408.777,432.694,439.893,482.381,497.016,489.841,503.313,512.711,407.783,325.915,308.454,321.069,320.247,319.919,327.655,320.761,317.864,322.881,319.343,291.422,262.538,275.577,269.257
695,110.59,117.63,125.774,133.418,133.615,114.917,110.081,98.5948,90.05,86.9815,83.5835,74.5289,67.1516,54.3842,48.7143,47.4795,43.2004,43.8593,38.8383,34.8028,27.9751,26.2982,29.7309,31.8587,39.8753,48.3961,59.6259,78.3505,90.9602,107.535,124.146,143.507,187.302,223.881,275.641,314.963,332.617,367.646,404.915,429.413,427.728,471.904,494.744,478.379,501.173,504.72,400.494,319.029,304.686,319.694,319.611,316.609,322.998,319.149,313.324,317.12,320.01,288.739,259.215,273.625,266.13
695.5,109.577,116.126,125.723,133.175,132.819,117.56,111.768,98.7122,89.6976,85.7515,83.4958,74.8688,66.8807,54.3034,48.0362,47.1393,43.9394,43.7155,38.2535,34.4189,28.1406,26.1265,29.8678,31.8997,39.4656,47.9694,58.6532,78.682,90.4505,106.43,121.435,145.199,185.728,219.082,272.605,311.764,332.144,360.333,395.642,425.327,418.3,464.209,490.386,466.251,497.798,501.328,394.784,315.52,300.628,314.104,311.938,314.168,314.988,312.367,308.305,315.535,314.065,286.708,253.579,267.39,261.62
696,108.605,118.054,122.373,131.976,132.525,118.527,109.793,97.0921,90.0818,84.7881,80.9397,74.4719,65.12,54.6024,48.402,46.0597,43.712,43.3687,38.6426,34.4599,28.3518,26.7752,29.7264,32.2296,38.4743,48.8097,59.2335,77.9945,91.4277,105.347,120.762,143.829,184.775,217.068,270.008,306.638,329.398,355.781,396.002,412.787,403.885,459.761,483,456.148,490.788,491.917,380.716,308.475,295.536,309.276,308.062,309.008,310.892,309.58,303.208,308.802,309.375,282.168,249.236,263.613,256.891
696.5,107.052,116.935,118.75,126.99,131.465,115.173,107.486,94.9716,90.4184,83.183,80.6859,73.4186,64.0505,54.2518,49.5392,45.7092,43.9827,43.0614,39.042,34.4255,28.4347,26.45,29.5875,32.5648,37.8773,49.0877,55.8651,78.246,90.3601,103.905,118.712,144.531,183.844,213.962,263.837,301.498,322.112,350.629,388.507,413.801,404.614,454.488,475.359,443.495,487.417,482.334,378.294,308.209,293.955,304.182,303.884,306.482,305.562,305.516,296.826,310.206,306.703,277.797,248.271,260.058,249.594
697,105.534,116.887,117.38,125.692,129.09,113.643,104.795,95.0017,88.729,83.5676,78.7143,72.2371,63.2702,54.0702,50.5528,45.7145,43.9982,42.0999,38.7332,35.2082,28.5579,25.9984,29.2518,32.0994,37.9644,48.0889,55.4073,77.9591,90.1345,103.093,116.571,142.429,180.733,211.206,259.282,297.176,315.118,350.89,385.735,415.503,399.159,446.841,466.631,446.395,481.303,476.595,379.187,303.582,287.738,301.426,298.549,302.1,302.734,305.071,296.949,304.33,301.329,267.233,246.414,256.327,242.09
697.5,106.034,116.635,115.261,121.884,126.652,112.156,103.526,95.1994,88.2268,83.8162,78.8604,71.1634,63.1261,53.4786,50.5303,46.259,43.1888,42.4753,39.9638,35.2681,28.8271,25.3848,28.7021,31.9121,37.9736,48.2245,54.5125,76.558,90.1105,100.888,117.569,140.853,179.35,211.109,256.519,295.773,313.891,346.08,381.423,410.025,397.995,439.773,458.278,441.393,479.518,473.777,384.251,301.002,283.789,299.062,296.249,303.754,300.259,296.381,291.662,300.045,290.583,264.444,243.079,252.225,238.584
698,104.619,117.418,117.333,122.783,124.069,110.933,105.099,95.3907,87.7079,82.6897,78.1927,71.7169,63.0811,52.6435,50.9197,46.4622,42.9574,42.1978,39.5495,35.0516,29.5241,25.4262,28.5212,31.6011,38.1073,48.514,56.4817,74.6949,88.5857,100.416,117.621,137.636,177.51,207.612,257.656,291.666,313.931,341.033,372.382,402.491,397.525,429.244,452.968,445.991,477.291,471.822,380.917,300.399,277.023,296.09,289.184,300.868,300.95,292.741,293.539,295.783,284.742,261.622,241.929,248.685,231.73
698.5,106.159,116.466,117.245,119.269,124.144,110.992,105.531,97.6238,87.5674,83.4209,77.9812,72.3294,63.0707,53.5981,50.1793,46.8537,43.0697,42.7343,39.7858,35.4778,30.1653,25.6925,28.5352,32.3267,37.3583,49.5008,56.5511,73.4108,88.5308,100.473,118.587,137.083,177.837,206.77,256.331,291.422,308.696,334.796,368.872,391.642,392.915,422.073,455.691,450.271,473.843,469.095,374.748,298.469,278.034,292.949,288.581,298.775,300.206,286.076,289.879,291.025,280.291,263.618,237.444,245.608,230.925
699,104.294,116.539,119.868,115.417,123.27,111.948,106.401,95.8195,86.2887,82.2096,76.7932,72.9809,62.6383,53.02,49.8597,47.0503,43.5628,43.567,40.3865,36.0161,31.1535,26.8663,28.4472,32.075,37.5205,49.7259,55.4109,72.9281,88.0254,98.9305,119.647,133.587,176.938,203.111,251.59,289.361,308.525,333.801,365.494,388.87,387.305,419.867,450.103,449.266,466.248,460.324,369.584,296.989,275.07,291.263,284.128,293.865,299.18,279.835,284.227,289.868,277.315,264.368,232.235,240.924,229.869
699.5,104.438,115.777,116.791,115.422,123.036,109.707,106.396,96.4871,83.3965,82.3526,76.7883,73.132,62.1597,53.3797,49.7055,47.4108,44.67,43.6081,41.4545,37.5234,31.4257,27.0426,28.5784,31.6773,37.0586,50.1707,55.9226,72.5327,86.5879,97.663,119.652,131.917,176.347,203.154,249.663,287.65,297.753,335.875,366.2,379.67,375.424,422.896,449.679,442.206,463.594,455.942,360.11,295.897,273.581,288.828,280.276,292.447,293.566,278.959,283.505,285.841,271.607,260.415,232.393,239.76,228.687
700,103.524,114.838,115.211,116.669,122.234,112.217,105.204,96.4192,83.1293,80.9178,78.8364,72.1434,62.9258,53.7929,49.3349,48.2822,44.7133,44.035,42.6324,38.2263,31.909,27.953,28.7287,32.3776,37.1441,50.0581,55.9941,72.3171,85.8287,96.6092,119.375,133.14,177.108,202.854,244.709,283.785,289.369,333.786,360.011,376.39,369.483,421.179,446.717,436.505,458.908,450.814,355.63,290.906,271.818,285.758,277.927,288.3,287.418,278.787,277.612,284.023,271.463,259.554,227.265,236.196,224.714
700.5,103.804,113.34,111.834,119.3,121.456,109.832,106.059,94.1905,82.4578,81.5699,78.7115,71.4409,63.84,55.377,50.1011,48.9037,44.554,44.4534,42.8384,38.3115,32.3992,28.4164,29.165,33.129,37.3358,50.368,57.1274,71.3156,85.0573,94.992,118.241,132.018,176.222,201.726,244.655,276.521,286.667,328.309,353.381,371.347,366.333,416.181,439.182,430.262,459.06,443.29,351.391,289.017,265.337,279.627,277.883,288.527,283.717,278.4,273.875,284.896,269.488,254.462,224.425,231.593,221.763
701,103.271,113.09,110.501,116.333,122.684,109.983,105.457,95.1397,85.3647,83.442,75.9574,72.1614,65.5717,55.917,51.977,49.6678,44.9015,44.5677,44.0361,38.9902,33.0448,29.3917,29.4834,32.9141,37.6807,50.2602,56.3776,73.2079,85.077,96.0635,116.912,129.783,174.083,201.898,246.467,274.111,281.134,325.636,349.521,373.513,363.352,409.26,426.358,419.921,459.457,434.293,345.879,283.17,262.938,276.442,271.515,284.272,282.731,273.494,273.344,279.524,263.201,252.013,222.726,225.919,216.373
701.5,104.719,114.238,111.815,114.487,124.154,108.738,103.492,97.7374,86.0038,83.5086,74.2656,72.3974,65.7752,56.3383,52.4616,50.2432,45.9211,45.8746,44.4119,39.4884,33.9279,30.2755,30.1184,33.0428,38.8443,50.7084,57.7404,72.5545,84.9857,94.3902,114.859,127.894,170.288,195.568,236.439,271.198,281.095,319.347,345.839,364.225,358.04,401.996,413.894,408.88,448.76,430.987,343.77,281.09,255.846,271.241,269.331,281.759,283.441,271.037,270.755,277.413,258.788,245.593,221.753,223.566,212.818
702,104.562,113.946,113.362,116.654,125.421,112.411,103.604,98.7539,86.53,84.786,73.4798,72.8201,67.2077,56.5891,53.9703,51.1116,47.1968,45.8216,45.6756,40.8148,35.3457,30.8185,30.1213,33.4352,39.3372,51.0663,58.7357,71.7395,84.9238,94.7558,115.216,125.504,168.873,194.476,232.693,267.398,280.104,316.86,342.905,367.606,358.94,398.45,411.096,397.156,438.367,419.897,340.491,278.011,254.466,268.044,263.817,273.47,274.059,267.94,265.909,274.81,257.944,241.615,221.811,219.386,209.428
702.5,104.131,114.512,114.252,118.875,125.15,114.142,102.184,101.786,87.7508,83.2744,72.9496,74.2685,67.9175,57.3162,54.9276,52.5186,47.8666,46.7519,46.2121,42.6984,36.118,32.0118,30.724,33.8296,40.533,51.1108,59.2331,72.0726,84.0204,93.5091,113.602,123.462,167.085,189.052,227.916,265.328,268.209,310.542,331.301,356.406,353.152,387.439,400.099,397.472,426.87,410.304,338.047,275.589,251.727,264.043,261.148,267.912,269.003,261.637,262.461,271.534,262.462,239.567,219.385,220.317,206.05
703,103.608,114.073,112.72,118.527,124.928,112.661,102.686,100.253,87.3291,83.0284,76.0715,74.1817,68.9684,59.1185,56.5996,54.1368,48.6078,48.7988,47.4622,44.3521,37.9089,32.6921,31.6367,34.4264,40.9229,51.6872,59.917,72.7209,82.6552,93.4499,112.585,124.826,165.869,187.892,228.874,261.719,260.654,308.646,326.674,350.259,353.428,386.634,393.972,397.511,414.559,401.876,330.701,272.314,248.182,260.665,256.96,266.127,266.081,258.456,256.493,271.235,263.705,236.566,218.398,217.68,200.618
703.5,103.291,114.82,115.033,120.413,125.169,112.981,103.401,99.6266,88.8087,84.5141,79.3642,75.2799,70.7199,60.1969,58.5094,55.9089,49.3079,51.2541,50.6981,46.5187,39.6908,34.4884,32.357,35.2756,41.1951,52.0957,60.0033,72.6759,82.7591,93.1229,110.218,124.484,164.019,187.47,230.996,259.32,250.95,301.319,326.555,339.137,343.865,375.041,385.567,389.617,414.13,393.624,329.71,267.91,246.266,256.557,254.401,262.08,264.442,252.313,254.933,266.41,259.414,236.3,215.166,214.473,200.347
704,103.692,115.684,113.533,120.906,125.004,113.428,107.308,100.32,92.1072,85.0668,83.2043,74.1068,72.6785,63.4768,60.0559,56.8854,51.6819,54.7728,52.9997,48.7743,42.1893,35.4499,33.2272,35.9926,41.108,52.8343,60.5162,72.6279,82.7831,92.7841,108.604,122.371,161.533,182.879,228.612,256.561,247.758,292.371,316.815,336.401,340.335,368.457,384.274,380.349,403.163,390.836,329.28,261.87,243.254,252.839,251.556,260.114,265.919,246.955,253.046,262.918,253.372,232.264,215.11,212.072,195.369
704.5,103.652,115.311,114.325,119.909,126.039,114.464,108.477,102.989,96.8901,85.2667,85.9346,74.5064,73.8556,65.7138,63.1595,59.4821,53.8125,57.843,55.4404,51.7822,44.4356,36.1168,34.2864,36.3928,41.6277,52.9877,59.339,72.6435,84.6265,95.9328,109.275,122.732,161.111,184.42,226.026,250.389,254.051,288.565,314.547,330.584,327.448,359.912,376.398,386.241,399.004,385.901,321.451,259.048,239.785,248.156,249.037,254.62,261.623,245.834,249.23,258.424,249.585,231.202,211.366,212.392,193.507
705,105.509,116.286,116.224,124.262,127.58,118.333,110.393,106.078,100.936,87.9482,86.3201,76.6814,74.7699,67.5162,64.6112,62.1161,58.6649,60.3149,59.5529,54.8334,47.2169,38.592,35.5534,38.0185,42.497,53.4795,58.4566,73.7696,83.2651,95.0322,109.559,125.244,158.679,183.406,222.237,248.388,257.009,284.179,308.375,328.253,318.161,355.337,374.133,383.508,390.621,384.372,318.833,255.18,236.251,243.542,245.169,249.759,256.544,245.011,249.513,254.551,242.374,229.674,209.706,209.29,191.651
705.5,106.495,115.404,116.393,126.426,129.1,118.195,114.038,104.04,102.371,89.581,88.1293,79.6215,76.5456,71.198,67.5285,65.424,62.4876,63.5557,62.2856,58.6946,49.8239,40.5539,37.3017,39.0475,43.9669,53.888,59.2622,75.4657,84.4966,93.9069,110.047,125.965,156.585,184.264,219.234,246.319,257.869,282.676,303.99,321.901,317.756,354.403,370.023,380.933,387.554,380.114,314.54,254.346,231.603,238.797,246.337,248.931,253.431,239.804,248.204,253.024,241.588,226.941,207.364,205.452,192.126
706,106.421,118.444,118.911,127.909,130.945,122.015,116.23,103.142,105.194,93.6968,91.6486,85.562,79.3348,73.8624,71.2716,68.996,66.4613,67.0202,66.8364,62.4545,53.6808,43.6688,39.396,41.1464,46.6929,55.8438,58.6314,76.055,84.5226,94.108,110.236,127.871,156.027,181.574,216.777,245.726,259.6,277.469,298.332,323.498,313.911,352.297,369.287,371.534,376.059,377.097,308.139,249.961,232.366,235.196,246.294,246.134,250.705,237.124,246.406,252.917,241.029,226.987,205.592,204.636,191.162
706.5,110.222,121.39,123.044,131.277,135.253,124.576,122.576,103.211,108.876,98.0677,94.3533,91.0014,84.5834,79.1002,76.6481,73.8317,71.5728,71.0254,71.6314,66.44,58.1726,45.7332,41.5522,43.2779,49.1055,57.1836,60.3222,78.1691,86.182,95.9885,108.981,128.767,156.004,181.604,215.054,242.658,254.884,278.352,298.664,315.028,314.562,341.385,366.922,362.206,366.817,374.143,308.95,250.616,236.036,232.477,244.379,246.603,248.557,236.632,245.193,251.846,242.842,225.857,205.831,203.035,189.447
707,113.128,124.563,128.378,134.733,139.027,131.43,129.232,110.681,110.787,103.638,98.0386,96.2638,90.3509,83.5278,83.9757,79.7144,77.2397,77.4181,76.0659,71.9745,63.6059,49.2153,44.335,45.1338,52.1796,59.4707,62.7787,78.3381,86.7046,98.0866,111.315,126.976,155.993,181.641,210.315,238.254,248.837,273.382,299.486,313.961,310.878,335.147,364.977,355.68,363.366,374.418,304.625,251.043,234.121,232.04,243.713,245.981,251.145,237.654,242.922,252.542,244.943,224.384,203.704,202.076,189.774
707.5,116.965,128.886,133.633,138.129,143.835,136.914,135.856,119.042,115.58,109.24,104.704,101.608,93.9243,88.5271,90.6215,86.9393,84.0583,83.8532,82.3121,77.383,69.7985,51.982,47.2071,46.4783,54.8976,61.502,65.3223,80.5074,87.7342,98.4847,113.973,126.099,156.8,182.004,212.265,235.371,243.695,274.43,300.924,312.918,319.835,337.103,362.261,350.119,361.184,370.321,303.172,251.923,233.421,234.206,242.104,244.387,248.105,244.127,245.064,251.038,245.412,224.537,206.74,204.291,192.28
708,122.185,133.882,140.074,144.434,149.438,144.139,140.074,127.961,121.247,115.51,106.994,108.56,100.978,94.0469,97.7123,93.8461,89.1354,91.768,87.637,84.5922,74.627,57.2855,51.4318,48.7355,57.2264,63.3967,69.3093,82.7701,89.6537,101.753,116.552,126.42,155.899,183.852,214.064,232.727,243.11,273.632,298.687,310.049,318.334,337.391,364.118,341.366,364.935,367.918,304.464,251.087,234.103,236.804,242.429,248.396,248.548,241.593,244.011,254.58,243.376,228.053,206.575,203.024,193.57
708.5,130.293,141.059,148.457,152.741,153.174,149.17,148.001,134.26,127.727,123.001,112.275,115.043,106.607,100.98,105.047,101.333,96.0293,95.7696,93.603,91.6055,79.2064,60.6014,55.3757,52.7594,60.7169,66.9955,74.034,85.4341,92.0542,103.54,120.432,129.462,159.347,184.925,214.418,236.779,241.117,273.388,298.15,315.972,316.085,336.298,367.317,345.234,369.567,365.807,306.464,251.569,233.769,240.133,244.595,247.585,247.23,244.921,249.387,258.36,245.93,234.062,209.721,206.089,196.037
709,137.891,149.131,152.106,158.521,161.37,159.879,155.87,142.089,135.819,129.967,122.076,122.46,118.383,110.679,113.443,109.856,103.789,104.652,102.941,98.4099,86.9321,67.216,59.3128,56.8696,64.4839,71.4605,77.9467,89.229,96.8321,109.07,122.905,138.378,163.546,186.696,218.226,237.779,239.134,276.241,296.608,318.89,310.686,334.856,367.354,340.728,373.153,371.233,300.816,252.63,234.081,241.202,247.971,254.196,248.218,242.759,251.278,260.167,251.681,237.988,214.505,211.892,201.644
709.5,147.14,156.838,163.332,169.27,167.708,166.172,162.53,151.787,145.868,141.29,132.97,130.368,127.48,120.247,122.61,120.034,115.145,111.829,110.5,106.141,95.3724,72.8743,64.4482,62.0412,68.6614,77.4221,81.7674,92.0134,99.2574,113.092,126.241,139.406,167.511,190.478,218.454,241.429,244.024,276.517,299.175,324.672,311.762,331.984,362.692,348.751,366.319,375.111,305.124,253.319,239.303,244.341,251.742,257.721,252.54,244.455,255.11,264.495,258.164,241.585,215.837,215.72,205.527
710,156.578,165.864,168.596,178.092,182.352,178.152,173.799,163.618,156.81,152.947,144.94,135.385,138.764,135.16,131.71,130.607,124.832,122.66,121.374,118.158,104.595,80.4627,69.3446,67.1797,74.3765,84.1021,86.3345,96.1185,104.061,114.916,132.275,143.32,171.906,196.095,222.614,242.182,248.469,278.015,301.739,325.86,311.278,341.55,364.332,351.094,374.03,380.646,304,257.862,241.737,246.356,256.804,263.188,254.639,248.316,260.979,269.931,263.817,245.259,218.079,220.495,206.772
710.5,167.862,173.945,179.738,187.494,194.65,190.403,183.658,178.349,167.054,167.058,156.996,145.469,149.664,143.681,141.792,142.023,136.427,132.997,132.242,132.026,114.343,88.6286,74.9713,73.6356,77.3095,90.3972,92.0022,100.307,107.823,118.972,135.711,146.844,173.33,199.469,224.958,247.628,255.514,276.865,308.513,332.212,315.237,345.358,365.124,358.046,378.741,386.163,309.795,261.818,250.316,251.953,259.505,267.901,258.716,247.848,266.053,277.56,267.752,248.169,223.155,222.969,211.386
711,177.828,183.805,191.078,199.553,206.53,205.936,194.65,191.596,177.434,177.702,171.111,155.068,163.821,153.954,153.121,150.152,144.024,148.036,142.383,145.496,123.097,97.614,80.2852,77.7193,83.0063,95.5989,97.8432,105.621,113.198,122.339,140.267,156.808,179.534,203.719,227.622,248.719,257.041,280.982,308.868,339.021,323.479,352.526,370.081,364.052,381.588,389.88,315.007,268.53,252.724,258.595,263.653,274.804,261.822,263.661,272.955,283.636,269.287,255.485,227.019,228.644,215.013
711.5,187.965,192.834,201.48,205.953,221.361,223.507,208.512,199.661,189.686,188.421,183.303,167.561,176.69,159.073,164.755,161.227,157.364,161.183,158.541,154.915,133.827,105.102,85.46,84.7855,88.8825,101.709,102.515,113.385,119.11,132.81,146.745,161.506,187.385,211.524,233.597,249.007,259.497,284.873,315.832,346.066,333.602,358.35,376.531,374.554,384.675,399.556,326.648,274.586,258.125,265.156,272.887,281.135,268.799,270.602,281.712,290.456,275.304,266.746,234.822,233.106,218.529
712,197.008,202.032,213.763,216.619,234.996,237.662,221.302,210.704,204.494,197.492,197.422,185.834,189.6,165.858,177.967,175.138,171.581,174.109,172.38,167.012,141.158,113.985,92.501,89.9426,96.4818,106.067,107.717,115.349,123.829,136.958,146.958,166.254,193.791,216.435,238.751,256.657,261.75,296.259,321.054,352.687,343.283,367.605,387.916,376.53,388.022,402.449,336.156,282.977,261.873,272.969,277.918,285.741,274.097,280.548,291.112,297.903,281.843,277.826,244.479,243.221,227.613
712.5,207.324,213.793,222.113,230.882,248.641,244.142,230.564,224.133,219.58,204.626,211.17,203,202.604,179.519,191.194,185.846,179.439,187.339,190.704,179.684,149.721,121.338,98.0172,96.8689,102.991,112.318,112.79,122.85,130.31,141.664,150.792,171.154,204.853,220.682,246.601,262.347,270.627,304.932,330.689,364.443,359.747,377.413,396.123,393.849,392.768,415.9,342.723,292.656,267.647,280.183,288.84,295.884,284.589,296.847,295.07,305.761,291.664,287.836,254.702,249.798,240.485
713,218.195,226.003,232.194,245.525,262.885,257.241,242.64,237.482,234.033,216.538,227.342,219.988,212.684,195.45,205.75,201.133,196.813,200.272,203.368,190.494,156.405,130.083,105.012,100.179,111.216,116.873,118.017,125.713,138.378,146.46,158.342,175.277,213.503,231.521,252.773,276.148,282.62,314.343,334.808,372.36,360.741,388.049,408.068,394.872,398.377,427.235,346.221,300.306,279.404,285.359,297.506,306.66,297.159,303.163,305.564,314.48,302.951,295.835,263.533,254.703,252.186
713.5,228.866,239.624,246.04,258.16,271.606,263.091,252.06,254.391,244.061,236.002,236.849,231.956,224.895,207.413,222.154,214.606,208.446,212.471,212.573,205.225,165.249,139.048,111.522,106.375,117.273,121.4,124.355,135.368,145.998,152.31,168.43,180.642,221.71,240.449,262.487,279.926,293.712,322.714,339.766,382.239,371.698,393.986,417.708,412.189,412.693,438.693,359.044,307.857,286.165,294.182,305.152,314.439,304.188,315.601,310.933,322.557,318.021,302.615,273.011,265.053,255.649
714,239.673,240.948,253.709,273.714,287.332,273.475,263.974,269.812,253.226,248.49,249.477,241.119,233.212,222.61,233.358,224.203,219.623,224.561,223.858,217.55,173.886,145.009,118.837,112.438,124.542,126.227,129.62,137.678,153.694,161.303,176.936,190.507,228.289,245.74,268.119,289.178,303.073,328.686,348.339,389.545,376.708,403.826,422.877,430.987,424.896,442.953,363.936,317.4,293.915,305.121,306.514,322.148,314.881,324.156,322.629,333.415,327.984,312.625,278.199,270.675,260.213
714.5,243.726,248.102,268.263,288.145,301.2,280.401,285.844,275.486,259.508,262.978,255.174,245.737,245.008,232.256,245.465,238.856,237.366,235.178,232.403,229.772,183.846,152.96,127.281,121.699,131.101,132.439,138.567,144.954,161.093,165.296,189.592,194.718,236.13,254.358,269.987,296.183,307.765,338.442,352.361,396.557,391.383,413.041,432.364,437.608,439.148,453.871,374.519,326.201,299.764,313.815,310.96,329.499,321.467,336.79,335.501,341.213,340.963,320.27,285.821,281.717,266.817
715,254.851,258.926,278.022,302.998,315.199,294.98,299.456,285.693,272.557,272.059,269.745,252.805,254.911,245.58,250.933,248.674,249.116,248.388,243.805,243.766,196.357,160.848,132.529,128.085,135.871,141.226,146.07,152.375,165.975,171.919,197.319,197.87,243.913,259.231,281.514,304.127,314.333,344.085,351.149,401.337,395.186,421.188,439.681,442.652,451.064,467.985,379.095,334.435,307.884,323.467,315.477,338.783,332.63,345.77,347.936,347.475,350.03,327.913,295.89,287.837,274.938
715.5,261.838,278.1,293.684,309.41,326.799,318.532,307.427,297.704,284.207,284.479,280.703,263.15,269.307,257.348,264.358,260.087,264.048,262.153,261.199,250.117,206.42,170.362,136.359,133.962,144.398,149.128,152.359,158.825,169.666,177.714,203.671,206.773,250.64,269.439,293.209,314.238,322.783,347.881,345.9,411.111,399.679,428.134,446.353,447.04,465.081,477.913,382.478,343.349,318.398,332.655,330.563,347.711,339.235,355.233,350.716,357.759,355.326,338.116,299.556,297.857,283.71
716,271.459,293.522,301.498,318.893,336.182,333.931,319.898,315.466,299.996,296.59,289.805,276.14,280.717,271.424,280.386,270.901,279.305,270.43,278.481,262.028,223.69,177.695,142.823,138.553,150.361,157.058,162.474,168.655,175.333,184.181,207.171,209.478,260.872,278.985,298.14,313.921,326.552,358.251,351.104,419.892,412.822,436.934,451.591,452.655,476.679,489.135,393.168,351.961,323.978,339.819,340.911,357.901,349.545,360.245,358.269,368.479,356.617,348.3,308.345,306.216,291.563
716.5,285.502,298.642,311.195,331.278,345.1,348.92,332.061,331.452,311.376,310.493,306.277,288.196,297.684,281.015,297.161,283.998,288.639,284.43,287.867,274.807,231.04,185.771,148.547,143.725,153.755,165.896,167.822,174.137,181.782,194.522,211.479,217.166,268.332,293.318,311.97,320.191,333.667,367.131,365.348,432.168,419.619,443.609,455.719,466.352,489.36,498.709,409.569,362.558,328.046,349.621,356.093,364.111,357.005,366.213,371.39,379.329,365.75,357.817,315.673,318.587,305.545
717,298.307,311.359,318.55,347.118,356.49,363.035,348.636,345.837,326.897,322.765,323.903,297.435,313.772,296.783,314.715,294.771,297.488,300.155,298.568,285.492,245.221,192.457,156.617,148.403,163.949,169.966,172.052,179.82,190.676,201.249,216.807,222.133,278.753,299.562,316.193,323.381,336.427,373.122,381.639,439.302,432.849,448.591,463.436,486.791,490.94,515.473,414.372,371.228,337.307,359.513,361.968,372.69,365.358,374.059,382.32,389.866,371.506,364.605,322.788,327.42,315.154
717.5,307.991,326.978,324.559,359.357,369.224,370.544,365.554,354.043,340.421,341.519,339.915,317.79,325.48,305.904,325.071,310.587,310.541,313.806,309.125,305.736,253.974,202.496,164.916,156.553,170.751,176.032,177.522,181.855,197.088,205.257,225.225,230.913,283.351,303.655,321.03,335.858,336.602,380.862,397.484,439.491,442.523,454.996,472.217,497.113,497.02,519.339,424.667,377.689,345.28,367.821,368.687,379.411,378.366,381.099,393.498,396.863,385.69,373.273,337.303,340.71,326.943
718,321.828,340.15,340.042,368.348,380.885,380.804,383.352,365.328,351.298,358.855,353.377,335.598,338.788,318.973,336.07,323.17,327.938,329.589,327.058,317.95,264.032,211.653,171.283,164.249,178.889,180.858,184.967,189.243,203.086,211.698,230.282,243.949,290.789,308.663,330.404,348.464,335.591,387.877,410.071,449.341,443.126,464.205,479.403,513.571,507.15,531.731,435.269,378.298,351.614,378.017,373.715,387.788,389.563,390.014,402.352,407.353,398.667,386.296,342.496,344.894,338.837
718.5,336.06,356.055,343.853,381.793,388.304,389.508,397.261,380.707,353.276,378.183,362.221,353.702,353.002,331.615,349.425,335.674,341.873,338.699,343.716,320.017,272.503,218.436,178.031,171.4,186.062,186.252,193.866,194.259,209.805,217.724,240.297,250.852,299.608,313.196,335.836,355.186,332.862,390.042,416.733,449.933,451.091,481.224,492.845,523.272,512.685,542.57,446.841,384.059,365.316,387.249,377.22,395.969,406.265,397.103,411.164,414.89,413.071,398.054,348.631,354.659,340.608
719,352.624,356.608,359.871,393.266,407.436,404.931,415.277,400.002,374.754,386.177,368.539,366.586,367.902,351.325,363.253,348.923,357.969,353.549,356.479,334.461,282.836,224.015,183.77,179.521,191.347,195.385,199.431,199.395,217.402,225.917,248.253,257.763,306.998,322.925,344.579,363.847,342.341,392.488,423.967,467.345,454.68,486.1,505.333,518.163,523.337,555.154,450.333,384.271,370.58,393.198,382.046,407.903,412.848,405.009,419.926,420.883,425.911,412.069,357.848,360.576,347.376
719.5,361.332,360.506,381.034,410.888,423.151,418.149,423.646,413.824,398.949,403.7,377.252,377.175,384.257,364.243,374.02,360.903,373.104,365.837,371.735,348.101,294.846,231.867,190.171,187.847,199.999,201.691,204.939,204.831,225.006,236.09,258.578,266.43,316.667,332.118,345.539,369.966,347.056,392.673,426.486,469.112,472.654,491.628,512.234,526.687,532.62,563.983,463.701,391.178,377.505,395.888,385.619,418.066,418.051,415.082,424.367,425.658,436.334,418.858,366.354,365.13,354.67
720,377.267,374.326,401.106,422.689,446.399,426.635,422.905,417.962,417.73,411.487,378.334,386.805,400.554,381.506,391.886,374.654,390.085,385.58,390.936,366.145,308.283,239.46,198.288,194.709,205.497,207.355,210.204,211.918,231.133,241.292,268.449,278.68,324.695,335.233,355.809,371.687,354.052,394.322,435.196,472.099,496.376,499.611,527.365,534.531,542.769,561.249,469.398,398.475,386.326,404.472,397.293,426.105,423.663,427.909,429.561,435.16,441.903,422.311,371.416,373.203,360.578
720.5,389.461,382.306,406.071,436.845,457.275,430.955,435.773,422.78,431.325,422.591,379.638,396.451,418.777,394.846,408.152,384.489,399.671,399.293,404.594,379.119,318.496,250.461,206.496,202.614,211.254,209.423,211.869,216.175,235.207,243.51,276.911,292.826,332.637,335.219,359.63,381.773,361.161,403.629,453.973,476.536,507.337,513.359,538.382,542.887,557.681,568.713,476.484,411.856,396.195,410.462,405.304,434.444,419.777,439.947,433.239,443.789,445.162,428.777,380.029,381.698,369.582
721,395.68,394.346,417.442,452.124,461.743,440.502,457.487,428.96,429.815,432.322,394.815,396.966,436.544,412.608,419.811,398.229,410.234,414.877,412.604,392.308,329.688,263.157,213.214,208.666,216.467,216.295,217.946,226.831,237.171,244.665,286.806,300.731,337.583,348.244,362.25,391.325,372.09,408.196,458.83,481.294,516.778,516.043,556.051,550.288,556.146,570.4,485.005,420.258,404.254,420.476,414.579,443.998,427.103,448.313,448.647,451.69,454.335,433.192,388.065,385.953,378.803
721.5,405.574,402.586,423.821,463.956,473.979,463.7,479.888,442.725,437.347,447.653,408.126,402.921,445.817,420.729,431.368,403.418,425.152,418.909,420.371,401.396,339.373,272.408,219.777,211.694,222.364,225.163,224.972,228.543,238.08,245.377,288.448,304.34,344.426,353.413,363.981,393.128,375.204,412.939,464.67,489.514,515.302,524.159,561.252,550.439,574.37,579.769,493.738,426.195,409.267,429.208,426.251,454.137,431.167,457.972,457.684,460.086,465.14,439.399,399.057,395.492,389.533
722,412.01,406.193,427.858,467.08,490.235,469.167,500.12,461.079,444.982,459.845,425.412,423.864,455.06,420.925,432.001,407.002,436.202,435.055,434.709,415.56,344.904,278.037,223.523,215.203,226.158,227.881,235.383,229.391,241.99,250.09,289.322,304.763,348.432,369.214,370.887,401.804,383.311,422.32,472.383,494.043,511.205,523.079,568.707,554.001,576.325,588.404,504.549,437.346,410.075,432.515,438.232,460.046,445.188,460.748,463.249,463.461,475.215,446.727,401.297,403.384,391.839
722.5,412.908,418.446,437.937,461.793,500.599,487.302,505.41,487.301,457.129,465.091,454.275,444,460.934,433.88,443.47,418.513,449.883,448.445,442.587,428.805,363.109,286.101,232.615,216.734,232.198,237.75,241.404,235.595,249.213,252.961,290.957,306.533,353.881,368.889,378.739,400.162,396.716,429.199,479.654,505.003,504.9,531.699,569.152,553.567,580.827,594.627,511.904,445.65,414.3,436.753,446.323,464.924,447.431,469.777,471.529,470.98,479.381,446.869,409.913,413.29,402.153
723,423.743,423.658,445.394,470.21,517.385,506.533,521.106,505.619,461.545,470.422,480.985,461.276,472.306,429.925,460.398,435.973,465.153,461.286,448.754,434.968,366.806,292.094,239.621,222.499,229.976,245.617,241.581,239.021,253.437,264.744,292.729,306.861,360.474,376.337,384.399,401.611,406.155,435.389,490.965,516.7,509.066,543.889,565.252,550.229,587.631,599.717,513.909,452.558,421.028,440.838,449.922,471.39,459.119,473.853,472.176,478.164,483.799,450.54,417.352,421.901,398.957
723.5,432.86,418.42,462.255,479.636,524.519,517.265,515.401,512.841,473.442,483.383,488.676,470.298,479.419,441.176,480.756,446.228,474.679,468.088,460.234,451.013,372.517,298.536,243.1,225.967,232.695,244.46,244.533,245.733,257.394,263.782,295.737,315.637,366.759,373.775,386.938,406.877,413.116,440.491,486.272,514.279,512.578,545.56,577.142,549.274,593.789,596.868,511.487,461.359,421.998,446.074,452.062,476.839,463.004,482.256,482.865,484.874,487.027,452.307,429.108,426.339,398.957
724,433.979,420.869,464.987,491.887,528.965,534.399,528.867,511.698,490.68,492.77,492.959,477.316,491.282,459.038,486.272,460.703,474.9,469.169,463.057,456.182,376.343,301.412,245.574,229.456,236.258,247.613,245.419,255.148,264.078,271.133,294.347,316.995,369.807,382.962,392.35,412.091,419.571,443.697,489.715,519.684,520.628,551.917,575.397,551.042,598.494,599.886,517.275,457.036,422.886,452.02,456.015,480.83,473.346,488.725,485.521,487.618,489.722,463.603,431.273,427.673,409.484
724.5,447.862,431.906,476.954,501.238,538.74,519.542,537.12,520.566,498.547,504.924,492.851,485.117,499.198,476.398,492.993,475.069,466.704,475.213,481.852,467.649,380.924,306.176,247.296,236.23,241.911,247.609,249.883,256.237,265.515,273.202,297.552,319.146,376.231,383.623,386.234,414.487,418.519,445.116,497.419,519.06,520.266,555.146,575.852,558.891,598.455,594.595,522.356,459.301,428.292,456.001,458.844,483.37,479.77,479.79,488.195,490.787,486.32,471.513,432.975,432.918,409.233
725,454.82,431.463,476.794,496.194,559.664,521.847,551.841,517.072,499.282,512.476,491.489,487.77,506.615,477.051,491.736,490.923,474.452,485.548,485.159,470.877,391.151,311.999,251.77,241.882,247.441,253.388,251.333,262.037,262.718,280.229,306.303,314.893,379.675,390.114,392.804,419.208,420.831,447.82,489.788,530.577,518.528,565.693,574.254,570.974,599.175,602.955,518.498,458.809,435.324,459.611,459.177,482.353,483.472,474.905,491.132,493.351,488.134,479.857,438.086,433.38,409.167
725.5,451.853,443.618,488.764,508.127,562.782,523.404,542.447,524.809,497.959,508.676,506.404,492.854,517.776,476.168,498.184,506.145,472.789,483.081,489.974,472.402,386.778,314.747,252.388,243.442,249.942,259.932,256.345,263.444,258.376,284.379,311.726,319.31,379.535,389.851,393.058,414.76,415.862,442.873,495.543,524.544,515.296,562.245,580.252,587.752,597.767,601.318,518.071,460.99,437.909,461.8,459.542,482.835,487.046,472.28,497.774,493.484,484.886,487.544,440.529,437.468,407.9
726,457.825,445.428,497.482,497.061,560.26,522.538,543.395,509.737,507.038,514.127,509.967,492.251,515.558,471.308,501.1,504.928,489.276,489.271,496.072,470.987,388.275,316.145,253.94,244.014,255.25,263.733,258.423,270.658,258.01,281.176,316.081,316.449,379.868,389.229,387.213,421.213,410.142,442.627,487.812,523.337,514.508,571.684,585.013,586.288,607.701,606.305,515.381,462.997,438.406,459.316,458.456,484.123,487.418,482.282,502.464,493.31,483.019,491.078,447.141,437.96,410.864
726.5,456.621,447.269,508.711,505.324,565.009,523.757,539.903,513.513,507.879,505.123,512.728,493.729,509.84,470.393,511.43,498.597,507.186,489.004,498.894,474.161,386.63,314.318,255.295,241.364,249.389,266.426,268.677,271.299,262.304,286.823,315.84,314.494,378.985,384.115,395.706,419.776,413.096,437.714,489.623,519.391,519.681,562.1,597.253,591.768,606.242,614.66,513.117,464.335,440.571,459.857,459.81,484,484.72,479.736,499.948,496.819,480.088,486.855,439.786,444.312,417.118
727,456.03,452.253,504.977,513.512,571.821,523.479,545.627,512.12,512.513,510.335,500.593,496.332,512.293,465.813,514.628,490.582,502.249,491.314,506.653,468.755,395.124,313.851,254.774,238.411,251.428,264.221,265.762,273.046,261.79,287.73,315.847,316.403,376.984,386.853,389.72,419.229,415.769,439.07,487.012,519.721,502.959,555.307,593.266,583.94,597.617,615.481,522.36,468.414,437.851,460.669,462.429,477.292,475.718,479.478,497.264,495.838,484.395,479.877,437.602,441.356,427.235
727.5,456.825,460.794,494.006,525.907,575.792,537.387,544.211,519.798,507.161,522.735,501.36,498.967,513.31,450.009,512.202,487.003,507.215,500.984,508.056,476.432,391.863,313.486,255.063,238.373,246.272,259.93,267.203,267.359,258.483,288.289,309.468,320.294,377.573,383.651,387.06,413.148,413.457,434.637,484.855,518.551,503.063,545.132,591.962,582.159,597.41,613.43,517.74,461.774,432.971,461.046,464.591,476.96,472.184,479.668,492.499,496.185,490.192,479.254,434.564,442.285,428.91
728,454.797,446.291,490.222,521.841,571.973,542.471,544.694,539.738,514.594,518.678,490.965,495.352,512.108,466.099,509.516,493.802,497.777,498.607,518.811,474.503,387.324,317.722,251.94,238.55,245.082,261.573,263.263,268.217,261.36,289.413,314.833,320.86,375.733,387.883,387.29,406.391,408.728,438.03,476.609,520.942,503.147,536.621,591.342,576.223,592.419,605.426,518.977,456.098,431.706,458.065,467.121,474.513,471.302,484.709,494.207,494.246,494.523,475.135,433.468,437.84,420
728.5,446.736,461.82,488.458,522.517,567.325,541.974,544.111,530.581,515.166,505.862,489.774,492.948,507.472,477.725,502.64,497.709,496.082,488.012,514.318,466.553,388.332,321.004,248.758,242.179,247.523,261.605,264.386,267.344,261.847,287.055,314.426,317.135,373.601,386.059,382.773,410.019,409.864,438.845,471.069,517.303,504.291,544.63,584.392,579.918,583.866,608.151,514.645,455.829,422.565,460.607,465.71,472.846,473.976,484.731,494.007,495.384,493.051,477.986,440.436,440.562,416.526
729,447.583,463.168,496.74,513.009,555.804,522.416,528.959,525.37,509.143,497.834,483.672,488.943,504.765,489.807,502.831,501.128,497.163,488.62,504.82,449.807,387.508,325.217,247.934,236.028,251.638,263.888,264.787,268.589,266.608,289.184,318.274,316.128,367.218,382.505,382.05,408.274,408.223,432.731,469.802,511.009,499.874,546.709,584.178,579.415,586.055,593.555,507.08,455.297,422.13,457.916,462.616,471.416,474.548,480.006,493.546,490.742,491.589,474.342,433.6,433.531,416.606
729.5,441.792,445.031,483.175,503.423,547.793,506.257,545.328,507.085,509.619,487.743,484.256,479.229,497.96,494.358,492.666,503.27,491.687,489.69,499.77,441.965,383.301,322.204,245.556,233.291,244.741,258.442,260.112,263.992,263.012,274.553,314.782,315.675,366.222,377.258,380.131,398.399,408.619,430.517,462.732,501.961,498.871,544.579,572.804,581.35,577.759,590.363,507.193,447.492,421.015,453.962,455.993,468.267,467.462,473.705,490.887,483.712,477.873,471.787,425.909,429.344,422.625
730,447.894,439.953,478.082,492.545,543.625,500.729,545.714,494.186,508.118,498.354,483.528,475.327,489.726,482.115,487.984,496.145,487.21,493.962,494.307,445.621,376.035,320.74,244.645,225.009,242.897,253.307,255.054,260.065,262.807,272.022,308.973,312.964,358.755,373.056,377.051,395.408,410.019,425.581,456.794,490.132,499.141,535.085,563.62,573.842,570.029,582.422,509.587,442.178,417.559,448.684,450.711,464.087,466.191,475.556,482.008,480.596,473.529,466.238,421.823,426.177,419.342
730.5,438.455,436.075,472.416,486.695,540.675,500.311,534.182,489.18,501.196,500.327,484.593,467.172,485.906,473.253,485.899,483.332,480.666,492.252,496.034,451.875,370.787,312.324,245.382,220.979,236.06,252.33,248.286,258.708,255.13,264.272,303.21,295.62,355.473,369.589,371.031,390.577,407.606,421.87,446.726,485.236,493.425,523.234,566.257,566.849,561.354,583.394,496.059,435.301,416.193,443.909,448.931,461.341,460.391,467.517,478.866,471.919,471.699,461.202,422.081,418.116,419.671
731,429.345,422.149,469.624,488.22,539.426,508.936,537.118,476.883,487.504,494.108,477.89,470.1,474.905,457.78,476.269,470.319,474.294,478.38,496.596,456.994,366.564,303.861,246.397,220.159,233.536,245.544,241.931,256.991,253.433,272.607,296.484,279.272,351.085,368.315,364.245,393.389,404.91,420.887,445.31,478.707,498.955,506.046,562.311,560.65,557.021,566.829,488.268,428.44,416.38,435.758,443.067,451.05,455.047,464.142,475.87,465.663,466.944,457.198,414.3,416.892,413.279
731.5,419.637,411.783,472.646,486.369,531.806,510.254,528.503,479.026,489.367,485.846,485.194,461.799,462.381,456.276,473.475,462.206,473.556,467.162,486.458,446.935,366.703,293.701,241.857,219.221,231.908,238.787,248.546,251.009,249.806,262.833,291.869,268.962,341.245,369.678,357.38,394.054,398.92,421.84,442.328,470.788,491.568,493.413,553.828,551.649,558.46,558.591,481.352,428.253,411.47,429.579,435.431,445.513,449.004,451.16,464.148,455.34,458.872,454.749,407.432,404.265,407.064
732,418.685,409.572,467.842,483.2,525.794,504.334,529.091,484.724,478.5,476.906,469.819,460.281,452.781,462.254,465.981,453.41,469.109,457.822,470.965,440.743,357.613,287.383,235.683,219.045,234.582,233.887,245.447,246.087,247.628,258.81,284.591,271.859,328.034,357.8,353.304,390.972,385.665,415.187,449.09,470.381,486.928,485.629,535.866,543.977,552.074,553.783,480.026,417.081,403.722,424.742,427.78,437.844,442.782,446.359,459.549,446.823,454.022,445.276,399.613,399.553,402.023
732.5,417.962,407.2,455.134,474.482,520.444,495.401,517.303,485.577,486.02,461.683,456.531,451.463,448.62,451.734,451.241,447.741,458.864,452.936,455.461,437.165,349.77,279.977,231.414,217.572,233.787,229.251,241.767,242.188,239.204,256.295,280.944,283.19,318.349,351.522,348.271,381.96,376.898,403.735,447.944,469.868,477.326,471.663,524.62,531.634,551.485,549.622,472.166,410.726,398.537,419.975,418.666,431.492,437.769,438.298,448.544,443.789,456.411,431.388,396.079,388.988,391.026
733,414.642,401.861,441.791,466.312,517.202,471.929,503.12,475.367,472.833,452.165,442.959,437.927,443.479,442.773,447.923,435.805,446.419,446.596,432.765,426.794,341.354,277.035,225.36,214.725,228.176,226.215,233.975,234.914,236.628,247.991,279.047,293.989,318.691,344.838,345.923,369.708,372.802,396.959,443.732,459.515,476.524,461.233,516.851,524.9,543.232,545.262,474.85,407.28,387.985,412.034,406.68,424.001,431.187,431.502,433.781,440.479,448.607,424.377,386.318,378.5,383.351
733.5,412.1,387.545,431.926,448.495,507.583,452.785,488.995,467.502,463.416,454.34,428.898,420.597,438.041,431.456,443.909,429.626,431.893,439.159,424.439,416.573,341.365,278.11,224.899,212.307,221.738,228.517,225.732,231.674,231.021,247.412,275.134,294.683,314.982,342.803,340.864,356.498,361.36,390.158,430.147,452.574,476.437,442.152,514.092,505.705,531.167,535.576,458.29,399.111,381.367,407.12,400.469,416.175,422.566,425.868,426.782,438.428,442.445,415.413,381.864,372.325,381.333
734,403.308,382.273,425.661,441.082,495.773,452.823,475.703,454.889,457.817,444.319,417.018,409.848,423.253,406.327,430.076,415.947,422.723,428.212,422.579,403.695,336.647,273.329,219.004,204.386,218.453,225.084,216.335,224.011,222.131,240.845,271.707,287.454,313.544,333.957,337.118,349.428,356.36,384.116,418.329,438.463,466.884,446.297,510.379,503.897,518.091,524.895,460.176,398.769,372.019,396.735,398.648,409.367,412.926,418.43,421.06,431.971,432.785,410.839,382.763,366.324,374.61
734.5,397.63,375.364,417.414,433.782,481.06,452.556,472.838,440.653,443.702,426.243,409.262,406.556,420.197,394.774,410.839,410.058,409.702,413.891,412.285,390.25,338.629,266.604,214.318,198.436,214.203,221.417,208.944,225.714,219.564,241.04,268.943,279.597,307.724,325.03,331.407,345.782,348.367,368.032,404.015,430.282,458.42,441.776,501.159,493.964,507.66,516.364,442.711,392.233,364.113,389.462,395.15,401.543,403.804,406.7,413.498,420.884,428.664,403.411,373.765,358.603,365.282
735,391.991,364.107,403.858,423.396,466.797,446.249,459.183,416.783,432.965,416.495,401.913,400.6,401.758,392.887,399.936,399.817,404.757,398.787,401.191,380.16,331.901,257.265,206.376,192.452,204.957,217.122,206.818,218.697,214.333,230.285,259.526,271.379,299.714,312.651,322.275,341.974,342.068,358.756,393.727,419.858,453.08,455.609,497.001,484.746,500.712,510.114,440.565,385.221,357.69,381.901,388.551,391.928,393.438,396.506,404.901,413.283,421.99,397.925,367.619,356.791,357.24
735.5,389.735,357.586,390.086,421.955,453.765,419.926,448.095,399.873,421.197,411.084,389.34,393.605,397.138,384.526,388.036,390.867,396.711,384.082,389.438,377.015,319.671,253.465,199.827,188.564,197.018,217.461,202.57,217.341,214.514,227.53,250.393,263.189,290.253,306.323,314.582,334.806,341.401,354.505,388.23,409.13,443.83,449.106,490.723,472.348,485.668,498.11,434.051,378.138,350.826,367.961,378.114,383.537,385.48,390.183,399.788,406.057,410.296,388.494,359.287,346.905,349.274
736,381.741,341.245,369.908,409.848,444.271,411.515,431.721,387.852,407.155,400.543,373.905,382.348,387.149,375.371,387.238,378.794,388.605,371.646,382.902,367.049,312.339,244.082,193.841,182.586,192.82,211.086,198.506,210.139,209.889,221.699,237.844,258.185,282.87,304.744,310.521,321.787,336.077,349.581,385.55,403.875,438.379,434.595,484.035,461.107,488.944,489.415,423.282,368.013,344.728,358.125,366.588,374.756,379.13,392.474,386.997,398.159,400.531,380.479,352.048,341.891,338.505
736.5,367.441,331.593,360.026,400.241,433.702,400.798,416.514,378.14,395.365,393.776,367.338,369.524,376.586,363.987,383.617,365.748,378.549,358.662,373.965,355.267,297.482,236.658,187.102,178.152,191.252,205.672,192.818,205.412,205.835,217.653,232.524,254.218,277.146,299.492,303.001,314.907,328.377,342.863,381.687,398.368,424.729,419.992,473.923,450.384,483.605,470.503,414.672,361.847,338.472,349.842,358.644,368.694,368.734,385.993,376.309,389.815,394.333,369.525,342.084,330.108,328.55
737,356.046,329.254,350.141,384.78,422.481,387.131,400.547,368.548,384.234,381.292,348.757,358.4,364.305,351.645,365.551,355.177,366.913,351.79,362.474,339.447,283.158,232.029,181.559,174.291,185.198,197.259,185.454,199.532,196.841,210.193,232.198,248.398,268.692,292.308,298.37,312.112,326.279,337.43,375.066,393.545,417.63,405.271,464.099,444.791,474.967,458.445,405.18,354.031,330.289,346.006,348.069,355.326,358.441,374.892,367.636,375.118,380.907,357.78,329.068,323.78,323.674
737.5,343.778,319.358,341.293,376.833,410.375,380.488,393.493,352.556,367.161,373.019,342.405,353.179,357.421,339.001,352.204,340.406,352.578,344.284,355.549,332.909,268.564,227.159,178.017,169.076,184.664,187.159,181.128,186.768,190.731,199.74,227.824,246.517,261.002,282.055,291.639,302.884,315.103,334.352,369.321,380.697,396.255,401.017,452.345,426.995,464.644,446.386,399.446,345.399,322.099,343.791,338.987,351.106,348.751,362.41,359.419,369.398,369.128,348.613,319.235,315.64,315.87
738,335.451,308.4,333.356,356.227,395.465,357.193,382.611,343.412,362.047,362.733,336.482,341.977,345.89,324.784,341.514,328.465,346.605,332.247,345.195,320.3,255.658,216.062,172.476,163.604,177.869,177.593,174.718,181.708,186.694,193.512,222.642,241.74,255.854,279.017,279.832,298.794,310.015,330.946,356.03,373.824,379.914,392.888,439.392,422.415,445.702,435.588,388.742,338.879,317.546,335.947,330.091,338.461,340.212,349.62,355.522,355.563,359.127,344.442,307.425,310.403,309.332
738.5,318.569,304.406,318.738,345.215,380.399,349.647,374.416,338.868,347.638,352.763,330.247,333.683,331.579,323.315,333.522,311.996,333.482,318.653,334.335,311.156,250.961,209.711,166.87,157.972,170.297,172.181,167.242,173.996,182.502,187.25,212.706,236.142,250.206,271.812,273.295,293.231,303.799,326.269,348.805,364.028,367.054,386.41,426.754,410.939,434.932,435.965,380.308,333.146,311.604,326.893,320.714,330.605,332.296,333.938,347.136,345.413,350.839,334.672,301.362,305.191,303.324
739,302.98,287.902,310.379,330.389,367.239,339.273,362.899,332.164,331.07,332.466,321.707,324.054,317.546,321.246,324.226,301.73,323.615,304.038,320.298,302.287,235.996,203.462,160.206,154.809,164.016,170.656,165.666,171.44,177.471,182.481,207.126,224.946,247.85,268.019,263.47,285.039,297.262,317.652,343.53,358.753,367.679,381.898,417.449,399.428,420.919,421.699,368.706,323.523,306.67,315.621,309.749,323.003,323.734,319.798,339.101,336.091,342.212,326.983,290.625,297.646,294.281
739.5,291.393,277.654,300.826,319.353,359.814,328.574,350.792,321.495,322.678,313.856,310.106,313.383,303.516,306.474,307.486,293.537,308.814,301.092,303.455,295.291,235.862,198.707,154.419,150.669,156.113,169.013,163.139,166.942,173.545,177.885,201.143,217.627,236.859,259.436,252.873,280.773,288.655,310.026,332.557,344.009,364.099,372.236,406.754,392.008,402.562,414.67,353.934,314.57,299.492,305.946,302.381,314.476,316.793,310.34,330.025,326.803,335.599,321.368,285.774,289.828,281.285
740,289.418,265.987,298.544,302.495,349.567,323.632,341.657,304.813,310.715,301.951,305.335,305.853,292.263,294.28,295.093,283.485,295.48,288.17,292.866,289.018,216.575,194.098,147.804,147.65,154.544,165.309,159.533,160.08,165.632,172.404,194.149,209.871,226.075,246.595,254.447,272.586,285.738,299.862,325.062,334.454,356.618,358.073,395.56,381.505,394.206,405.139,346.006,307.528,288.591,295.966,294.913,308.532,306.259,302.267,321.65,323.941,323.428,308.937,283.192,285.181,267.642
740.5,282.248,253.688,293.698,300.777,338.675,315.499,337.144,291.446,302.429,287.562,286.79,296.798,284.912,283.222,286.981,272.058,284.08,275.06,282.352,279.316,214.669,188.627,144.633,140.356,147.868,157.803,151.087,153.854,161.778,167.033,189.292,202.373,217.296,239.299,251.18,268.296,277.381,291.565,315.051,322.024,348.8,343.774,380.568,369.974,382.464,400.246,335.536,299.209,281.737,285.962,289.997,301.513,301.124,298.33,312.177,318.366,311.279,303.541,280.02,278.332,258.998
741,275.487,249.524,283.954,294.022,327.241,299.486,327.031,286.206,300.37,284.368,276,293.541,272.677,276.108,276.2,264.375,277.943,263.457,277.78,267.461,204.806,179.357,139.359,134.03,141.253,150.05,145.062,149.417,157.293,165.122,183.828,198.382,212.308,232.515,240.812,260.083,271.115,283.66,305.866,328.252,335.57,329.606,372.128,364.803,385.137,390.185,326.121,295.022,269.383,278.779,287.446,290.717,292.818,294.299,304.693,308.086,305.268,289.754,271.192,273.462,249.635
741.5,267.849,241.464,276.316,286.36,315.543,283.365,316.383,271.75,292.181,277.363,264.239,274.501,260.099,263.995,271.196,251.469,265.825,253.177,270.756,255.717,199.566,171.389,135.356,129.206,132.576,143.577,140.692,146.819,153.52,161.024,178.811,190.607,208.767,228.356,233.673,256.107,262.498,283.905,299.861,319.497,328.86,323.261,363.892,357.295,377.374,372.437,319.097,288.021,261.32,270.567,276.469,283.86,287.576,286.412,294.817,301.049,298.043,281.396,263.571,267.894,242.726
742,256.284,235.546,267.626,281.788,301.495,273.282,308.331,257.542,280.225,269.753,259.613,262.005,249.18,251.016,262.166,244.517,256.033,250.77,261.044,244.717,196.388,162.503,131.636,124.713,128.42,138.898,138.462,143.872,151.336,154.149,175.864,182.594,200.183,220.38,225.942,253.63,256.569,276.006,291.273,312.57,320.956,313.447,355.754,347.135,375.06,363.343,314.442,279.026,254.557,263.982,269.613,275.82,281.188,277.69,287.275,291.465,291.322,273.476,252.908,258.634,228.165
742.5,243.984,233.972,262.555,273.06,286.991,267.984,296.047,250.206,271.438,259.951,248.375,252.727,241.326,248.331,249.971,235.968,247.326,242.505,250.676,236.667,190.577,156.181,128.786,119.642,123.73,134.061,134.765,140.542,146.165,145.507,168.778,178.291,196.429,213.574,227.098,247.592,251.194,271.461,290.052,297.683,312.61,310.619,345.267,337.314,364.71,356.253,312.231,270.237,244.118,255.592,262.931,269.903,275.609,269.453,281.007,283.115,281.503,265.847,244.571,251.023,219.285
743,235.61,223.345,250.987,265.02,272.305,262.469,286.385,239.746,258.612,250.381,242.342,241.753,228.571,236.182,239.376,223.848,238.661,232.955,238.844,228.201,180.577,146.428,123.354,116.994,124.1,128.129,130.384,135.671,141.232,140.982,161.425,172.666,184.058,208.18,218.493,239.952,243.236,263.649,284.015,294.016,305.518,306.583,334.028,333.137,351.121,351.095,298.463,261.467,241.743,247.196,258.752,260.653,267.9,265.407,273.819,275.517,276.73,256.637,240.086,244.449,212.913
743.5,227.838,216.658,243.262,248.543,257.663,256.324,277.014,230.574,246.423,237.842,229.52,234.469,221.971,229.482,226.205,216.29,230.756,221.394,231.625,221.147,172.702,141.995,118.617,113.9,115.744,122.481,125.196,133.117,134.523,135.23,155.208,165.901,183.132,201.777,209.227,230.885,235.231,258.301,274.795,283.413,295.823,300.053,327.666,326.698,344.073,341.769,290.769,254.173,231.946,240.844,251.527,253.876,259.779,258.679,264.36,267.696,263.638,249.736,236.68,236.903,213.697
744,223.786,206.954,237.092,241.864,253.528,251.879,264.086,225.087,233.674,229.595,221.884,225.078,215.245,214.888,215.878,203.396,220.653,212.06,226.835,214.372,166.804,135.754,113.846,109.837,112.511,116.242,120.137,127.915,129.418,133.402,148.935,163.238,174.466,195.263,202.105,220.681,227.167,251.078,267.559,278.702,291.773,294.26,318.252,315.7,330.788,333.732,278.171,246.632,220.677,233.024,241.713,244.745,250.387,251.889,254.079,260.834,255.902,243.484,232.362,230.568,214.217
744.5,215.353,202.777,231.541,234.314,244.955,238.935,256.995,220.865,225.969,218.953,211.919,217.614,210.545,208.723,205.16,198.752,212.375,204.874,217.073,206.679,161.719,131.325,110.75,107.081,107.372,111.16,115.706,124.256,125.147,128.557,144.247,159.593,171.681,189.596,195.898,208.861,221.723,243.667,260.443,271.561,283.449,290.73,310.137,307.384,320.139,324.675,265.844,239.778,215.478,228.395,234.187,235.706,242.839,246.154,245.254,253.296,249.76,237.427,223.845,223.879,208.102
745,206.57,196.112,220.651,224.007,235.896,228.33,247.204,208.816,221.564,215.112,200.324,209.936,202.7,198.117,205.221,187.443,200.06,198.325,207.901,195.701,158.192,126.863,106.948,102.301,103.852,109.854,111.748,118.66,120.354,127.4,141.067,156.775,167.989,183.589,193.05,200.654,215.002,235.597,254.674,261.665,274.067,279.05,299.883,294.3,306.501,312.873,265.328,230.769,212.776,218.902,226.15,229.328,236.013,238.236,238.823,245.169,240.431,230.768,216.102,216.45,198.629
745.5,199.267,183.611,210.219,214.865,226.842,217.17,239.661,204.163,212.086,204.592,196.545,203.934,194.67,193.702,196.107,181.546,193.709,191.023,197.602,183.855,150.964,120.765,102.143,98.263,101.721,106.485,105.243,114.635,115.3,123.922,137.933,150.147,160.332,178.368,188.412,195.757,209.266,231.658,248.478,257.449,263.405,273.601,294.407,287.761,301.57,302.9,255.199,221.264,208.022,211.514,218.986,221.913,229.222,232.131,235.437,242.339,234.231,224.875,209.503,210.784,189.624
746,191.361,182.452,201.953,206.109,216.595,210.217,230.803,192.977,207.602,192.1,185.665,195.923,183.266,190.245,186.154,176.321,183.89,182.842,190.355,177.664,145.976,116.847,98.1015,92.1362,96.7057,103.451,100.517,112.033,111.939,118.82,134.93,146.264,154.114,172.8,184.08,189.12,204.526,225.131,239.048,249.307,258.033,263.681,288.258,278.14,294.819,291.616,249.113,214.219,202.906,206.367,212.314,215.864,221.235,222.781,228.203,232.199,228.92,214.938,205.053,203.708,184.158
746.5,185.509,173.791,192.549,204.137,205.925,204.407,216.828,187.96,202.834,188.899,181.583,186.577,175.48,187.337,182.429,169.094,179.394,176.21,182.907,173.592,138.836,112.332,94.4929,89.7474,93.0896,100.48,97.0895,107.608,106.217,115.117,129.011,138.286,150.933,169.157,180.635,188.01,196.499,218.118,230.017,245.328,249.651,260.497,275.118,273.08,288.297,285.012,238.973,207.952,195.564,200.88,207.341,210.001,213.151,216.348,215.115,224.861,221.079,209.614,197.513,199.142,179.168
747,175.674,170.623,186.033,200.821,201.522,195.177,207.043,183.886,195.675,181.532,174.416,182.447,168.346,178.511,168.173,164.638,173.303,168.45,177.086,169.13,136.786,109.629,91.3698,84.7109,89.5028,96.1714,94.0212,103.358,102.103,110.496,125.215,136.387,145.614,162.269,176.281,180.806,192.276,211.11,224.549,238.169,247.189,251.62,268.06,266.255,279.488,276.659,234.147,202.979,186.604,194.374,202.874,202.815,206.48,210.755,208.804,217.71,213.666,201.144,189.495,189.772,174.865
747.5,167.979,166.09,175.38,194.648,196.938,187.569,199.045,175.056,188.019,176.86,170.631,172.626,164.656,169.774,162.679,158.134,163.134,162.299,168.187,164.256,132.335,104.679,88.5853,81.6036,85.0566,92.8038,92.1092,99.0691,97.2257,107.668,122.168,131.342,140.626,156.604,171.815,175.601,188.716,202.33,218.152,235.837,239.982,245.116,261.108,253.817,267.662,272.413,231.223,196.517,181.807,188.198,197.143,198.46,199.143,203.068,205.229,210.72,205.446,197.01,183.456,187.133,167.778
748,162.392,162.99,169.916,186.041,190.139,175.075,194.014,162.576,176.564,167.365,164.466,167.334,160.311,163.628,157.381,150.797,156.226,156.485,159.332,157.458,122.664,101.262,85.3297,79.6106,83.6554,88.6887,88.922,94.7575,93.291,103.851,118.315,126.672,135.974,152.409,164.731,171.794,181.066,195.061,216.77,225.857,230.118,239.903,247.462,246.406,260.02,262.842,222.482,190.253,175.677,182.285,190.392,192.17,196.855,198.605,200.496,205.855,199.494,190.95,176.968,180.823,163.068
748.5,153.684,157.444,163.859,176.31,179.747,172.251,187.741,158.273,171.326,164.723,157.343,159.613,153.036,155.625,154.677,146.122,147.583,150.968,150.675,149.646,119.016,94.4811,82.1795,77.2862,81.2195,84.3877,85.3925,91.3841,90.1017,101.274,112.395,118.213,133.016,150.375,158.066,167.085,178.158,187.341,203.435,218.645,224.874,236.161,237.685,240.636,252.805,257.967,215.476,179.829,172.121,178.473,183.086,185.167,191.599,191.545,196.191,199.395,195.354,186.47,171.157,175.382,157.385
749,146.432,150.618,157.488,168.575,173.614,168.589,180.594,151.705,165.947,157.368,150.914,153.094,145.416,151.154,150.289,144.994,144.235,144.348,146.462,143.729,111.159,90.9835,78.8083,75.6815,78.7142,81.2112,83.3532,88.0286,88.157,96.32,108.413,111.711,131.324,146.761,152.06,165.135,172.797,181.364,199.148,208.361,218.316,227.992,229.267,236.215,242.146,247.396,203.958,173.595,169.471,171.37,177.064,179.629,185.614,184.4,188.633,192.154,188.448,180.988,168.122,171.114,154.565
749.5,138.552,144.614,151.552,158.729,166.781,160.918,173.303,151.08,158.743,154.585,146.306,145.505,140.511,141.162,142.411,139.871,138.452,142.073,142.02,135.911,107.687,86.9022,75.5867,73.0355,76.3078,77.5531,80.0899,83.8223,86.1339,94.9236,105.029,110.216,127.645,142.239,148.066,162.191,170.804,179.084,193.67,201.445,212.877,220.191,226.813,226.889,237.112,237.485,201.884,170.015,164.605,167.499,171.342,175.041,178.852,179.257,184.354,186.309,182.776,172.757,161.632,163.812,152.97
750,130.784,138.132,147.365,150.416,161.91,153.529,166.389,143.977,154.818,147.628,141.351,141.047,135.868,137.782,135.437,133.012,133.948,135.104,140.328,126.426,103.841,84.4629,73.2574,71.2537,72.8341,74.0784,77.1313,81.1388,84.6079,89.7238,102.84,109.645,123.054,137.427,142.914,157.371,166.926,173.048,194.553,196.348,207.708,213.342,218.291,222.52,228.59,227.2,197.939,165.094,159.79,162.423,165.227,170.223,172.545,172.798,177.035,180.076,174.8,168.175,160.025,162.134,149.392
750.5,126.582,130.895,142.02,143.962,153.354,151.775,162.577,134.872,149.296,138.756,141.189,131.953,133.281,132.137,132.967,123.467,127.571,130.355,134.044,119.393,100.942,82.4032,69.8123,68.0645,69.0346,72.3911,73.9199,77.6308,83.3055,86.612,97.7287,105.964,119.332,132.818,138.598,151.831,162.003,168.82,186.505,191.899,202.235,207.464,213.378,216.745,224.46,223.524,192.406,161.805,156.436,156.448,162.106,165.205,167.345,168.254,173.351,174.075,168.496,165.178,155.901,156.996,147.631
751,120.873,124.729,137.366,139.461,149.088,148.037,156.433,133.213,140.5,135.207,137.394,124.959,128.006,129.81,126.76,117.112,124.434,123.575,127.416,113.532,97.5229,81.4098,67.3161,64.5482,66.1476,70.2527,72.0984,74.9508,81.8564,82.2575,93.802,102.893,116.057,128.318,136.696,148.489,157.805,162.493,181.42,188.391,196.191,198.232,205.378,211.407,219.518,219.632,186.55,157.974,150.318,151.997,158.657,159.998,162.123,163.785,167.152,168.256,162.627,159.363,151.76,151.692,142.423
751.5,118.692,120.023,135.451,137.27,141.918,141.702,150.904,129.755,133.848,126.881,130.879,120.916,122.534,123.317,121.511,112.672,120.29,119.723,121.714,109.357,93.6604,78.1629,64.8555,61.3891,62.2338,67.9784,69.8168,71.9046,79.8018,80.0472,90.8559,98.1961,112.887,123.512,132.865,143.381,152.943,159.808,175.017,183.321,192.096,194.5,202.049,206.529,219.388,213.581,180.363,154.11,146.078,146.285,153.672,154.842,157.621,158.577,164.103,162.853,158.003,154.749,147.447,145.144,137.473
752,115.026,116.289,128.672,134.99,136.913,136.148,144.01,128.619,128.166,124.881,125.369,117.163,116.589,117.16,116.752,108.773,116.966,114.366,116.096,105.478,90.3743,76.1915,62.3834,58.882,59.601,64.9886,67.1952,71.1704,76.8695,76.2057,88.9974,95.2373,110.107,118.332,126.777,138.896,149.341,155.135,167.917,179.014,188.416,189.81,197.738,199.783,214.745,208.697,174.486,149.206,140.765,141.942,148.816,150.837,151.706,154.507,159.616,158.192,153.683,150.13,142.147,137.594,133.45
752.5,110.618,113.872,125.74,130.356,134.598,132.484,139.708,123.995,126.247,118.957,117.55,114.022,113.174,113.012,115.33,104.953,110.538,108.62,111.601,100.934,85.112,72.7212,59.9316,56.4719,57.4975,63.7607,64.9093,69.2835,73.906,75.1506,84.492,92.6633,106.294,113.793,122.89,133.797,144.301,147.995,162.785,173.434,184.041,183.488,190.567,195.338,207.649,201.01,170.413,144.151,136.183,137.556,143.963,147.381,146.052,149.594,155.031,153.847,149.264,146.206,139.724,132.989,128.913
753,106.542,111.475,120.416,127.024,130.745,125.405,134.833,115.59,120.78,115.257,111.472,110.116,110.887,107.687,110.016,102.618,106.588,105.844,107.63,98.3399,82.1118,69.8017,56.8527,54.9885,55.3769,62.6396,62.1036,66.836,69.9553,72.0605,81.6022,89.8428,102.476,107.939,118.009,128.588,138.376,143.448,159.33,167.119,179.56,175.946,183.7,194.134,202.032,199.114,165.316,137.919,131.47,132.863,140.176,142.949,141.477,145.854,150.302,149.22,145.701,141.568,133.168,128.869,126.242
753.5,104.324,105.62,117.12,121.689,125.862,121.838,131.074,109.166,117.418,112.603,106.46,107.902,107.262,102.54,104.28,97.8225,101.026,101.23,102.126,95.9291,78.183,67.1756,54.3791,52.275,53.4425,59.6978,59.955,63.2372,67.7414,69.9993,78.3463,87.4708,98.9544,104.696,112.436,124.532,134.625,139.142,154.966,162.912,174.482,168.216,177.935,188.834,193.193,190.093,161.163,134.844,128.329,130.437,135.781,136.145,136.584,140.316,143.854,144.817,142.335,137.901,129.022,124.034,123.482
754,100.794,101.345,111.118,120.706,120.177,117.777,126.879,103.49,113.901,107.096,101.21,104.003,104.758,100.332,98.6327,92.1408,97.5931,98.3031,99.7477,94.0785,74.7299,63.9869,52.5343,50.8186,51.7374,57.2155,57.4862,61.8329,65.0955,67.0748,77.8206,83.4213,95.1974,103.063,109.149,120.034,130.304,133.967,148.502,154.247,168.714,164.564,171.469,182.293,188.105,185.716,155.685,130.909,125.373,126.379,132.396,131.548,134.451,135.957,137.883,139.311,138.697,135.028,125.559,122.446,122.011
754.5,98.8375,96.2314,106.432,118.472,114.512,112.724,122.405,101.432,110.134,103.152,101.087,101.662,101.734,96.3483,94.3047,88.4551,93.6452,94.6983,94.3648,91.7869,72.2609,61.7544,51.5884,49.2036,50.0539,55.1711,56.5112,58.5213,61.3702,65.6812,75.2537,81.6393,92.704,102.802,106.961,115.298,127.729,129.874,142.286,149.257,161.584,163.536,168.295,173.513,182.362,180.928,153.088,127.424,122.487,123.972,128.465,126.793,129.187,133.536,133.471,134.948,136.164,130.357,122.015,118.958,119.131
755,95.9313,93.3492,101.128,113.295,109.99,111.083,116.447,98.7534,106.19,97.9013,95.5552,96.8784,98.0786,94.2414,93.2462,83.6012,90.6546,89.518,91.1528,87.428,68.4642,59.2245,49.2038,47.017,48.3471,53.8482,54.3174,56.2757,59.5489,63.5636,73.5319,78.6356,88.0816,99.3379,102.396,110.655,124.551,127.197,138.497,146.443,157.471,158.485,163.973,165.297,177.688,175.971,148.536,124.043,118.086,118.844,124.699,125.771,125.374,129.655,129.196,130.085,133.903,127.257,118.123,115.769,114.823
755.5,91.9853,89.9874,98.3288,109.234,106.703,104.071,111.377,98.4482,101.582,93.9297,92.969,92.6315,95.425,89.8615,91.5982,82.6501,86.7093,84.9851,87.4145,83.489,66.092,57.141,46.1362,45.8015,45.5706,52.2674,52.2395,55.0187,56.512,61.3106,70.7961,75.5712,85.1958,96.685,99.8901,106.835,122.107,121.216,136.729,142.323,151.504,155.866,160.806,160.509,172.731,169.548,143.54,119.534,114.191,115.335,120.356,120.633,120.533,125.843,126.791,123.507,129.55,122.241,115.096,111.705,109.004
756,88.3717,87.5079,95.9274,103.194,102.712,99.6126,105.13,94.3706,98.4203,92.0617,89.9615,88.3621,90.7041,84.7261,88.9689,80.8949,83.3123,81.7554,84.825,78.9566,64.4497,54.3106,44.0171,43.827,42.5728,49.8884,50.8809,53.8529,55.1823,59.43,68.6099,71.3093,82.2192,92.3839,97.5675,103.948,118.729,118.101,134.551,138.653,148.363,149.214,156.249,155.471,166.595,164.181,141.633,116.371,110.722,111.824,116.862,117.17,116.023,122.058,122.546,117.202,125.94,116.839,111.452,110.17,105.711
756.5,84.201,84.1319,90.9013,100.242,98.963,95.8497,100.755,90.9384,94.3999,88.4506,89.1561,85.3913,86.6695,82.516,86.7175,79.838,78.8995,78.8593,82.3577,76.1559,62.0088,52.3595,41.6513,41.6818,40.4042,47.2691,48.7546,51.9665,53.9816,58.1468,66.505,67.5174,79.7065,88.4542,94.2167,101.127,114.895,115.86,130.311,135.94,145.292,143.38,152.631,152.116,162.209,157.858,134.871,113.784,107.246,107.879,113.108,114.203,111.143,119.013,118.916,112.625,121.694,113.117,109.169,106.058,102.364
757,80.9922,81.6085,86.6029,97.3987,97.7776,90.9234,97.0778,85.6889,91.3687,85.0737,83.4033,83.7478,83.408,78.7639,83.28,77.0637,76.0085,76.8683,78.8021,74.1578,59.0289,49.5227,40.6843,40.695,38.7363,44.724,47.0383,49.2302,52.6913,56.5058,63.4169,66.4941,77.5044,85.4535,91.8742,97.4191,110.992,111.975,126.695,129.061,140.32,140.885,150.114,147.218,156.515,155.245,130.803,111.156,103.274,104.344,109.556,110.095,109.274,114.61,115.166,108.032,117.418,108.654,106.276,101.949,101.231
757.5,78.4999,80.3271,83.7551,94.0777,94.4465,90.8487,92.7202,82.0142,88.8435,81.5246,79.0358,81.2566,79.6972,77.1084,79.2483,74.265,73.6889,73.8395,74.8451,72.6681,54.0451,47.3423,39.731,38.8548,38.198,43.7846,45.2972,46.7989,50.2838,54.4045,60.6517,65.6286,75.4585,82.6346,89.8313,94.293,107.458,109.243,122.854,125.403,136.145,138.449,145.002,143.292,153.641,150.256,127.017,108.579,99.4767,100.716,106.132,106.714,107.495,110.131,110.472,107.714,113.205,106.683,102.775,99.0566,98.4453
758,77.3341,75.8687,81.4504,90.7553,90.5363,88.0757,89.7783,77.3026,85.5031,78.1766,75.2834,78.0745,75.8593,75.9288,75.4581,69.4563,70.0208,70.2131,72.5953,69.9126,52.2993,46.8802,38.6739,37.6589,38.1387,43.5196,43.2721,44.5022,48.5084,51.9861,59.2607,65.3304,73.0083,81.1983,87.0007,94.9311,104.568,104.821,119.157,121.841,129.725,134.299,142.221,137.509,150.021,146.568,123.272,105.769,96.9153,96.7605,102.381,103.302,105.869,105.956,107.181,105.177,110.032,102.729,99.4886,96.0406,94.9141
758.5,75.3143,74.5167,79.7227,86.1872,87.9676,86.6025,85.136,73.4793,82.9766,76.7213,75.5903,76.331,72.432,73.6627,71.77,64.7402,68.1842,67.8609,69.879,67.1397,50.6943,45.5406,37.5554,36.3568,37.3345,42.4404,42.0084,43.7862,46.2313,51.0037,57.5535,63.4403,70.1349,78.744,85.7346,91.2278,102.4,101.952,113.4,118.457,126.094,129.141,137.334,135.171,145.398,140.402,119.271,103.785,94.7011,93.4544,100.221,101.068,102.609,102.606,104.816,103.165,107.274,100.679,94.8558,95.5915,91.7135
759,72.9539,72.2466,77.1196,82.8731,84.5548,84.099,83.2854,69.6538,79.3535,73.5136,73.9682,74.1002,70.3665,69.761,69.484,62.6314,66.1178,64.814,68.1127,64.37,49.593,44.4372,36.0773,35.0763,36.4607,41.3314,39.9581,43.1609,45.5499,49.0524,56.714,62.5504,67.1791,76.3268,83.7434,90.1545,100,98.5287,111.141,114.92,123.384,125.113,133.216,132.241,141.347,136.253,113.694,100.094,91.717,91.6046,98.4466,98.5288,100.008,100.881,103.259,99.3014,103.726,97.4301,90.1146,93.4881,88.7028
759.5,70.3069,69.8948,76.6826,79.532,82.9134,81.0498,80.0217,68.713,76.7955,72.6935,72.5881,71.8726,68.912,66.8769,65.8779,60.9184,64.2708,63.13,64.9323,62.4103,47.8366,42.651,35.2227,34.2942,34.9941,39.7576,39.6721,42.0599,43.8256,48.0809,54.9388,60.4241,65.8928,73.6119,81.3631,85.3536,97.3361,96.325,104.974,111.522,120.015,120.565,129.29,128.079,138.444,131.109,112.204,96.778,89.2553,89.1265,95.2262,95.2366,96.4733,99.0718,100.919,95.6517,100.53,94.9578,88.8677,88.839,86.0977
760,68.4551,67.1667,76.0174,77.0166,79.6047,78.172,78.9996,65.2297,73.4769,70.9,70.5751,69.2319,66.8092,64.6167,63.7688,59.6919,61.5169,61.6952,62.7507,60.0019,47.9423,40.6897,34.0093,32.8984,33.5274,38.2494,38.046,40.8002,42.5239,46.792,52.6126,58.9214,63.8914,71.3962,77.8347,84.1115,93.5295,95.6012,102.346,108.003,116.535,118.817,127.971,124.667,134.94,125.843,107.827,94.5881,87.1439,86.0502,93.1769,92.0838,94.3777,95.9536,98.4732,92.4347,97.5771,93.2864,86.7521,86.8531,84.0943
760.5,65.9139,65.1223,74.7902,74.0182,77.0422,77.4083,77.0375,63.3059,72.0623,69.0455,66.5835,65.6502,66.3186,62.6609,62.3798,57.9306,59.5443,58.0338,60.2569,58.0666,47.8653,38.8498,32.5003,31.8452,32.3352,36.5969,36.7967,39.6163,41.0827,45.5351,50.7798,57.3627,62.7192,69.5195,76.8938,81.2255,90.1376,94.3341,98.0744,105.927,112.104,117.008,123.379,122.782,131.46,123.856,108.702,92.9591,85.3402,83.9202,89.7981,88.8911,93.2001,93.2176,96.3207,90.5297,94.3052,90.4742,84.217,84.4687,81.6526
761,62.9453,62.9949,72.3015,72.5264,73.3696,75.0877,74.3109,59.4488,70.6669,65.0874,65.5581,63.3467,64.6226,60.4202,61.1988,54.8568,58.8094,56.4265,59.4738,56.3255,46.6446,37.7275,31.8391,30.9433,32.6624,35.2267,35.5205,37.8555,39.2676,44.2771,49.1963,55.3988,61.4485,67.7016,73.9966,78.915,87.0583,93.0543,96.2721,103.59,110.116,114.172,121.3,118.676,128.861,121.015,105.894,90.4467,83.4798,80.1146,86.7163,86.3021,90.1149,91.0494,93.8721,88.6412,91.5915,88.3119,82.4945,83.6447,81.5611
761.5,59.9552,60.8746,69.9762,69.8298,71.297,73.9467,71.9464,58.2106,69.4615,62.6021,63.5652,61.6206,62.9335,59.0038,59.9193,52.4438,57.6889,53.8418,57.4746,55.1374,44.4125,35.89,31.0037,30.4195,31.6945,33.9679,34.2639,37.3167,37.9032,43.8791,48.3448,52.3564,60.5746,66.0441,72.2468,79.0585,84.7503,90.083,94.8642,101.069,107.55,110.75,118.3,118.22,125.429,117.976,104.012,87.541,80.9514,78.8277,85.0649,83.8801,87.6401,90.4091,91.5951,86.0799,88.9143,85.5482,80.079,82.8013,79.832
762,59.2227,59.4697,66.7139,69.5054,69.7909,71.3101,71.2189,55.9707,67.0433,59.8523,60.9495,60.5019,60.6864,57.5638,58.1485,51.9886,55.0411,53.4022,56.1196,53.3418,41.9766,35.0886,30.2037,29.6544,30.3183,33.0879,34.1789,36.1809,36.9686,41.9751,46.7522,51.1277,58.5122,65.4358,70.8883,76.1445,83.27,87.6056,94.0001,99.7986,103.784,109.179,114.659,114.099,121.343,117.018,100.667,85.3547,77.7088,77.1354,83.0271,81.4234,84.7109,87.8412,89.6362,84.4677,86.8386,84.3705,78.5033,80.7032,78.7263
762.5,57.1694,58.9885,64.5914,68.8328,70.1608,69.7083,68.7317,53.882,63.8189,58.6858,58.8567,58.734,59.0375,54.5667,56.7735,51.7207,53.7814,52.9902,53.3293,51.2503,40.8616,34.2063,29.0978,28.3103,29.6573,32.1793,33.0291,35.1862,35.8409,40.8246,46.1737,49.903,57.2424,64.1143,69.7815,75.368,80.9724,85.0652,91.4012,98.7768,100.645,107.85,112.558,111.978,118.452,115.133,98.7108,83.5297,75.0685,76.1627,81.9718,80.4661,83.5761,84.773,87.5142,83.2371,83.6432,82.6098,76.4241,77.695,77.8497
763,55.7855,59.4442,62.8544,67.7494,67.522,67.3421,66.8829,52.9497,61.23,57.7588,56.3715,55.8299,57.2428,53.5674,54.746,51.2166,51.5736,52.3684,51.104,50.1397,39.8433,33.6057,27.7325,27.377,28.7741,31.6685,32.5972,34.7256,35.1762,38.873,44.2614,49.0135,55.6678,62.9286,67.7757,73.0788,79.7089,83.4728,88.7029,96.3578,96.2996,106.24,109.665,109.73,115.403,112.538,96.2394,81.0934,73.9484,74.8543,78.801,78.827,81.8409,82.3216,84.4829,81.8657,80.9084,80.5502,75.3381,76.4138,75.0034
763.5,53.1948,56.2176,61.3206,66.4711,65.8743,64.6977,64.3168,51.3026,59.3292,56.362,54.8563,52.9825,53.8566,51.9995,54.0118,49.0306,49.6863,50.9865,49.4121,48.2349,38.1433,31.9532,26.748,27.0365,27.9141,29.9034,31.9166,34.0975,34.2665,38.276,42.7743,47.949,54.1723,61.1025,67.1814,70.9884,77.4864,81.2293,85.2913,94.0293,93.6715,104.406,107.05,105.585,113.404,110.478,93.6814,79.6563,72.6849,70.9062,75.9686,76.9624,79.3121,80.5952,81.6331,80.0704,77.7906,78.0945,73.3187,72.6792,73.9384
764,52.0847,54.0962,59.5227,63.8925,63.7266,62.0552,62.753,50.0443,58.2473,54.8787,53.5118,51.4844,51.6913,50.2159,51.991,47.2983,48.3196,49.8591,47.5306,46.4378,37.4701,30.5245,26.188,26.0235,27.0761,28.8763,30.8868,32.9206,33.3884,36.8665,42.2769,46.8104,53.2718,59.9446,63.8232,68.3998,74.8406,79.4183,83.9464,91.962,91.2444,100.271,103.976,103.768,110.145,107.219,90.6081,77.6588,70.6753,69.8237,75.2041,73.9465,76.7474,79.2392,79.301,78.1935,75.5134,75.839,70.756,71.7934,71.1298
764.5,50.9117,53.0083,57.6965,60.9435,61.9891,60.5758,60.5552,49.0341,56.5887,53.2243,53.0314,51.1763,50.4814,48.4621,50.3466,45.5119,47.9983,47.9235,46.4242,45.3361,36.9155,29.4912,25.5138,25.128,25.9743,27.9519,29.9748,32.1588,32.4797,35.861,41.344,45.4705,52.134,58.7525,61.5983,66.8994,72.8005,77.1865,81.4093,88.2397,88.7969,97.2525,101.696,100.925,107.941,105.019,90.2316,75.804,70.0234,67.8129,73.6062,71.7876,75.0822,78.3011,77.0611,75.3649,73.814,73.8942,69.7161,70.0066,68.5386
765,49.2814,51.486,55.3804,59.1213,59.9943,60.0961,57.9605,47.8249,55.4518,52.1729,52.2143,51.295,49.3109,47.6652,48.4244,45.7429,46.4476,46.1811,44.89,44.0245,36.0001,28.9372,25.1145,23.6895,25.3208,27.1641,28.8955,30.9968,31.381,34.7697,40.1759,44.3619,51.476,57.4353,59.2878,66.1988,69.7156,75.1102,80.6615,87.8178,86.3345,94.464,96.778,100.238,105.142,102.188,86.6801,72.0888,67.994,66.6548,72.2468,70.3396,72.7142,75.7375,75.7966,73.6717,72.581,71.9983,67.1498,68.3903,67.273
765.5,49.0325,51.3466,54.2877,57.9908,57.8777,59.2691,57.1399,48.3105,53.0252,51.1067,51.5869,50.0389,48.9017,47.0923,47.208,44.4627,45.1971,45.6451,44.0272,43.0967,35.4769,27.9968,24.8032,22.9597,24.0142,27.1905,28.1883,30.762,31.0808,33.1446,39.4374,42.8082,50.575,55.4676,58.5287,65.0103,67.7014,72.4734,78.2394,84.2674,84.086,92.7702,94.4926,98.9898,102.592,100.309,83.7797,70.5324,66.7688,64.186,70.3889,69.2304,71.2182,73.0135,73.8252,71.2972,70.458,69.8905,65.8792,66.7319,65.9363
766,48.4496,49.4362,53.1999,56.6675,55.804,57.8641,56.4859,48.182,50.8948,49.8643,50.3807,47.5677,47.3741,45.9893,46.0739,43.2213,44.5969,44.5471,43.2863,42.1431,34.6771,27.1365,24.5924,22.2375,23.6031,26.6342,26.8149,29.7175,30.8811,32.8828,38.1497,42.6023,49.148,53.7247,56.4966,64.038,65.6551,70.1941,76.4988,82.8647,82.8694,92.0707,90.8213,96.1907,99.9463,97.4306,81.6648,68.5548,64.7177,62.4312,68.5856,68.343,70.247,70.8296,72.1951,68.9618,69.7168,68.0197,64.5011,63.4596,65.2279
766.5,47.7481,47.4976,52.7018,56.0568,53.6673,55.9055,56.1323,50.2782,50.1594,48.2672,48.7641,46.2901,45.6725,45.2149,45.206,41.7587,43.4898,43.4514,42.656,41.2247,33.7316,27.0421,23.7687,21.6065,23.2558,26.4936,26.2285,29.6609,29.9971,32.3574,37.1991,41.1379,47.2596,52.9399,55.6025,61.9394,64.3745,69.1297,74.9497,82.2298,80.9657,88.6413,90.3597,93.5212,97.6153,94.2808,80.8812,68.7417,63.543,61.7184,66.1774,68.2662,68.6473,68.4817,70.3527,66.363,68.6918,66.294,62.1148,61.0286,63.99
767,46.0921,45.7201,50.8378,54.8949,51.5176,54.6556,54.4136,47.6629,49.4027,46.5996,46.7095,44.2396,44.2379,43.7107,44.4893,41.0056,42.2098,41.9233,41.6134,40.4652,33.0863,26.8778,23.1193,21.3367,22.8661,25.2892,25.8911,29.0308,29.5395,31.6195,36.0793,39.8417,45.6323,51.3616,54.7522,58.7571,63.4195,67.2251,72.63,80.0494,79.2739,86.5883,87.8396,90.705,95.1876,92.7096,78.1331,67.7529,61.5578,60.6139,64.2921,67.0271,66.7454,66.6411,68.4918,65.6719,66.3298,65.6505,59.9172,58.885,62.0688
767.5,44.6033,44.5749,48.763,53.3882,51.1287,53.5811,52.6171,47.2283,48.4633,44.9866,45.2507,44.5125,43.5955,42.6562,43.8285,40.2724,41.4296,40.5303,41.1791,39.8239,32.6058,25.8082,22.1233,20.8969,22.9132,24.9471,25.4144,27.8673,28.5619,31.0153,35.7072,38.6822,44.8334,50.4426,53.907,57.6643,62.6713,65.0556,72.6253,77.7639,78.1528,84.7279,85.8015,89.774,92.88,90.6264,75.8439,66.5102,60.3532,60.1023,62.5554,65.4962,64.7996,64.6558,66.5294,65.354,64.5462,63.3108,57.7155,57.2619,60.4295
768,43.3559,44.8267,47.4637,52.3882,51.1283,51.4091,51.2572,44.8634,48.2125,43.9682,45.5704,43.4134,43.2745,42.4038,42.96,39.2196,40.9965,39.152,39.9813,39.2396,32.1198,25.5563,21.604,20.4308,22.3328,24.3055,25.1167,26.9229,27.5865,30.588,35.0274,37.6939,43.9031,49.5027,53.2776,56.5874,61.4707,63.4167,71.2151,75.3826,77.1549,83.535,84.1941,86.888,89.8128,87.0875,74.4614,64.5332,58.7712,58.6217,61.9086,63.7522,63.1157,63.1425,64.3118,64.1333,62.3624,61.3331,56.0612,56.2632,59.1869
768.5,43.1651,44.1212,46.7829,50.7448,50.8907,50.423,49.7379,44.921,48.2908,43.6439,44.9836,43.8943,42.0409,40.4978,42.2361,37.3063,40.3253,37.8634,37.7473,37.7904,30.998,24.7451,21.3071,20.0638,21.9956,24.1187,24.1191,26.0561,27.7616,30.1906,34.3998,36.7098,42.7963,48.9847,52.4208,53.6647,60.7998,63.1503,70.427,73.0479,75.5066,82.7981,82.8296,84.5672,87.4728,84.9094,73.0343,63.0435,56.9328,56.1156,60.4591,62.1165,62.1677,61.4921,62.9264,62.2216,60.4683,58.9885,55.3668,53.9037,58.0291
769,42.4812,42.6873,45.8885,49.0768,50.0797,50.3089,46.6856,45.8076,47.0962,42.3733,43.8042,42.4761,40.4173,39.9177,41.1875,36.7947,38.7779,37.4274,36.431,37.1595,30.6446,24.2793,21.0818,19.869,21.5072,23.6829,23.307,25.4963,27.0906,28.8144,33.9331,36.137,40.8465,47.7242,50.0862,53.7159,59.5132,61.7461,67.5393,72.6065,73.6525,81.139,80.3985,81.8833,85.3536,82.7196,70.6309,61.4308,55.0895,55.3641,58.7642,60.6493,60.6461,59.7593,61.5798,60.7655,59.1478,58.126,54.971,52.998,55.9708
769.5,41.9393,41.2785,45.7215,47.8423,48.4542,48.6489,46.1844,44.1929,46.3093,42.0251,41.8323,41.7057,39.193,38.8352,40.006,36.4682,37.9929,36.8821,35.8063,36.178,29.3641,23.827,20.7432,19.9916,21.1987,23.2542,22.3387,25.1355,26.737,28.3467,32.655,35.1063,39.3429,46.5185,48.2114,52.365,57.8537,59.7143,65.6694,71.0075,71.4325,77.8943,77.5018,78.9709,84.6757,81.6482,69.4183,60.1886,54.1384,53.1922,57.5143,59.1387,59.2741,58.6821,59.9501,59.0935,56.9741,56.8169,53.1792,51.8757,55.0427
770,40.9619,39.6613,44.7255,47.51,46.5338,47.7911,46.4013,42.3963,44.9645,41.503,41.0079,40.6899,38.6563,38.6497,39.1921,35.8677,36.8798,36.602,36.4575,35.6635,28.2674,23.1488,20.1297,19.5423,20.4898,22.8821,22.477,24.4531,25.7565,27.7563,31.8351,34.7039,38.9359,44.6558,47.24,51.3071,56.408,58.4886,63.6146,68.679,69.3216,76.1936,75.1517,77.7669,82.0335,79.7828,67.3929,59.152,52.5628,52.7125,55.7476,57.4922,57.3789,57.5763,58.4692,58.5631,54.5248,54.9287,52.4525,51.1487,52.8831
770.5,40.0589,39.668,42.5269,46.6945,43.9766,46.3017,46.2876,41.8004,43.8933,41.2966,40.0664,39.933,37.7871,37.8682,38.3822,35.7443,36.3105,35.8503,35.8619,34.9909,28.0398,22.5586,19.6355,19.1574,20.2957,22.2025,22.4293,23.9494,25.0684,26.9037,30.8035,33.9987,37.5927,43.3299,46.4924,50.5326,55.5311,55.4791,62.2963,66.4181,67.4335,73.4253,72.3309,74.7283,80.0697,77.4107,66.1798,57.7236,52.2155,51.6818,54.5817,55.6366,55.0442,56.591,56.7075,57.1051,53.3281,53.7098,50.7214,49.9815,51.5822
771,39.0128,39.105,41.3449,46.2833,42.8605,45.9411,44.4395,40.8027,42.7439,40.5783,39.5384,39.2386,36.9597,36.8788,37.4571,35.2135,35.9456,35.0427,35.202,34.4175,28.1571,22.6761,19.1319,18.6562,19.5178,21.5489,22.0181,22.7285,24.2912,25.8238,30.1582,33.1647,37.6385,41.5278,45.5644,48.5326,53.8904,53.6839,61.8585,64.1771,66.3973,71.3998,69.6805,73.5613,78.0801,76.2457,64.985,55.344,50.5444,50.0992,53.1423,53.7324,53.6846,55.453,55.3219,55.622,52.4979,52.008,49.197,48.6037,50.2477
771.5,38.0596,38.0589,41.1416,45.156,42.9403,45.0892,42.6352,41.4703,42.4259,38.9825,39.4523,38.705,35.7998,36.5506,36.716,34.5597,35.12,34.3777,34.3958,33.6132,27.9822,22.0931,18.8803,18.0537,19.2029,21.0411,21.5824,22.1654,23.7751,25.4405,29.3658,32.7733,36.9221,41.6406,44.6516,46.9537,52.1735,52.2485,59.4017,60.6037,64.2681,69.7135,67.7673,72.5609,74.3216,74.3189,63.6664,53.4084,49.7737,49.8804,51.6312,52.5803,52.1616,54.1054,54.3785,54.594,51.481,51.2062,48.0173,47.0336,49.2522
772,36.4946,36.6398,40.5742,44.347,43.1072,44.0139,42.7447,39.7167,41.4055,38.5168,38.9946,38.0384,36.0087,35.5562,36.1657,34.2296,34.3672,34.2639,34.0059,33.1884,27.9437,21.8762,18.6183,17.9147,18.8639,20.7256,21.0878,22.0731,23.1774,25.2585,28.8641,32.178,36.1033,39.8013,42.5249,45.6911,50.6349,50.5084,58.1694,59.6583,62.7805,66.963,66.6825,71.444,72.4557,73.5581,61.8141,51.9915,48.6065,47.9684,50.075,51.3186,51.4046,53.0929,53.2252,53.3343,51.1193,49.7494,46.5376,45.7499,48.1933
772.5,35.89,35.2489,39.2692,43.2691,42.5417,43.3118,42.0098,38.9052,39.4274,37.5853,37.8771,37.2094,35.9893,35.3949,35.5664,33.2625,33.0251,34.0856,33.8811,32.4496,26.8366,21.1931,17.9138,17.4873,18.8181,20.195,20.8665,22.1399,22.6607,24.9277,27.6008,31.6513,34.9982,39.1696,40.636,44.8563,49.318,50.3722,56.3031,57.2597,61.213,64.7827,64.4359,70.9622,70.9226,70.6806,60.1629,50.809,47.6523,46.1692,48.5191,50.0912,49.9653,51.8977,51.9397,52.8231,49.5371,48.1918,45.4026,44.9715,46.5308
773,35.5766,34.9072,38.7995,42.1375,40.5617,41.9392,41.5894,37.5146,38.8197,37.3117,36.8805,36.7193,35.6192,34.6669,34.702,33.1037,32.1842,33.0502,32.8609,31.8474,25.7476,21.1176,17.5095,17.3773,18.2639,19.675,20.3441,22.0927,22.3463,24.3697,27.0886,31.0736,34.3597,38.0388,39.0306,43.7126,47.0766,48.3339,55.6036,57.1772,60.4452,63.2953,63.5594,68.8605,68.9888,68.957,58.1281,49.8287,46.5074,45.0069,47.4986,48.9212,49.1673,50.4639,50.2079,51.1136,49.2678,47.7396,44.2696,43.5725,44.7391
773.5,36.2143,34.7905,37.4567,40.7902,40.4381,41.6422,40.6644,37.2394,37.8071,36.4358,36.0276,36.1278,34.9825,34.1743,32.919,32.1746,31.4807,33.2765,31.6022,31.2608,25.3498,20.7186,17.3878,17.2391,17.7244,19.2446,20.2811,21.7901,21.7303,23.6276,26.2304,30.4757,33.5254,36.8816,38.2737,42.6665,46.1411,47.6256,54.5476,55.781,59.1463,61.8941,61.7273,66.4609,67.6136,66.7043,56.3048,48.8521,45.4264,43.8784,46.8048,47.8019,47.2665,49.4565,49.5715,49.3533,48.0979,46.2546,43.0831,42.6205,43.3371
774,35.509,34.8212,37.6698,40.2209,39.035,40.5974,40.2356,36.7623,37.4168,36.169,35.0769,35.9169,33.8628,33.2822,32.2084,32.3882,31.0238,32.4205,30.4986,30.7516,24.6679,20.5981,17.1509,17.0059,17.4192,18.8306,19.9551,21.098,21.5478,23.3303,25.7178,29.5703,33.13,36.4035,36.6537,42.1902,44.8252,45.9171,53.5778,54.1911,58.326,59.581,60.0116,63.9138,65.9995,65.0136,54.5657,47.8698,44.2512,43.2226,45.825,46.6112,46.6794,48.0351,48.1407,48.626,47.9879,45.4505,42.1692,41.8409,42.3901
774.5,35.365,34.2752,36.6442,38.8336,39.4616,39.6711,39.5337,35.8869,37.7409,35.7661,34.7573,35.1668,33.463,32.7673,32.2349,32.2317,30.6585,31.9565,30.1099,30.6438,24.7692,20.5075,17.1185,16.6427,17.144,18.4842,19.5724,20.5197,20.8996,23.7504,25.3884,28.2995,32.6269,35.7125,36.2549,41.0667,43.8806,45.0701,52.1727,52.6433,56.9163,57.4742,58.6424,62.0803,64.8515,63.0831,53.4978,46.6544,42.7413,42.502,44.986,45.4276,45.7255,47.007,46.8794,47.0105,47.3071,44.2905,41.1351,40.2083,41.8292
775,34.6358,33.5423,36.5708,38.2425,38.7513,39.3735,38.8003,35.6527,37.3451,34.4976,34.1961,34.4586,33.1785,31.899,32.9701,31.563,30.8715,31.8531,30.2233,30.1226,24.9642,20.0352,16.9788,16.4981,17.0792,18.3658,19.497,20.3181,20.7224,22.9328,25.0423,27.6279,31.9161,34.9302,35.9225,39.8841,42.4704,43.5528,50.4169,51.1063,55.5387,55.881,57.27,60.7237,63.347,61.5597,52.2655,45.4843,41.5506,40.2016,43.4539,44.2728,44.5408,45.9477,46.0943,46.2221,45.3855,43.5886,40.1606,38.6628,40.7799
775.5,33.5246,33.3447,35.351,37.1382,37.9145,38.6744,38.2729,35.2449,36.6764,33.8543,33.5361,33.6061,32.9128,31.6505,32.9167,31.379,30.4328,31.684,30.5363,29.6677,24.389,19.8651,16.7511,16.2862,16.5915,17.9068,18.9039,19.8939,20.1069,22.4135,24.4521,27.3834,31.0703,34.5504,35.9883,39.0726,41.5549,42.6541,49.2206,50.0479,54.039,55.1172,56.0509,59.4433,61.7836,60.9322,49.89,44.2534,39.6836,39.3349,42.6713,42.8678,43.6556,44.6183,45.3124,45.2,44.5008,42.3674,39.3961,37.5905,40.1536
776,33.0932,32.2953,34.0488,35.3906,37.4233,37.7806,38.2952,34.4999,35.9534,32.3924,32.4702,33.4108,32.8021,31.7082,32.5174,30.642,29.8844,31.6138,29.9664,29.4243,24.6455,19.2935,16.4695,16.0672,16.2026,17.8603,18.9376,19.879,19.6149,21.8359,24.136,27.5744,30.607,33.9602,35.2363,38.9157,41.0003,41.9943,48.1186,49.4046,52.6344,54.3113,55.6331,58.4682,60.0781,59.0138,48.7143,43.4742,39.0708,38.6238,41.8463,41.8687,42.7526,43.3969,44.6892,44.2205,42.8691,41.8951,38.0943,35.7538,39.2448
776.5,32.1512,31.9612,32.5281,35.6094,36.7221,37.2092,37.6003,35.2386,35.3026,31.8209,31.9535,32.5062,32.2739,31.2161,31.8372,30.1482,30.1585,31.1437,30.1311,29.3767,23.8207,19.0395,16.1493,15.8892,15.9169,17.9264,18.4745,19.3329,18.9217,21.5127,23.4541,27.1761,29.9457,32.8662,34.0328,38.2402,40.0092,39.8339,47.3356,49.104,51.3931,52.8146,53.6636,57.6363,58.5954,58.6185,47.2224,42.5777,38.477,38.2171,41.0989,40.9757,41.7139,42.5658,43.321,43.5083,42.3963,41.1435,37.6182,35.5912,38.3927
777,31.2799,30.531,32.1137,35.3177,36.4827,36.0523,37.0211,33.7869,34.0037,31.9144,31.0207,31.7873,31.3619,30.5565,31.5134,29.7505,29.9874,30.594,28.9775,29.1202,23.2017,18.8511,15.958,15.803,16.1013,17.6253,17.9714,19.2096,18.6148,20.7433,22.9856,26.9333,28.9651,32.3292,33.2565,37.1896,39.2901,39.5748,45.991,47.6236,50.3372,51.6998,52.49,56.2361,56.7827,57.5438,46.54,41.7963,37.8507,37.5353,39.8634,39.993,40.8006,40.799,42.4502,42.5468,41.8172,40.1554,37.1554,34.2635,37.3456
777.5,30.7646,31.1986,32.9323,34.129,35.5213,35.4034,36.6444,33.7673,33.6745,31.8452,30.788,31.5334,30.6507,29.8981,30.8481,29.3196,29.9137,30.2207,28.3193,28.9267,22.6755,18.463,15.7622,15.3764,16.2346,16.8909,17.3263,18.949,17.7127,20.4878,22.8333,26.3296,28.326,31.1886,33.2121,34.9844,38.3989,39.5448,45.1281,46.2933,48.9914,50.6214,51.6571,54.8326,54.3973,55.4813,45.5216,40.8257,37.6046,36.8462,38.9613,39.4928,40.11,39.649,41.28,41.4609,40.7458,39.1463,36.6046,33.7843,36.4236
778,30.0611,31.3606,32.4701,33.9092,34.7408,34.3726,35.9079,33.1545,32.6336,32.0489,30.5143,31.3647,30.2488,29.5536,30.6022,29.2725,29.7228,29.6719,27.5437,28.2992,22.2987,18.4624,15.6827,15.0357,16.4462,16.5566,16.9709,18.4879,17.7504,20.3808,22.5406,25.665,27.6279,30.3196,32.3328,34.6268,38.1398,38.8925,43.9822,45.1593,47.901,49.5701,50.6822,54.4748,53.4914,53.587,44.8076,40.0803,36.382,36.0609,38.1431,38.8434,39.2647,38.7938,40.2277,40.3265,40.2101,38.1292,35.7665,33.3911,35.3924
778.5,29.4655,30.919,32.2504,33.555,33.2788,33.9812,35.6634,33.0313,32.1425,31.9521,30.6822,31.238,30.1168,29.193,29.99,28.9651,29.3895,29.2339,26.8907,27.8258,22.768,18.377,15.5665,14.6897,16.1423,16.2333,16.8441,17.9859,17.7982,19.6915,22.5112,25.0467,27.0958,30.1386,32.1412,33.4485,37.3947,38.4542,43.504,45.1225,46.634,47.5867,48.848,52.8332,52.3951,51.9152,43.8722,39.2654,35.6251,35.2386,37.7974,38.0805,38.1012,38.1144,39.6776,39.6204,39.2902,36.8286,35.2581,32.5172,33.8903
779,29.03,30.7976,31.4008,33.2571,32.9482,33.261,34.887,33.4243,31.8951,31.6706,29.9393,30.9796,29.9643,29.1733,29.5487,29.0221,29.2277,28.4254,26.7582,27.2836,22.5743,17.9807,15.3284,14.6886,15.8038,15.8533,17.0153,17.6192,17.8447,19.4849,22.1691,24.3822,26.9894,29.3135,31.75,32.9528,36.7557,37.5701,42.6205,44.5218,45.8874,46.5554,46.5152,52.3446,52.3824,51.1705,42.7911,38.3629,34.4535,34.082,36.8993,37.3746,37.1838,37.5853,39.1118,38.6445,38.3563,36.3017,33.8457,32.288,33.0315
779.5,29.3998,30.0234,30.8379,32.1606,32.5412,32.0137,34.0649,33.03,31.4605,31.3114,29.6323,30.2826,29.9949,28.7409,29.1925,28.5752,28.6081,28.4178,25.9306,27.2496,22.4948,17.8997,15.0648,14.5725,15.3113,15.6949,17.0871,17.5146,17.6854,19.2679,21.5337,23.9609,27.1957,28.95,30.2849,32.5131,35.9407,37.0692,41.7193,43.1449,45.1918,45.4875,44.6386,51.0727,50.5973,50.3217,41.9176,37.5806,34.2025,33.5209,36.3914,36.553,36.9085,37.2754,38.5978,38.2582,37.6937,35.6794,33.5062,31.3258,31.9279
780,29.4534,29.7859,30.9665,31.6104,32.3832,32.3744,33.5392,33.1989,31.8899,30.6839,29.4766,29.616,29.7134,28.4551,29.2828,28.0763,28.1743,27.8177,25.8368,27.6722,21.943,17.6594,14.8447,14.1414,15.1687,15.3481,16.8171,17.13,17.5062,19.0897,21.0367,23.4768,27.0032,28.5012,29.9614,32.4268,35.1905,36.4003,40.6466,42.1204,44.3985,44.9776,44.6915,50.0675,48.747,49.2114,40.8332,36.9173,33.4179,33.3152,35.4773,35.6721,35.7669,36.9682,37.7221,37.4743,37.4133,35.103,33.025,30.3703,31.9085
780.5,29.3635,29.2684,30.2436,30.5438,31.2899,31.6204,32.827,32.0671,31.4639,30.0449,29.8414,29.4484,29.718,28.313,29.3107,27.8095,27.6751,27.8863,25.4356,27.2145,21.5801,17.6803,14.7281,13.8799,15.267,15.4452,16.4701,16.9759,17.1428,18.866,20.9451,23.0781,25.8303,28.2567,29.0723,31.8641,34.676,35.3249,39.4646,41.5064,43.4454,44.2071,43.7133,48.9369,48.1726,48.4727,40.4602,36.0225,32.881,32.6251,34.8044,34.8289,35.4435,36.2562,37.0775,36.8991,36.4307,35.02,33.0951,30.5036,30.9164
781,29.1761,28.811,29.7157,30.176,30.6279,31.5078,32.4835,30.9686,31.2888,30.1109,28.6716,29.0202,28.7364,27.9992,29.0557,27.4744,27.5723,27.721,25.6957,27.1866,21.4435,17.5212,14.5852,13.5976,15.2376,15.1473,16.1668,16.5759,16.686,18.6209,20.4742,23.1539,24.9783,27.5875,28.6161,30.8554,33.8822,34.8894,38.8673,40.6024,42.0464,43.3099,43.5808,47.4472,47.0986,47.1535,40.1182,35.3233,32.0457,31.9368,34.1972,34.2107,34.7727,35.7409,36.5043,36.4793,35.8986,34.357,32.1454,30.4914,30.859
781.5,28.602,28.3961,29.1119,30.431,30.2865,31.213,32.256,30.6283,31.1027,30.0492,28.4779,28.5584,28.3744,27.2814,28.807,27.1974,26.595,27.2602,26.0947,26.3157,21.7912,17.4685,14.6218,13.478,15.0861,15.0045,15.9713,16.5208,16.5303,18.2687,20.1626,23.113,24.3338,27.3251,27.7413,29.7756,33.6003,33.9023,38.3415,39.1395,41.0389,42.2838,42.2487,46.5614,46.365,46.0032,39.3895,34.4741,31.3879,31.3777,32.9336,33.2715,33.9294,34.8001,36.1749,35.7618,35.1897,33.7622,31.6622,29.8825,30.0074
782,28.2473,27.9276,28.8705,30.2835,30.2685,30.1204,31.3001,29.939,30.5173,29.8708,27.9742,27.9357,27.6747,27.6316,28.4566,26.6447,26.2104,26.8656,26.0377,26.1761,21.512,17.4754,14.3438,13.5822,14.8473,14.8895,15.9782,16.4181,16.7116,17.6011,20.0581,23.0772,24.084,26.9921,27.0148,29.2524,33.1043,32.8165,37.8319,38.5301,40.1513,41.1388,42.4181,45.4897,45.9922,45.3821,38.4568,33.9723,31.1254,31.0296,32.2027,33.1913,33.6058,34.2872,35.6174,35.927,34.7798,33.1113,30.9477,29.3977,29.9935
782.5,27.8643,27.962,29.1986,30.781,30.1603,29.9805,31.242,30.0388,30.4365,29.6894,27.8131,27.6516,27.1872,27.3734,27.9951,26.8028,25.3484,26.7948,26.0637,25.6897,21.2499,17.2212,14.3271,13.3744,14.6519,14.5884,15.8818,16.216,16.7403,17.2801,19.9767,22.636,23.8085,26.5132,26.9214,29.6064,32.3457,32.3207,36.5477,37.5359,39.4234,39.7368,41.772,44.5961,44.8258,44.778,37.3845,33.2851,30.5109,30.4461,31.563,32.3196,32.6913,33.7829,35.0955,35.4817,34.3657,32.7105,30.9855,29.0648,29.6825
783,27.6992,27.2412,29.5983,30.51,30.0519,30.169,30.5327,28.9947,29.8755,28.4195,27.4017,27.9144,26.7751,26.6873,28.0593,26.8709,25.0103,26.5104,25.9992,25.8242,20.5902,17.1552,14.2169,13.2294,14.3607,14.6224,15.7749,15.9066,16.5673,17.0005,19.786,22.2414,23.4394,25.921,26.9205,29.5161,31.8533,30.8463,35.7998,37.5658,38.7012,38.7684,41.8084,43.6032,43.6661,43.3229,37.0333,32.7695,30.3153,30.1671,30.9187,31.9007,32.2356,33.0372,34.2018,35.147,33.7727,32.4906,30.4696,28.3431,29.2551
783.5,27.2043,27.4473,28.6075,29.172,29.8427,29.9352,30.6823,29.7346,29.6042,27.9431,27.7931,27.6819,26.4989,26.9936,28.1239,26.4205,25.1393,26.0454,25.6738,25.7627,19.6404,16.8028,14.0905,13.1285,14.2419,14.2747,15.75,15.6845,16.1391,17.0174,19.4499,21.9309,23.214,25.6301,25.9748,28.8998,31.2206,30.7208,35.1076,36.5935,38.2339,37.9187,41.1625,43.0179,42.8106,43.0757,36.7471,32.6387,29.8593,29.6777,30.6138,31.3923,31.1157,32.5919,33.5515,34.8735,33.2611,32.1876,29.6099,27.9361,28.8634
784,26.5804,27.122,28.0963,28.689,30.2816,30.3404,30.6686,29.77,29.2366,27.9839,27.0127,27.4443,26.6359,27.1385,27.9918,26.2277,25.6398,25.5854,25.801,25.3949,19.4014,16.4369,14.0341,13.2984,14.041,14.2788,15.7641,15.6677,16.1803,16.9364,18.9224,21.2442,23.1851,24.9312,25.4023,28.5431,30.6769,29.6974,34.1617,36.7961,37.8368,37.3543,40.0813,42.2939,42.3987,42.3561,35.915,31.7559,29.0194,28.8419,30.0539,30.8355,31.305,32.1999,32.9091,34.3264,32.5665,31.9351,29.1512,27.3777,28.5505
784.5,25.9804,26.5417,27.4111,28.2429,30.8068,29.7418,30.4779,29.4266,28.9097,28.0224,27.0385,26.7893,26.1215,27.0692,27.7878,25.9319,26.29,25.0348,25.7194,24.6776,19.3687,16.1526,13.9792,13.3071,13.7115,13.9958,15.5676,15.4214,16.1767,16.6364,18.8467,21.0855,22.5935,24.7176,24.7219,27.8912,30.416,29.6083,33.5969,35.7601,37.5949,36.8214,39.1357,41.8407,42.0458,41.7453,35.3912,31.2618,28.6632,28.2671,29.7806,30.3558,31.0427,31.9962,32.2512,33.7929,32.3999,31.364,28.4811,27.2456,28.3417
785,25.5033,26.2214,27.8419,28.1082,30.3652,30.4343,29.7615,29.1407,28.2735,28.2438,26.9794,26.6155,26.2374,27.1211,27.3859,25.7435,26.298,24.6609,25.5949,24.3078,19.8818,16.389,13.9254,13.4415,13.7445,13.7619,15.2455,15.3306,16.1419,16.6307,18.5992,20.3166,22.1064,24.3641,24.8957,27.1663,29.8171,29.5259,33.0918,35.2924,36.9077,36.4992,38.6334,41.6057,40.7103,42.0212,34.9774,30.952,28.0823,27.9199,29.4115,29.8156,30.402,31.2243,31.9725,33.0007,32.2479,31.0146,27.8331,26.7399,27.6594
785.5,25.2205,25.2725,27.7622,27.8239,30.1777,30.1696,29.5718,28.6649,27.9958,27.7539,26.9453,26.8333,25.8458,26.7998,27.2225,25.0849,26.1551,24.99,25.0644,23.7683,20.1931,16.3159,13.908,13.2417,13.233,13.8187,15.1621,15.3804,15.9191,16.474,18.66,19.894,21.9521,23.9796,24.3382,26.8557,29.4067,29.0477,33.2482,34.233,36.4923,36.3108,38.1933,41.1839,40.3324,40.8994,34.1267,30.5606,28.2881,27.7889,28.912,29.3965,30.1927,30.6025,31.5567,32.5623,31.7398,30.6294,27.7933,26.1951,27.0467
786,24.8789,25.0607,27.6861,27.5215,29.3606,29.4451,29.0845,27.8986,27.632,27.5346,26.7545,26.7644,26.0996,25.8696,27.1328,25.4811,26.1698,24.7868,24.9519,23.813,20.1498,16.56,13.7885,12.9143,12.9816,14.0419,15.0944,15.0538,15.4529,16.3042,18.2024,20.0114,21.6983,23.3146,24.4109,26.8513,28.859,28.3806,31.8691,33.8908,35.8413,35.9371,37.6304,40.5056,40.2232,40.1808,33.1089,29.8501,27.7245,27.5982,28.368,28.9986,29.0148,29.7968,30.8801,32.0921,30.9877,30.5214,27.4314,26.221,26.5607
786.5,24.8203,25.2204,26.6122,27.2226,29.8363,29.6733,29.5487,28.1504,27.7866,26.9726,26.4743,27.0187,26.0161,25.7938,27.257,24.914,25.4009,24.5925,24.4014,23.8805,20.2152,16.548,13.6515,12.5068,12.7622,14.0912,14.9901,14.8141,15.166,16.2241,17.9086,19.9705,21.7004,22.8972,23.6698,26.7287,28.4796,28.0643,30.9965,33.5856,35.1665,36.0976,36.9985,39.9549,40.0647,39.3305,32.7831,29.3085,27.7012,27.5591,28.3793,28.4934,29.1884,29.3407,30.6649,31.8235,30.3414,30.4123,27.0602,25.77,26.5097
787,24.8407,24.9042,26.1272,27.5977,29.7279,28.3563,29.3539,27.4242,27.1241,26.4521,25.0641,26.6966,25.8017,25.4414,27.2268,25.063,24.771,24.9642,23.9525,23.7453,19.7694,16.6181,13.4296,12.2502,12.5824,13.9633,14.6865,14.71,14.8818,16.1714,17.5422,19.945,21.2787,22.8219,23.7833,26.0442,28.1161,26.9849,30.6162,32.7741,34.8251,35.5302,36.951,39.2792,39.7977,38.6544,32.4052,28.932,27.5912,27.045,27.3805,28.0554,28.6777,29.0861,30.0087,31.2644,30.1107,30.1126,26.8826,25.0596,25.894
787.5,24.5525,25.057,25.6044,27.5097,29.8665,28.6355,28.7293,27.3487,26.3303,26.5362,25.3542,26.1799,25.4631,25.6589,26.7734,24.7412,24.5631,24.4137,23.7522,23.8864,19.5872,16.5054,13.0815,12.4828,12.5966,13.7278,14.5088,14.6203,14.7213,16.2385,17.1852,19.6831,20.9705,22.4487,24.0224,25.9563,27.8795,26.3944,30.5026,32.0647,34.1414,35.2145,36.1393,38.7624,38.3887,38.2832,31.8395,28.5608,27.0451,26.6229,27.5009,27.4858,27.9537,29.0651,29.6926,30.8932,29.5855,29.8041,26.5965,24.4714,25.3502
788,24.5018,24.8538,25.0854,26.7457,29.0109,28.5288,28.8499,26.7283,26.4386,26.7215,25.3772,25.9796,25.2825,25.3335,26.4578,24.5313,24.4412,24.871,23.4103,23.5804,19.6591,16.025,13.0549,12.5708,12.5609,13.6601,14.3294,14.2224,14.2556,15.5858,17.1035,19.2163,20.6449,22.254,24.0998,25.3805,27.4275,26.2466,30.251,31.549,33.6786,34.8259,36.2697,38.367,37.4239,37.3978,31.7094,28.4133,26.5724,26.0915,27.0141,26.6433,27.7633,28.6475,29.3137,30.4993,29.4968,29.3855,26.6772,24.3513,25.1276
788.5,24.0008,25.0375,24.9981,27.1316,28.1969,28.8096,28.2814,26.7564,25.9817,26.8669,25.2953,25.9921,24.9524,25.4519,26.3159,24.1196,24.678,24.415,23.607,22.8488,19.5173,16.1136,12.8649,12.7169,12.2923,13.6275,14.1925,14.3614,14.0019,15.6945,16.7163,19.0249,20.3671,21.8856,23.4306,25.0133,27.0529,26.1726,29.6504,31.4578,33.222,34.3336,35.7766,37.9378,36.9175,36.8183,31.8398,27.8371,25.6549,25.4629,26.9783,26.1885,27.2659,28.7762,28.8745,30.1502,29.0287,28.8566,26.2805,24.0014,24.8376
789,23.8053,24.466,24.7556,26.6853,27.8006,28.0477,28.4422,26.4767,26.7937,26.5553,25.4501,25.8272,24.8257,25.6326,26.165,23.6882,24.4866,24.3432,23.4967,22.7924,19.1883,15.871,12.7569,12.6653,12.5511,13.612,14.1315,13.9177,14.0048,15.4164,16.7258,18.9231,19.6546,21.8993,22.978,24.3156,26.597,26.2935,29.3186,31.3217,32.6685,33.8786,35.1468,37.3392,36.6428,36.3097,31.985,27.4001,25.8833,25.3627,26.6249,25.9168,27.0624,28.4832,28.5503,29.6178,28.7135,27.9811,25.6706,24.3155,24.742
789.5,24.0401,24.5377,24.7483,26.4648,27.3506,27.746,27.7626,26.5376,26.3259,26.3316,24.9098,25.896,24.6606,25.6251,25.9112,23.0185,24.1956,24.236,23.37,22.9155,19.1324,15.9499,12.7684,12.6146,12.4778,13.4292,14.0852,13.9462,14.0636,15.2758,16.4667,18.6793,19.3778,21.282,22.4755,23.5637,25.8741,26.1151,28.8564,30.9735,31.9597,33.5319,34.3161,36.6909,36.2592,36.0385,32.3464,27.0899,25.4119,25.2181,25.9395,26.1735,26.845,28.4891,28.2087,29.2158,28.6204,27.4857,25.161,24.1268,24.2261
790,24.107,23.7087,25.0698,25.495,26.9491,27.2935,27.5558,26.3983,25.8536,25.9959,24.4664,25.4079,24.5812,25.4038,25.7162,22.9169,24.1521,24.0139,23.7023,23.1807,18.5416,15.5586,12.4656,12.5553,12.7102,13.231,14.0328,13.3362,13.4725,14.9291,16.3403,18.5106,19.4885,21.0386,22.2253,23.1432,25.4313,25.2571,28.6641,30.3328,31.2577,33.2678,34.0618,36.0774,36.1874,35.2784,32.1979,26.5392,25.3724,25.0662,25.603,25.7768,26.5879,28.1611,27.7798,28.6429,28.2142,26.7245,24.3424,24.1023,23.9926
790.5,23.6393,23.5002,24.7183,25.6855,26.5256,26.7904,27.0182,26.8325,25.3113,25.6297,24.4159,25.3164,24.7405,25.0495,25.04,23.4116,23.8473,23.988,23.5904,23.0908,18.3065,15.4817,12.4072,12.4541,12.4853,13.2428,14.1194,13.0239,13.417,14.9003,16.2029,18.0632,19.2468,20.4321,22.144,22.5274,25.0799,25.2341,27.7674,29.9768,30.8539,32.3453,33.5072,36.1594,35.7311,34.6704,31.7712,26.7104,25.1148,24.6531,25.8634,25.2568,26.0003,27.615,27.1292,28.0575,27.6524,26.5072,23.8821,23.8539,23.9533
791,23.3679,23.1325,24.2729,25.7072,26.14,25.9637,26.7558,26.3124,24.857,25.4298,24.7144,24.7051,24.2962,23.6934,24.5794,23.3577,23.2747,23.8347,23.1641,22.6817,18.2971,15.3393,12.0806,12.3765,12.3357,13.0848,14.0349,12.9449,13.1965,15.0115,15.9216,17.9723,18.9492,20.1706,21.5422,22.2533,24.7102,24.8098,27.6742,29.7503,30.6778,31.5329,33.2551,35.2457,35.1791,34.3638,31.1618,26.3088,24.6822,24.276,25.3519,24.9448,25.8371,27.0266,26.7797,27.7321,26.7398,26.3149,23.7309,23.5419,23.7138
791.5,22.6022,22.5482,23.7856,26.1164,26.0996,25.5877,26.919,26.209,24.5387,25.1839,24.8582,24.4267,23.8706,23.0584,23.9974,23.5174,22.8671,23.949,22.7243,22.3983,18.4165,15.2747,11.8506,12.2696,12.232,12.9421,13.9528,12.6499,13.16,15.0524,15.995,17.8581,18.6586,20.0778,21.5564,22.2403,24.4925,24.7759,27.3658,29.4426,29.7352,30.8507,32.6577,34.5474,35.1162,33.4986,30.7751,26.3613,24.5825,23.9847,25.3378,24.3414,25.1172,26.769,26.2932,27.464,26.3582,25.84,23.8799,23.1568,23.454
792,22.6358,22.6911,23.9421,25.7577,25.6999,25.6941,26.7562,26.3787,24.9371,24.9763,23.7568,24.1584,23.3619,22.4611,24.0186,23.1853,22.325,23.4469,22.6252,22.6286,18.5355,15.1461,11.846,12.1375,12.162,12.6905,13.7422,12.6341,13.2049,14.9759,15.9557,17.8514,18.419,19.7164,21.2304,22.0667,24.0225,24.4372,26.9222,28.8785,29.335,30.5243,32.1919,33.761,34.5554,33.4057,30.4051,25.8689,23.9584,23.4949,24.9461,24.7298,24.8684,25.9915,25.9553,27.1552,26.1381,25.6907,23.8334,22.8795,23.2354
792.5,22.5661,22.1577,24.1197,24.9452,25.3746,25.9501,26.9134,26.223,24.9378,24.8559,23.3017,23.8003,22.6823,22.4285,23.456,23.5233,22.5061,23.0566,22.0135,22.4089,18.3304,14.9416,11.9065,11.9213,11.8744,12.6661,13.5367,12.2072,13.0066,14.7454,15.8568,17.9595,18.2909,19.4397,21.0683,22.0237,23.6127,24.317,26.8716,28.7943,28.6597,30.1658,31.7311,33.1626,34.2943,32.7817,30.127,25.3177,23.5213,22.9254,24.7264,24.5322,24.3602,26.0741,25.7286,26.9951,26.2199,25.2693,23.3566,22.58,22.8429
793,22.5441,22.5965,24.3611,24.4883,24.9303,25.9788,26.8914,26.2244,25.2597,24.4654,22.6788,23.393,22.5801,22.5917,23.8288,23.2736,22.2273,22.5039,21.8995,22.1642,18.0191,14.5897,11.7906,11.696,11.8701,12.3969,13.319,11.8231,12.9428,14.4798,15.8964,17.7838,18.1739,19.5783,20.8964,21.9092,23.1012,24.1256,26.8552,28.3505,28.6679,29.4944,31.9251,32.6223,34.1048,32.6368,29.8412,24.9197,23.3562,22.6176,24.4324,24.51,24.0928,25.6206,25.1398,26.5757,26.0912,25.2991,23.1017,22.2617,22.5019
793.5,22.1675,22.5513,23.9756,24.709,25.3855,25.7858,26.6276,26.1279,24.8042,24.3741,22.8379,23.1715,22.4516,22.5114,23.5322,23.2838,22.6743,22.459,22.0037,22.1302,18.2026,14.3609,11.9947,11.358,11.8723,12.1455,13.1197,12.0841,12.5107,14.401,15.7846,17.3,18.1819,19.4492,20.5075,21.6833,22.9164,24.193,25.9054,27.8535,28.3687,28.7707,31.7742,32.0155,33.4021,32.3803,29.3575,24.3637,22.9384,21.824,23.8959,24.0948,23.991,25.4455,24.7319,26.4713,25.9373,24.7846,22.474,21.8873,22.1912
794,21.9121,22.6459,23.4383,24.7003,24.9665,24.9064,26.477,25.6481,24.4003,23.36,23.1077,23.068,22.0327,22.1277,23.3747,22.9264,22.9321,22.2098,22.3561,21.7566,18.1099,14.1166,11.9706,11.2584,11.7321,12.0375,12.9724,12.1472,12.334,14.1452,15.4898,16.9508,18.0313,19.2241,20.33,21.2234,22.6097,23.8799,25.4103,27.7243,28.121,28.1796,30.8906,31.2932,32.6617,32.2478,29.0046,24.0761,22.6878,22.0399,23.6222,23.7705,23.9225,25.2117,24.4687,26.2894,25.4821,24.3911,22.5211,21.9329,21.4691
794.5,21.3802,22.2853,23.0203,24.3547,24.7278,24.7841,26.1165,25.0084,23.1936,22.7555,23.1487,22.8095,22.0446,21.8165,23.3474,22.4907,21.9332,22.0055,21.9194,21.819,18.0258,14.0581,11.9304,11.1543,11.5946,11.9523,12.8564,12.2204,12.1514,14.0985,15.3607,16.5835,17.7639,18.9192,19.7375,20.7768,22.3675,23.1679,25.149,27.5484,27.7793,28.0569,30.7985,30.8861,31.9494,31.7371,28.6018,23.8411,22.2337,21.6036,23.1209,23.2851,23.7204,24.9464,23.8935,25.4771,25.1457,23.7709,21.971,21.668,20.6444
795,21.1947,22.4417,22.6787,24.1491,24.4544,25.145,25.6189,24.5696,22.4591,21.7867,23.2848,22.7231,22.0373,21.3788,22.8924,22.1309,21.4008,21.8394,21.7201,21.7716,18.0559,14.1597,11.6837,10.9507,11.377,11.5141,12.7697,12.2317,12.1042,13.8994,15.1206,16.5082,17.6092,18.6928,19.8108,20.3841,22.0017,23.2307,25.0793,27.2992,27.5091,27.5962,29.7941,30.3244,31.4243,31.6883,28.118,23.7682,22.0361,21.5814,22.7073,23.0181,23.1198,24.5327,23.8041,25.2556,24.8868,23.4006,21.5689,21.422,20.6824
795.5,21.0302,21.3614,21.7255,23.5569,24.1083,25.4775,25.3727,24.058,22.2114,21.328,23.1618,22.1354,21.5047,21.4298,22.7504,21.8237,20.7502,21.5736,21.0179,20.9187,17.651,14.2439,11.5914,10.9719,11.1508,11.6342,12.6271,12.2441,12.1372,13.6744,14.6435,16.2218,17.3701,18.5822,19.1023,20.6946,21.9012,22.305,24.6293,26.6837,26.8532,27.562,29.1689,30.0644,31.2553,30.6984,27.6902,23.6889,21.8061,21.6645,22.5319,22.4861,22.8314,24.2054,23.4461,24.6771,24.5208,23.1727,21.119,21.2147,20.7325
796,21.1208,21.2048,22.1602,22.9584,23.9639,25.4327,24.6723,23.8456,22.4746,21.0345,22.2949,21.9151,21.6593,21.426,22.4536,21.7675,21.0605,21.1471,20.8587,20.5728,17.5078,14.1484,11.408,10.9336,11.2397,11.2526,12.5119,12.0724,12.2247,13.6574,14.7312,16.0123,17.4669,18.2323,18.8964,20.247,21.4281,22.2658,24.1949,26.4426,26.478,26.8354,29.2245,29.5556,31.154,30.3341,27.33,23.1094,21.8925,21.456,22.0755,22.3447,22.3432,23.8614,23.3366,24.4071,24.3305,23.0998,20.8783,20.8369,20.3998
796.5,20.9861,20.798,22.0149,22.8018,23.3046,24.4481,24.4887,24.0167,21.7233,20.9219,22.1979,21.9831,21.5234,21.4577,21.6882,21.5364,20.9349,21.303,20.836,20.0796,17.0571,13.9245,11.201,10.8772,10.9296,11.3589,12.3974,11.9256,12.0558,13.089,14.5464,15.9815,17.2024,17.9463,18.6363,19.7145,21.2868,21.5162,23.7528,25.6387,25.9099,26.3475,28.7842,29.1536,30.9524,29.8953,27.046,22.688,21.7723,21.0681,21.9998,21.9143,22.4826,23.6287,22.8707,24.5113,23.8144,22.9527,20.9048,20.3742,20.4731
797,20.9842,20.8385,21.8704,22.4419,23.5076,23.1036,24.5736,23.3194,21.5587,21.1793,21.5879,21.5468,21.3068,21.2088,21.6389,21.0091,20.8078,21.0147,20.2617,19.7593,16.4962,13.7998,10.7913,10.8252,10.838,11.1434,12.2082,11.6773,12.0525,12.9502,14.3587,15.916,17.021,17.6955,18.3403,19.3979,20.6562,21.4154,23.5788,25.0128,25.7351,25.8253,28.4136,28.6466,30.5209,29.2152,26.5585,22.3121,21.6534,20.7529,22.0981,21.7868,21.8316,23.1509,22.4598,23.9746,23.6036,22.6381,20.5071,20.0265,20.1664
797.5,20.8592,20.9086,21.8608,21.91,23.2364,23.0643,24.3577,23.0332,20.9472,21.0503,21.693,21.5034,21.4058,20.9237,21.1796,20.6487,20.3628,20.3256,19.4697,19.576,16.2518,13.5189,10.3653,10.68,10.6203,11.348,12.0177,11.3223,11.7603,12.5742,14.2581,15.7339,16.5783,17.2393,18.0805,19.0324,20.2068,20.9614,23.0132,24.8438,25.3778,25.7548,28.0543,28.3502,30.0328,28.9671,26.242,22.0982,21.3364,20.4234,22.0621,21.8613,21.7205,22.8336,22.4072,23.5201,23.3469,22.0096,20.599,19.842,19.6921
798,20.3673,20.3845,21.2453,21.5665,23.5593,23.3406,24.3896,22.7986,21.0466,21.0841,21.1701,20.9958,21.3289,20.4258,20.9344,19.9443,20.2899,20.2449,19.011,18.6235,15.9268,13.1892,10.2072,10.5028,10.6513,11.1707,11.7162,11.1115,11.5659,12.3579,14.0526,15.3889,16.415,17.1655,17.5628,18.8075,19.9788,20.7957,22.629,24.6781,24.7706,25.0274,27.8583,27.745,29.2798,28.4749,25.6312,21.7325,20.7939,19.9858,21.0608,21.6423,21.045,22.5685,22.0302,23.14,22.8149,22.0536,20.1323,19.3256,19.2717
798.5,20.1392,19.9275,20.9459,21.6223,22.8908,22.7601,24.0745,22.3888,20.5691,21.0735,20.9549,20.9267,20.5303,20.3055,20.678,19.912,20.1562,19.6464,19.0195,18.3731,15.5737,12.881,10.2261,10.305,10.324,10.9586,11.5179,10.9148,11.2566,12.5195,13.783,15.0748,16.1179,17.0675,17.4685,18.6566,19.6759,21.0048,22.1903,24.6176,24.5507,24.9671,27.3229,27.3667,28.9436,27.9888,25.2552,21.279,20.2463,19.9801,20.4186,21.3181,20.7737,22.2368,21.8743,22.814,22.5262,21.5257,19.8072,19.4927,18.6615
799,19.9507,19.6803,20.8237,21.1064,22.7015,22.4134,23.8237,21.9267,20.5691,20.9981,20.3172,20.7818,20.2593,19.8271,20.2341,19.4896,20.1005,19.427,19.1499,17.7966,15.2764,12.6447,10.5059,10.1336,10.0944,10.7684,11.5121,10.7356,11.0302,12.5215,13.5209,14.7153,15.96,16.8686,17.3349,18.8596,19.4486,20.6676,21.8531,24.4721,24.4548,24.6537,26.9765,26.4049,28.4188,27.8996,25.0061,21.0283,19.6633,19.7634,20.4475,20.7302,20.6749,21.8862,21.2836,22.5644,22.3885,21.4182,19.8099,19.4342,18.7159
799.5,19.8823,19.5083,20.9057,21.0632,22.006,21.8592,23.2221,21.6736,20.2466,20.8594,20.2327,20.7747,19.8472,19.7688,19.8665,19.5738,19.7769,19.5061,19.3686,18.1274,15.1703,12.4114,10.1682,9.93064,9.94568,10.5897,11.3313,10.5434,10.9636,12.4251,13.364,14.4835,15.418,16.7932,17.3656,18.5939,19.1398,20.4845,21.2134,24.0679,24.2362,24.4752,26.763,25.9196,28.0929,27.3486,24.6506,20.7014,19.6468,19.4964,20.4965,20.1352,20.2314,21.2812,21.2872,22.2563,22.2164,21.0205,19.4386,19.1303,18.786
800,19.5162,18.9175,20.4435,20.4916,22.0536,21.5843,23.1078,20.7968,19.9073,20.3036,19.921,20.2398,19.3077,19.6745,19.3054,19.4089,19.7507,19.2967,19.4877,18.487,15.1591,12.286,9.99644,9.7851,9.45184,10.5296,11.2237,10.3911,10.886,12.0339,13.1866,14.3005,15.0646,16.414,17.0624,18.3951,18.7975,20.0617,20.7869,23.6455,24.185,23.7021,26.2418,25.7896,27.4959,26.824,24.3218,20.4098,19.5302,19.1881,20.3193,19.7738,20.1759,21.1145,20.9554,21.954,21.7137,20.8907,19.3702,18.9057,18.8686
