TITLE,
DATA TYPE,FLUORESCENCE SPECTRUM
ORIGIN,JASCO
OWNER,
DATE,2023/08/03
TIME,11:43:14
SPECTROMETER/DATA SYSTEM,JASCO Corp., FP-8550, Rev. 1.00
DELTAX,0.5
XUNITS,NANOMETERS
YUNITS,INTENSITY
FIRSTX,  500.0000
LASTX,  800.0000
NPOINTS,     601
FIRSTY,    14.49800
MAXY,   490.72919
MINY,     6.15841
XYDATA
,350,355,360,365,370,375,380,385,390,395,400,405,410,415,420,425,430,435,440,445,450,455,460,465,470,475,480,485,490,495,500,505,510,515,520,525,530,535,540,545,550,555,560,565,570,575,580,585,590,595,600,605,610,615,620,625,630,635,640,645,650
500,14.498,14.4633,14.49,14.408,14.131,13.2136,12.3236,11.5612,10.6994,10.2515,10.2761,9.84573,8.37459,7.28589,6.81727,6.67129,6.41577,5.73117,5.22231,5.4671,6.10083,7.00056,8.09888,7.96436,8.10672,10.088,17.3861,75.8798,302.993,0,0,0,0,0,0,0,0,0,0,0,0,0,0,0,0,0,0,0,0,0,0,0,0,0,0,0,0,0,0,0,0
500.5,14.3774,14.3718,14.382,14.3565,14.0576,13.2051,12.2949,11.5394,10.6723,10.2536,10.2018,9.832,8.36818,7.3294,6.82834,6.65701,6.41877,5.74214,5.20899,5.45059,6.07644,6.88658,8.0188,7.98627,8.0055,9.88587,15.9603,64.6983,278.854,0,0,0,0,0,0,0,0,0,0,0,0,0,0,0,0,0,0,0,0,0,0,0,0,0,0,0,0,0,0,0,0
501,14.2874,14.2829,14.2974,14.3601,14.008,13.1805,12.2609,11.5015,10.6769,10.2658,10.152,9.83792,8.3448,7.32884,6.80808,6.65051,6.42747,5.74308,5.2296,5.42142,6.09145,6.75732,7.86635,8.04379,7.9475,9.74339,14.8304,55.1172,253.799,0,0,0,0,0,0,0,0,0,0,0,0,0,0,0,0,0,0,0,0,0,0,0,0,0,0,0,0,0,0,0,0
501.5,14.2448,14.171,14.2502,14.3133,13.9036,13.1632,12.174,11.4585,10.6669,10.2512,10.0998,9.86889,8.35059,7.33872,6.82557,6.62208,6.41277,5.75584,5.23454,5.39581,6.10255,6.63476,7.787,8.08099,7.87547,9.55319,13.9194,46.9241,229.21,0,0,0,0,0,0,0,0,0,0,0,0,0,0,0,0,0,0,0,0,0,0,0,0,0,0,0,0,0,0,0,0
502,14.22,14.1278,14.2223,14.2633,13.8266,13.1309,12.0829,11.3985,10.64,10.2647,10.0482,9.85726,8.36335,7.33491,6.83611,6.58506,6.37288,5.71959,5.25345,5.39131,6.08508,6.48816,7.71752,8.09408,7.86084,9.38659,13.2102,40.009,205.308,0,0,0,0,0,0,0,0,0,0,0,0,0,0,0,0,0,0,0,0,0,0,0,0,0,0,0,0,0,0,0,0
502.5,14.2188,14.0324,14.1868,14.1975,13.7465,13.0374,12.0392,11.4182,10.6491,10.2193,10.0403,9.84306,8.40848,7.3029,6.85249,6.54398,6.35029,5.74094,5.23556,5.39085,6.06346,6.41128,7.71695,8.12787,7.85964,9.23414,12.6222,34.3476,181.829,0,0,0,0,0,0,0,0,0,0,0,0,0,0,0,0,0,0,0,0,0,0,0,0,0,0,0,0,0,0,0,0
503,14.1408,13.9699,14.096,14.1248,13.645,12.9504,12.0315,11.3904,10.6327,10.2266,10.0032,9.80911,8.45026,7.32305,6.83663,6.51896,6.3291,5.74546,5.24138,5.40679,6.06413,6.3075,7.67078,8.12686,7.86921,9.07226,12.1842,29.7352,160.168,0,0,0,0,0,0,0,0,0,0,0,0,0,0,0,0,0,0,0,0,0,0,0,0,0,0,0,0,0,0,0,0
503.5,14.1094,13.8864,14.0243,14.0686,13.5911,12.8811,12.0336,11.3852,10.5959,10.1914,9.97695,9.78494,8.49074,7.31799,6.79284,6.55072,6.32843,5.76739,5.24049,5.40018,6.06773,6.2495,7.61118,8.09714,7.87794,8.94466,11.8391,25.9011,140.051,0,0,0,0,0,0,0,0,0,0,0,0,0,0,0,0,0,0,0,0,0,0,0,0,0,0,0,0,0,0,0,0
504,13.9927,13.8432,13.945,13.9922,13.5483,12.8196,12.0382,11.3226,10.596,10.164,9.94728,9.74133,8.47962,7.28868,6.7472,6.58279,6.31525,5.79175,5.2705,5.39234,6.04901,6.18864,7.50065,8.08209,7.86743,8.80044,11.5897,22.7853,120.941,0,0,0,0,0,0,0,0,0,0,0,0,0,0,0,0,0,0,0,0,0,0,0,0,0,0,0,0,0,0,0,0
504.5,13.9384,13.7644,13.9266,13.8973,13.458,12.812,12.0104,11.2905,10.5598,9.9885,9.9639,9.69164,8.43098,7.2768,6.726,6.60633,6.29409,5.77605,5.30687,5.41073,6.08167,6.1878,7.38611,8.04213,7.85874,8.67067,11.3698,20.3257,104.427,0,0,0,0,0,0,0,0,0,0,0,0,0,0,0,0,0,0,0,0,0,0,0,0,0,0,0,0,0,0,0,0
505,13.8503,13.6662,13.8736,13.7976,13.4081,12.759,11.9121,11.2056,10.5039,9.59571,9.9494,9.64641,8.39187,7.29145,6.7008,6.62637,6.29404,5.76834,5.30523,5.40859,6.04739,6.21956,7.25483,8.00784,7.87867,8.54617,11.1693,18.3028,90.0793,299.953,0,0,0,0,0,0,0,0,0,0,0,0,0,0,0,0,0,0,0,0,0,0,0,0,0,0,0,0,0,0,0
505.5,13.7958,13.569,13.8687,13.7165,13.2953,12.7217,11.8284,11.1096,10.4832,9.09321,9.90755,9.60536,8.36456,7.30526,6.69724,6.61859,6.31451,5.76098,5.29843,5.40849,6.07218,6.33281,7.23785,7.90495,7.88408,8.43766,11.0001,16.7435,77.0907,276.217,0,0,0,0,0,0,0,0,0,0,0,0,0,0,0,0,0,0,0,0,0,0,0,0,0,0,0,0,0,0,0
506,13.763,13.4902,13.8437,13.6321,13.2325,12.6508,11.8157,11.083,10.4348,8.93573,9.86646,9.5397,8.3743,7.32712,6.70631,6.58751,6.33684,5.76497,5.29581,5.38944,6.0295,6.47353,7.27967,7.82123,7.89898,8.30606,10.8404,15.4617,65.6254,251.639,0,0,0,0,0,0,0,0,0,0,0,0,0,0,0,0,0,0,0,0,0,0,0,0,0,0,0,0,0,0,0
506.5,13.7143,13.4858,13.7171,13.6034,13.1903,12.5989,11.7947,11.0029,10.4316,9.1196,9.78141,9.47325,8.35691,7.31297,6.73404,6.56512,6.34955,5.77555,5.29151,5.37304,6.03065,6.59861,7.2709,7.72141,7.91647,8.25526,10.6923,14.3835,55.787,227.8,0,0,0,0,0,0,0,0,0,0,0,0,0,0,0,0,0,0,0,0,0,0,0,0,0,0,0,0,0,0,0
507,13.6318,13.5381,13.5801,13.5757,13.0948,12.5062,11.6815,10.9726,10.3527,9.52788,9.72594,9.39621,8.33029,7.30296,6.73621,6.5642,6.32627,5.80111,5.31372,5.38877,6.02566,6.67622,7.27302,7.62761,7.96102,8.19658,10.5241,13.6502,47.936,203.799,0,0,0,0,0,0,0,0,0,0,0,0,0,0,0,0,0,0,0,0,0,0,0,0,0,0,0,0,0,0,0
507.5,13.5548,13.5207,13.5184,13.5613,13.0123,12.456,11.5568,10.949,10.2301,9.7958,9.71271,9.34871,8.35093,7.29849,6.74961,6.55905,6.33839,5.79203,5.30889,5.40795,6.04951,6.76422,7.21867,7.53083,7.96394,8.16755,10.3101,13.066,41.009,180.862,0,0,0,0,0,0,0,0,0,0,0,0,0,0,0,0,0,0,0,0,0,0,0,0,0,0,0,0,0,0,0
508,13.4804,13.4355,13.3904,13.5353,12.9291,12.3954,11.5187,10.9048,10.1923,9.82749,9.71019,9.30183,8.37072,7.30231,6.74682,6.56316,6.34961,5.77926,5.30109,5.40679,6.04556,6.89116,7.18681,7.46506,7.95728,8.09247,10.0821,12.648,35.2675,159.759,0,0,0,0,0,0,0,0,0,0,0,0,0,0,0,0,0,0,0,0,0,0,0,0,0,0,0,0,0,0,0
508.5,13.4025,13.32,13.3414,13.5005,12.8208,12.3312,11.4813,10.8768,10.2174,9.77891,9.74538,9.21984,8.32699,7.31942,6.76295,6.58395,6.37132,5.72478,5.31312,5.41217,6.03191,7.01428,7.16688,7.39055,7.89384,8.02159,9.90146,12.2066,30.3761,140.409,0,0,0,0,0,0,0,0,0,0,0,0,0,0,0,0,0,0,0,0,0,0,0,0,0,0,0,0,0,0,0
509,13.353,13.2396,13.1792,13.4171,12.7629,12.2791,11.4599,10.8241,10.2508,9.71297,9.74234,9.1213,8.30272,7.33656,6.73943,6.61443,6.36057,5.74063,5.33902,5.40785,6.06865,7.14122,7.1978,7.25254,7.85116,8.04133,9.7227,11.8496,26.3558,123.195,0,0,0,0,0,0,0,0,0,0,0,0,0,0,0,0,0,0,0,0,0,0,0,0,0,0,0,0,0,0,0
509.5,13.3083,13.1688,13.1426,13.3389,12.7324,12.2446,11.3772,10.7194,10.2719,9.67949,9.69614,9.04118,8.26611,7.36337,6.7489,6.61959,6.33719,5.75539,5.36339,5.44373,6.07429,7.13762,7.19603,7.16158,7.78907,8.15553,9.54677,11.5754,23.0448,107.218,0,0,0,0,0,0,0,0,0,0,0,0,0,0,0,0,0,0,0,0,0,0,0,0,0,0,0,0,0,0,0
510,13.3148,13.1318,13.1911,13.248,12.6913,12.1985,11.2674,10.6588,10.2378,9.663,9.6606,9.0297,8.22603,7.39437,6.74888,6.61392,6.30864,5.79362,5.36643,5.4635,6.11525,7.07396,7.18099,7.04439,7.74524,8.20042,9.38278,11.3277,20.3012,92.9128,317.811,0,0,0,0,0,0,0,0,0,0,0,0,0,0,0,0,0,0,0,0,0,0,0,0,0,0,0,0,0,0
510.5,13.2382,13.0484,13.2195,13.1281,12.6264,12.1605,11.2636,10.5804,10.232,9.66347,9.61115,9.05531,8.20489,7.43078,6.75893,6.62517,6.34871,5.79932,5.3616,5.47574,6.11603,6.97697,7.21743,7.01176,7.68188,8.25512,9.22861,11.1648,18.1152,80.0607,292.806,0,0,0,0,0,0,0,0,0,0,0,0,0,0,0,0,0,0,0,0,0,0,0,0,0,0,0,0,0,0
511,13.144,12.9738,13.1664,13.0367,12.5535,12.0612,11.1506,10.5724,10.1978,9.60592,9.57138,9.06524,8.19321,7.45077,6.78034,6.61483,6.34485,5.81237,5.31799,5.41954,6.13746,6.92414,7.22659,6.97532,7.59504,8.25849,9.10724,10.9705,16.3911,68.5665,267.983,0,0,0,0,0,0,0,0,0,0,0,0,0,0,0,0,0,0,0,0,0,0,0,0,0,0,0,0,0,0
511.5,12.9783,12.8515,12.9829,12.9124,12.4817,11.9267,11.0682,10.4932,10.1303,9.56677,9.53472,9.06062,8.16239,7.46052,6.77125,6.632,6.35658,5.80431,5.31798,5.36703,6.10909,6.86159,7.24502,6.98458,7.49658,8.26885,8.9578,10.7995,15.0513,58.5278,243.801,0,0,0,0,0,0,0,0,0,0,0,0,0,0,0,0,0,0,0,0,0,0,0,0,0,0,0,0,0,0
512,12.7827,12.7971,12.87,12.7784,12.3939,11.852,11.0238,10.4211,10.0761,9.54779,9.46051,9.13399,8.12729,7.41794,6.74409,6.62357,6.34558,5.81219,5.31352,5.3346,6.07676,6.75431,7.18845,6.94898,7.39287,8.23042,8.86876,10.5485,13.9878,49.8228,219.94,0,0,0,0,0,0,0,0,0,0,0,0,0,0,0,0,0,0,0,0,0,0,0,0,0,0,0,0,0,0
512.5,12.6976,12.723,12.6317,12.7372,12.312,11.7437,10.9797,10.3622,10.0358,9.53029,9.40103,9.22182,8.12087,7.38486,6.72406,6.65109,6.30815,5.8,5.33919,5.35128,6.06645,6.68194,7.14994,6.91709,7.25716,8.1848,8.78396,10.3299,13.1867,42.5083,196.286,0,0,0,0,0,0,0,0,0,0,0,0,0,0,0,0,0,0,0,0,0,0,0,0,0,0,0,0,0,0
513,12.6645,12.6378,12.5451,12.6951,12.2802,11.6653,10.9582,10.26,9.93899,9.52709,9.32799,9.21422,8.08731,7.33961,6.70494,6.63065,6.30078,5.78526,5.32867,5.38922,6.07236,6.61274,7.11121,6.89047,7.14878,8.09756,8.67418,10.1322,12.5417,36.3708,174.295,0,0,0,0,0,0,0,0,0,0,0,0,0,0,0,0,0,0,0,0,0,0,0,0,0,0,0,0,0,0
513.5,12.6008,12.6224,12.5406,12.6656,12.2236,11.5522,10.8614,10.1837,9.88173,9.44718,9.24244,9.13783,8.0526,7.31717,6.69662,6.60714,6.30614,5.78532,5.33281,5.36291,6.05896,6.61429,7.11664,6.84145,7.02132,8.03747,8.5841,10.0084,12.0268,31.1169,153.438,0,0,0,0,0,0,0,0,0,0,0,0,0,0,0,0,0,0,0,0,0,0,0,0,0,0,0,0,0,0
514,12.6017,12.5732,12.4227,12.5993,12.1254,11.4651,10.7067,10.0474,9.77536,9.40247,9.13051,8.9377,8.05216,7.31197,6.68316,6.57807,6.2785,5.79149,5.32017,5.37788,6.06913,6.62742,7.10572,6.83014,6.91673,8.00902,8.54128,9.8413,11.679,26.5509,135.121,0,0,0,0,0,0,0,0,0,0,0,0,0,0,0,0,0,0,0,0,0,0,0,0,0,0,0,0,0,0
514.5,12.53,12.4802,12.482,12.509,12.0195,11.3572,10.6054,9.99081,9.72702,9.34259,9.04828,8.80227,8.03162,7.27486,6.69092,6.53004,6.26398,5.79743,5.31766,5.30781,6.0735,6.6292,7.07355,6.81889,6.8292,7.97582,8.54957,9.64712,11.4265,22.8343,118.749,0,0,0,0,0,0,0,0,0,0,0,0,0,0,0,0,0,0,0,0,0,0,0,0,0,0,0,0,0,0
515,12.4587,12.3975,12.3236,12.4111,11.9197,11.2313,10.5069,9.90708,9.65123,9.30395,8.99583,8.70894,7.9654,7.21764,6.68804,6.47592,6.25457,5.78583,5.26304,5.28516,6.04692,6.63146,7.04827,6.78201,6.70461,7.8656,8.55525,9.41354,11.218,19.7925,103.774,332.863,0,0,0,0,0,0,0,0,0,0,0,0,0,0,0,0,0,0,0,0,0,0,0,0,0,0,0,0,0
515.5,12.3354,12.3445,12.1711,12.2969,11.8426,11.128,10.4209,9.86693,9.54935,9.24544,8.93984,8.64616,7.90413,7.17542,6.70432,6.42282,6.26599,5.73927,5.24569,5.27973,6.00862,6.60855,7.04109,6.76908,6.64904,7.73783,8.53852,9.23049,11.0044,17.4394,89.6527,306.631,0,0,0,0,0,0,0,0,0,0,0,0,0,0,0,0,0,0,0,0,0,0,0,0,0,0,0,0,0
516,12.245,12.2581,12.1311,12.1847,11.7133,11.0421,10.3373,9.80592,9.43579,9.17758,8.89036,8.61258,7.84292,7.1083,6.70541,6.40293,6.23109,5.70753,5.21608,5.28144,5.97528,6.51589,7.00309,6.75094,6.60055,7.59851,8.51649,9.03281,10.7895,15.6631,77.0617,279.628,0,0,0,0,0,0,0,0,0,0,0,0,0,0,0,0,0,0,0,0,0,0,0,0,0,0,0,0,0
516.5,12.1726,12.1839,12.1209,12.0705,11.6308,11.0025,10.2647,9.73315,9.33965,9.09196,8.86935,8.54998,7.78284,7.05439,6.68662,6.38071,6.1868,5.67201,5.20929,5.30442,5.96114,6.34416,6.91246,6.7285,6.56037,7.48218,8.50021,8.92032,10.5911,14.3213,65.7735,252.568,0,0,0,0,0,0,0,0,0,0,0,0,0,0,0,0,0,0,0,0,0,0,0,0,0,0,0,0,0
517,12.0663,12.0782,12.1226,11.9165,11.5123,10.918,10.1766,9.64016,9.26472,9.01901,8.84168,8.49529,7.70929,6.98728,6.65624,6.37217,6.11822,5.64011,5.20426,5.32255,5.95792,6.04672,6.83831,6.72667,6.48988,7.33314,8.50932,8.76675,10.3881,13.14,56.2391,226.041,0,0,0,0,0,0,0,0,0,0,0,0,0,0,0,0,0,0,0,0,0,0,0,0,0,0,0,0,0
517.5,12.0063,11.9682,12.0332,11.7395,11.434,10.7916,10.1162,9.54114,9.17744,8.9349,8.81263,8.4236,7.62955,6.93091,6.61748,6.35729,6.06822,5.61604,5.22012,5.30279,5.96838,5.70236,6.80937,6.69291,6.43748,7.21232,8.42774,8.67443,10.175,12.1333,47.8468,201.692,0,0,0,0,0,0,0,0,0,0,0,0,0,0,0,0,0,0,0,0,0,0,0,0,0,0,0,0,0
518,11.9112,11.8376,11.8312,11.6057,11.319,10.657,9.98727,9.41823,9.08789,8.87303,8.77294,8.35533,7.5709,6.85664,6.57412,6.27479,6.01507,5.59318,5.21178,5.24707,5.96906,5.53291,6.79122,6.67341,6.40927,7.08783,8.34726,8.59827,9.94123,11.3585,40.618,179.078,0,0,0,0,0,0,0,0,0,0,0,0,0,0,0,0,0,0,0,0,0,0,0,0,0,0,0,0,0
518.5,11.8196,11.7057,11.7158,11.4838,11.1425,10.5251,9.88902,9.3092,8.97909,8.79922,8.67436,8.2699,7.5319,6.75794,6.55402,6.19259,5.99503,5.54682,5.16627,5.18295,5.94205,5.65169,6.74928,6.62074,6.42802,6.94094,8.28861,8.54347,9.7109,10.9346,34.2821,158.039,0,0,0,0,0,0,0,0,0,0,0,0,0,0,0,0,0,0,0,0,0,0,0,0,0,0,0,0,0
519,11.7066,11.5802,11.563,11.3808,10.9898,10.3111,9.74668,9.20525,8.83277,8.70505,8.59557,8.16176,7.46566,6.68184,6.53307,6.16411,5.97537,5.52128,5.1048,5.12457,5.91474,5.89039,6.72029,6.59098,6.39362,6.80916,8.2454,8.50807,9.49722,10.702,28.9661,138.468,0,0,0,0,0,0,0,0,0,0,0,0,0,0,0,0,0,0,0,0,0,0,0,0,0,0,0,0,0
519.5,11.5926,11.4664,11.4851,11.2851,10.853,10.23,9.63205,9.13246,8.72896,8.57352,8.51835,8.08456,7.38882,6.61366,6.48132,6.15331,5.97161,5.46844,5.04143,5.11502,5.8733,6.14777,6.67433,6.5564,6.35517,6.70385,8.16278,8.43731,9.32854,10.4095,24.7209,120.771,0,0,0,0,0,0,0,0,0,0,0,0,0,0,0,0,0,0,0,0,0,0,0,0,0,0,0,0,0
520,11.4757,11.3792,11.3231,11.108,10.7271,10.1078,9.54546,9.01002,8.60795,8.45036,8.43446,8.01168,7.30651,6.57046,6.42026,6.18684,5.93162,5.43209,5.019,5.09156,5.84433,6.27662,6.63725,6.51991,6.30795,6.62462,8.01641,8.40565,9.15678,10.2106,21.3883,104.988,336.245,0,0,0,0,0,0,0,0,0,0,0,0,0,0,0,0,0,0,0,0,0,0,0,0,0,0,0,0
520.5,11.3906,11.2589,11.19,11.0035,10.6092,10.0149,9.45543,8.90139,8.54779,8.33762,8.34659,7.97364,7.21171,6.52445,6.34623,6.18337,5.85909,5.40488,4.99538,5.05157,5.8113,6.35563,6.60908,6.47627,6.29072,6.54072,7.85677,8.38314,8.97303,9.97583,18.6734,90.7727,307.787,0,0,0,0,0,0,0,0,0,0,0,0,0,0,0,0,0,0,0,0,0,0,0,0,0,0,0,0
521,11.2432,11.1656,10.9862,10.8729,10.4856,9.86771,9.35933,8.79087,8.45216,8.25863,8.23997,7.8689,7.10169,6.4763,6.26066,6.16084,5.78198,5.38584,4.95998,5.01649,5.78939,6.39264,6.62273,6.44908,6.24144,6.47552,7.68187,8.32955,8.76648,9.81064,16.4873,78.3275,280.429,0,0,0,0,0,0,0,0,0,0,0,0,0,0,0,0,0,0,0,0,0,0,0,0,0,0,0,0
521.5,11.1049,11.036,10.8098,10.6795,10.336,9.76851,9.23966,8.68978,8.28953,8.16116,8.15881,7.76585,6.98315,6.39939,6.19367,6.13109,5.73342,5.33959,4.90666,4.96362,5.75452,6.36173,6.63933,6.4194,6.21004,6.44187,7.55133,8.33624,8.51551,9.66073,14.7302,67.3446,252.664,0,0,0,0,0,0,0,0,0,0,0,0,0,0,0,0,0,0,0,0,0,0,0,0,0,0,0,0
522,10.9336,10.8787,10.6037,10.5058,10.1738,9.67176,9.10816,8.56128,8.25036,8.06153,8.06154,7.66395,6.9156,6.35703,6.10784,6.08465,5.71579,5.2814,4.83794,4.89145,5.67761,6.36111,6.61909,6.36601,6.17133,6.34397,7.41492,8.28694,8.32594,9.42457,13.4132,57.426,225.75,0,0,0,0,0,0,0,0,0,0,0,0,0,0,0,0,0,0,0,0,0,0,0,0,0,0,0,0
522.5,10.7927,10.7627,10.5227,10.3205,9.97943,9.5413,8.99874,8.47691,8.20044,7.95094,7.99558,7.57304,6.8601,6.28807,6.01759,6.02528,5.659,5.20102,4.80563,4.85973,5.63933,6.34628,6.57166,6.3162,6.14178,6.25568,7.2823,8.19748,8.19469,9.23748,12.2819,49.0641,200.327,0,0,0,0,0,0,0,0,0,0,0,0,0,0,0,0,0,0,0,0,0,0,0,0,0,0,0,0
523,10.6553,10.5808,10.4749,10.1916,9.83323,9.43645,8.87689,8.3468,8.13271,7.83107,7.93402,7.51433,6.79226,6.24971,5.95155,5.99584,5.59563,5.1522,4.76794,4.83957,5.60465,6.31181,6.51884,6.25438,6.12644,6.20001,7.14345,8.17524,8.16665,9.05868,11.5047,41.6322,177.028,0,0,0,0,0,0,0,0,0,0,0,0,0,0,0,0,0,0,0,0,0,0,0,0,0,0,0,0
523.5,10.537,10.4176,10.2728,10.0315,9.68661,9.27846,8.76364,8.23852,8.04637,7.7504,7.82213,7.43363,6.67242,6.20256,5.89555,5.9253,5.52865,5.10104,4.72208,4.82019,5.55933,6.26576,6.47824,6.18647,6.10478,6.14841,7.00604,8.09523,8.10788,8.89359,10.8955,35.4162,156.199,0,0,0,0,0,0,0,0,0,0,0,0,0,0,0,0,0,0,0,0,0,0,0,0,0,0,0,0
524,10.4132,10.2858,10.1498,9.90759,9.58576,9.18734,8.63662,8.09,7.94468,7.68355,7.7489,7.31677,6.54868,6.13204,5.85055,5.84313,5.45866,5.04751,4.68075,4.78993,5.46251,6.18395,6.42347,6.11764,6.05252,6.16909,6.89069,8.03231,8.04551,8.7097,10.4556,30.0378,136.907,0,0,0,0,0,0,0,0,0,0,0,0,0,0,0,0,0,0,0,0,0,0,0,0,0,0,0,0
524.5,10.2674,10.1479,10.0206,9.75081,9.43199,9.02326,8.4929,7.99895,7.802,7.57797,7.64323,7.21041,6.49348,6.07474,5.77399,5.79803,5.40398,4.97539,4.63628,4.73992,5.27514,6.208,6.41912,6.07142,6.03115,6.19027,6.77903,7.88652,7.98621,8.50147,10.1017,25.4603,119.497,0,0,0,0,0,0,0,0,0,0,0,0,0,0,0,0,0,0,0,0,0,0,0,0,0,0,0,0
525,10.1575,10.0214,9.98402,9.65997,9.32211,8.86995,8.37456,7.85703,7.68953,7.49322,7.55739,7.14269,6.42996,5.98219,5.70715,5.74279,5.34307,4.91573,4.59707,4.66335,5.16592,6.20082,6.31803,6.0302,5.97647,6.16854,6.64061,7.80538,7.92414,8.37512,9.84767,21.7074,104.094,335.268,0,0,0,0,0,0,0,0,0,0,0,0,0,0,0,0,0,0,0,0,0,0,0,0,0,0,0
525.5,10.025,9.89063,9.90574,9.55845,9.14603,8.7326,8.27325,7.73706,7.57729,7.39806,7.43732,7.06547,6.36016,5.89898,5.64149,5.72494,5.30022,4.83793,4.54745,4.62964,5.1419,6.21087,6.26891,6.00516,5.95561,6.15715,6.56956,7.66807,7.89625,8.24194,9.61297,18.6416,90.4167,305.059,0,0,0,0,0,0,0,0,0,0,0,0,0,0,0,0,0,0,0,0,0,0,0,0,0,0,0
526,9.91136,9.73668,9.77122,9.45071,9.05693,8.61966,8.1781,7.66285,7.4727,7.30825,7.32867,7.01398,6.28978,5.80087,5.54238,5.63048,5.28724,4.78627,4.49788,4.56279,5.22096,6.22637,6.19189,6.00159,5.92562,6.10651,6.51825,7.55213,7.89336,8.06769,9.43258,16.3901,77.8511,275.342,0,0,0,0,0,0,0,0,0,0,0,0,0,0,0,0,0,0,0,0,0,0,0,0,0,0,0
526.5,9.82113,9.62179,9.56467,9.30471,8.9389,8.50073,8.06975,7.57191,7.36186,7.19515,7.19594,6.92609,6.20062,5.73861,5.48686,5.56976,5.25718,4.75496,4.45303,4.51502,5.25638,6.22172,6.14242,5.9927,5.91173,6.0412,6.4887,7.45689,7.81533,7.93831,9.21355,14.5917,66.8044,247.064,0,0,0,0,0,0,0,0,0,0,0,0,0,0,0,0,0,0,0,0,0,0,0,0,0,0,0
527,9.69837,9.47283,9.40239,9.16341,8.84335,8.41563,7.90781,7.50192,7.26414,7.10773,7.10015,6.87701,6.13664,5.677,5.40598,5.49659,5.26363,4.73018,4.42134,4.49268,5.26207,6.1847,6.1382,5.98214,5.86495,5.99148,6.47558,7.32986,7.78688,7.78458,9.01742,13.171,57.0913,220.623,0,0,0,0,0,0,0,0,0,0,0,0,0,0,0,0,0,0,0,0,0,0,0,0,0,0,0
527.5,9.57843,9.34946,9.23292,9.02839,8.6871,8.28816,7.73881,7.41801,7.18536,7.01494,6.99867,6.81841,6.05699,5.60936,5.35792,5.43774,5.23977,4.71681,4.33712,4.49324,5.20701,6.1399,6.14316,5.90195,5.83152,5.9566,6.43865,7.2209,7.78449,7.71186,8.85413,12.1136,48.6789,196.046,0,0,0,0,0,0,0,0,0,0,0,0,0,0,0,0,0,0,0,0,0,0,0,0,0,0,0
528,9.48429,9.26993,9.14395,8.9451,8.57994,8.18312,7.61583,7.31931,7.09369,6.91094,6.9329,6.74585,5.99544,5.57196,5.30694,5.37128,5.20905,4.68111,4.29322,4.46662,5.15978,6.10656,6.15759,5.9005,5.83431,5.92167,6.43878,7.08192,7.80402,7.61186,8.72634,11.367,41.4863,173.416,0,0,0,0,0,0,0,0,0,0,0,0,0,0,0,0,0,0,0,0,0,0,0,0,0,0,0
528.5,9.38196,9.09305,9.04604,8.84839,8.48384,8.07385,7.49057,7.25503,7.01134,6.86007,6.8422,6.67116,5.92089,5.54517,5.26891,5.28192,5.14545,4.62941,4.26373,4.39019,5.08323,6.07322,6.14213,5.90762,5.82383,5.94168,6.41351,6.94865,7.81258,7.56831,8.61398,10.7422,35.2979,152.616,0,0,0,0,0,0,0,0,0,0,0,0,0,0,0,0,0,0,0,0,0,0,0,0,0,0,0
529,9.27505,8.94894,9.00417,8.76791,8.37308,7.96752,7.42918,7.19228,6.88117,6.73993,6.73965,6.63634,5.84722,5.50452,5.22113,5.24591,5.08861,4.61682,4.29039,4.35224,5.0783,6.04199,6.10057,5.95499,5.81809,5.91356,6.39465,6.86566,7.77515,7.51462,8.45861,10.2726,30.0582,133.509,0,0,0,0,0,0,0,0,0,0,0,0,0,0,0,0,0,0,0,0,0,0,0,0,0,0,0
529.5,9.17569,8.8044,8.92804,8.6823,8.27555,7.85772,7.37199,7.12185,6.81664,6.65851,6.64799,6.57686,5.75866,5.44148,5.17765,5.19261,5.03282,4.59003,4.26909,4.29548,5.06349,5.96709,6.03468,5.97457,5.82727,5.89974,6.34674,6.81793,7.69632,7.46918,8.29712,9.92248,25.7317,116.781,0,0,0,0,0,0,0,0,0,0,0,0,0,0,0,0,0,0,0,0,0,0,0,0,0,0,0
530,9.06524,8.73568,8.80944,8.55424,8.14892,7.80249,7.3022,7.03948,6.73389,6.58851,6.57859,6.51979,5.70754,5.39335,5.13576,5.13719,5.01335,4.52375,4.21459,4.30201,5.02113,5.94037,6.02202,6.00469,5.83025,5.89799,6.3472,6.79039,7.59873,7.44882,8.15424,9.62315,22.1813,102.265,316.513,0,0,0,0,0,0,0,0,0,0,0,0,0,0,0,0,0,0,0,0,0,0,0,0,0,0
530.5,8.98264,8.71607,8.65361,8.44259,8.03554,7.71933,7.20853,6.95707,6.66524,6.53059,6.52861,6.42438,5.65611,5.33076,5.0836,5.07361,4.9777,4.48246,4.16447,4.30108,4.99751,5.89963,6.05633,5.98094,5.80761,5.9469,6.35082,6.76093,7.4977,7.47483,8.01086,9.416,19.3455,89.244,288.616,0,0,0,0,0,0,0,0,0,0,0,0,0,0,0,0,0,0,0,0,0,0,0,0,0,0
531,8.88397,8.6453,8.53442,8.3147,7.9432,7.63578,7.11677,6.86987,6.60686,6.50486,6.48216,6.34515,5.64267,5.27702,5.034,5.01705,4.94663,4.42895,4.13923,4.31672,4.93876,5.90297,6.06531,5.9995,5.78591,5.9633,6.34267,6.74188,7.42146,7.5286,7.92569,9.20755,17.0721,77.6018,261.713,0,0,0,0,0,0,0,0,0,0,0,0,0,0,0,0,0,0,0,0,0,0,0,0,0,0
531.5,8.81003,8.53776,8.36652,8.214,7.87449,7.55385,7.02189,6.80048,6.55821,6.45788,6.42899,6.27512,5.58755,5.20391,4.99132,4.96832,4.90179,4.41195,4.11428,4.28609,4.86104,5.89971,6.08999,5.9585,5.75987,5.99091,6.3366,6.76897,7.39149,7.59014,7.75173,9.03295,15.1832,67.0938,235.848,0,0,0,0,0,0,0,0,0,0,0,0,0,0,0,0,0,0,0,0,0,0,0,0,0,0
532,8.69847,8.44824,8.30051,8.13135,7.79593,7.46477,6.93534,6.70226,6.50962,6.39355,6.3735,6.18635,5.58499,5.14492,4.91921,4.93055,4.86793,4.37712,4.05681,4.26602,4.81126,5.88062,6.12455,5.92239,5.74654,6.00752,6.3212,6.79854,7.27776,7.62555,7.64918,8.91215,13.603,58.0199,211.684,0,0,0,0,0,0,0,0,0,0,0,0,0,0,0,0,0,0,0,0,0,0,0,0,0,0
532.5,8.62211,8.40171,8.20601,8.05893,7.71917,7.38156,6.89186,6.60969,6.44896,6.34924,6.29891,6.11982,5.53244,5.09569,4.85526,4.86913,4.83836,4.35331,3.99992,4.20764,4.79209,5.85433,6.1368,5.87631,5.77192,6.02254,6.33438,6.78958,7.17138,7.67718,7.53997,8.75985,12.4425,49.9961,187.627,0,0,0,0,0,0,0,0,0,0,0,0,0,0,0,0,0,0,0,0,0,0,0,0,0,0
533,8.5148,8.31584,8.15054,7.98277,7.62753,7.28893,6.79117,6.50683,6.38637,6.29545,6.22688,6.03388,5.4963,5.06827,4.79997,4.78866,4.78127,4.34388,3.98253,4.17127,4.73452,5.84225,6.13598,5.83447,5.753,6.03364,6.31157,6.7833,7.09471,7.69007,7.42464,8.66202,11.6422,43.0842,165.375,0,0,0,0,0,0,0,0,0,0,0,0,0,0,0,0,0,0,0,0,0,0,0,0,0,0
533.5,8.43304,8.24115,8.09912,7.89661,7.53047,7.23938,6.71138,6.43545,6.32334,6.25662,6.16092,5.99934,5.45417,5.01256,4.74508,4.7449,4.70612,4.33697,3.95602,4.14247,4.73284,5.82706,6.11558,5.8883,5.78319,6.03217,6.33577,6.74207,7.03458,7.67516,7.40686,8.56199,11.126,37.0603,145.777,0,0,0,0,0,0,0,0,0,0,0,0,0,0,0,0,0,0,0,0,0,0,0,0,0,0
534,8.33872,8.17097,8.00292,7.82517,7.4242,7.17459,6.66065,6.37667,6.26459,6.19902,6.10814,5.93717,5.39696,4.93937,4.71046,4.71478,4.63219,4.32155,3.92228,4.09892,4.67035,5.79209,6.09862,5.87923,5.76485,6.01255,6.34307,6.7378,6.99345,7.66547,7.40733,8.48856,10.7458,31.8479,128.054,0,0,0,0,0,0,0,0,0,0,0,0,0,0,0,0,0,0,0,0,0,0,0,0,0,0
534.5,8.30903,8.10501,7.87832,7.76055,7.31867,7.07418,6.62353,6.3267,6.22394,6.14543,6.05814,5.86933,5.29525,4.87463,4.66006,4.70269,4.58275,4.28061,3.89568,4.05879,4.61057,5.74833,6.06916,5.88991,5.75615,6.01809,6.35234,6.75017,6.9704,7.61385,7.43071,8.41108,10.3943,27.3815,112.059,0,0,0,0,0,0,0,0,0,0,0,0,0,0,0,0,0,0,0,0,0,0,0,0,0,0
535,8.2672,8.04571,7.82887,7.72458,7.30246,6.99241,6.60134,6.24736,6.15677,6.07433,6.01228,5.80487,5.22687,4.82434,4.61188,4.62847,4.54624,4.27444,3.84936,4.03571,4.53323,5.67771,6.05241,5.87232,5.79635,5.95445,6.37146,6.75449,6.93668,7.58852,7.50458,8.35868,10.1657,23.7373,97.885,302.151,0,0,0,0,0,0,0,0,0,0,0,0,0,0,0,0,0,0,0,0,0,0,0,0,0
535.5,8.21512,7.9885,7.76646,7.63909,7.24138,6.92269,6.52116,6.1511,6.1105,6.02626,5.95834,5.71721,5.16705,4.77432,4.56268,4.54517,4.49135,4.25058,3.82644,4.0015,4.48085,5.6122,6.05462,5.80914,5.82775,5.9564,6.38504,6.79311,6.90014,7.48073,7.5598,8.29244,9.94523,20.7938,85.1316,277.794,0,0,0,0,0,0,0,0,0,0,0,0,0,0,0,0,0,0,0,0,0,0,0,0,0
536,8.10641,7.91933,7.67401,7.58009,7.20594,6.84167,6.46703,6.05885,6.0473,5.93506,5.90862,5.65686,5.14212,4.73154,4.51724,4.48592,4.45127,4.25694,3.81753,3.98415,4.49656,5.57614,6.0351,5.83597,5.84061,5.96258,6.3857,6.79893,6.86112,7.4094,7.63721,8.23483,9.77735,18.4853,74.4523,253.892,0,0,0,0,0,0,0,0,0,0,0,0,0,0,0,0,0,0,0,0,0,0,0,0,0
536.5,8.04399,7.83054,7.63011,7.47291,7.14505,6.79914,6.3898,5.9773,5.99874,5.85892,5.86928,5.6159,5.16645,4.68248,4.48114,4.4591,4.38425,4.19856,3.85209,3.94215,4.51002,5.5913,6.01512,5.83834,5.84508,6.01718,6.41381,6.81639,6.89998,7.31985,7.6941,8.15982,9.52063,16.6362,64.9083,228.641,0,0,0,0,0,0,0,0,0,0,0,0,0,0,0,0,0,0,0,0,0,0,0,0,0
537,7.93621,7.72632,7.60907,7.43155,7.07363,6.71381,6.3581,5.95031,5.93408,5.79676,5.82656,5.57649,5.20593,4.64891,4.44733,4.46008,4.35912,4.1545,3.87279,3.92323,4.54061,5.62034,5.96326,5.9086,5.84046,6.04329,6.42143,6.82484,6.96831,7.32721,7.71625,8.14745,9.4427,15.184,56.444,204.848,0,0,0,0,0,0,0,0,0,0,0,0,0,0,0,0,0,0,0,0,0,0,0,0,0
537.5,7.84843,7.62617,7.55243,7.32837,7.01784,6.64769,6.30923,5.94295,5.8901,5.76822,5.7706,5.54309,5.18828,4.61201,4.44368,4.41738,4.32518,4.10303,3.86593,3.91988,4.55848,5.58645,5.92946,5.93038,5.85801,6.03173,6.44714,6.81397,7.02646,7.29454,7.82572,8.08931,9.38062,14.1015,49.2389,181.589,0,0,0,0,0,0,0,0,0,0,0,0,0,0,0,0,0,0,0,0,0,0,0,0,0
538,7.80026,7.55233,7.4831,7.23148,6.97061,6.57792,6.24849,5.89273,5.85565,5.76681,5.72011,5.50062,5.14467,4.58882,4.39456,4.38211,4.29402,4.08079,3.86145,3.9193,4.559,5.58628,5.89577,5.92857,5.8765,6.01728,6.48038,6.84112,7.09884,7.34768,7.86548,8.0819,9.43327,13.2696,42.66,160.533,0,0,0,0,0,0,0,0,0,0,0,0,0,0,0,0,0,0,0,0,0,0,0,0,0
538.5,7.72551,7.49494,7.41173,7.16782,6.88732,6.51645,6.20054,5.86021,5.80969,5.74017,5.66678,5.47713,5.07084,4.54232,4.38965,4.31129,4.23833,4.04779,3.7952,3.91123,4.55805,5.58148,5.87223,5.88459,5.90732,6.04907,6.5626,6.87604,7.16923,7.32642,7.9811,8.09297,9.39865,12.6902,37.0366,141.489,0,0,0,0,0,0,0,0,0,0,0,0,0,0,0,0,0,0,0,0,0,0,0,0,0
539,7.68895,7.43966,7.28271,7.08853,6.82825,6.4737,6.14943,5.80979,5.7426,5.68792,5.62557,5.40744,5.01604,4.53003,4.32102,4.27851,4.19573,4.01164,3.77187,3.86955,4.49396,5.59137,5.83758,5.87746,5.92405,6.12972,6.58044,6.9308,7.2245,7.32423,8.03627,8.16981,9.40805,12.2664,32.1892,124.562,0,0,0,0,0,0,0,0,0,0,0,0,0,0,0,0,0,0,0,0,0,0,0,0,0
539.5,7.61892,7.3829,7.1776,7.07536,6.76475,6.42874,6.08822,5.78954,5.69337,5.61562,5.58521,5.37434,4.97558,4.49563,4.29276,4.21727,4.15662,3.9742,3.72984,3.82094,4.47255,5.54129,5.82177,5.96029,5.93976,6.14831,6.6089,6.97753,7.26494,7.31683,8.10177,8.24682,9.40326,12.0166,28.0659,109.328,0,0,0,0,0,0,0,0,0,0,0,0,0,0,0,0,0,0,0,0,0,0,0,0,0
540,7.55566,7.33103,7.10046,7.03942,6.70835,6.42452,6.06027,5.74933,5.63741,5.54486,5.55498,5.33757,4.90747,4.47698,4.23615,4.18894,4.12395,3.9492,3.71232,3.78037,4.43184,5.50075,5.7864,5.98061,5.93553,6.1852,6.65595,7.00369,7.2855,7.37494,8.15425,8.33204,9.41319,11.8315,24.652,95.5567,291.155,0,0,0,0,0,0,0,0,0,0,0,0,0,0,0,0,0,0,0,0,0,0,0,0
540.5,7.52551,7.32396,7.0854,7.02994,6.64474,6.39396,6.01291,5.6942,5.5865,5.48744,5.51388,5.29812,4.83738,4.46185,4.19596,4.13689,4.10799,3.91658,3.68947,3.72398,4.38832,5.45599,5.8015,6.03655,5.97074,6.22686,6.70348,7.05759,7.2939,7.4119,8.22153,8.42717,9.42587,11.6938,22.0066,84.4252,268.327,0,0,0,0,0,0,0,0,0,0,0,0,0,0,0,0,0,0,0,0,0,0,0,0
541,7.47187,7.28721,7.0542,7.01637,6.57816,6.33866,5.95348,5.68506,5.54128,5.43623,5.46768,5.25539,4.76617,4.44741,4.16753,4.10659,4.06419,3.87716,3.65937,3.70749,4.34538,5.41442,5.77826,6.04037,5.98275,6.26793,6.74036,7.13634,7.36929,7.48386,8.29664,8.52067,9.47285,11.5804,19.8124,75.0944,245.062,0,0,0,0,0,0,0,0,0,0,0,0,0,0,0,0,0,0,0,0,0,0,0,0
541.5,7.44314,7.23449,7.0847,6.94814,6.5352,6.30112,5.92129,5.66968,5.50025,5.40708,5.40804,5.21575,4.69251,4.42268,4.12656,4.09648,4.01102,3.82702,3.65523,3.69284,4.34826,5.41751,5.74774,6.03672,6.00566,6.31323,6.72908,7.24126,7.4042,7.57033,8.36326,8.63539,9.51532,11.5466,18.2237,66.3709,223.051,0,0,0,0,0,0,0,0,0,0,0,0,0,0,0,0,0,0,0,0,0,0,0,0
542,7.35946,7.17046,7.04326,6.89213,6.5276,6.24681,5.88156,5.64974,5.46765,5.38709,5.37427,5.1564,4.63061,4.39814,4.12439,4.07157,3.96508,3.7887,3.62145,3.69105,4.36648,5.38298,5.73872,6.0359,6.04328,6.32015,6.7618,7.32722,7.44839,7.63769,8.43775,8.796,9.59428,11.5076,16.9391,58.3436,201.234,0,0,0,0,0,0,0,0,0,0,0,0,0,0,0,0,0,0,0,0,0,0,0,0
542.5,7.35389,7.09713,6.98326,6.84003,6.48943,6.21854,5.84891,5.62284,5.45232,5.35314,5.32438,5.10385,4.58333,4.33791,4.10005,4.03991,3.92857,3.72761,3.58631,3.67368,4.35749,5.38401,5.73178,6.0102,6.07617,6.35208,6.73896,7.38146,7.55034,7.69552,8.53515,8.93444,9.63732,11.5026,16.0158,51.1162,180.777,0,0,0,0,0,0,0,0,0,0,0,0,0,0,0,0,0,0,0,0,0,0,0,0
543,7.30677,7.04759,6.97052,6.78868,6.43788,6.19021,5.80234,5.59728,5.39322,5.30443,5.29923,5.02793,4.5423,4.29161,4.09049,4.01461,3.91932,3.68927,3.55964,3.66707,4.3511,5.35877,5.76586,5.98468,6.12864,6.3928,6.73619,7.42509,7.60286,7.74951,8.60033,9.09462,9.71831,11.5214,15.3693,44.7976,160.779,0,0,0,0,0,0,0,0,0,0,0,0,0,0,0,0,0,0,0,0,0,0,0,0
543.5,7.2705,7.01173,6.92516,6.74259,6.41485,6.11099,5.74727,5.58659,5.34963,5.27518,5.25245,4.97602,4.52522,4.25317,4.05654,3.95961,3.8985,3.64117,3.5203,3.67248,4.29764,5.37042,5.73581,5.98019,6.17523,6.43698,6.8117,7.44458,7.65827,7.79537,8.63075,9.23952,9.79163,11.5553,14.9047,39.4138,144.092,0,0,0,0,0,0,0,0,0,0,0,0,0,0,0,0,0,0,0,0,0,0,0,0
544,7.19084,6.96116,6.85712,6.6816,6.39581,6.05598,5.71894,5.52912,5.32239,5.22533,5.22837,4.90392,4.49723,4.1997,4.01139,3.92301,3.85465,3.63989,3.496,3.68358,4.31139,5.34128,5.72307,5.99435,6.17291,6.47583,6.90164,7.52491,7.71508,7.89726,8.6433,9.38393,9.88553,11.6118,14.6294,34.6659,127.555,0,0,0,0,0,0,0,0,0,0,0,0,0,0,0,0,0,0,0,0,0,0,0,0
544.5,7.11216,6.91902,6.76255,6.63339,6.39266,6.01113,5.70334,5.46077,5.31603,5.20009,5.17592,4.869,4.46964,4.16403,3.96384,3.88383,3.82828,3.62574,3.48974,3.66164,4.27811,5.26595,5.71456,5.98778,6.16553,6.5253,6.93393,7.56491,7.75218,8.0048,8.70286,9.52152,9.96958,11.6781,14.4778,30.9427,112.696,0,0,0,0,0,0,0,0,0,0,0,0,0,0,0,0,0,0,0,0,0,0,0,0
545,7.0512,6.87858,6.6765,6.57773,6.34724,6.00212,5.65771,5.39495,5.27778,5.18276,5.13671,4.8313,4.43053,4.12234,3.94154,3.86605,3.75924,3.60823,3.48018,3.65008,4.27065,5.15747,5.69638,5.97833,6.16651,6.57578,6.96524,7.60466,7.84367,8.11618,8.78984,9.64462,10.12,11.7298,14.3214,27.8568,99.3422,280.676,0,0,0,0,0,0,0,0,0,0,0,0,0,0,0,0,0,0,0,0,0,0,0
545.5,6.98167,6.88486,6.65319,6.53192,6.28579,5.98141,5.60473,5.32259,5.2469,5.12863,5.11683,4.7885,4.39875,4.09223,3.88887,3.83683,3.72765,3.55371,3.45073,3.62432,4.21702,5.10467,5.703,5.94466,6.17312,6.60955,6.99373,7.64846,7.90408,8.18687,8.93019,9.75262,10.2693,11.7986,14.2605,25.2028,87.4974,259.595,0,0,0,0,0,0,0,0,0,0,0,0,0,0,0,0,0,0,0,0,0,0,0
546,6.9486,6.81581,6.61723,6.49586,6.23268,5.93346,5.55879,5.29199,5.22571,5.09672,5.11015,4.76347,4.33395,4.07504,3.86808,3.78282,3.6718,3.52027,3.4225,3.61446,4.18481,5.07654,5.67077,5.89138,6.18471,6.64182,7.10715,7.66947,7.9503,8.24817,9.08718,9.87126,10.4312,11.8342,14.1795,23.1039,77.4144,238.234,0,0,0,0,0,0,0,0,0,0,0,0,0,0,0,0,0,0,0,0,0,0,0
546.5,6.95864,6.79261,6.5654,6.46043,6.14917,5.89327,5.53323,5.27567,5.18114,5.08983,5.06689,4.71292,4.2998,4.04846,3.83906,3.73171,3.66875,3.48516,3.39117,3.62015,4.17537,5.09617,5.6534,5.84509,6.21621,6.64827,7.13814,7.75318,7.99145,8.33999,9.19263,10.0441,10.6097,11.8926,14.1907,21.4597,68.9593,217.084,0,0,0,0,0,0,0,0,0,0,0,0,0,0,0,0,0,0,0,0,0,0,0
547,6.86176,6.74586,6.50092,6.42457,6.12669,5.86515,5.50388,5.25268,5.14051,5.0825,5.01385,4.70397,4.24243,3.98957,3.80873,3.69524,3.64052,3.44906,3.34799,3.61839,4.1254,5.09083,5.59025,5.81373,6.22674,6.66462,7.19972,7.80999,8.05246,8.38862,9.27496,10.1234,10.8612,12.0392,14.2024,20.2195,61.446,196.405,0,0,0,0,0,0,0,0,0,0,0,0,0,0,0,0,0,0,0,0,0,0,0
547.5,6.82408,6.70185,6.42964,6.37262,6.0835,5.79901,5.45282,5.24377,5.08419,5.06471,4.96617,4.69281,4.20722,3.95821,3.788,3.6688,3.63567,3.43101,3.32476,3.62587,4.09975,5.06692,5.58662,5.8025,6.25369,6.69673,7.25268,7.85205,8.12427,8.51015,9.24553,10.2288,11.0501,12.1383,14.3766,19.1833,54.9896,175.925,0,0,0,0,0,0,0,0,0,0,0,0,0,0,0,0,0,0,0,0,0,0,0
548,6.74533,6.69522,6.38503,6.35779,6.07664,5.7696,5.41948,5.23233,5.07586,5.04404,4.9404,4.67872,4.18546,3.91158,3.77489,3.66316,3.59022,3.38716,3.27071,3.58817,4.04644,5.10862,5.52863,5.83299,6.26452,6.70995,7.27651,7.89795,8.22182,8.60433,9.33392,10.2994,11.2913,12.2987,14.4163,18.3515,49.2789,157.356,0,0,0,0,0,0,0,0,0,0,0,0,0,0,0,0,0,0,0,0,0,0,0
548.5,6.67933,6.62321,6.33973,6.29619,6.05614,5.73489,5.37813,5.19081,5.05759,4.99055,4.93468,4.64577,4.17286,3.89154,3.74768,3.62767,3.54649,3.37554,3.25338,3.55727,4.01993,5.15424,5.49344,5.83749,6.27104,6.7475,7.36465,7.94149,8.28138,8.67341,9.39151,10.4015,11.4907,12.4714,14.5185,17.8199,44.0623,140.259,0,0,0,0,0,0,0,0,0,0,0,0,0,0,0,0,0,0,0,0,0,0,0
549,6.63629,6.60713,6.34601,6.24251,6.06151,5.73338,5.34718,5.14195,5.03833,4.95591,4.89606,4.61372,4.14257,3.886,3.72421,3.60109,3.51041,3.35396,3.23816,3.52872,4.007,5.13464,5.46582,5.80793,6.271,6.76826,7.38455,8.01324,8.34283,8.76432,9.55633,10.5677,11.6935,12.6108,14.5794,17.5472,39.5193,124.482,0,0,0,0,0,0,0,0,0,0,0,0,0,0,0,0,0,0,0,0,0,0,0
549.5,6.64782,6.58103,6.36647,6.21111,6.00672,5.70039,5.3478,5.08063,5.00754,4.9179,4.86947,4.59167,4.1042,3.84901,3.68824,3.57083,3.4739,3.32733,3.21482,3.50676,3.9848,5.07305,5.41427,5.78408,6.26858,6.81076,7.42058,8.04553,8.42614,8.84806,9.76153,10.7241,11.9046,12.8641,14.6629,17.306,35.3646,110.848,0,0,0,0,0,0,0,0,0,0,0,0,0,0,0,0,0,0,0,0,0,0,0
550,6.6393,6.56081,6.28529,6.18118,5.96959,5.66638,5.30848,5.06159,4.9862,4.87419,4.82815,4.58018,4.08061,3.79916,3.63909,3.54516,3.43894,3.28285,3.1864,3.50059,3.98982,4.97041,5.40742,5.73094,6.26389,6.81717,7.456,8.06598,8.50583,8.91687,9.91516,10.9304,12.1104,12.976,14.7785,17.3631,32.061,98.3102,274.595,0,0,0,0,0,0,0,0,0,0,0,0,0,0,0,0,0,0,0,0,0,0
550.5,6.6431,6.51252,6.24029,6.17647,5.94264,5.64377,5.24514,5.05522,4.96862,4.82398,4.80538,4.5685,4.06067,3.75737,3.61426,3.5227,3.42039,3.21724,3.17823,3.48151,3.97618,4.9035,5.36678,5.71681,6.19977,6.8471,7.48482,8.12311,8.59339,8.9728,10.0133,11.0758,12.2777,13.1676,14.9472,17.3257,29.1859,88.0156,253.794,0,0,0,0,0,0,0,0,0,0,0,0,0,0,0,0,0,0,0,0,0,0
551,6.5989,6.45821,6.19104,6.15783,5.87263,5.6293,5.22606,5.04497,4.93682,4.75705,4.77538,4.52109,4.04809,3.72407,3.59995,3.49715,3.37748,3.15512,3.16034,3.45323,3.98013,4.89871,5.37435,5.69201,6.16448,6.91323,7.54733,8.17753,8.6583,9.06751,10.1304,11.2726,12.4873,13.3577,15.071,17.2213,26.7819,78.9585,232.833,0,0,0,0,0,0,0,0,0,0,0,0,0,0,0,0,0,0,0,0,0,0
551.5,6.55453,6.38986,6.14252,6.13937,5.87107,5.6027,5.19665,5.0285,4.89779,4.74561,4.76517,4.51808,4.03603,3.69346,3.57582,3.45495,3.36869,3.12653,3.13382,3.42588,3.96927,4.85213,5.36043,5.67279,6.13922,6.94484,7.61393,8.23877,8.74832,9.14202,10.248,11.4109,12.7152,13.6732,15.2834,17.2532,25.1184,70.8136,212.858,0,0,0,0,0,0,0,0,0,0,0,0,0,0,0,0,0,0,0,0,0,0
552,6.50753,6.35945,6.15764,6.13622,5.85609,5.60439,5.20235,5.03619,4.8583,4.75577,4.76364,4.45649,4.02398,3.657,3.53561,3.42496,3.34502,3.09536,3.1037,3.3598,3.94177,4.82624,5.35985,5.65277,6.14374,7.00566,7.69204,8.29734,8.77727,9.2276,10.3473,11.5566,12.9156,13.9672,15.4505,17.2746,23.8173,63.0714,193.713,0,0,0,0,0,0,0,0,0,0,0,0,0,0,0,0,0,0,0,0,0,0
552.5,6.47614,6.35024,6.20398,6.14583,5.86215,5.57097,5.20418,5.04926,4.83074,4.78457,4.74251,4.40489,3.98907,3.63341,3.48326,3.4102,3.31726,3.06931,3.03749,3.30855,3.95768,4.79637,5.36549,5.59334,6.11159,7.03979,7.71229,8.35738,8.84071,9.32015,10.426,11.7193,13.0621,14.1768,15.6052,17.4787,23.0892,56.6012,174.379,0,0,0,0,0,0,0,0,0,0,0,0,0,0,0,0,0,0,0,0,0,0
553,6.41995,6.33207,6.09197,6.11841,5.86812,5.55473,5.19526,5.06307,4.82722,4.78209,4.71048,4.36702,3.95926,3.61151,3.42684,3.3773,3.28808,3.05793,3.001,3.28117,3.96423,4.76308,5.31243,5.55185,6.07611,7.05036,7.78077,8.42482,8.9138,9.36574,10.4942,11.8695,13.2142,14.4935,15.8602,17.5858,22.3716,50.54,156.949,0,0,0,0,0,0,0,0,0,0,0,0,0,0,0,0,0,0,0,0,0,0
553.5,6.40103,6.30959,6.06215,6.12087,5.85988,5.51518,5.22219,5.03006,4.82862,4.79437,4.68188,4.34385,3.93345,3.57602,3.376,3.34535,3.25863,3.0401,2.9807,3.26518,3.96325,4.71683,5.29322,5.53986,6.00664,7.08086,7.79249,8.53769,8.98304,9.422,10.5623,12.0004,13.379,14.7511,16.072,17.6567,21.9284,45.8354,140.299,0,0,0,0,0,0,0,0,0,0,0,0,0,0,0,0,0,0,0,0,0,0
554,6.38257,6.28241,6.0244,6.1038,5.8081,5.52189,5.2109,5.0158,4.83366,4.80422,4.65539,4.34621,3.92673,3.57415,3.31929,3.31685,3.20789,3.0023,2.94892,3.24128,3.96546,4.67396,5.28701,5.55472,5.98107,7.07526,7.80874,8.64314,9.0494,9.44723,10.651,12.107,13.5751,15.0325,16.2268,17.7509,21.6076,41.6266,125.47,0,0,0,0,0,0,0,0,0,0,0,0,0,0,0,0,0,0,0,0,0,0
554.5,6.39036,6.2521,6.04485,6.09694,5.80623,5.53952,5.20836,4.99423,4.79311,4.81571,4.64703,4.35342,3.88681,3.53897,3.29834,3.31237,3.18266,2.96779,2.92259,3.20967,3.95099,4.62608,5.27637,5.53132,5.99092,7.05413,7.81725,8.77049,9.14703,9.53826,10.7354,12.2465,13.8274,15.2738,16.3902,17.8909,21.4111,38.2242,112.228,0,0,0,0,0,0,0,0,0,0,0,0,0,0,0,0,0,0,0,0,0,0
555,6.33372,6.22005,6.08288,6.06917,5.75444,5.53721,5.21793,4.97417,4.76984,4.82426,4.63094,4.34204,3.87495,3.51569,3.25958,3.28806,3.1173,2.93878,2.89668,3.16563,3.94693,4.58756,5.26937,5.50811,5.95979,7.04885,7.867,8.81979,9.20126,9.6327,10.8413,12.3971,14.0715,15.502,16.5719,18.0163,21.2674,35.5218,100.838,257.526,0,0,0,0,0,0,0,0,0,0,0,0,0,0,0,0,0,0,0,0,0
555.5,6.29312,6.19936,6.01921,6.05512,5.77258,5.53196,5.20281,4.95925,4.76503,4.80588,4.61345,4.33572,3.83584,3.47117,3.23335,3.2634,3.07444,2.91306,2.86283,3.14428,3.93138,4.5844,5.22294,5.46985,5.93328,7.08053,7.96689,8.80939,9.25418,9.72299,10.8547,12.559,14.3549,15.7942,16.8046,18.1974,21.3276,33.0447,91.0607,239.811,0,0,0,0,0,0,0,0,0,0,0,0,0,0,0,0,0,0,0,0,0
556,6.27724,6.15798,5.99858,6.02055,5.75115,5.48197,5.21543,4.98223,4.75599,4.78325,4.59089,4.32004,3.81142,3.43233,3.20564,3.21514,3.0559,2.90287,2.84314,3.11961,3.90907,4.56079,5.20108,5.45754,5.91734,7.11335,8.02857,8.85242,9.29992,9.82133,10.9462,12.6902,14.5939,16.0936,17.1804,18.5139,21.4436,31.328,82.5071,221.755,0,0,0,0,0,0,0,0,0,0,0,0,0,0,0,0,0,0,0,0,0
556.5,6.24664,6.12362,5.98098,6.01193,5.73931,5.45641,5.18198,4.98291,4.77742,4.74347,4.57284,4.31661,3.78069,3.40028,3.16605,3.18817,3.03684,2.88808,2.81333,3.08854,3.84901,4.53256,5.14947,5.43764,5.92769,7.11139,8.09958,8.93853,9.37339,9.91266,10.9862,12.8417,14.8121,16.4793,17.4924,18.7596,21.6447,29.6359,74.587,203.748,0,0,0,0,0,0,0,0,0,0,0,0,0,0,0,0,0,0,0,0,0
557,6.25904,6.11167,5.99707,6.00437,5.7483,5.46477,5.15229,4.97401,4.80081,4.69339,4.56686,4.30018,3.76643,3.37594,3.12499,3.14037,3.01073,2.8641,2.79016,3.04963,3.80921,4.55882,5.11384,5.43142,5.91727,7.07971,8.09818,9.05116,9.48233,9.99451,11.1957,12.9516,15.0464,16.8052,17.9011,18.9375,21.596,28.7146,67.4753,186.226,0,0,0,0,0,0,0,0,0,0,0,0,0,0,0,0,0,0,0,0,0
557.5,6.23864,6.1016,5.99718,5.99457,5.72939,5.47248,5.15269,4.983,4.82618,4.6688,4.57691,4.29113,3.7305,3.35894,3.10047,3.12763,2.97998,2.82995,2.76366,3.00019,3.75963,4.58055,5.06859,5.39034,5.95031,7.08022,8.10795,9.15342,9.61885,10.0729,11.3309,13.0752,15.2886,17.1378,18.3746,19.234,21.6,28.1089,61.6707,168.244,0,0,0,0,0,0,0,0,0,0,0,0,0,0,0,0,0,0,0,0,0
558,6.21256,6.13883,5.97873,6.02243,5.72687,5.45297,5.12237,4.96158,4.85501,4.66714,4.599,4.25558,3.72877,3.33822,3.08075,3.09065,2.94599,2.79758,2.71321,2.9565,3.74422,4.54846,5.03703,5.35826,5.91581,7.05655,8.17291,9.26997,9.76066,10.0796,11.5184,13.1793,15.5034,17.4138,18.8236,19.5226,21.615,27.8051,56.6897,151.869,0,0,0,0,0,0,0,0,0,0,0,0,0,0,0,0,0,0,0,0,0
558.5,6.20502,6.1801,6.005,6.03194,5.72185,5.46736,5.14001,4.9858,4.86709,4.71458,4.58466,4.2483,3.72039,3.31375,3.0698,3.06208,2.94279,2.78896,2.67582,2.94551,3.69944,4.57023,5.03166,5.36205,5.93931,7.05788,8.2508,9.34886,9.84897,10.2,11.6356,13.4243,15.7585,17.8661,19.3323,20.0826,21.8843,27.4271,52.5497,136.54,0,0,0,0,0,0,0,0,0,0,0,0,0,0,0,0,0,0,0,0,0
559,6.17266,6.19799,6.05469,6.06802,5.75377,5.48059,5.15933,5.01953,4.89861,4.74834,4.58117,4.24716,3.71386,3.30248,3.07621,3.03772,2.92311,2.76802,2.6552,2.92742,3.71341,4.58139,5.03175,5.36604,5.93122,7.03673,8.32682,9.51966,9.98667,10.3244,11.7705,13.6254,16.0709,18.2774,19.8093,20.5737,22.2555,27.1426,49.0404,123.001,0,0,0,0,0,0,0,0,0,0,0,0,0,0,0,0,0,0,0,0,0
559.5,6.15841,6.2367,6.08953,6.0939,5.78059,5.52645,5.17767,5.08117,4.9312,4.75935,4.57101,4.23438,3.71901,3.29621,3.03895,3.00484,2.93555,2.73676,2.66846,2.91419,3.70442,4.60818,5.03683,5.39991,5.94173,7.06688,8.46587,9.63985,10.1711,10.6002,11.936,13.8376,16.4164,18.773,20.3242,21.142,22.7694,27.1917,46.0683,111.532,0,0,0,0,0,0,0,0,0,0,0,0,0,0,0,0,0,0,0,0,0
560,6.16708,6.2359,6.17786,6.12677,5.8338,5.57536,5.24556,5.13266,4.97749,4.78711,4.60759,4.2564,3.71908,3.29888,3.03669,2.97024,2.92194,2.72261,2.65171,2.89692,3.67778,4.64384,5.02138,5.38671,5.94966,7.09946,8.58143,9.73499,10.3699,10.816,12.1711,14.0565,16.7503,19.4323,20.8971,21.6968,23.3889,27.2791,43.702,101.236,239.721,0,0,0,0,0,0,0,0,0,0,0,0,0,0,0,0,0,0,0,0
560.5,6.20874,6.28313,6.22329,6.20949,5.93497,5.6617,5.30654,5.19136,5.02355,4.82837,4.64988,4.26784,3.72722,3.28905,3.00408,2.94117,2.90589,2.70884,2.64393,2.88931,3.62123,4.61985,5.03466,5.40881,5.95734,7.1831,8.67306,9.86702,10.6108,10.9297,12.4486,14.2403,17.1216,20.0854,21.5915,22.2804,23.9428,27.6649,41.8357,92.7264,222.907,0,0,0,0,0,0,0,0,0,0,0,0,0,0,0,0,0,0,0,0
561,6.27262,6.36076,6.2607,6.30431,6.02513,5.75489,5.36893,5.25788,5.08329,4.90173,4.67523,4.29147,3.71063,3.27641,2.98714,2.91556,2.86379,2.69868,2.63064,2.85759,3.60425,4.62073,5.06299,5.43567,6.00309,7.30425,8.78869,10.017,10.8369,11.166,12.6635,14.5774,17.5036,20.7406,22.3593,23.0565,24.6558,28.2301,40.5659,85.1216,207.308,0,0,0,0,0,0,0,0,0,0,0,0,0,0,0,0,0,0,0,0
561.5,6.28699,6.4529,6.36798,6.4145,6.13614,5.86453,5.46606,5.35166,5.14453,5.00577,4.73278,4.33192,3.71416,3.25897,2.96572,2.89108,2.86295,2.6901,2.62726,2.84486,3.59644,4.64558,5.08976,5.45416,6.01559,7.38603,8.8854,10.2613,11.07,11.3988,12.9693,15.0318,17.9601,21.4403,23.1516,23.8191,25.5451,28.9112,39.5206,78.7761,191.387,0,0,0,0,0,0,0,0,0,0,0,0,0,0,0,0,0,0,0,0
562,6.36775,6.55332,6.40059,6.53879,6.23737,5.96404,5.59242,5.44753,5.24264,5.09005,4.78132,4.3752,3.73642,3.24379,2.95914,2.87788,2.84394,2.66729,2.6178,2.82563,3.5811,4.65353,5.14365,5.51742,6.10039,7.44785,9.11787,10.5093,11.3489,11.8178,13.2657,15.5229,18.4738,22.2184,24.033,24.7508,26.5579,29.7674,38.8997,73.593,175.453,0,0,0,0,0,0,0,0,0,0,0,0,0,0,0,0,0,0,0,0
562.5,6.41324,6.66279,6.47911,6.68558,6.37999,6.11134,5.75386,5.54523,5.34764,5.18073,4.87221,4.44204,3.78217,3.24885,2.9603,2.88086,2.8449,2.66505,2.61346,2.80044,3.5774,4.7219,5.20342,5.56838,6.17155,7.54135,9.23425,10.7607,11.5859,12.2034,13.7368,16.0085,19.0409,22.9455,24.9778,25.7521,27.5127,30.8819,38.8156,69.8173,160.316,0,0,0,0,0,0,0,0,0,0,0,0,0,0,0,0,0,0,0,0
563,6.51015,6.79804,6.68301,6.86916,6.50806,6.26918,5.91015,5.68539,5.47066,5.28612,4.97129,4.50555,3.8187,3.25778,2.95564,2.88513,2.82067,2.6586,2.59542,2.79126,3.57298,4.73581,5.27401,5.60196,6.26564,7.65954,9.40081,11.0582,11.8973,12.5531,14.1664,16.5276,19.6813,23.8433,26.1427,26.8421,28.7036,32.1192,39.1862,66.4143,146.233,0,0,0,0,0,0,0,0,0,0,0,0,0,0,0,0,0,0,0,0
563.5,6.71734,6.94336,6.93206,7.09408,6.74314,6.43993,6.11111,5.8405,5.62284,5.38138,5.11354,4.56388,3.85784,3.31206,2.95984,2.89076,2.8094,2.6571,2.59368,2.79863,3.59593,4.77434,5.32101,5.65926,6.36483,7.83123,9.61541,11.3596,12.2836,12.9813,14.6749,16.9101,20.4314,24.8113,27.5104,28.2063,29.9804,33.3611,39.7836,64.0176,134.579,0,0,0,0,0,0,0,0,0,0,0,0,0,0,0,0,0,0,0,0
564,6.8913,7.15822,7.22742,7.33613,6.97856,6.65538,6.33565,6.04981,5.78082,5.50001,5.21831,4.65422,3.90096,3.34626,2.97421,2.89429,2.80737,2.66748,2.57643,2.79806,3.60375,4.78932,5.40271,5.6899,6.41807,7.97681,9.90582,11.7549,12.7142,13.4206,15.2218,17.4635,21.314,25.9705,29.0254,29.729,31.5385,34.781,40.9063,62.0987,124.632,0,0,0,0,0,0,0,0,0,0,0,0,0,0,0,0,0,0,0,0
564.5,7.11015,7.40158,7.50287,7.56629,7.26059,6.92322,6.55472,6.27319,5.96771,5.65376,5.37192,4.76508,3.95569,3.38771,2.96914,2.89591,2.81009,2.6611,2.57938,2.81427,3.60407,4.79706,5.47328,5.77644,6.48035,8.13646,10.1319,12.1049,13.2432,13.9172,15.8505,18.1519,22.2202,27.1685,30.7381,31.1148,33.3638,36.5367,42.3675,60.6717,116.156,0,0,0,0,0,0,0,0,0,0,0,0,0,0,0,0,0,0,0,0
565,7.3443,7.69228,7.76518,7.86129,7.58297,7.1948,6.82809,6.53157,6.19307,5.85687,5.5281,4.914,4.03378,3.43429,2.9952,2.89913,2.80576,2.67539,2.58163,2.85189,3.62223,4.83048,5.60847,5.85027,6.5264,8.31599,10.4425,12.5276,13.8002,14.424,16.556,19.0357,23.3498,28.4658,32.5297,32.8601,35.5004,38.5361,44.6473,60.3455,108.814,235.567,0,0,0,0,0,0,0,0,0,0,0,0,0,0,0,0,0,0,0
565.5,7.64387,8.03579,8.07718,8.23443,7.91529,7.58669,7.12569,6.84516,6.46657,6.10582,5.70668,5.07762,4.11466,3.48081,3.0208,2.90767,2.79064,2.67233,2.58802,2.86332,3.6426,4.8673,5.68976,5.98882,6.58787,8.51597,10.8124,12.9768,14.374,15.0537,17.3946,20.0143,24.5017,30.1064,34.5466,34.9725,37.9161,40.9545,47.1836,60.417,103.443,222.494,0,0,0,0,0,0,0,0,0,0,0,0,0,0,0,0,0,0,0
566,7.91485,8.33364,8.43525,8.64188,8.31607,7.95148,7.46751,7.15575,6.75261,6.42069,5.91755,5.25287,4.22321,3.53711,3.06353,2.92042,2.79984,2.69483,2.60109,2.89515,3.69124,4.87601,5.79073,6.16337,6.75813,8.78328,11.1938,13.4967,15.0389,15.8447,18.3542,21.035,25.8127,31.8799,36.7693,37.6483,40.6485,42.9605,50.2337,61.5502,98.9079,209.782,0,0,0,0,0,0,0,0,0,0,0,0,0,0,0,0,0,0,0
566.5,8.22131,8.7393,8.88095,9.14864,8.8205,8.3976,7.86186,7.52906,7.09798,6.72126,6.15115,5.44875,4.35378,3.61383,3.10595,2.95766,2.80807,2.70596,2.60563,2.90787,3.72884,4.93669,5.9135,6.36116,6.96257,9.06996,11.5715,14.0636,15.755,16.8745,19.4058,22.31,27.1722,33.8714,39.1921,40.3921,43.726,45.9083,53.2358,63.556,96.2477,197.847,0,0,0,0,0,0,0,0,0,0,0,0,0,0,0,0,0,0,0
567,8.62599,9.20914,9.36728,9.6861,9.36952,8.88831,8.35193,7.90749,7.49967,7.09953,6.44124,5.64838,4.48137,3.70574,3.18494,2.98942,2.82884,2.72964,2.62832,2.92566,3.79368,5.00824,6.05706,6.57628,7.23692,9.43169,11.9897,14.7173,16.6073,17.9115,20.5999,23.6725,28.7585,35.929,41.6521,43.5662,46.9303,49.4084,56.9879,66.3487,94.6064,187.291,0,0,0,0,0,0,0,0,0,0,0,0,0,0,0,0,0,0,0
567.5,9.10945,9.73874,9.8766,10.2715,9.92938,9.43625,8.84832,8.35275,7.94188,7.50508,6.79541,5.88511,4.63892,3.79923,3.27298,3.03013,2.84148,2.76528,2.644,2.96623,3.85624,5.07583,6.22142,6.80739,7.55781,9.81352,12.4622,15.4891,17.5492,19.0099,21.8561,25.0519,30.5892,38.0734,44.2233,47.2289,50.649,54.0022,60.9458,69.5251,94.8301,176.457,0,0,0,0,0,0,0,0,0,0,0,0,0,0,0,0,0,0,0
568,9.68479,10.3144,10.5763,10.9205,10.6405,10.0363,9.42556,8.88375,8.43459,7.96307,7.1976,6.16862,4.82432,3.90544,3.36375,3.05935,2.86767,2.80229,2.68563,3.00438,3.87553,5.21191,6.39736,7.01391,7.8789,10.27,13.073,16.3667,18.6575,20.1366,23.2517,26.7577,32.6909,40.6208,46.6546,51.1369,54.7513,57.9469,65.2923,73.4543,95.7615,167.973,0,0,0,0,0,0,0,0,0,0,0,0,0,0,0,0,0,0,0
568.5,10.2116,10.9605,11.256,11.6912,11.3635,10.7296,10.0711,9.49898,9.00589,8.45691,7.65581,6.49335,5.02905,4.02441,3.42202,3.10997,2.9041,2.81442,2.72407,3.04612,3.9201,5.31795,6.57802,7.28764,8.22991,10.7432,13.7924,17.3147,19.821,21.4299,24.7421,28.6151,35.1373,43.4602,49.7068,55.4741,59.3079,62.5616,70.337,78.2423,96.7605,160.785,0,0,0,0,0,0,0,0,0,0,0,0,0,0,0,0,0,0,0
569,10.8293,11.6661,12.1086,12.5879,12.1569,11.4675,10.839,10.1783,9.6566,9.07221,8.14526,6.84032,5.26351,4.16113,3.50869,3.15835,2.95182,2.84602,2.75827,3.08621,3.98985,5.4726,6.78227,7.58218,8.64835,11.275,14.5701,18.3335,21.0258,23.0113,26.262,30.8493,37.6613,46.7261,53.1654,60.4114,64.6761,68.1434,75.7549,84.1619,99.6384,156.165,0,0,0,0,0,0,0,0,0,0,0,0,0,0,0,0,0,0,0
569.5,11.4938,12.5153,13.0475,13.5963,13.1534,12.4344,11.7145,10.977,10.4134,9.71513,8.69421,7.27535,5.5701,4.34637,3.62996,3.23876,2.98243,2.87109,2.81874,3.15753,4.09283,5.62824,7.03444,7.93018,9.18404,11.9237,15.3479,19.4894,22.4642,24.7624,28.2417,33.4105,40.7326,50.5145,57.8697,66.0846,70.5006,75.0205,81.5315,90.524,103.505,154.161,0,0,0,0,0,0,0,0,0,0,0,0,0,0,0,0,0,0,0
570,12.3358,13.4894,14.1869,14.8155,14.2727,13.5252,12.7123,11.8745,11.2652,10.4785,9.36637,7.78414,5.91283,4.5882,3.77698,3.30276,3.04697,2.91795,2.85217,3.2401,4.26179,5.78314,7.29584,8.37005,9.70467,12.654,16.2628,20.7937,24.1343,26.7965,30.568,36.159,44.1791,54.9231,63.2086,72.0512,77.4197,82.738,89.0898,98.0793,109.348,154.271,258.95,0,0,0,0,0,0,0,0,0,0,0,0,0,0,0,0,0,0
570.5,13.3074,14.6444,15.458,16.1678,15.6153,14.8421,13.912,12.9501,12.2514,11.3472,10.1094,8.34087,6.32572,4.83808,3.93977,3.40351,3.10616,2.97783,2.89567,3.32599,4.42522,5.95693,7.64627,8.85432,10.1605,13.514,17.4145,22.1863,26.1243,29.0016,33.3609,39.1672,48.2676,60.1154,69.1899,79.3045,85.8144,91.466,97.4497,106.638,118.212,157.171,257.559,0,0,0,0,0,0,0,0,0,0,0,0,0,0,0,0,0,0
571,14.4931,16.0229,16.9853,17.7526,17.1923,16.3901,15.2316,14.2509,13.3876,12.4548,11.0126,9.02664,6.824,5.1403,4.10849,3.52367,3.18952,3.0279,2.96746,3.45468,4.61121,6.17883,8.04295,9.40695,10.6527,14.5209,18.8687,23.8982,28.4862,31.5783,36.4037,42.0381,52.9725,66.1452,76.9653,88.6208,94.8795,100.743,107.338,116.763,128.339,161.834,256.865,0,0,0,0,0,0,0,0,0,0,0,0,0,0,0,0,0,0
571.5,15.8721,17.5573,18.6893,19.4898,19.0511,18.0852,16.8055,15.7083,14.6398,13.7352,12.1046,9.76083,7.38598,5.48983,4.30608,3.65752,3.2695,3.08606,3.04458,3.55187,4.74339,6.40735,8.52956,10.0135,11.1392,15.7125,20.555,25.9165,31.1431,34.4833,39.6979,45.6819,58.5151,73.1075,86.2786,99.6512,105.233,112.548,119.904,129.802,140.454,169.392,260.25,0,0,0,0,0,0,0,0,0,0,0,0,0,0,0,0,0,0
572,17.5722,19.3884,20.6635,21.6385,21.3792,20.1107,18.6717,17.371,16.1881,15.2072,13.3382,10.6552,8.02713,5.93468,4.55461,3.85136,3.35273,3.1575,3.15101,3.68533,4.92166,6.73279,9.02579,10.7172,11.6957,17.0607,22.4311,28.4451,34.1745,38.0256,44.1889,50.5288,64.943,81.3433,97.2608,111.54,117.853,126.708,135.236,145.72,154.789,178.864,266.018,0,0,0,0,0,0,0,0,0,0,0,0,0,0,0,0,0,0
572.5,19.4386,21.6347,23.1112,24.1628,24.0324,22.4056,20.9371,19.4062,18.0091,16.829,14.9149,11.8272,8.78334,6.47535,4.8622,4.05751,3.46785,3.25124,3.27638,3.81838,5.14903,7.19641,9.6545,11.5807,12.5892,18.629,24.6585,31.5707,37.6255,42.4227,49.0351,57.3582,72.4503,91.162,109.287,125.334,133.147,144.418,152.855,164.229,171.662,195.296,274.575,0,0,0,0,0,0,0,0,0,0,0,0,0,0,0,0,0,0
573,21.6401,24.2686,26.0051,27.4066,27.1195,25.2243,23.5381,21.8327,20.1991,18.7737,16.594,13.2499,9.65585,7.0607,5.23333,4.28093,3.61836,3.36445,3.40398,3.98836,5.46111,7.77057,10.3672,12.6526,14.0924,20.4524,27.1346,35.0963,41.715,47.3432,55.106,65.069,81.2078,102.586,123.4,141.201,151.416,162.962,173.069,185.795,192.532,214.546,287.405,0,0,0,0,0,0,0,0,0,0,0,0,0,0,0,0,0,0
573.5,24.3307,27.4731,29.5176,31.1581,30.5702,28.6031,26.5288,24.6167,22.9125,21.0916,18.5059,14.8971,10.7065,7.72403,5.67088,4.56181,3.84812,3.52551,3.57886,4.22559,5.85761,8.4158,11.2834,13.8952,16.016,22.6193,30.1577,39.4221,46.3804,53.0554,61.589,74.0622,91.1184,115.1,139.68,157.888,171.919,184.912,196.186,210.917,217.207,239.658,305.306,0,0,0,0,0,0,0,0,0,0,0,0,0,0,0,0,0,0
574,27.5203,30.9489,33.6286,35.3927,34.6465,32.4693,29.9919,27.8549,26.0222,23.8963,20.7061,16.7628,11.8647,8.48788,6.18881,4.85922,4.07955,3.7127,3.76769,4.45643,6.30481,9.18091,12.2885,15.2183,18.4324,25.1127,33.7755,44.2861,52.0628,59.574,69.356,83.9239,102.474,130.073,158.51,180.524,194.973,209.861,223.602,239.851,247.683,267.88,328.723,0,0,0,0,0,0,0,0,0,0,0,0,0,0,0,0,0,0
574.5,31.1601,34.8665,38.0836,40.0576,39.4216,36.728,34.0736,31.5023,29.5547,27.075,23.2829,18.7984,13.2715,9.41386,6.77647,5.21208,4.3317,3.91491,3.98544,4.78916,6.80349,10.0236,13.4728,16.7117,20.7592,27.9975,37.6723,50.0195,58.5606,67.1858,78.2457,94.9098,116.151,147.654,180.237,205.899,219.957,238.675,256.004,273.433,280.532,300.141,356.728,0,0,0,0,0,0,0,0,0,0,0,0,0,0,0,0,0,0
575,35.0587,39.5019,43.1431,45.1344,44.7605,41.581,38.7241,35.5393,33.5095,30.5723,26.2246,21.0899,14.83,10.4726,7.40519,5.63706,4.60959,4.14694,4.22344,5.17589,7.35144,11.0491,14.7841,18.3777,23.1374,31.2615,42.5,56.2516,66.087,75.5773,88.517,107.353,131.783,168.01,205.255,235.477,248.326,271.14,290.563,309.976,318.402,336.954,390.214,513.679,0,0,0,0,0,0,0,0,0,0,0,0,0,0,0,0,0
575.5,39.3054,44.625,48.7614,50.9638,50.6697,46.8451,44.0399,39.8972,37.806,34.293,29.6479,23.7244,16.6073,11.6111,8.16458,6.1106,4.94208,4.41686,4.49914,5.57341,7.99159,12.1814,16.3312,20.2854,25.88,34.8669,47.7221,63.175,74.4348,85.0834,99.5745,120.513,149.441,190.882,232.341,271.72,282.651,306.797,328.395,350.832,358.711,378.682,429.219,548.567,0,0,0,0,0,0,0,0,0,0,0,0,0,0,0,0,0
576,43.6466,50.1521,54.4169,57.5674,56.9221,52.7203,49.7256,45.0252,42.4808,38.3818,33.3655,26.4623,18.5776,12.8471,8.96292,6.65714,5.32336,4.69982,4.79926,5.9818,8.72333,13.3628,17.9997,22.5836,28.6521,38.776,53.5307,70.6495,83.6782,95.2444,112.279,135.087,168.315,214.403,261.245,307.568,318.97,346.186,366.772,394.451,405.782,425.009,472.815,589.117,0,0,0,0,0,0,0,0,0,0,0,0,0,0,0,0,0
576.5,48.8159,56.1318,60.3892,64.7587,63.8376,59.356,55.5693,50.5688,47.601,42.9303,37.3346,29.4426,20.699,14.0726,9.84805,7.25568,5.7299,5.03937,5.16955,6.46314,9.50993,14.6142,19.9067,25.0811,31.8075,43.0574,59.5674,78.6488,93.5236,106.434,126.091,150.272,188.386,239.819,292.249,345.323,361.994,385.809,411.406,441.977,455.694,475.547,518.599,634.665,0,0,0,0,0,0,0,0,0,0,0,0,0,0,0,0,0
577,54.6317,62.4304,67.0269,72.4281,70.9291,66.5889,61.6034,56.4852,53.0687,47.9517,41.4716,32.5683,22.8846,15.385,10.72,7.87095,6.12203,5.40007,5.52302,6.94925,10.3383,15.9987,21.8221,27.5834,35.2238,47.7276,66.0716,86.9286,104.045,118.382,140.891,167.428,210.133,267.402,325.312,385.024,404.305,432.263,455.706,491.398,511.82,530.074,568.594,683.624,0,0,0,0,0,0,0,0,0,0,0,0,0,0,0,0,0
577.5,61.0601,69.1969,74.6742,79.9871,78.482,73.935,68.1932,62.5282,58.7401,53.2266,45.827,35.7961,25.1171,16.7636,11.6486,8.49311,6.52886,5.72848,5.89876,7.46202,11.1653,17.4169,23.7005,30.0428,38.6702,52.6425,71.9434,95.7348,114.876,131.123,156.15,185.582,233.484,296.084,361.356,424.242,450.161,481.439,501.666,545.492,562.661,587.013,620.669,735.181,0,0,0,0,0,0,0,0,0,0,0,0,0,0,0,0,0
578,66.9815,75.8262,81.5903,88.1907,85.95,81.3705,74.7831,68.5027,64.163,58.3502,50.3269,39.3405,27.3501,18.2236,12.551,9.1764,6.9582,6.09695,6.27338,8.01895,12.1101,18.7706,25.768,32.5758,42.4255,57.7225,78.8285,104.667,125.704,143.745,171.092,204.517,257.281,324.352,397.499,461.598,495.709,531.386,557.7,596.466,620.42,638.039,679.501,785.077,0,0,0,0,0,0,0,0,0,0,0,0,0,0,0,0,0
578.5,72.8018,82.8857,88.999,95.9974,93.8437,87.8969,81.6836,74.7206,69.5953,63.4201,54.9924,42.9167,29.569,19.663,13.5561,9.83578,7.44983,6.46097,6.65264,8.59597,13.0814,20.1545,27.8,35.2007,45.835,62.4561,85.6577,113.69,136.615,156.016,185.436,223.935,280.433,352.05,433.654,499.596,539.655,580.416,610.496,652.593,676.312,694.101,736.567,836.028,0,0,0,0,0,0,0,0,0,0,0,0,0,0,0,0,0
579,78.5622,90.0438,95.7386,104.052,102.044,94.9702,88.2961,80.7707,75.1985,68.2036,59.5102,46.3553,31.8387,21.1767,14.4959,10.5276,7.89493,6.79839,6.99195,9.15777,13.9704,21.5031,29.8939,37.8873,49.1678,67.0867,92.4657,122.669,147.276,168.447,199.507,241.025,303.499,379.419,468.367,536.813,582.368,628.165,665.22,704.142,734.951,749.483,787.23,887.091,0,0,0,0,0,0,0,0,0,0,0,0,0,0,0,0,0
579.5,84.1676,97.0116,103.092,111.707,109.698,101.447,94.2932,87.0684,80.5642,72.9166,63.8461,49.7579,34.0161,22.6723,15.4468,11.1728,8.34736,7.14116,7.32676,9.63136,14.6923,22.872,31.8998,40.1475,52.6613,71.7743,98.7277,130.913,157.38,180.245,213.071,256.931,324.441,407.472,501.881,578.164,625.533,673.606,713.352,756.578,780.93,807.064,839.173,936.038,0,0,0,0,0,0,0,0,0,0,0,0,0,0,0,0,0
580,89.6978,103.459,110.188,119.009,117.102,108.65,100.098,92.9474,85.7678,77.6329,67.9732,52.9346,36.0347,24.2212,16.3531,11.7655,8.76886,7.50497,7.66115,10.011,15.3054,24.1498,33.851,42.696,55.7114,75.3067,104.733,138.949,167.137,191.479,225.589,272.28,345.199,434.806,533.1,615.252,662.277,714.712,758.388,801.578,824.921,866.45,888.323,978.967,1088.05,0,0,0,0,0,0,0,0,0,0,0,0,0,0,0,0
580.5,95.0212,109.418,116.985,125.821,123.889,115.342,105.694,98.2051,90.7178,81.9053,71.7995,55.9848,38.1174,25.6182,17.1444,12.3127,9.14105,7.83664,7.92826,10.3734,16.0345,25.2492,35.6481,44.7892,58.9946,79.4333,110.779,146.128,175.669,201.652,238.03,287.728,364.834,458.642,561.918,651.808,701.167,751.102,803.368,847.346,864.513,911.992,932.132,1023.46,1125.56,0,0,0,0,0,0,0,0,0,0,0,0,0,0,0,0
581,99.6158,114.889,123.472,131.863,130.141,121.004,110.476,102.926,95.2441,85.9344,75.4827,58.5303,40.0411,26.8227,17.8764,12.7386,9.47414,8.09018,8.22414,10.7126,16.737,26.2914,37.2089,46.5768,61.7546,82.6813,116.444,152.974,183.996,211.194,248.892,298.125,382.217,479.906,588.703,683.629,729.485,785.359,838,887.525,906.508,953.497,979.547,1052.63,1160.28,0,0,0,0,0,0,0,0,0,0,0,0,0,0,0,0
581.5,103.531,119.178,128.322,136.959,135.466,126.071,115.615,107.229,99.3306,89.186,78.4136,60.8964,41.8035,27.848,18.4886,13.1477,9.79642,8.32646,8.4643,11.0492,17.2921,27.3899,38.6502,47.576,63.9871,86.4196,120.312,157.873,191.371,219.677,256.564,309.27,397.905,498.782,610.888,712.684,754.584,816.991,875.697,919.517,945.723,988.471,1010.84,1087.81,1185.39,0,0,0,0,0,0,0,0,0,0,0,0,0,0,0,0
582,106.798,123.496,131.391,140.697,139.586,130.391,119.555,110.668,102.729,91.9808,81.1505,62.6496,43.1871,28.6756,19.1007,13.4996,10.0563,8.48838,8.70027,11.2611,17.8931,28.3032,39.8237,48.6464,65.9395,89.6073,124.308,162.159,197.416,226.754,264.865,317.061,409.199,516.656,629.187,738.037,770.538,844.119,904.968,947.455,977.262,1020.71,1042.94,1107.3,1207.87,0,0,0,0,0,0,0,0,0,0,0,0,0,0,0,0
582.5,109.813,126.421,133.675,144.012,143.109,134.103,122.665,113.343,105.055,94.5407,82.9768,64.2213,44.3926,29.3302,19.6295,13.8194,10.2615,8.63862,8.85108,11.5242,18.1527,28.8927,40.7297,49.6597,67.537,92.0543,127.346,166.743,202.295,232.376,271.177,326.045,416.658,529.05,644.68,755.207,789.295,855.359,933.034,966.392,998.094,1036.28,1064.81,1123.79,1220.46,0,0,0,0,0,0,0,0,0,0,0,0,0,0,0,0
583,112.268,129.342,135.43,147.17,146.238,136.881,124.986,114.757,106.777,96.7109,84.6157,65.2787,45.1365,29.8278,20.0459,14.1363,10.4248,8.7688,8.97878,11.6533,18.4592,29.3479,41.4217,50.9615,68.8684,93.9074,128.857,169.415,206.143,236.605,276.109,336.079,423.072,539.025,655.738,766.603,804.175,868.103,949.698,979.988,1010.73,1051.43,1082.22,1140.06,1224.67,0,0,0,0,0,0,0,0,0,0,0,0,0,0,0,0
583.5,114.196,131.065,137.832,149.437,148.5,138.861,126.624,115.853,107.827,98.3158,85.4254,66.1602,45.8297,30.1742,20.3209,14.3426,10.5485,8.90965,9.08415,11.824,18.6668,29.6816,41.9224,51.8499,69.932,95.2751,130.683,173.007,208.634,238.539,280.809,341.884,428.677,543.314,663.229,774.977,811.79,872.585,959.392,996.379,1014.94,1055.22,1095.42,1148.46,1222.78,0,0,0,0,0,0,0,0,0,0,0,0,0,0,0,0
584,115.602,131.891,138.897,151.26,149.711,139.676,127.783,116.876,108.649,99.3453,86.0399,66.6852,46.2388,30.4317,20.501,14.4198,10.5562,8.94721,9.13546,11.917,18.7265,29.9052,41.976,52.6011,70.3024,95.7754,131.32,174.057,211.017,238.648,283.242,345.21,433.592,545.582,666.746,776.518,825.132,883.846,964.906,1006.05,1024.78,1062.89,1100.61,1160.83,1210.75,0,0,0,0,0,0,0,0,0,0,0,0,0,0,0,0
584.5,116.181,132.512,139.175,152.165,149.703,139.095,128.206,117.489,108.893,99.4124,85.9933,67.0539,46.4358,30.5028,20.5094,14.4649,10.5331,8.9811,9.1753,12.0124,18.7641,29.9284,41.8006,52.7318,70.4898,95.1276,131.529,175.037,211.286,238.829,284.676,344.35,434.749,546.351,667.259,778.239,830.052,885.131,965.224,1004.44,1029.55,1065.13,1095.65,1159.18,1199.68,0,0,0,0,0,0,0,0,0,0,0,0,0,0,0,0
585,115.955,131.999,139.78,152.27,149.141,138.822,128.172,116.91,108.387,99.0384,85.5323,66.8953,46.2253,30.3924,20.4746,14.3876,10.5312,8.98214,9.14986,11.8075,18.7796,29.7269,41.6885,52.7625,70.1546,94.1402,130.765,174.302,210.746,238.128,283.066,341.769,432.996,544.647,662.545,773.398,827.373,881.484,960.271,989.223,1033.6,1057.88,1088.88,1145.93,1186.89,1198.09,0,0,0,0,0,0,0,0,0,0,0,0,0,0,0
585.5,115.143,131.642,138.613,151.431,148.288,137.897,127.074,116.297,107.472,97.695,84.8972,66.5817,45.7994,30.0666,20.2946,14.3104,10.4704,8.9703,9.09611,11.6701,18.7501,29.4501,41.3462,52.2897,69.563,93.8764,129.329,172.869,209.08,236.544,280.965,337.569,428.035,539.335,656.18,763.58,814.895,874.069,951.616,976.383,1027.69,1057.1,1074.93,1125.78,1175.85,1188.66,0,0,0,0,0,0,0,0,0,0,0,0,0,0,0
586,113.454,130.013,139.008,149.662,146.688,137.078,125.383,114.496,105.764,96.1864,84.1487,65.7372,45.2049,29.6783,20.0578,14.1171,10.3684,8.87926,9.00391,11.5206,18.5824,29.2106,41.1032,51.9175,68.6627,92.9231,127.649,170.292,206.51,233.031,277.504,333.501,421.102,529.913,643.933,750.896,799.995,861.585,940.64,963.545,1014.26,1039.02,1058.91,1100.6,1152.5,1171.22,0,0,0,0,0,0,0,0,0,0,0,0,0,0,0
586.5,111.73,127.896,137.008,146.991,143.883,135.133,122.691,112.688,103.595,94.5061,82.9037,64.4374,44.2214,29.1022,19.7886,13.9342,10.2532,8.7607,8.87842,11.3947,18.2196,28.7124,40.4686,51.2609,67.4543,91.2242,126.237,167.287,202.562,228.001,271.912,329.58,411.281,518.557,631.585,729.392,787.405,850.606,924.361,942.092,996.479,1015.28,1040.54,1074.41,1123.97,1150.93,0,0,0,0,0,0,0,0,0,0,0,0,0,0,0
587,109.207,125.268,134.688,143.946,140.775,132.635,120.303,110.449,101.285,92.4624,80.9854,63.0077,42.9626,28.5252,19.4147,13.6927,10.1242,8.61542,8.73023,11.216,17.8228,27.9581,39.5967,50.0832,65.784,88.9735,123.156,163.633,196.646,222.049,265,323.032,401.585,504.054,616.531,709.133,772.643,829.497,904.685,923.706,978.99,994.691,1022.07,1050.57,1088.96,1117.39,0,0,0,0,0,0,0,0,0,0,0,0,0,0,0
587.5,106.643,121.717,131.362,139.766,136.727,128.6,116.971,107.383,98.7835,89.6431,78.6235,61.1873,41.7084,27.849,18.984,13.453,9.94311,8.43367,8.53787,11.0676,17.367,27.1776,38.5976,48.8747,63.8345,86.2141,119.787,159.449,190.816,215.61,258.47,313.907,390.637,489.701,599.838,686.086,748.148,801.778,879.594,903.033,955.448,959.498,993.104,1026.88,1051.99,1078.06,0,0,0,0,0,0,0,0,0,0,0,0,0,0,0
588,103.762,118.038,128.27,135.181,132.94,124.108,113.378,104.26,95.9593,86.9092,75.9432,59.2322,40.42,27.0038,18.4385,13.078,9.73373,8.16973,8.33615,10.7801,16.9348,26.3448,37.5766,47.2869,61.9335,83.3074,115.828,154.281,183.9,209.137,249.86,304.101,379.302,471.358,577.204,662.453,721.021,775.693,849.587,876.79,924.915,926.369,955.742,992.086,1016.62,1038.53,0,0,0,0,0,0,0,0,0,0,0,0,0,0,0
588.5,100.315,113.56,124.318,129.96,127.923,119.628,109.429,100.769,92.8842,83.7757,73.2586,57.2999,39.225,26.2494,17.8273,12.7291,9.42181,7.94492,8.14419,10.5075,16.4766,25.5594,36.1746,45.8413,59.9162,80.5644,111.983,148.885,177.352,202.127,242.068,294.057,366.356,455.192,555.531,639.028,693.812,747.996,817.201,839.849,890.956,884.479,916.159,957.418,975.666,990.043,0,0,0,0,0,0,0,0,0,0,0,0,0,0,0
589,96.3812,109.235,118.308,124.435,122.479,115.199,105.062,97.0461,89.6642,80.1447,70.4877,55.4868,37.811,25.2704,17.2124,12.3184,9.12849,7.73892,7.93065,10.157,15.9671,24.8829,34.7718,44.23,58.098,77.2879,108.064,142.988,170.795,194.776,232.122,283.333,351.679,439.625,534.602,614.248,666.164,718.866,783.032,808.401,854.413,841.153,871.154,918.335,934.229,942.583,0,0,0,0,0,0,0,0,0,0,0,0,0,0,0
589.5,92.6063,104.847,112.371,118.753,117.342,110.605,100.847,92.7288,86.0717,76.9874,67.8828,53.329,36.2168,24.2722,16.5619,11.8586,8.78476,7.53417,7.68244,9.83791,15.4118,23.9614,33.3565,42.484,56.0371,74.7888,104.093,136.763,164.037,186.953,222.899,271.669,335.447,423.384,515.916,591.351,641.529,687.544,746.771,774.602,818.794,809.838,833.235,882.55,889.659,892.6,0,0,0,0,0,0,0,0,0,0,0,0,0,0,0
590,88.446,100.592,105.847,113.483,112.164,105.928,96.4031,88.6923,82.218,73.9142,65.3223,51.1011,34.8394,23.2021,15.8932,11.4888,8.47602,7.30936,7.40981,9.51127,14.8208,23.1025,31.9641,40.6475,53.7698,72.2556,99.6876,130.788,157.232,178.232,213.362,259.147,319.933,406.123,495.267,570.149,611.438,657.315,712.98,741.995,782.694,781.395,793.752,838.286,846.382,847.035,719.98,0,0,0,0,0,0,0,0,0,0,0,0,0,0
590.5,84.1978,95.9148,100.462,108.319,107.147,100.93,91.7387,84.2984,78.3929,70.632,62.4731,48.6074,33.4901,22.1333,15.2422,11.0707,8.19173,7.07299,7.14869,9.20969,14.2267,22.2622,30.8842,38.9506,51.463,68.6992,95.248,124.481,150.186,169.76,203.804,247.296,304.266,387.055,471.961,547.826,580.14,626.117,674.736,705.292,747.022,751.018,755.019,798.488,800.821,799.511,681.575,0,0,0,0,0,0,0,0,0,0,0,0,0,0
591,80.0901,91.2534,95.8048,103.097,101.091,95.5876,87.0917,80.1386,74.4778,67.461,59.4546,46.3674,32.202,21.1806,14.6484,10.6811,7.93163,6.86826,6.91587,8.89025,13.6401,21.3626,29.5833,37.4401,49.1566,66.068,90.4376,118.658,143.148,161.94,193.757,235.621,289.525,368.948,449.029,524.018,549.987,597.076,641.35,669.478,709.769,715.176,721.02,760.768,762.562,761.18,644.895,0,0,0,0,0,0,0,0,0,0,0,0,0,0
591.5,76.316,86.3738,92.1964,98.2165,96.1682,90.6256,82.5781,76.4891,70.6285,64.111,56.6506,44.1921,30.6703,20.2793,14.1274,10.2521,7.6803,6.65893,6.68065,8.5475,13.0306,20.5106,28.1652,35.9162,46.7994,62.9533,85.8794,112.894,136.455,154.179,183.176,223.248,276.359,349.882,425.935,499.295,524.356,568.47,609.018,636.821,675.937,676.086,687.939,725.301,721.753,723.087,608.784,0,0,0,0,0,0,0,0,0,0,0,0,0,0
592,72.3773,82.0793,87.868,93.3069,91.1877,85.6442,78.4732,72.309,66.9518,60.6586,53.9935,42.0501,29.0665,19.4803,13.5494,9.81886,7.44712,6.45795,6.45532,8.2018,12.4326,19.5994,26.7822,34.1835,44.3743,59.6877,81.7691,107.572,129.839,146.856,173.961,211.799,263.017,332.139,403.719,473.158,499.729,538.586,579.708,605.986,641.712,643.373,656.882,684.082,683.916,683.509,570.867,0,0,0,0,0,0,0,0,0,0,0,0,0,0
592.5,68.7894,77.7587,83.8261,88.5034,86.9363,81.071,74.3622,68.4856,63.5363,57.4655,51.2412,39.9823,27.7196,18.6089,12.951,9.49325,7.19411,6.22887,6.2173,7.8892,11.8805,18.7617,25.4344,32.3018,42.238,56.9789,77.9168,102.323,123.437,139.147,165.095,200.509,249.926,314.817,382.994,448.641,474.861,509.756,552.434,572.608,609.847,615.108,625.452,640.814,650.56,644.429,536.221,0,0,0,0,0,0,0,0,0,0,0,0,0,0
593,65.3713,73.5251,79.5192,83.6139,82.8075,76.9688,70.6308,64.993,60.2171,54.2973,48.6702,37.9927,26.4119,17.8006,12.4414,9.15786,6.94988,6.0012,5.96988,7.55019,11.3641,17.9667,24.216,30.6987,40.1816,54.3765,74.2823,97.3044,117.43,132.005,157.448,189.843,236.981,298.666,362.479,425.58,451.446,484.49,524.619,540.803,580.052,586.75,591.946,607.917,619.699,610.021,501.325,0,0,0,0,0,0,0,0,0,0,0,0,0,0
593.5,61.882,69.7538,74.6958,79.0278,78.7734,73.2382,66.9817,61.7571,57.3558,51.4655,46.0268,36.1199,25.1349,17.011,11.9544,8.81825,6.75793,5.8104,5.77294,7.28243,10.9269,17.3301,23.0117,29.1819,38.3557,52.0218,70.7715,92.7792,111.662,125.435,149.637,180.576,225.331,283.486,343.499,402.631,430.191,456.723,497.207,509.852,550.867,556.118,557.487,581.226,587.218,573.304,468.559,0,0,0,0,0,0,0,0,0,0,0,0,0,0
594,58.5401,66.1673,71.0285,75.0796,74.7571,69.7914,63.6382,58.7575,54.5922,48.852,43.6162,34.3309,23.9566,16.2287,11.4913,8.47804,6.54902,5.62865,5.5749,6.99926,10.3939,16.672,21.8958,28.1909,36.5921,49.6149,67.2197,88.2831,105.823,119.293,142.159,171.415,214.388,268.216,326.068,382.714,411.622,435.565,472.747,485.643,522.177,527.061,526.518,554.745,556.668,542.08,438.502,0,0,0,0,0,0,0,0,0,0,0,0,0,0
594.5,55.3609,62.7152,66.974,71.2689,71.1318,66.2608,60.3996,55.8996,51.8872,46.3517,41.2255,32.6465,22.7348,15.5589,10.9744,8.18798,6.35707,5.45477,5.39712,6.7402,10.0195,16.048,20.9641,26.8458,34.9669,47.3792,63.9507,83.6982,100.212,113.944,134.823,162.596,203.68,255.208,309.935,363.471,390.84,412.173,447.558,466.63,496.113,499.646,500.316,528.94,527.317,512.312,409.579,0,0,0,0,0,0,0,0,0,0,0,0,0,0
595,52.1499,59.4095,63.6797,67.385,67.483,62.7841,57.3795,53.1559,49.3439,44.245,39.0743,31.1382,21.6882,14.8925,10.4866,7.8583,6.13279,5.27962,5.2238,6.50499,9.52425,15.3693,20.0404,25.7778,33.3747,45.2671,60.9999,79.6286,95.3013,108.058,127.983,153.966,193.475,242.44,294.93,346.778,371.285,393.673,425.034,446.203,471.736,474.441,479.05,504.851,496.892,485.639,383.192,339.46,0,0,0,0,0,0,0,0,0,0,0,0,0
595.5,49.7632,56.7199,60.9036,63.9845,64.1801,59.6593,54.462,50.4606,47.0659,42.2143,37.1865,29.7194,20.7261,14.2323,10.0668,7.60942,5.93306,5.14266,5.04984,6.29684,9.23908,14.6791,19.1629,24.6808,31.9935,43.1665,58.3289,75.8289,91.3163,102.979,121.398,146.747,183.868,230.94,280.357,330.474,351.276,375.359,403.56,426.596,448.767,455.07,460.436,479.99,471.902,459.41,358.322,320.005,0,0,0,0,0,0,0,0,0,0,0,0,0
596,47.5054,54.0024,57.8074,61.0018,61.0062,56.737,51.9517,47.8854,44.9078,40.3229,35.4954,28.3495,19.8155,13.639,9.67765,7.35394,5.71494,4.97419,4.86646,6.08928,8.83361,14.0751,18.5489,23.7591,30.5537,41.1005,55.5939,72.6609,87.5278,97.78,115.806,139.402,174.548,219.377,267.014,314.706,333.367,360.217,385.449,406.837,425.459,435.813,441.912,456.531,448.898,433.403,333.645,300.277,0,0,0,0,0,0,0,0,0,0,0,0,0
596.5,45.8829,51.7499,55.3077,58.311,58.1487,54.047,49.3965,45.6327,42.9391,38.5025,33.908,27.0816,18.9357,13.0973,9.29307,7.11046,5.53339,4.84637,4.69005,5.92903,8.49589,13.5705,17.9237,22.8782,29.3994,39.1999,52.8502,69.2609,82.9258,93.4954,111.012,133.644,166.315,208.311,254.889,300.111,317.602,344.053,369.551,385.364,404.419,413.998,422.946,432.105,426.186,410.334,313.052,279.512,0,0,0,0,0,0,0,0,0,0,0,0,0
597,43.9182,49.5101,52.6239,56.0317,55.2443,51.5317,47.1847,43.5455,40.9743,36.8527,32.4262,25.981,18.1296,12.5743,8.96037,6.90462,5.36273,4.68581,4.54173,5.78928,8.23256,13.1104,17.516,21.9724,28.2152,37.5446,50.4207,66.4768,79.1494,89.5827,106.854,128.062,158.258,199.26,243.348,286.123,304.444,328.875,353.214,368.832,385.136,395.128,402.662,411.166,405.982,390.349,294.4,259.104,0,0,0,0,0,0,0,0,0,0,0,0,0
597.5,42.0152,47.4708,50.5911,53.606,52.7236,49.2579,45.1337,41.5586,39.1594,35.1814,31.0274,24.9035,17.4205,12.091,8.64272,6.68982,5.25014,4.57524,4.42646,5.65288,8.0303,12.6737,17.0307,21.0632,27.2112,36.1917,48.3865,63.6716,75.6747,85.67,102.359,122.639,151.381,190.341,232.841,272.94,290.611,313.701,337.637,351.987,367.391,377.694,383.669,394.066,385.358,369.924,278.686,239.392,0,0,0,0,0,0,0,0,0,0,0,0,0
598,40.2723,45.6891,48.7293,51.2618,50.3259,47.031,43.2832,39.7059,37.3009,33.7933,29.9033,23.888,16.7646,11.6159,8.33494,6.47199,5.13679,4.45399,4.34305,5.484,7.89069,12.2218,16.4011,20.2481,26.2174,34.9228,46.029,61.1756,72.5978,82.1559,98.0084,117.2,144.849,182.488,223.38,261.422,277.887,300.029,324.021,336.663,350.257,360.441,365.673,375.299,369.478,349.651,263.67,220.083,0,0,0,0,0,0,0,0,0,0,0,0,0
598.5,38.7805,43.731,46.7992,49.0213,48.2952,45.1141,41.74,38.0694,35.6751,32.5552,28.8024,22.9684,16.1949,11.1854,8.06277,6.28286,5.0242,4.37061,4.26165,5.29478,7.7032,11.7796,15.8105,19.4541,25.1795,33.6432,44.1101,58.7214,70.3067,78.5152,94.1024,112.405,139.458,174.579,214.875,250.195,265.095,287.031,310.809,322.734,334.758,344.911,350.948,362.527,354.705,331.462,250.533,202.593,0,0,0,0,0,0,0,0,0,0,0,0,0
599,37.2158,41.8263,44.7476,46.8864,46.4834,43.3834,40.107,36.5927,34.27,31.3096,27.7017,22.1074,15.6809,10.8124,7.75537,6.08248,4.8947,4.2763,4.1821,5.12856,7.54808,11.3806,15.2617,18.7646,24.2332,32.283,42.5929,56.3759,67.3599,75.4588,90.1254,108.299,134.104,167.35,206.583,239.56,253.985,273.933,297.18,309.665,319.958,330.653,337.923,346.346,343.355,315.186,236.342,186.517,0,0,0,0,0,0,0,0,0,0,0,0,0
599.5,35.9639,40.2038,42.9938,45.1705,44.7795,41.5529,38.6609,35.2746,32.9658,30.2304,26.6797,21.3285,15.1089,10.4515,7.53151,5.91526,4.73642,4.18388,4.08198,5.01188,7.32909,11.016,14.7506,18.1283,23.3355,31.0243,41.2577,54.1392,64.7762,72.3475,86.5494,103.903,129.397,160.675,198.724,230.353,244.078,262.183,283.874,295.646,307.554,318.825,324.68,333.782,330.356,302.949,224.469,171.801,0,0,0,0,0,0,0,0,0,0,0,0,0
600,34.8011,38.6241,41.71,43.6113,43.3086,39.8544,37.1267,34.1877,31.7975,29.1827,25.5818,20.5322,14.4936,10.1473,7.33691,5.7661,4.60048,4.09772,3.9859,4.92488,7.10248,10.6565,14.3524,17.5423,22.5731,29.8299,39.8046,51.9743,62.2375,69.8996,83.3124,100.036,124.242,154.224,190.429,221.845,233.369,249.327,269.821,283.549,295.304,306.207,311.963,320.202,319.306,293.592,213.08,158.729,244.177,0,0,0,0,0,0,0,0,0,0,0,0
600.5,33.6884,37.4007,40.4243,42.1896,41.7272,38.3016,35.6274,33.0222,30.685,28.1327,24.6431,19.7868,13.9952,9.86188,7.11203,5.62131,4.52763,3.98864,3.89499,4.79565,6.91505,10.3305,13.9148,17.0593,21.8563,28.7766,38.3278,50.0197,60.0732,67.3659,80.3212,96.2446,119.578,148.12,183.281,213.831,225.989,237.975,259.661,273.315,285.276,294.756,299.895,307.31,306.698,283.523,203.261,145.989,230.932,0,0,0,0,0,0,0,0,0,0,0,0
601,32.5377,36.2747,39.1968,40.8571,40.4141,37.0598,34.4156,32.0142,29.6298,27.2525,23.7866,19.1682,13.5985,9.58716,6.91163,5.46808,4.43891,3.89518,3.81941,4.6321,6.75653,10.0984,13.5392,16.6276,21.1883,27.7649,37.19,48.2686,57.9245,65.3827,77.6857,92.8992,114.737,142.292,176.299,205.797,217.131,229.773,248.854,265.061,274.495,283.275,288.1,297.251,295.44,272.965,193.871,134.603,215.349,0,0,0,0,0,0,0,0,0,0,0,0
601.5,31.5567,35.2429,37.9159,39.3139,39.2158,36.1678,33.2699,31.0937,28.7889,26.3489,23.1965,18.6295,13.2608,9.31016,6.70949,5.31533,4.33967,3.79338,3.72211,4.50101,6.63223,9.88891,13.1189,16.1378,20.5459,26.8446,35.9322,46.5632,55.7244,63.2046,75.0284,89.7464,110.519,137.651,169.854,197.947,210.119,224.303,242.964,256.384,263.35,273.14,278.635,287.117,285.387,261.244,184.164,125.192,198.951,0,0,0,0,0,0,0,0,0,0,0,0
602,30.6904,34.2069,36.7044,38.0226,38.0251,34.9501,32.3741,30.1621,28.0346,25.6121,22.5943,18.112,12.8826,9.04222,6.55774,5.18624,4.25749,3.72691,3.62968,4.42769,6.51324,9.69251,12.724,15.6721,19.9795,26.0026,34.5986,44.7634,54.1014,61.0138,72.66,87.1351,106.694,133.182,163.863,190.777,201.575,218.04,235.991,249.327,255.949,264.008,270.031,278.575,276.797,250.837,176.489,116.439,183.767,0,0,0,0,0,0,0,0,0,0,0,0
602.5,29.8227,33.1663,35.4689,36.937,36.9251,33.9269,31.4806,29.3604,27.256,24.9172,21.9064,17.6318,12.4692,8.79957,6.38505,5.10467,4.17931,3.6893,3.54083,4.36372,6.34134,9.46354,12.395,15.2416,19.4371,25.2271,33.5106,43.1613,52.4025,59.1731,70.4347,84.5367,103.293,129.152,158.589,184.319,195.008,210.804,228.73,241.137,247.788,253.709,263.034,270.039,268.932,242.572,170.509,108.894,168.27,0,0,0,0,0,0,0,0,0,0,0,0
603,29.0492,32.2742,34.4443,35.9347,35.8256,33.0019,30.6582,28.4954,26.4848,24.2688,21.3723,17.1978,12.0995,8.55767,6.24449,5.02677,4.10768,3.64705,3.48605,4.30222,6.20116,9.27358,12.0291,14.7903,18.9175,24.6012,32.677,42.027,51.0002,57.1076,68.417,82.0742,100.838,125.59,154.354,178.115,189.42,204.379,222.947,233.54,242.22,246.376,256.248,260.767,261.298,236.072,164.671,101.585,153.717,0,0,0,0,0,0,0,0,0,0,0,0
603.5,28.2823,31.5154,33.4683,34.9698,34.9166,32.2827,29.8459,27.6885,25.824,23.6388,20.7652,16.7748,11.7649,8.34615,6.11836,4.934,4.03728,3.59605,3.44759,4.25955,6.07429,9.06082,11.8047,14.2949,18.4111,24.1028,31.99,41.2123,49.6628,55.9592,66.4975,79.8332,98.5516,121.968,150.414,172.324,183.432,199.086,216.622,224.792,234.826,239.562,248.912,253.042,253.018,229.368,159.593,95.0811,139.59,0,0,0,0,0,0,0,0,0,0,0,0
604,27.5763,30.8226,32.5335,34.102,34.1102,31.5132,29.0069,26.9325,25.1588,22.9408,20.1889,16.377,11.5136,8.16913,5.99667,4.82237,3.9878,3.51617,3.41931,4.18792,5.93211,8.82761,11.5487,13.9427,17.8497,23.7179,31.3079,40.3758,48.5098,54.3987,64.6135,77.607,96.2396,118.352,146.604,167.871,178.556,193.453,211.08,217.334,228.643,234.016,242.872,245.831,245.397,223.278,154.785,89.3144,126.251,0,0,0,0,0,0,0,0,0,0,0,0
604.5,26.9146,30.1167,31.5931,33.4756,33.2066,30.9234,28.2084,26.3148,24.5193,22.3593,19.851,15.9625,11.2942,8.02086,5.88599,4.74475,3.93175,3.45455,3.36892,4.08757,5.80123,8.62653,11.3279,13.6779,17.3756,23.2712,30.586,39.4592,47.1902,53.4045,62.9388,75.4186,94.1526,115.206,142.791,163.255,174.132,188.739,205.41,211.136,222.154,228.499,237.077,239.993,237.489,216.531,149.981,84.3013,114.37,0,0,0,0,0,0,0,0,0,0,0,0
605,26.28,29.3988,31.0712,32.8504,32.3771,30.2269,27.5628,25.7048,23.9988,21.8595,19.4368,15.5988,11.0692,7.89028,5.73382,4.6769,3.85219,3.40864,3.3249,4.01097,5.66392,8.43321,11.0823,13.4731,16.9874,22.7207,29.8637,38.6114,45.9762,52.3776,61.4975,73.317,91.8694,112.895,138.833,160.37,170.806,183.793,200.177,206.281,216.708,221.098,231.519,233.76,230.501,210.458,146.368,79.9355,104.419,205.033,0,0,0,0,0,0,0,0,0,0,0
605.5,25.8106,28.7236,30.6126,32.1553,31.5207,29.6765,26.9773,25.1401,23.4628,21.4231,19.1011,15.2867,10.8983,7.73882,5.64883,4.58323,3.80089,3.3617,3.26236,3.9515,5.54689,8.2668,10.7757,13.3027,16.5971,22.2573,29.2242,37.707,44.7666,50.7705,60.011,71.5439,89.3438,110.897,135.368,155.838,167.688,179.298,194.824,199.545,211.443,215.38,226.024,228.117,224.126,204.576,142.298,76.3389,95.1984,194.103,0,0,0,0,0,0,0,0,0,0,0
606,25.3799,28.1224,30.4807,31.5233,30.8347,29.0132,26.4839,24.6655,22.983,21.0751,18.6932,15.0071,10.7059,7.59226,5.55732,4.48174,3.73025,3.30312,3.21106,3.86895,5.42538,8.10011,10.494,13.1065,16.2949,21.757,28.5212,36.832,43.7743,49.707,58.7181,70.1672,87.0752,108.636,132.291,151.393,164.278,175.222,190.03,195.397,206.801,210.459,220.997,221.964,219.295,199.928,138.166,72.5318,86.9725,182.604,0,0,0,0,0,0,0,0,0,0,0
606.5,24.8667,27.6177,29.8434,30.9411,30.1743,28.313,25.9236,24.2445,22.5511,20.6188,18.3315,14.7889,10.4976,7.43932,5.50469,4.38257,3.67715,3.25069,3.15872,3.80816,5.34435,7.91965,10.2496,12.8219,15.9061,21.2448,27.8387,36.0999,42.7894,48.5575,57.3135,68.8843,84.7115,106.099,129.394,148.627,160.412,171.225,185.871,192.419,203.035,205.813,215.657,216.432,213.534,194.919,134.637,69.6313,79.8109,169.972,0,0,0,0,0,0,0,0,0,0,0
607,24.4254,27.0752,29.1914,30.3175,29.6664,27.6788,25.3436,23.8346,22.1706,20.2398,17.9475,14.5566,10.3346,7.32592,5.46208,4.2989,3.63245,3.19726,3.12608,3.72435,5.25962,7.73897,10.0411,12.5114,15.5553,20.7659,27.3443,35.4811,41.8809,47.6764,56.1162,67.651,82.472,103.685,126.673,146.038,157.435,166.758,182.345,189.339,199.36,202.147,211.43,211.771,209.416,190.038,131.437,67.1978,73.4124,156.919,0,0,0,0,0,0,0,0,0,0,0
607.5,23.9407,26.6403,28.4889,29.6264,29.1353,27.3038,24.767,23.3648,21.7521,19.8272,17.696,14.2817,10.1828,7.19462,5.37914,4.22648,3.55526,3.15513,3.09516,3.656,5.13358,7.61411,9.83284,12.263,15.2744,20.2869,26.7019,34.8376,41.0713,46.7849,54.9714,66.155,80.71,101.489,123.886,144.26,153.827,162.319,178.078,186.418,195.59,197.723,207.121,207.711,204.67,185.678,128.335,65.2865,67.8049,143.874,0,0,0,0,0,0,0,0,0,0,0
608,23.5649,26.1731,27.9567,28.9878,28.7256,26.8002,24.1746,22.9786,21.3769,19.4783,17.3424,14.0429,10.0496,7.08319,5.2664,4.18947,3.50681,3.1169,3.05399,3.58802,5.02683,7.50635,9.67361,11.9887,14.9621,19.9113,26.282,34.2622,40.1889,46.0131,53.9738,64.3778,79.4121,99.7997,121.479,142.114,150.813,158.708,174.891,182.457,191.859,194.287,203.2,203.691,200.733,181.513,125.82,63.2455,63.1762,131.891,0,0,0,0,0,0,0,0,0,0,0
608.5,23.2317,25.7878,27.516,28.4712,28.287,26.2906,23.8938,22.5841,20.9617,19.1626,17.0571,13.8066,9.92768,6.99336,5.19363,4.1504,3.45875,3.08842,3.0264,3.54152,4.88641,7.4166,9.59643,11.7238,14.7611,19.5863,25.7072,33.6018,39.4156,45.3727,53.1625,63.0675,78.2465,98.1116,119.505,139.257,147.509,155.256,169.974,179.386,188.106,190.479,199.246,199.626,196.636,178.028,123.442,61.5412,59.0982,120.532,0,0,0,0,0,0,0,0,0,0,0
609,22.8208,25.2961,27.0606,28.0597,27.7603,25.9171,23.4971,22.1875,20.5897,18.8304,16.7857,13.5604,9.77495,6.87406,5.10161,4.09749,3.41507,3.02832,2.97483,3.48161,4.76606,7.32125,9.46582,11.6034,14.4593,19.178,25.2207,32.9856,38.7371,44.5567,52.146,62.0046,76.6786,96.2932,117.343,136.188,143.776,152.461,167.172,175.885,183.056,187.706,195.552,195.758,192.585,174.898,121.283,59.7488,55.768,109.831,0,0,0,0,0,0,0,0,0,0,0
609.5,22.4511,24.8381,26.6316,27.5588,27.3153,25.5418,23.1406,21.7863,20.1801,18.4887,16.553,13.2913,9.64025,6.77029,5.02641,4.05786,3.40883,2.99095,2.9248,3.40556,4.65878,7.21881,9.30568,11.4053,14.1623,18.8034,24.8606,32.4196,38.0017,43.8054,51.2076,61.1823,74.2455,94.3903,115.076,133.925,137.635,149.81,164.344,171.054,179.322,184.752,192.057,191.617,188.671,171.747,119.522,58.0575,52.6015,99.8979,0,0,0,0,0,0,0,0,0,0,0
610,22.1167,24.5153,25.9796,27.125,26.7815,25.1538,22.9022,21.3816,19.8583,18.166,16.2952,13.075,9.52013,6.66929,4.9706,4.02323,3.36811,2.9557,2.85693,3.32258,4.61122,7.13613,9.12839,11.1963,13.838,18.537,24.3343,31.8448,37.2698,43.1066,50.2254,59.5724,71.7238,92.4599,112.578,131.469,134.718,147.193,161.807,167.808,175.554,181.598,188.45,188.682,185.214,168.261,117.444,56.9048,49.705,91.1397,195.807,0,0,0,0,0,0,0,0,0,0
610.5,21.832,24.0951,25.5385,26.7456,26.3564,24.8055,22.6325,20.973,19.5462,17.8527,16.0546,12.891,9.41663,6.60117,4.92996,4.00822,3.31907,2.93811,2.81041,3.29076,4.55709,6.95992,8.90055,10.9568,13.5273,18.2385,23.919,31.2526,36.7598,42.3129,49.2519,58.3414,69.8859,90.65,110.628,128.909,132.488,145.777,158.218,163.44,171.937,178.821,184.926,185.186,181.686,165.184,115.541,55.481,46.9403,83.2089,184.456,0,0,0,0,0,0,0,0,0,0
611,21.4777,23.6964,25.1036,26.3507,25.9572,24.4195,22.2413,20.6884,19.3267,17.6325,15.8048,12.7589,9.27512,6.51195,4.86557,3.99605,3.25863,2.91877,2.74592,3.26094,4.48718,6.81645,8.67877,10.7528,13.34,17.992,23.544,30.5931,36.1852,41.5694,48.1767,57.1816,68.9702,89.0857,108.686,126.465,132.647,143.434,153.782,161.675,168.796,175.932,181.612,181.592,179.317,162.439,113.483,54.9323,44.6855,76.2146,172.911,0,0,0,0,0,0,0,0,0,0
611.5,21.1234,23.3404,24.6706,26.0223,25.5906,23.9749,21.84,20.3529,19.1216,17.4123,15.55,12.6165,9.13393,6.47221,4.8248,3.94785,3.22789,2.88843,2.7419,3.23298,4.38649,6.68435,8.50185,10.5406,13.1193,17.6509,23.2623,30.0258,35.5572,40.7669,47.2255,56.1369,68.8176,87.3355,106.63,123.886,131.64,140.244,150.163,159.449,165.136,172.796,177.613,178.254,175.588,159.061,111.326,53.9808,42.6177,70.0023,161.253,0,0,0,0,0,0,0,0,0,0
612,20.7497,23.0168,24.1832,25.792,25.2014,23.5928,21.3944,20.0743,18.8677,17.2837,15.3092,12.4639,8.96769,6.41772,4.78247,3.90461,3.20702,2.84328,2.73057,3.2025,4.26822,6.56584,8.43771,10.3081,12.905,17.3491,22.9534,29.4596,35.0384,39.9481,46.3256,55.0121,68.5894,85.7092,104.65,121.584,128.51,137.634,147.706,157.764,162.358,169.934,173.874,174.444,172.791,156.85,109.489,53.308,40.9879,64.579,149.943,0,0,0,0,0,0,0,0,0,0
612.5,20.4316,22.7115,23.6606,25.3949,24.8418,23.2005,21.0743,19.8782,18.6735,17.0961,15.0761,12.3278,8.79842,6.36746,4.7787,3.87182,3.20083,2.80178,2.70177,3.16457,4.17814,6.48699,8.3184,10.1671,12.7817,17.0579,22.6227,28.9481,34.4321,39.1292,45.2349,54.1832,67.4813,84.2566,102.801,119.409,125.633,135.852,145.945,155.393,158.397,165.976,170.507,171.2,170.042,153.156,107.878,52.6429,39.5606,59.882,139.046,0,0,0,0,0,0,0,0,0,0
613,20.1949,22.3886,23.3988,24.9335,24.5115,22.8569,20.7886,19.6088,18.3772,16.8389,14.8372,12.1491,8.71172,6.27838,4.7442,3.81921,3.16724,2.7796,2.65675,3.14885,4.1191,6.40321,8.24048,9.94555,12.6054,16.7499,22.2699,28.5443,33.9256,38.2879,44.4874,53.3155,66.236,82.7769,101.179,117.441,123.337,133.589,144.248,152.514,157.391,162.953,167.916,169.101,167.764,150.385,106.213,51.8343,38.2934,55.8321,128.461,0,0,0,0,0,0,0,0,0,0
613.5,19.9446,22.1036,23.2596,24.5533,24.1373,22.5526,20.5589,19.3375,18.1389,16.5795,14.5861,11.9831,8.66692,6.17982,4.7084,3.78776,3.13014,2.78597,2.62512,3.12116,4.14272,6.3222,8.16656,9.83922,12.452,16.4979,21.8614,28.1565,33.3407,37.5114,43.5815,52.7024,65.3196,81.2859,99.7333,115.61,121.246,131.883,141.74,150.315,154.935,159.819,165.771,165.971,165.57,147.558,104.46,51.0139,37.2693,52.3928,118.012,0,0,0,0,0,0,0,0,0,0
614,19.6875,21.7477,23.0738,24.1354,23.8417,22.3962,20.331,19.0721,17.8642,16.28,14.3651,11.7962,8.63131,6.12449,4.68149,3.7643,3.07871,2.76143,2.61179,3.08309,4.18777,6.23853,8.0472,9.73748,12.3053,16.2584,21.492,27.7806,32.8718,36.7445,43.0621,52.0841,64.4007,79.9079,98.0771,113.997,120.048,129.305,139.929,148.231,153.62,157.794,163.521,164.084,162.434,145.105,102.847,50.413,36.38,49.2674,107.48,0,0,0,0,0,0,0,0,0,0
614.5,19.3906,21.4328,22.7571,23.9267,23.5478,22.1629,20.0883,18.8646,17.6618,16.1195,14.2012,11.6841,8.53664,6.06312,4.61271,3.7305,3.0465,2.71854,2.59003,3.05007,4.22484,6.1532,7.92577,9.61639,12.1226,16.0165,21.072,27.3174,32.3211,35.9314,42.5691,51.3069,63.4417,78.7513,96.3572,112.309,115.586,126.74,137.684,146.675,152.008,154.78,161.495,161.304,159.859,143.731,100.746,49.7972,35.6736,46.2079,98.0898,0,0,0,0,0,0,0,0,0,0
615,19.1567,21.2004,22.5169,23.6171,23.3044,21.8732,19.9749,18.6415,17.4243,15.9678,14.1449,11.5204,8.40228,6.01058,4.57116,3.6944,3.0269,2.69019,2.56404,3.02762,4.2324,6.0553,7.80026,9.57562,11.9685,15.8251,20.6764,26.81,31.7728,35.2758,42.0555,50.5507,62.4325,77.8563,94.6197,110.546,112.811,125.015,135.861,144.15,149.026,152.917,158.812,158.863,157.435,142.374,99.0747,49.2442,35.0695,43.6218,89.3522,182.765,0,0,0,0,0,0,0,0,0
615.5,18.903,20.9468,22.2835,23.2709,23.1677,21.5829,19.7347,18.3428,17.2257,15.7811,14.0639,11.3772,8.28888,5.97185,4.50473,3.65346,3.02476,2.66978,2.51682,3.00093,4.19076,5.95919,7.68659,9.4063,11.8409,15.6489,20.3274,26.4114,31.2524,34.6168,41.4403,49.7443,61.396,76.9751,93.0047,108.724,110.254,123.672,133.521,142.135,146.219,151.133,156.045,156.649,155.372,139.602,97.4688,48.6592,34.5063,41.3934,81.7912,173.483,0,0,0,0,0,0,0,0,0
616,18.6833,20.8553,22.2198,23.0656,22.9471,21.3019,19.5489,18.0768,17.0738,15.6583,13.9632,11.2738,8.19847,5.92897,4.48838,3.61457,3.01309,2.66437,2.51275,2.96027,4.13896,5.87636,7.59116,9.19538,11.6629,15.4095,20.117,26.1331,30.7377,34.1663,40.8531,48.984,60.6946,75.4053,91.5099,107.295,109.72,122.652,132.395,140.322,143.66,149.163,153.331,154.975,153.914,137.808,95.8331,48.1918,33.9764,39.6303,75.43,164.558,0,0,0,0,0,0,0,0,0
616.5,18.4677,20.7118,21.9673,22.8318,22.7337,21.0785,19.2824,17.8434,16.9192,15.4424,13.7842,11.1811,8.12161,5.90334,4.44002,3.59602,3.00277,2.66395,2.51607,2.93729,4.08841,5.83493,7.50509,9.00034,11.5181,15.0906,19.9906,25.7779,30.1668,33.7478,40.165,47.9906,59.8481,74.2777,90.104,105.486,110.024,121.345,130.575,139.322,141.735,147.342,151.072,152.657,151.97,136.686,94.8779,47.747,33.508,37.8746,69.7595,154.498,0,0,0,0,0,0,0,0,0
617,18.2643,20.5102,21.6148,22.6535,22.5384,20.8958,19.2206,17.6376,16.8559,15.3298,13.6393,11.0471,8.06243,5.86396,4.41064,3.58095,2.97165,2.62756,2.49881,2.92199,4.06759,5.77902,7.398,8.89252,11.3551,14.8738,19.8037,25.5289,29.7605,33.4994,39.6765,47.3554,59.2611,73.1515,89.2627,103.886,110.071,119.48,129.137,137.596,140.571,145.456,149.581,151.278,150.517,136.883,93.8508,46.8431,33.3436,36.49,64.6932,144.106,0,0,0,0,0,0,0,0,0
617.5,18.0774,20.3493,21.4081,22.5056,22.3561,20.7588,19.13,17.5189,16.6869,15.1674,13.5364,10.9446,8.0303,5.88328,4.39708,3.5664,2.9714,2.60772,2.47915,2.92016,4.03529,5.73423,7.34656,8.8218,11.2473,14.6587,19.5599,25.2611,29.3546,32.825,39.2641,46.9753,58.6839,72.785,88.1661,101.694,109.113,117.253,128.248,135.976,139.081,143.505,148.166,149.403,148.846,136.778,92.8008,46.2351,33.221,35.2237,60.2266,132.993,0,0,0,0,0,0,0,0,0
618,17.9229,20.2213,21.3465,22.4006,22.2388,20.6069,19.0282,17.4535,16.525,15.0434,13.4536,10.8461,7.98962,5.87208,4.39708,3.57252,2.96902,2.56714,2.4553,2.90895,4.00373,5.64887,7.25942,8.8033,11.1205,14.4408,19.2934,25.1025,29.2682,32.3986,38.9575,46.8419,58.081,72.2311,86.5071,100.072,108.929,115.776,126.342,133.492,137.516,141.803,146.821,148.071,147.466,136.092,91.7237,45.5298,33.0394,34.2989,56.423,122.834,0,0,0,0,0,0,0,0,0
618.5,17.8125,20.1058,21.3749,22.2937,22.1166,20.5432,18.9643,17.328,16.3234,14.9437,13.3872,10.7591,7.9789,5.87346,4.38143,3.56166,2.9568,2.57112,2.45204,2.8619,3.96874,5.59528,7.21207,8.74201,11.0189,14.292,18.89,25.0314,29.0951,32.0753,38.5881,46.3933,57.49,71.9024,84.9867,98.3166,108.222,114.824,124.634,132.208,136.47,141.662,146.322,147.095,146.16,135.001,90.2612,45.2403,32.8517,33.4079,53.2855,113.186,0,0,0,0,0,0,0,0,0
619,17.785,20.0607,21.3141,22.1702,21.941,20.4774,18.8044,17.2573,16.2063,14.8707,13.342,10.7782,7.95111,5.84422,4.37186,3.57883,2.95385,2.56812,2.43108,2.81099,3.9014,5.53611,7.14827,8.68138,10.9482,14.1712,18.6435,24.904,28.9333,31.9761,38.3163,46.0006,57.0855,71.321,83.9229,97.2208,107.542,114.55,123.182,130.679,135.557,140.576,145.29,145.673,145.16,133.726,89.4211,45.1081,32.6512,32.6474,50.5432,105.007,0,0,0,0,0,0,0,0,0
619.5,17.7814,19.9308,21.2135,22.185,21.8891,20.4265,18.7277,17.219,16.0755,14.7474,13.2629,10.7748,7.92729,5.81184,4.37397,3.56775,2.94437,2.5675,2.4377,2.79197,3.87545,5.54773,7.07919,8.63802,10.8461,14.0558,18.4206,24.7627,28.75,31.8007,38.137,45.8163,56.7969,70.8919,84.0957,96.9395,106.788,114.423,122.171,129.378,134.275,140.814,144.595,145.589,143.186,132.703,88.7142,45.0619,32.5809,32.2026,47.9552,96.4687,0,0,0,0,0,0,0,0,0
620,17.7024,19.8516,21.1642,22.1676,21.8789,20.3534,18.5901,17.258,16.0143,14.6444,13.2512,10.7523,7.89816,5.79073,4.36296,3.55977,2.92555,2.56822,2.43122,2.78616,3.86553,5.54048,7.03224,8.60255,10.7873,13.985,18.2937,24.5113,28.5911,31.7235,38.032,45.4103,56.5678,70.3169,84.4476,97.5387,105.918,113.421,122.104,128.891,133.185,140.149,143.682,145.508,142.298,131.985,88.6647,45.0621,32.6748,31.7937,45.5657,89.0456,171.78,0,0,0,0,0,0,0,0
620.5,18.6055,20.5446,21.379,23.0141,22.3335,20.4813,18.2923,16.6395,15.4509,13.8296,12.3241,9.82819,7.08457,4.93089,3.53281,2.79897,2.17938,1.89075,1.80994,2.17751,3.05807,4.5819,6.22412,7.78714,9.97399,13.2781,17.9738,23.6964,27.6335,32.3739,38.0743,45.6403,56.7833,70.0364,86.378,100.614,106.03,115.241,121.175,128.638,135.827,136.588,142.978,149.05,146.376,132.037,89.794,46.3017,33.1476,32.8886,43.9537,83.2775,163.325,0,0,0,0,0,0,0,0
621,18.5083,20.6481,21.5874,22.9942,22.2431,20.5261,18.2127,16.6269,15.4178,13.8082,12.3285,9.8247,7.09491,4.9269,3.5732,2.79882,2.17603,1.86973,1.80341,2.17351,3.03798,4.53116,6.19838,7.69549,9.90759,13.2004,17.9413,23.611,27.5661,32.2634,37.8876,45.4038,56.8563,69.5998,86.3032,100.828,105.824,114.626,120.86,127.337,136.102,135.473,143.735,149.396,146.484,132.8,89.6673,46.2793,33.0617,32.4994,41.9226,76.6794,154.755,0,0,0,0,0,0,0,0
621.5,18.498,20.6384,21.5287,22.9579,22.3269,20.5639,18.1942,16.6473,15.3702,13.832,12.3198,9.8445,7.10326,4.91959,3.59896,2.79016,2.1945,1.87316,1.79198,2.17623,3.0104,4.54278,6.1023,7.63693,9.79541,13.1738,17.9052,23.3544,27.6469,32.1064,37.6165,45.1151,56.4411,69.216,85.9739,100.472,105.66,114.544,120.945,126.724,136.139,136.242,143.945,148.846,146.355,134.237,89.6363,46.3109,33.2325,32.2308,40.3095,70.9666,145.233,0,0,0,0,0,0,0,0
622,18.5118,20.6533,21.4064,22.8896,22.441,20.6985,18.2332,16.5129,15.3477,13.8254,12.3636,9.83996,7.14083,4.92177,3.62191,2.78802,2.18658,1.87825,1.79305,2.1764,3.02402,4.5407,6.06461,7.57536,9.74744,13.1287,17.9118,23.2827,27.5259,32.0556,37.3899,45.1375,56.3302,69.3075,85.7189,100.628,106.162,113.913,120.879,126.579,135.911,137.726,143.807,148.407,146.205,135.159,89.8361,46.4948,33.2839,32.1628,39.4238,66.2222,136.476,0,0,0,0,0,0,0,0
622.5,18.598,20.723,21.5687,22.908,22.569,20.7056,18.3115,16.3793,15.3422,13.8062,12.4064,9.82811,7.13959,4.92002,3.62467,2.79211,2.20147,1.87966,1.7956,2.15127,3.04941,4.53708,6.02401,7.60299,9.67617,13.0826,17.9045,23.0968,27.5212,31.9291,37.2348,45.1019,56.1271,69.4205,85.1372,99.7181,106.319,112.929,120.504,126.426,134.787,138.085,143.578,148.245,146.83,135.446,90.2953,46.2714,33.5226,32.3177,38.5521,62.4135,128.194,0,0,0,0,0,0,0,0
623,18.7136,20.7631,21.7045,22.9981,22.7229,20.7154,18.3695,16.4128,15.3868,13.7992,12.4924,9.85312,7.14014,4.95221,3.59895,2.7923,2.19987,1.86987,1.80344,2.14943,3.05232,4.52272,6.03435,7.62496,9.6774,13.0409,17.8446,23.2831,27.4278,32.0538,37.1774,45.1247,56.0427,69.2767,84.7882,99.7057,106.203,112.205,121.227,126.155,135.18,139.218,142.869,147.805,146.732,135.814,91.2317,46.4523,33.7768,32.9172,38.1796,59.1364,120.803,0,0,0,0,0,0,0,0
623.5,18.7917,20.8216,21.9735,23.1035,22.9136,20.7062,18.5002,16.378,15.4419,13.8429,12.5417,9.90206,7.1649,4.98672,3.62419,2.81121,2.21327,1.87291,1.82471,2.13246,3.03806,4.54224,6.01928,7.62043,9.71157,12.9999,17.7468,23.2822,27.4092,32.1077,37.1928,45.0944,55.9717,69.1267,84.6601,98.7033,106.224,111.779,121.137,125.659,135.104,140.021,143.34,148.657,146.749,135.999,91.4883,46.7572,34.2371,33.5002,37.9179,56.3117,113.04,0,0,0,0,0,0,0,0
624,18.8748,21.0513,22.0756,23.2107,23.0023,20.8485,18.6304,16.6115,15.482,13.9663,12.5368,9.95119,7.22667,5.05499,3.66997,2.81333,2.22525,1.89738,1.83425,2.13835,3.05126,4.55203,6.01578,7.63494,9.69293,12.9268,17.6522,23.1096,27.3912,32.2025,37.2667,44.9373,55.7484,69.122,84.8001,97.931,106.132,112.632,122.125,125.247,135.01,140.552,143.493,148.76,147.147,136.296,92.2567,47.5153,35.0239,34.0097,37.6879,53.7863,105.064,0,0,0,0,0,0,0,0
624.5,19.0032,21.2497,22.2538,23.421,23.145,20.9685,18.7904,16.8012,15.556,14.1201,12.6197,10.022,7.2716,5.10744,3.72796,2.83074,2.25251,1.90842,1.83092,2.14337,3.06838,4.5512,6.00945,7.5949,9.74714,12.8986,17.6369,23.2785,27.4229,32.1081,37.4326,44.8719,55.7988,69.1926,84.7414,97.925,106.836,112.552,122.423,124.421,136.078,140.06,144.817,149.024,147.712,136.556,93.1331,48.17,35.8648,34.7197,37.6717,51.896,98.3005,0,0,0,0,0,0,0,0
625,19.2782,21.4768,22.488,23.6844,23.3171,21.2479,18.9529,17.0518,15.6477,14.2463,12.6782,10.0955,7.37083,5.17283,3.78573,2.85644,2.28399,1.92113,1.82657,2.1704,3.09378,4.5467,5.98019,7.56587,9.77023,12.8666,17.6946,23.3033,27.5568,32.0044,37.5832,44.7968,55.9755,69.8093,85.2062,98.6444,107.186,114.05,122.883,125.098,136.634,140.077,146.622,149.613,147.977,136.726,93.8793,49.0545,36.3206,35.2574,37.8793,50.4654,91.7446,160.89,0,0,0,0,0,0,0
625.5,19.5313,21.7958,22.7546,23.9001,23.4792,21.5466,19.141,17.3446,15.858,14.3757,12.7809,10.2162,7.45855,5.25259,3.83688,2.90581,2.32663,1.92412,1.82342,2.17541,3.10426,4.51742,5.94922,7.56396,9.74615,12.9112,17.7902,23.3859,27.6582,31.89,37.7826,44.9,56.4363,69.9336,85.5026,100.048,107.839,114.918,123.041,125.441,137.901,139.582,147.096,150.013,148.24,137.526,94.7176,49.9789,36.91,36.0266,38.2914,49.401,86.2,152.85,0,0,0,0,0,0,0
626,19.7351,22.0066,23.0747,24.2469,23.8987,21.92,19.3531,17.5018,16.11,14.4856,12.8685,10.3434,7.54095,5.3443,3.89169,2.96687,2.36395,1.93204,1.83315,2.19361,3.10405,4.52328,5.94824,7.56303,9.77403,12.9314,17.9165,23.4537,27.8436,32.0165,37.9998,45.2257,56.7815,70.5708,85.8233,100.75,108.107,115.212,123.739,127.171,138.858,141.18,147.43,150.446,148.598,138.678,95.9552,50.9056,37.9236,37.0808,39.3277,48.8594,80.9893,146.02,0,0,0,0,0,0,0
626.5,20.0133,22.3252,23.3494,24.5115,24.2431,22.3173,19.7972,17.7497,16.2867,14.6883,13.0614,10.4875,7.60716,5.45569,3.97448,3.02758,2.3992,1.95602,1.8411,2.19809,3.10025,4.56495,5.94339,7.62467,9.7643,13.0142,17.9495,23.6152,28.0653,32.3887,38.2357,45.5375,57.0798,70.8489,86.1709,100.501,108.805,116.046,124.563,129.395,138.856,142.044,147.833,151.872,149.457,140.389,97.5749,52.0214,39.1183,38.3712,40.5214,48.4294,76.7869,140.142,0,0,0,0,0,0,0
627,20.3093,22.6463,23.8105,24.8705,24.6436,22.739,20.1418,18.0321,16.5078,14.9508,13.2536,10.6813,7.73762,5.55146,4.05652,3.09901,2.44757,1.97984,1.87179,2.21702,3.12628,4.58176,5.9299,7.63103,9.83166,13.1491,18.0603,23.8351,28.2096,32.7145,38.5814,46.003,57.4716,71.4727,86.5909,100.878,109.799,117.56,125.646,131.004,139.941,143.297,149.565,153.831,151.056,142.196,99.7289,53.3524,41.0599,40.0382,42.1935,48.7571,73.9648,135.016,0,0,0,0,0,0,0
627.5,20.7646,22.9097,24.2047,25.3624,25.0629,23.1757,20.5589,18.4442,16.8452,15.224,13.4441,10.8772,7.90478,5.67995,4.16943,3.18629,2.50814,2.03176,1.90169,2.23171,3.15848,4.65626,6.00175,7.67816,9.91011,13.2943,18.1395,24.1951,28.5029,32.9873,38.8873,46.3271,58.1051,72.1709,87.0633,100.991,111.186,117.568,127.536,132.821,140.566,145.099,150.691,155.822,152.239,144.293,101.139,55.3612,42.6424,41.7315,43.7754,48.9794,71.5077,129.916,0,0,0,0,0,0,0
628,21.3532,23.509,24.9115,26.0047,25.5996,23.6495,20.934,18.905,17.1413,15.5591,13.7185,11.0743,8.12896,5.8232,4.29883,3.26449,2.55765,2.08846,1.94276,2.26024,3.2011,4.67806,6.15741,7.75184,10.0079,13.4305,18.3741,24.5571,28.702,33.3666,39.3868,46.8527,58.8036,72.9628,88.0184,102.833,112.817,118.933,129.01,134.155,143.015,147.266,152.459,158.421,154.666,146.536,103.434,57.516,44.5652,43.7329,45.4537,49.6326,69.9608,124.48,0,0,0,0,0,0,0
628.5,21.956,24.0373,25.3781,26.5859,26.2706,24.1804,21.3919,19.4087,17.5301,15.8648,14.0194,11.3525,8.34663,5.98792,4.44919,3.34083,2.61412,2.1125,1.96936,2.30621,3.23622,4.71918,6.24705,7.84883,10.1273,13.5948,18.6605,24.9308,28.9057,33.8708,39.9594,47.5711,59.6351,73.9215,89.9414,104.288,114.656,119.62,130.845,134.479,145.648,149.867,154.091,160.704,157.884,149.413,106.05,60.2101,46.5255,45.6129,47.0465,50.4967,68.9329,118.597,0,0,0,0,0,0,0
629,22.5785,24.7591,25.7122,27.3531,26.9934,24.7794,21.95,19.8902,17.9529,16.3034,14.384,11.6439,8.56535,6.196,4.6158,3.43787,2.66924,2.17335,1.98883,2.35005,3.27879,4.78638,6.32824,8.00097,10.2439,13.8275,18.9217,25.3213,29.1435,34.5101,40.5561,48.2844,60.5268,75.3162,92.0768,106.248,116.568,121.416,132.981,136.824,148.948,152.817,157.593,162.971,162.219,152.135,108.905,62.6522,48.7751,47.8144,48.9784,51.7153,68.0665,113.591,0,0,0,0,0,0,0
629.5,23.2185,25.517,26.4919,28.1702,27.788,25.5246,22.6026,20.4177,18.3857,16.7589,14.8235,11.9415,8.84008,6.43036,4.77386,3.56603,2.73535,2.22843,2.01875,2.38651,3.3281,4.85752,6.43675,8.15291,10.397,14.0867,19.2641,25.7901,29.4481,35.0977,41.1686,49.3313,61.465,77.0376,93.9778,108.443,119.066,124.635,135.079,140.042,152.463,155.385,161.239,165.682,166.315,155.439,112.276,65.2377,51.2891,49.8965,51.3103,53.9132,67.9067,108.898,0,0,0,0,0,0,0
630,23.9312,26.3047,27.4599,29.1811,28.5587,26.2802,23.3809,20.9818,18.9188,17.2053,15.2656,12.2846,9.08954,6.66166,4.952,3.69166,2.81437,2.27909,2.06095,2.4367,3.37392,4.91715,6.55025,8.30941,10.595,14.3625,19.5249,26.3337,29.8906,35.754,41.9361,50.3931,62.6383,79.0875,96.2078,110.424,121.316,128.154,137.484,145.321,155.013,158.534,164.803,169.227,170.526,155.665,115.133,68.1971,53.9709,52.4207,53.9423,56.1194,68.4634,104.388,170.217,0,0,0,0,0,0
630.5,24.7147,27.2766,28.4816,30.155,29.5663,27.1845,24.1789,21.5808,19.4966,17.6065,15.6362,12.646,9.37144,6.90033,5.11949,3.81809,2.89894,2.34236,2.1192,2.48559,3.42919,4.97711,6.66572,8.48742,10.8636,14.6824,19.885,26.9007,30.6224,36.5996,42.8938,51.4745,63.8609,80.6437,98.1289,113.673,123.904,131.531,141.648,150.12,159.321,162.719,169.114,174.192,175.531,160.018,118.122,71.4944,56.46,54.9836,56.8831,58.4086,70.1327,100.828,166.478,0,0,0,0,0,0
631,25.5776,28.2111,29.7117,31.1487,30.537,28.1143,24.8838,22.197,20.0434,18.0647,16.095,13.0978,9.63592,7.122,5.27665,3.94322,2.99528,2.38912,2.17938,2.5492,3.50412,5.06119,6.81108,8.69683,11.145,15.0752,20.4069,27.4897,31.5296,37.422,44.0903,52.6133,65.053,82.5909,100.395,116.66,126.938,135.485,145.716,153.893,163.716,166.795,173.601,178.669,180.654,164.611,120.866,74.501,58.8961,57.8054,59.5772,60.9097,71.4186,98.0109,163.215,0,0,0,0,0,0
631.5,26.3586,29.2494,30.81,32.2183,31.5276,29.0403,25.6782,22.8782,20.6346,18.503,16.5572,13.4526,9.88389,7.29952,5.42286,4.05293,3.08926,2.44398,2.23255,2.58444,3.59184,5.20068,6.96037,8.86834,11.419,15.4984,21.0318,28.0858,32.4383,38.213,45.1078,54.1749,66.9255,84.483,102.882,119.938,130.077,139.202,149.129,159.689,167.313,171.579,179.311,182.995,185.717,170.803,124.006,77.4428,61.7638,60.3358,62.4565,63.2631,72.8622,95.6744,159.782,0,0,0,0,0,0
632,27.2144,30.1964,31.6313,33.284,32.5011,29.9301,26.3787,23.6207,21.2063,19.0784,17.1338,13.7605,10.1151,7.4768,5.54555,4.17892,3.15961,2.51759,2.2723,2.62645,3.6829,5.33661,7.15363,9.078,11.7158,15.934,21.5786,28.7291,33.6601,39.0758,46.0011,55.8063,68.7301,86.8304,106.038,123.307,133.779,142.865,154.04,164.664,172.779,176.528,184.076,187.275,189.916,176.043,128.673,80.5629,64.5161,63.118,65.2684,66.0984,73.6296,94.2889,155.148,0,0,0,0,0,0
632.5,28.0759,31.2362,32.7275,34.3336,33.5396,30.8577,26.938,24.3361,21.7586,19.7185,17.6755,14.0643,10.3713,7.64927,5.65327,4.298,3.21674,2.57495,2.31935,2.65649,3.74786,5.45544,7.32544,9.28733,12.0114,16.3462,21.9859,29.5121,34.6274,40.063,46.8767,57.2598,70.5205,89.0273,108.685,126.234,137.12,145.676,158.097,169.279,177.457,181.172,189.889,192.427,194.41,180.11,133.773,84.0245,67.8161,65.1936,68.1163,68.6276,75.0418,93.2571,151.257,0,0,0,0,0,0
633,29.0195,32.2547,33.5539,35.284,34.6531,31.9301,27.6305,25.0051,22.3756,20.4209,18.1441,14.4691,10.6391,7.84748,5.80789,4.4205,3.27301,2.64794,2.37521,2.7092,3.84234,5.63837,7.46221,9.49984,12.2767,16.7115,22.5134,30.3046,35.3876,40.9595,47.9749,58.9041,72.6199,91.4099,111.626,129.454,140.139,148.825,161.887,174.275,182.347,186.24,195.156,197.864,199.893,184.716,138.708,87.256,70.5912,67.9157,70.8641,71.1447,76.8251,93.2167,146.826,0,0,0,0,0,0
633.5,29.8227,33.1684,34.3814,36.3765,35.6865,32.9106,28.2808,25.5836,23.0779,21.0936,18.6509,14.8771,10.8981,8.052,5.93802,4.54871,3.37532,2.70922,2.4345,2.77522,3.90801,5.75441,7.5892,9.69992,12.532,17.0821,23.0634,31.1957,36.0192,41.8814,49.31,60.1986,74.3375,93.8643,114.584,132.744,143.677,152.475,165.838,179.331,187.869,191.903,201.042,202.805,204.266,190.68,142.607,90.4864,73.6554,70.7964,73.7634,73.777,78.8904,94.1178,143.2,0,0,0,0,0,0
634,30.7224,34.003,34.9301,37.5534,36.7442,33.8617,29.2492,26.2314,23.7544,21.6923,19.124,15.2883,11.1839,8.24303,6.05085,4.65831,3.44487,2.76977,2.4786,2.83022,3.99828,5.89781,7.69955,9.89165,12.84,17.5154,23.6174,31.9703,36.8031,42.8647,50.6832,61.4834,75.9435,96.4499,117.734,136.79,147.953,157.22,170.531,184.439,193.048,197.021,206.136,207.681,210.944,196.943,147.227,94.0788,76.3234,74.201,76.5761,76.4985,81.2126,95.5461,139.213,0,0,0,0,0,0
634.5,31.6874,34.9035,35.9106,38.6488,37.8204,34.818,30.1751,26.9069,24.3991,22.2856,19.6349,15.7352,11.4683,8.43869,6.23306,4.76286,3.56487,2.83824,2.53845,2.89997,4.0911,5.98343,7.8531,10.1087,13.1853,17.9054,24.3556,32.5525,37.3995,43.9762,51.8778,63.1533,78.0335,99.0572,120.646,140.638,152.979,161.111,175.178,189.558,197.217,202.94,211.378,211.624,214.745,203.17,151.534,97.7567,79.2067,77.2227,79.7816,79.1318,83.7599,96.6125,135.75,0,0,0,0,0,0
635,32.6936,36.1075,36.9271,39.8328,38.9475,35.8331,31.2105,27.7297,25.1546,22.8904,20.1461,16.1825,11.8008,8.66426,6.42504,4.8834,3.63999,2.89041,2.59757,2.95925,4.1809,6.05451,8.06558,10.3551,13.523,18.3801,25.004,33.2899,38.4292,45.1302,53.2984,64.8689,79.9671,101.469,124.03,144.176,157.456,166.046,180.149,194.475,202.514,208.293,217.281,216.059,219.625,209.289,156.671,101.123,82.4483,80.1923,82.6823,81.7731,86.6052,97.7772,132.02,194.944,0,0,0,0,0
635.5,33.8411,37.2045,38.521,41.05,40.1524,36.9886,32.4153,28.5214,25.9157,23.5676,20.6627,16.5933,12.1384,8.87039,6.59218,5.00408,3.73394,2.95527,2.65705,3.03075,4.29325,6.17983,8.29155,10.6082,13.7813,18.8036,25.6744,34.1448,39.4236,46.2666,54.5311,66.5779,82.3079,104.109,127.974,147.569,161.576,171.409,185.618,200.161,207.653,213.963,223.902,221.524,224.668,216.238,162.584,105.122,85.8045,82.404,85.7534,84.3189,89.6795,98.873,129.093,192.24,0,0,0,0,0
636,34.8756,38.7888,40.1466,42.2817,41.4856,38.1846,33.6393,29.3564,26.7392,24.2259,21.2603,17.0451,12.5195,9.07708,6.77716,5.12302,3.8156,3.03082,2.7163,3.10325,4.38507,6.33655,8.47261,10.8905,14.0669,19.2045,26.3407,35.1772,40.5385,47.7529,55.7576,68.4278,84.6649,107,131.715,151.368,165.824,176.189,190.872,206.009,214.623,217.999,229.948,227.675,231.077,223.809,168.656,108.917,89.3885,85.0646,89.0888,87.7985,92.4548,100.426,127.717,189.336,0,0,0,0,0
636.5,36.1562,39.9685,41.2184,43.6801,42.8934,39.5048,34.7442,30.3417,27.3999,24.8665,21.8368,17.5728,12.8774,9.33816,6.93505,5.28488,3.93039,3.12968,2.7658,3.17691,4.47495,6.48966,8.6212,11.157,14.3452,19.7129,26.9967,36.2974,41.9286,49.287,57.121,70.3295,87.3372,109.555,135.355,155.215,171.045,181.86,196.592,212.48,219.854,223.167,236.79,235.078,237.162,231.073,175.662,113.194,92.4005,88.0489,92.8239,91.6196,95.8719,101.883,126.255,187.062,0,0,0,0,0
637,37.4142,41.5143,42.9008,45.2308,44.2571,40.8653,35.8236,31.3374,28.2483,25.5442,22.4374,18.1439,13.2456,9.62012,7.18547,5.44037,4.04742,3.22798,2.83909,3.26181,4.56107,6.62956,8.79854,11.4744,14.621,20.1773,27.7104,37.2265,43.1242,50.8216,58.9002,72.2659,89.6628,113.257,139.545,158.98,175.841,187.221,202.387,218.746,226.23,227.329,243.306,241.437,243.501,237.961,181.916,118.468,95.9148,91.5664,96.7542,95.1889,98.8651,104.685,126.376,184.552,0,0,0,0,0
637.5,38.7642,42.9901,44.4603,46.9644,45.8396,42.3957,37.0542,32.4685,29.1672,26.4059,23.2916,18.7333,13.6906,9.92466,7.39205,5.65007,4.18366,3.31824,2.90652,3.35416,4.65467,6.77388,9.05392,11.8958,15.0991,20.7546,28.4495,38.3623,44.6102,52.5844,60.6153,74.7857,92.2939,117.343,144.097,163.199,182.618,194.327,208.852,225.717,231.456,233.203,250.213,249.155,251.912,246.54,189.701,122.993,99.5535,95.8048,101.137,99.1731,103.46,107.719,125.847,182.306,0,0,0,0,0
638,40.1728,44.7486,46.1931,48.8046,47.787,44.0587,38.5194,33.6155,30.2576,27.3283,24.2015,19.3924,14.1503,10.2714,7.66115,5.86104,4.31963,3.40169,3.00346,3.44181,4.77902,6.9684,9.31613,12.3035,15.5638,21.3738,29.4392,39.6322,46.4517,54.3973,62.9523,77.4368,95.3051,121.068,149.176,168.741,189.018,201.923,216.073,232.758,240.106,245.496,258.527,259.336,261.789,256.243,197.913,129.15,104.028,100.624,106.151,104.372,107.738,111.368,127.767,180.671,0,0,0,0,0
638.5,41.8592,46.6501,48.5639,50.9698,49.7784,45.756,40.0843,35.0122,31.5814,28.3079,25.175,20.2051,14.6699,10.6817,7.95314,6.08122,4.47037,3.51805,3.09577,3.53002,4.95135,7.21526,9.67906,12.7097,16.1016,22.169,30.6137,40.9193,48.2455,56.3605,65.0425,80.1426,98.7274,125.193,154.124,175.601,196.077,209.602,224.431,240.642,249.365,256.38,267.585,270.854,273.488,266.861,206.807,135.567,109.658,105.883,112.047,109.867,113.756,116.136,130.452,179.065,0,0,0,0,0
639,43.8149,48.9056,50.8677,53.0767,52.1958,47.7973,41.8043,36.5713,32.9618,29.5411,26.2899,21.0844,15.2803,11.1422,8.28414,6.35099,4.65086,3.66488,3.20015,3.63701,5.0935,7.48075,10.0769,13.2219,16.7642,23.1245,31.8879,42.1033,50.1402,58.8452,67.5197,83.4615,102.44,129.725,159.536,185.557,204.705,218.324,234.525,251.24,258.833,269.128,278.101,285.673,284.465,279.545,218.168,142.821,116.145,111.917,118.123,117.201,120.345,120.923,134.007,178.642,0,0,0,0,0
639.5,45.9193,51.4441,53.6598,55.5942,54.7346,50.1566,43.6502,38.4279,34.6279,31.0055,27.4943,22.1328,16.0768,11.641,8.66475,6.63945,4.84453,3.79169,3.32094,3.77292,5.31182,7.79492,10.4524,13.8045,17.5121,24.0735,33.2555,43.7427,52.3474,61.4416,71.0615,86.9926,106.413,135.433,165.956,193.589,214.064,227.534,245.732,263.038,270.502,282.038,291.19,301.259,297.322,293.827,229.655,151.155,123.326,118.956,124.39,124.846,126.637,127.212,139.052,178.897,0,0,0,0,0
640,48.4368,54.3312,56.8908,58.3729,57.6426,52.854,46.0389,40.4513,36.4003,32.6203,28.8742,23.2984,17.0298,12.1686,9.09891,6.97676,5.07231,3.95546,3.46425,3.93687,5.53936,8.15008,10.9366,14.3949,18.4312,25.146,34.7399,45.7965,54.8455,64.3034,74.7123,91.0716,111.321,141.731,174.487,202.148,224.496,238.4,257.715,276.526,284.165,295.48,306.105,316.69,313.848,310.434,242.96,160.867,130.798,127.578,132.114,133.457,135.344,134.139,144.885,180.007,235.243,0,0,0,0
640.5,51.2213,57.4658,60.1885,61.5624,60.593,55.7987,48.7589,42.4063,38.381,34.4374,30.497,24.5888,17.9704,12.8348,9.56886,7.34003,5.28564,4.10145,3.63301,4.12488,5.80065,8.64839,11.4725,15.0174,19.2687,26.298,36.4372,48.0095,57.7765,67.5497,78.6908,95.7867,117.212,147.821,184.507,212.691,236.167,249.913,271.499,289.849,299.482,309.653,323.898,333.497,329.716,326.518,256.879,172.286,139.488,137.23,140.363,142.6,144.132,142.524,152.113,182.757,238.73,0,0,0,0
641,54.1275,60.776,63.9953,65.1741,63.9296,59.0125,51.871,44.8434,40.1383,36.2138,32.2637,26.0429,18.9332,13.5442,10.1149,7.72231,5.56575,4.30509,3.80301,4.30212,6.02553,9.15724,12.0957,15.653,20.3014,27.6419,38.3434,50.6269,60.7252,71.0213,82.5197,100.662,123.727,156.271,194.157,223.458,248.334,262.586,286.183,306.129,316.534,327.655,344.292,350.69,348.1,344.087,271.216,184.13,148.138,146.715,150.692,152.946,153.718,152.203,159.451,186.536,242.528,0,0,0,0
641.5,57.4645,64.2724,67.3197,69.002,67.6885,62.5159,55.1466,47.5281,42.3438,38.3043,34.1012,27.5264,19.9905,14.3669,10.6628,8.0905,5.87715,4.49672,3.97313,4.4865,6.27726,9.68408,12.8606,16.3924,21.2197,29.0772,40.4473,53.3905,63.9674,74.5968,87.0649,105.869,130.868,165.266,204.213,236.243,261.04,276.735,301.191,322.297,335.54,344.968,364.52,368.364,366.714,363.401,287.281,195.763,157.986,156.521,161.65,163.655,164.088,162.252,167.678,191.183,247.584,0,0,0,0
642,60.8663,67.8524,70.7915,73.1261,71.6464,66.1668,58.301,50.3123,44.4084,40.2774,36.0125,29.0484,21.024,15.1602,11.2279,8.50472,6.19625,4.72277,4.1327,4.67885,6.51938,10.0987,13.4899,17.2193,22.2111,30.5164,42.6194,56.1728,67.3164,78.4166,91.0783,111.459,138.494,174.667,213.262,249.805,275.519,292.275,317.255,339.867,353.375,367.515,383.85,386.187,386.008,383.555,304.846,207.317,168.139,166.431,173.072,174.519,175.351,173.112,174.688,196.621,251.976,0,0,0,0
642.5,63.9461,71.5539,75.1157,77.7317,75.455,69.8091,61.3359,53.303,46.9758,42.5584,38.0418,30.5484,22.087,15.9021,11.8275,8.8898,6.51741,4.96832,4.30338,4.87588,6.83136,10.4779,14.0743,18.1035,23.1956,31.7104,44.6513,58.9792,70.5923,81.9909,94.851,116.896,145.651,185.45,222.874,261.957,289.83,308.167,331.783,356.435,371.128,382.727,403.542,403.595,407.282,402.314,322.667,219.701,179.564,176.857,184.112,185.485,186.291,182.824,183.27,202.341,257.678,0,0,0,0
643,66.9755,75.0614,78.2587,81.8205,79.1581,73.3273,64.2669,55.632,49.4418,44.7938,39.8241,32.0342,23.185,16.6293,12.3777,9.31257,6.79841,5.21435,4.45553,5.03684,7.16043,10.8444,14.6145,18.7958,24.4056,33.36,46.4025,61.5735,73.7395,85.2699,98.2166,122.157,152.401,194.364,233.989,274.513,303.279,320.826,345.737,371.551,389.517,400.518,417.703,425.233,427.15,421.623,337.838,233.113,189.341,187.202,194.344,197.029,197.405,192.609,190.093,207.41,261.69,0,0,0,0
643.5,70.2685,78.6402,82.0636,85.1918,82.8497,76.5282,66.7469,57.9963,52.1065,46.9705,41.4816,33.4,24.2801,17.1642,12.95,9.71737,7.10841,5.43574,4.61588,5.24486,7.48326,11.1614,15.1975,19.4946,25.4631,34.8057,48.1919,64.0617,76.9219,88.8804,100.548,127.086,159.259,202.294,246.075,286.424,315.793,332.664,359.611,383.406,407.519,418.55,427.632,446.063,446.317,439.661,352.099,245.454,199.474,196.959,204.191,206.799,207.585,202.018,198.097,213.487,263.814,0,0,0,0
644,73.4687,81.5629,84.1867,88.3099,86.0518,79.4026,68.7135,60.0691,54.4203,49.0014,43.1268,34.5678,25.1768,17.8133,13.4603,10.0301,7.34816,5.61813,4.77531,5.42718,7.7827,11.5215,15.6731,20.1408,26.2885,36.2243,49.6527,66.4695,79.6662,92.0363,102.318,131.073,165.146,210.138,255.313,299.478,325.499,344.27,371.048,397.072,423.095,436.011,427.802,465.616,461.939,456.136,365.328,256.455,207.885,205.882,212.806,216.448,215.522,210.311,203.888,219.117,265.413,0,0,0,0
644.5,75.8191,83.7511,87.4873,91.0552,89.0514,81.5995,70.4609,61.9303,55.9336,50.559,44.4085,35.5344,25.9656,18.4409,13.9179,10.2645,7.60933,5.76422,4.9134,5.59449,7.94787,11.8035,16.1953,20.6852,26.935,37.1251,51.0141,67.9025,81.9493,94.7152,103.587,134.185,169.807,215.871,260.323,310.058,331.361,355.85,382.947,409.514,435.152,451.081,426.898,475.464,477.217,468.88,376.094,265.888,215.641,212.507,220.367,224.243,224.035,216.71,209.868,223.537,264.881,0,0,0,0
645,77.4254,85.4758,89.3112,93.5043,91.1572,83.2658,71.9099,63.4068,57.1557,51.6415,45.3176,36.2654,26.5244,18.9982,14.2888,10.4888,7.80812,5.87174,5.0194,5.69955,8.10676,12.0741,16.5448,21.1669,27.4328,37.6385,52.0364,69.535,83.6269,97.2316,105.263,137.03,172.939,220.183,265.63,317.089,334.862,366.061,392.883,422.027,442.123,463.193,432.668,483.332,487.737,479.602,385.805,272.565,222.402,218.397,225.323,230.679,228.303,221.415,214.514,228.107,265.391,289.257,0,0,0
645.5,78.5795,86.5649,90.2851,94.9255,92.4586,84.3505,72.8473,64.3978,57.8719,52.2971,46.1356,36.776,26.8577,19.4724,14.4666,10.6894,7.9265,5.95194,5.11964,5.80022,8.16538,12.2152,16.8787,21.2974,27.6903,38.1236,52.5577,70.2494,84.5979,98.336,107.103,139.367,174.848,222.683,269.126,320.406,337.385,372.467,401.968,427.896,448.021,465.538,445.225,488.106,493.504,484.865,388.989,277.114,224.751,222.17,229.36,233.647,232.716,224.09,217.565,228.902,262.777,286.108,0,0,0
646,79.4005,86.8936,90.434,95.7842,93.2717,85.085,72.9216,64.8707,58.2983,52.6166,46.4949,37.0407,27.0869,19.6435,14.6154,10.8797,7.99255,6.0113,5.17079,5.84748,8.25301,12.4378,17.0015,21.3902,27.7623,38.4605,52.703,70.9843,85.1814,99.0877,109.756,140.427,176.206,223.044,272.282,320.038,339.928,373.566,404.087,430.086,451.927,469.932,460.873,492.205,496.42,487.658,391.81,279.854,227.193,224.634,231.592,235.916,233.09,225.939,220.012,229.075,258.451,280.925,0,0,0
646.5,79.6915,87.1516,89.5557,95.8845,93.373,85.2017,72.7057,64.8344,58.4649,52.5962,46.3859,37.0168,27.0099,19.7227,14.6651,10.989,8.06581,6.04525,5.2095,5.85433,8.26941,12.6086,17.0169,21.3297,27.5283,38.5417,52.6401,70.8529,85.4231,98.9024,112.238,140.645,176.645,221.345,271.867,317.75,341.401,370.303,400.103,431.136,452.301,469.313,472.425,492.915,493.925,487.269,393.8,280.001,228.335,225.571,233.458,236.276,235.08,226.186,221.227,228.926,253.783,274.866,0,0,0
647,79.3275,86.8203,87.676,95.2871,92.8147,84.8986,72.3084,64.324,58.2507,52.2948,46.2338,36.7943,26.9169,19.6501,14.6414,11.0141,8.04319,6.04989,5.18441,5.82793,8.28391,12.5529,16.8707,21.2176,27.4343,38.4467,52.3376,70.1594,84.7635,98.1331,113.346,139.779,176.054,218.842,268.56,315.228,339.997,365.559,397.112,429.226,451.489,467.089,479.296,489.953,490.464,479.661,392.636,278.993,228.88,225.027,233.706,235.834,234.975,226.461,220.337,227.475,249.06,269.744,0,0,0
647.5,78.6934,85.9607,87.1954,94.3529,91.9351,84.3039,72.1095,63.8419,57.7497,51.7455,45.7062,36.3354,26.5439,19.5137,14.5272,11.0212,7.99194,6.04618,5.16089,5.75312,8.20623,12.3868,16.6508,20.9074,27.2143,38.0699,51.8903,69.4908,83.6505,96.8272,113.109,138.153,174.369,216.108,262.092,311.774,333.318,360.584,394.886,423.24,447.329,459.429,478.833,485.409,485.062,473.623,391.685,276.4,227.504,223.227,231.925,234.001,234.243,224.71,218.746,225.317,243.852,262.409,0,0,0
648,77.4585,84.9883,87.96,92.7202,90.9803,83.2745,71.6033,63.1668,57.0591,51.1284,45.1454,35.8473,26.2667,19.2769,14.3706,10.9439,7.9201,6.03042,5.12021,5.68733,8.16821,12.1022,16.4678,20.6098,26.9887,37.5561,50.869,68.7049,82.2611,95.3289,111.786,136.803,172.029,213.906,256.598,306.609,328.712,358.067,392.233,418.811,443.55,454.697,471.997,476.894,476.557,463.204,386.743,273.122,224.983,221.26,229.867,231.566,232.819,220.799,217.272,220.724,237.007,256.366,0,0,0
648.5,76.4093,83.9762,87.4283,91.6595,90.012,82.5642,70.996,62.3758,56.2452,50.3643,44.7453,35.3718,25.9222,19.042,14.2099,10.8709,7.849,6.00444,5.09237,5.58416,8.12412,11.8563,16.2247,20.114,26.7151,37.0392,50.188,67.818,81.1058,93.6452,110.282,134.473,169.374,209.89,251.483,301.489,322.773,352.251,387.05,412.969,435.887,447.543,464.197,469.708,469.777,457.657,381.292,268.807,223.54,219.418,226.861,230.059,230.425,217.775,215.871,217.31,231.554,248.868,0,0,0
649,75.2142,83.0389,86.5509,90.423,88.9124,81.3781,70.2532,61.4595,55.4509,49.6763,44.2177,35.0297,25.6168,18.7873,14.0112,10.8122,7.8282,5.96236,5.07129,5.57855,8.04625,11.6924,16.0722,19.7562,26.2769,36.4509,49.5811,66.8083,79.7903,92.1615,108.228,132.071,166.595,208.209,246.482,297.348,320.226,349.512,380.486,404.862,427.767,443.526,457.081,461.739,464.197,448.585,375.391,264.376,222.184,217.95,223.033,227.639,227.417,215.684,214.347,213.281,227.021,242.5,0,0,0
649.5,74.6174,82.3825,84.2592,89.9536,87.941,80.5743,69.5963,60.8106,54.9426,49.1353,43.5901,34.7369,25.3594,18.6786,13.8966,10.6797,7.81724,5.93979,5.0386,5.56711,7.98266,11.574,15.8673,19.4183,25.8999,35.873,49.1572,65.1246,78.6757,90.5355,106.598,129.517,163.957,205.852,243.895,293.166,317.296,344.93,375.85,397.871,417.178,437.214,452.398,453.164,459.792,443.192,369.869,261.247,221.201,217.028,221.597,226.183,225.144,214.542,212.973,212.687,224.545,235.907,0,0,0
650,74.3818,81.9281,84.8621,89.3156,86.8834,79.9018,69.285,60.5139,54.474,48.7425,43.236,34.5709,25.3026,18.5751,13.8992,10.6937,7.8237,5.91644,5.01836,5.5829,7.93688,11.5817,15.7234,19.1345,25.4942,35.5048,48.8687,64.295,77.7617,89.1712,105.335,127.593,162.131,203.806,241.454,287.428,316.591,342.058,368.63,393.904,412.101,432.776,448.4,447.763,457.344,436.185,365.337,258.853,220.956,216.577,220.061,224.922,223.127,213.952,211.685,212.032,222.312,230.865,263.722,0,0
650.5,74.6518,81.8906,84.3132,89.4238,86.7595,79.7331,69.3293,60.2288,54.3036,48.6025,43.0372,34.4898,25.3338,18.555,13.9394,10.7316,7.8065,5.92678,5.03022,5.61767,7.91106,11.6784,15.6491,19.0259,25.3671,35.3013,48.3904,63.799,77.1697,87.8703,105.148,126.567,161.028,203.116,241.293,284.782,314.943,337.654,366.42,393.441,408.433,429.813,445.995,442.531,454.322,430.123,359.905,256.539,220.929,217.231,219.876,225.182,222.508,213.769,211.382,211.517,222.449,227.292,262.042,0,0
651,75.3074,82.3442,84.9454,89.7556,87.1937,79.7388,69.768,60.4323,54.3122,48.6711,42.9562,34.6944,25.3808,18.6079,14.1198,10.9082,7.86608,5.9887,5.07382,5.67255,7.95288,11.7576,15.6597,19.001,25.3128,35.3528,48.0772,64.005,76.7928,87.5364,105.154,126.682,160.971,201.961,242.923,284.249,314.604,334.931,366.281,394.61,404.023,429.325,440.205,442.511,452.355,427.07,359.167,254.983,222.403,218.326,221.675,226.803,222.201,214.934,212.46,210.754,223.054,225.329,261.664,0,0
651.5,76.0731,83.4453,86.4991,91.0464,88.3423,80.5846,70.4572,60.9724,54.696,49.0852,43.3913,35.0041,25.5622,18.7529,14.2772,11.0329,7.91849,6.07557,5.18229,5.75347,8.03888,11.8845,15.7637,19.3214,25.3399,35.4166,48.0872,64.5092,77.0221,87.9734,105.64,127.538,161.693,202.616,245.656,288.51,314.954,334.934,368.473,397.667,407.678,431.1,440.108,444.932,452.308,428.529,360.102,256.464,225.061,220.624,223.073,229.719,223.963,218.06,215.266,213.185,224.76,224.89,261.908,0,0
652,77.1517,84.8911,88.7635,92.4066,90.3446,82.004,71.6282,61.9877,55.5428,49.7549,44.0772,35.6688,25.9139,19.0987,14.5573,11.2852,8.10173,6.21033,5.30053,5.858,8.14362,12.0027,15.9862,19.6516,25.6838,35.6593,48.4877,65.1808,77.6963,89.3276,106.561,129.192,162.825,203.78,248.574,293.065,317.077,339.413,370.962,402.742,411.073,433.834,443.257,453.004,454.763,432.86,364.585,260.112,228.523,225.179,227.938,233.908,228.53,222.133,218.387,216.19,227.078,226.012,264.393,0,0
652.5,79.1039,86.6108,91.0391,94.4299,92.3052,83.4753,72.8502,63.5259,56.6349,50.6535,45.0353,36.4321,26.4621,19.5318,14.8158,11.5037,8.33927,6.36791,5.4123,5.98876,8.23889,12.1739,16.2771,20.0536,26.0737,36.0873,49.2948,65.8414,78.3139,91.127,108.362,131.291,164.327,206.406,253.204,297.894,321.899,343.647,375.307,408.529,415.439,436.211,444.169,459.074,460.065,440.162,368.177,265.875,234.048,231.442,233.519,239.337,233.711,227.928,223.818,222.088,231.339,228.039,266.802,0,0
653,81.4842,89.0493,93.7677,96.7272,94.5162,85.6828,74.3574,65.2163,58.031,51.8796,46.2146,37.2966,27.07,20.0148,15.178,11.7839,8.68997,6.55114,5.55688,6.09499,8.42065,12.4404,16.593,20.4152,26.5176,36.6504,50.479,66.464,79.7229,93.3991,110.667,133.914,166.424,210.561,258.965,304.595,328.193,352.626,380.84,415.576,424.082,443.551,453.788,467.62,469.211,451.068,374.942,273.004,241.161,237.435,241.05,246.032,241.527,234.233,230.745,227.552,238.001,232.752,269.399,0,0
653.5,84.0212,91.8869,95.6574,99.7726,97.6805,88.0787,76.4036,67.023,59.4236,53.1359,47.2694,38.0947,27.8191,20.5324,15.5971,12.1071,8.98839,6.74871,5.71461,6.26646,8.54259,12.6901,16.964,20.9717,26.914,37.4793,51.7476,67.4699,81.4979,95.8862,113.492,137.536,170.128,216.025,264.194,311.774,336.593,361.415,388.218,425.537,432.904,450.88,464.381,480.39,481.107,461.779,382.69,279.523,247.708,245.47,249.114,251.829,246.704,240.603,238.611,235.441,246.295,238.27,272.663,0,0
654,87.165,95.4755,99.0265,103.107,100.96,90.9282,78.9511,69.0215,61.0673,54.8143,48.1554,39.292,28.7484,21.1434,16.1127,12.5277,9.31205,6.97613,5.88668,6.38226,8.82568,13.0833,17.3767,21.5417,27.614,38.2983,53.1582,68.8764,83.7208,98.4736,115.261,141.413,174.277,221.93,269.6,319.301,346.24,373.446,399.92,435.295,441.15,460.444,480.755,492.129,493.547,475.089,393.431,286.72,255.67,254.025,257.763,259.305,253.572,246.928,247.263,243.055,254.272,245.425,275.432,0,0
654.5,89.9289,99.0324,102.731,106.786,104.441,94.1039,82.0435,71.0705,62.9022,56.6302,48.9113,40.6936,29.8043,21.9007,16.5948,12.9431,9.64228,7.22018,6.10636,6.58135,9.10443,13.4369,17.842,22.0901,28.2776,39.3114,54.5116,71.3959,86.3005,101.052,117.915,145.181,179.288,228.183,275.827,327.404,355.782,384.269,412.593,445.061,451.937,467.818,496.542,505.626,508.606,487.243,403.593,294.984,263.925,262.975,266.8,268.521,262.017,254.609,255.185,253.689,263.855,254.857,279.536,0,0
655,93.542,102.586,105.901,110.476,107.299,97.2862,85.1369,73.1343,65.003,58.4741,49.8382,42.0136,31.0509,22.6583,17.0606,13.4042,10.0235,7.48453,6.32107,6.79864,9.46819,13.8703,18.277,22.6306,29.1079,40.4768,55.7878,73.8921,88.8699,103.764,120.531,149.296,185.466,235.072,280.727,334.275,366.048,393.653,421.489,451.664,463.986,478.455,507.906,516.551,521.658,496.764,412.323,303.554,272.782,272.432,278.093,277.304,270.551,262.378,262.85,263.479,274.953,263.223,282.445,349.467,0
655.5,96.8926,106.105,110.629,113.764,110.262,100.452,87.7824,75.0735,67.1782,60.2772,51.4002,43.4491,32.1974,23.4114,17.6246,13.8348,10.3379,7.78091,6.54596,6.99292,9.78443,14.32,18.7324,23.1836,29.7427,41.5423,57.0866,76.4024,91.2991,106.159,124.532,152.722,191.056,242.165,286.43,339.93,375.513,405.457,433.892,462.841,476.277,492.407,521.788,531.1,535.112,509.844,422.663,311.654,281.968,282.307,286.328,286.619,278.896,271.652,270.247,271.59,284.9,271.241,286.986,353.028,0
656,99.8112,109.271,113.68,117.27,113.68,103.67,90.474,77.2215,69.3184,62.1385,52.9415,44.6745,33.079,24.0819,18.188,14.2615,10.6533,8.02505,6.72784,7.18099,10.1007,14.7326,19.0537,23.7174,30.49,42.4521,58.3851,78.3971,93.3139,108.345,127.117,155.013,195.914,247.841,292.408,347.12,383.878,413.54,445.329,472.431,489.298,507.805,531.516,541.987,547.556,523.28,430.263,318.258,289.132,289.603,294.553,293.933,285.759,279.576,277.13,281.189,295.103,278.715,291.642,357.05,0
656.5,102.791,112.272,117.332,120.492,116.649,106.596,92.6793,79.2678,71.0762,63.6401,54.3025,45.7466,33.8727,24.7039,18.6772,14.6236,10.9757,8.25052,6.92706,7.37358,10.3714,15.0792,19.3832,24.1272,31.1104,43.256,59.5406,80.0546,95.2881,110.842,130.069,157.23,199.963,252.722,300.051,353.949,390.784,421.288,458.817,486.324,503.384,527.221,540.074,554.82,559.106,537.188,440.999,325.704,295.978,296.688,303.517,302.033,293.127,286.399,283.581,288.482,302.291,285.29,296.336,359.698,0
657,105.243,114.802,120.109,123.042,119.941,109.19,94.6786,81.0531,72.6289,64.9788,55.6621,46.7467,34.4221,25.222,19.1398,14.9569,11.3031,8.4331,7.05247,7.57416,10.6154,15.2466,19.6721,24.1592,31.6909,44.0014,60.7068,81.5286,96.8945,112.51,132.461,159.662,203.391,256.78,306.165,361.172,397.127,427.438,468.292,494.406,511.996,536.347,549.518,563.742,567.986,550.31,447.877,332.318,302.224,303.171,310.186,309.388,300.452,292.713,289.863,293.993,308.279,289.921,300.138,362.588,0
657.5,107.216,117.151,121.342,125.437,122.275,111.278,96.3822,82.8182,73.8889,66.0447,57.024,47.4675,34.8955,25.6757,19.5157,15.2496,11.6056,8.5997,7.22896,7.70802,10.747,15.4115,19.9356,24.1505,32.1977,44.7007,61.5407,82.7565,98.7008,114.601,134.151,162.153,206.3,259.339,310.47,363.176,400.965,433.039,470.121,499.335,524.339,544.626,557.896,571.807,575.979,558.711,454.968,336.866,308.029,309.006,316.528,315.581,307.165,297.788,295.665,298.141,313.004,294.967,301.994,363.341,0
658,108.802,118.866,123.042,126.987,123.8,112.889,97.9093,83.4872,74.7531,66.9301,58.2212,47.7908,35.238,26.0896,19.8141,15.4629,11.8055,8.75168,7.3244,7.75951,10.7865,15.6121,20.1139,24.0337,32.5944,45.1742,61.5987,83.2966,99.0096,115.811,135.507,164.155,207.999,261.055,313.264,366.355,404.76,434.734,471.568,502.271,527.902,548.987,565.707,576.59,580.091,565.292,459.971,339.803,311.744,312.676,320.978,319.286,310.864,298.738,299.694,301.517,317.299,298.726,302.993,361.879,0
658.5,109.899,119.924,123.204,127.847,124.512,113.644,99.0683,84.3499,75.382,67.4029,58.7558,47.9127,35.4201,26.2695,20.0217,15.5321,11.9,8.91324,7.40385,7.76345,10.8277,15.6755,20.2572,24.096,32.7415,45.3717,61.4736,83.5563,98.7763,116.412,135.837,164.827,207.811,261.178,313.325,368.401,404.215,433.505,469.8,506.3,531.348,550.177,570.966,577.438,579.947,566.448,460.973,341.691,312.956,315.495,322.537,322.208,311.303,303.517,302.309,304.319,319.776,300.349,302.327,359.479,0
659,110.447,120.283,123.489,127.017,124.793,113.811,99.5165,84.6567,75.5087,67.36,59.0342,47.9299,35.6225,26.1756,20.1479,15.6363,11.9354,8.98522,7.45183,7.79257,10.7837,15.8318,20.292,24.3232,32.7982,45.1994,61.0152,83.4933,98.3775,115.895,135.571,164.172,206.311,260.651,313.405,368.001,403.433,431.976,471.045,506.307,529.813,549.89,571.653,575.276,577.709,565.575,459.114,341.684,311.55,316.209,323.456,322.239,310.382,303.391,301.983,306.121,320.623,299.959,301.777,353.432,0
659.5,110.15,119.794,123.531,126.409,124.147,113.208,98.9106,84.7188,75.1942,66.7712,59.1474,47.859,35.6276,26.0075,20.1043,15.5149,11.9215,9.05975,7.46215,7.82129,10.635,15.7032,20.1325,24.4891,32.3736,44.6842,60.549,83.0633,97.8382,114.876,134.646,162.794,203.832,258.448,312.203,364.883,399.648,426.922,468.414,503.496,522.246,544.531,566.665,568.32,574.731,560.999,456.365,341.406,308.844,315.047,321.645,320.716,308.669,302.981,299.798,304.961,319.607,297.831,299.293,347.788,0
660,109.345,118.177,123.039,125.307,123.002,112.081,97.409,83.971,74.8201,65.8424,59.0157,47.5799,35.3504,25.7947,20.0058,15.4554,11.9182,9.0466,7.46596,7.75351,10.4787,15.554,19.9076,24.4041,31.8971,43.9991,60.0262,82.1774,97.0573,113.671,132.955,160.999,201.562,256.169,309.728,364.004,396.139,421.618,465.923,500.148,514.886,540.672,560.833,563.953,565.944,554.506,447.175,339.839,304.811,311.266,319.657,318.301,305.804,299.743,296.657,301.737,315.331,294.859,296.458,338.947,393.636
660.5,107.505,115.938,121.262,123.916,120.81,110.211,95.5182,82.6954,73.8248,64.8643,58.3121,46.9941,34.9539,25.3772,19.6718,15.3316,11.8602,8.96568,7.45321,7.7096,10.1886,15.2123,19.5604,24.1296,31.223,43.2888,59.2119,80.6449,94.6092,111.907,129.652,158.173,198.802,251.814,305.451,357.639,388.563,417.055,457.563,493.218,506.665,532.632,551.379,554.228,556.799,544.695,441.579,335.539,299.645,305.648,311.933,314.443,299.633,294.483,291.741,297.059,311.208,290.459,290.315,329.684,383.614
661,105.531,113.695,119.254,122.153,118.009,108.054,93.641,81.0434,72.1548,63.3172,57.2519,46.242,34.366,25.0591,19.2931,15.1784,11.7395,8.90598,7.43957,7.58597,10.0355,14.9042,19.177,23.6406,30.5295,42.3778,57.9261,78.7789,92.7283,109.957,125.783,154.876,195.235,245.29,299.167,353.033,379.797,407.531,449.629,482.778,500.076,519.155,540.381,540.219,541.827,532.587,434.935,329.141,293.847,297.869,304.808,309.5,293.113,288.877,285.071,289.45,305.421,283.236,283.534,318.295,370.478
661.5,102.878,110.794,116.539,119.598,115.122,105.232,91.2533,78.8828,70.4027,61.5592,55.8909,45.2467,33.5217,24.7054,18.8697,14.9229,11.5651,8.79857,7.36577,7.45675,9.86756,14.4878,18.6528,23.1043,29.9272,41.2236,56.4663,76.6159,90.5594,107.198,122.164,150.907,190.569,237.25,289.872,343.679,369.782,396.471,435.761,467.808,485.645,505.69,525.252,525.824,525.394,518.529,426.433,320.773,285.565,288.589,295.437,302.49,285.319,280.982,276.805,280.665,298.598,276.632,275.051,306.395,356.78
662,99.8845,107.932,112.794,116.285,111.929,102.165,88.2711,76.7049,68.2494,59.7425,54.2727,43.8716,32.5368,24.1288,18.3769,14.5768,11.3476,8.67428,7.24607,7.2547,9.65233,14.0957,18.0304,22.5443,29.1882,39.4284,54.6341,74.408,87.486,103.856,118.436,146.225,184.671,228.567,279.937,332.008,356.935,383.553,423.926,451.431,470.809,487.1,505.177,505.155,504.736,502.146,412.162,310.192,278.287,278.585,287.631,293.43,279.094,272.948,268.715,271.411,290.734,267.852,266.431,293.309,340.61
662.5,96.1841,104.462,110.024,112.66,108.446,98.7774,85.3948,74.3779,65.9163,57.8305,52.354,42.4166,31.5041,23.3966,17.9485,14.1826,11.0498,8.50363,7.10325,7.08075,9.38568,13.6335,17.343,21.7468,28.1513,37.6319,52.6126,71.6396,85.3769,100.423,114.533,141.227,178.745,220.314,269.478,320.528,344.416,366.76,409.74,434.97,450.806,465.77,488.498,487.849,486.535,486.03,397.605,298.015,268.732,269.03,279.35,282.715,269.764,264.758,259.082,261.99,280.95,258.183,256.483,281.037,325.734
663,92.2874,100.641,105.481,108.317,104.499,95.2363,82.0849,71.7128,63.5279,56.0754,50.4479,40.7775,30.3971,22.5318,17.4131,13.7749,10.7266,8.34635,6.96077,6.91773,9.05859,13.1725,16.6044,20.9537,27.0741,35.751,50.2686,68.554,82.125,96.3922,109.729,135.497,171.918,212.003,258.722,307.132,330.083,350.127,391.676,414.939,431.115,445.818,463.476,465.463,467.205,465.22,382.325,284.71,258.595,259.34,268.095,272.298,261.325,256.292,248.722,251.82,269.21,248.947,245.227,268.051,308.623
663.5,88.425,96.2846,100.567,103.901,100.178,91.0724,79.0089,68.6311,60.7887,54.1186,48.5085,39.0979,29.2939,21.6584,16.8237,13.2798,10.4194,8.1702,6.84028,6.72097,8.70163,12.6199,15.8816,20.1101,25.7474,34.0869,48.1322,65.5578,78.6781,92.304,104.625,129.5,164.085,204.18,247.629,294.785,317.279,333.865,372.993,397.325,412.389,424.86,442.117,448.479,448.435,440.292,366.836,271.657,246.766,248.912,257.712,261.793,249.717,246.329,239.243,241.582,257.398,238.699,233.827,256.045,292.387
664,84.8419,91.615,95.3741,99.3017,95.4941,87.1416,75.3698,65.4378,57.9911,51.8394,46.5273,37.5454,28.1074,20.8061,16.1834,12.741,10.0826,8.02812,6.70777,6.53544,8.39872,12.0366,15.1519,19.2266,24.5838,32.5969,46.009,62.4504,75.4416,87.8424,99.4406,123.629,156.07,195.703,234.923,282.161,303.268,317.744,353.982,376.695,395.651,404.252,420.09,428.052,430.364,415.822,349.587,259.828,233.997,237.663,245.751,250.313,239.796,235.769,228.865,230.424,245.733,227.845,223.127,243.248,275.581
664.5,80.9857,86.6806,90.9692,94.5297,91.0797,83.3273,71.8718,62.3538,55.2383,49.5696,44.5941,35.9068,26.8965,19.9193,15.5654,12.2302,9.68958,7.85431,6.54914,6.3397,8.07084,11.4359,14.4018,18.4337,23.497,30.9971,44.1761,59.4357,71.7665,83.4606,95.0193,117.53,147.987,186.715,223.204,268.854,289.636,302.84,336.84,357.156,377.104,387.532,399.645,410.799,410.568,395.547,332.5,245.711,220.739,226.124,235.951,238.697,228.153,222.971,218.717,219.622,233.343,217.427,212.577,229.924,257.973
665,76.5064,82.074,85.6092,89.686,86.6822,79.3502,68.5044,59.3643,52.5527,47.3286,42.4542,34.3725,25.8588,19.0321,14.9979,11.7776,9.34721,7.64128,6.33538,6.17223,7.71033,10.8596,13.7053,17.588,22.329,29.6951,41.7995,56.676,67.9691,79.2988,90.7874,111.819,140.65,177.081,212.341,254.477,275.031,289.144,320.988,340.113,360.785,367.939,381.669,391.754,390.053,378.224,315.557,235.001,209.707,213.907,222.89,227.133,217.918,211.458,208.095,208.114,222.202,206.174,202.498,216.674,241.498
665.5,72.4764,78.297,81.2683,84.9139,82.4086,75.3865,65.4118,56.3405,49.9163,44.9856,40.2937,32.7336,24.7089,18.2339,14.4211,11.3953,9.03506,7.47563,6.18385,6.02364,7.39604,10.3808,13.1406,16.7376,21.1938,28.4229,39.5286,53.8214,64.3158,75.1745,86.6475,105.69,133.031,167.672,202.281,241.394,259.91,274.56,305.349,323.033,342.25,349.123,364.939,373.902,370.449,363.013,299.014,222.661,199.051,202.839,211.328,215.093,206.986,199.094,197.317,196.664,209.862,195.943,191.859,204.041,225.155
666,68.5306,74.6015,77.2332,80.3271,78.1655,71.3021,62.5837,53.4976,47.632,42.9018,38.1832,31.0412,23.5584,17.5644,13.8765,11.0241,8.73043,7.325,6.07294,5.83931,7.05835,9.92366,12.6463,15.9112,20.1186,27.0341,37.4537,51.0014,60.682,71.1888,82.5644,100.134,125.664,158.193,192.912,227.296,246.298,261.535,290.665,307.402,326.263,331.353,343.91,355.423,351.683,345.097,282.041,210.475,190.048,191.482,199.914,203.006,197.167,188.79,186.576,186.632,199.167,186.018,181.916,192.251,209.526
666.5,65.3115,71.0303,73.8021,75.2269,73.9639,67.5056,59.4521,50.7439,45.3321,40.6879,36.2902,29.5605,22.2711,16.8604,13.3221,10.6698,8.47348,7.17348,6.04442,5.71104,6.74332,9.46258,11.985,15.0526,19.1387,25.6549,35.4602,47.9382,57.4271,67.4247,78.0709,94.5518,118.785,149.067,182.403,214.208,232.551,244.239,274.49,290.116,306.3,317.016,324.113,335.935,333.369,327.544,267.346,199.739,179.634,180.574,189.237,191.324,187.32,179.528,176.357,177.064,188.733,176.199,171.634,180.946,194.345
667,61.8398,67.284,70.337,71.2034,70.0796,64.1194,56.2199,48.3482,43.0953,38.7259,34.4676,28.0001,21.3031,16.2555,12.7895,10.3283,8.17908,7.01109,5.96358,5.57537,6.48233,8.99555,11.3891,14.2513,18.1835,24.197,33.6884,45.3163,54.229,63.7488,73.7062,89.5261,112.177,140.425,173.091,202.064,220.037,232.205,259.759,275.94,288.754,300.862,307.074,317.011,314.977,311.964,252.794,188.196,170.249,170.531,179.411,179.32,176.975,169.84,166.295,168.167,178.257,167.017,161.196,170.785,181.186
667.5,58.5009,63.7543,66.5187,66.3223,66.4509,60.9617,53.2088,45.9792,41.037,36.7965,32.6858,26.7493,20.3415,15.5966,12.2812,9.97967,7.95402,6.87484,5.88566,5.44006,6.16369,8.5117,10.7667,13.45,17.2691,22.9826,31.8791,42.9392,51.1136,60.2309,69.8498,84.1288,106.107,132.887,162.887,191.131,207.581,218.645,244.421,261.331,271.201,284.856,290.601,298.635,297.546,294.934,239.453,178.268,160.933,162.032,169.804,168.477,167.233,160.766,156.231,159.105,168.492,157.75,151.946,160.902,170.302
668,54.9463,60.351,62.9952,62.9228,62.9521,58.0217,50.3778,43.8323,39.0318,34.8137,31.0838,25.5345,19.5313,15.0345,11.8264,9.626,7.75917,6.74335,5.85863,5.32031,5.92299,8.13237,10.2349,12.7254,16.3348,21.8468,30.1485,40.6319,48.7225,56.8755,66.2576,79.5146,100.41,125.917,153.634,182.481,195.782,207.194,231.192,247.41,256.324,269.818,276.101,282.42,281.97,278.807,228.381,169.079,152.453,153.37,161.385,158.75,157.234,152.144,147.582,150.326,159.379,148.735,143.462,151.753,161.133
668.5,52.2032,57.2967,60.042,60.1774,60.0888,55.3616,47.997,41.7045,37.185,33.064,29.5339,24.5382,18.7887,14.4679,11.4675,9.35425,7.59732,6.62835,5.81929,5.22022,5.70202,7.78927,9.75612,12.0866,15.4876,20.6404,28.6359,38.5493,46.119,53.6971,62.6596,75.3537,95.2319,119.208,145.54,172.553,183.702,197.746,220.46,233.438,242.296,255.206,262.169,268.465,268.063,262.387,215.79,160.223,145.041,145.151,152.909,150.49,148.834,144.786,139.331,142.495,150.822,140.913,136.683,143.388,153.129
669,49.6117,54.5502,57.28,57.8343,57.1971,52.7943,45.7993,39.7273,35.6249,31.6038,28.0911,23.5554,18.1884,13.9313,11.1748,9.08181,7.48424,6.56984,5.79059,5.16868,5.55477,7.50433,9.35238,11.5276,14.7226,19.7348,27.2358,36.6179,43.5206,50.9537,59.4321,71.8957,90.3145,112.934,138.011,163.827,173.784,187.572,208.77,220.424,229.536,240.553,250.296,255.512,254.954,247.002,205.522,152.633,137.525,137.631,145.491,143.414,140.063,137.768,132.435,135.331,142.602,133.758,130.41,136.082,145.387
669.5,47.3006,52.1264,54.3496,55.547,54.7543,50.4797,44.0477,38.0269,34.1837,30.3848,26.9246,22.6887,17.6484,13.5104,10.9106,8.85853,7.36071,6.49393,5.76227,5.16022,5.43033,7.22942,9.0162,11.0049,14.044,18.8391,25.8769,34.8434,41.4683,48.5892,56.3554,68.6586,85.754,107.462,130.287,154.744,165.539,179.832,196.856,208.908,219.349,228.54,237.315,243.766,242.676,234.694,195.836,145.155,131.11,130.523,138.394,136.738,133.409,131.143,125.99,129.168,135.354,127.357,123.971,129.34,137.49
670,45.5406,49.8858,51.772,53.3036,52.3455,48.4168,42.3445,36.6159,32.8805,29.2224,25.8095,21.7426,17.0457,13.1256,10.6612,8.69376,7.25297,6.50108,5.78899,5.15935,5.2687,6.96987,8.65528,10.5825,13.4816,18.1565,24.6014,33.1532,39.6164,46.5217,53.5772,64.9302,81.6042,102.712,123.706,147.466,157.532,171.925,187.02,198.74,210.398,216.83,226.171,232.115,231.402,224.188,186.877,138.703,124.332,125.215,131.15,130.636,127.298,125.186,120.692,123.122,128.773,121.245,117.507,123.36,130.585
670.5,43.7755,47.9556,49.5677,51.1379,50.2708,46.5747,40.704,35.4823,31.6141,28.1692,24.9381,20.9519,16.5415,12.8969,10.449,8.54431,7.15693,6.4764,5.8109,5.18783,5.17058,6.73853,8.31394,10.2173,12.9393,17.4292,23.4733,31.8443,38.0394,44.4636,51.1631,61.6421,78.0496,98.4365,117.848,140.734,151.665,165.504,178.512,191.177,200.439,208.058,216.124,221.89,220.852,213.774,179.148,132.829,118.612,120.374,124.42,124.992,122.789,119.805,115.717,118.102,123.429,115.888,112.639,117.632,123.913
671,42.1454,46.1752,47.7252,49.4384,48.6311,44.9366,39.2171,34.4294,30.5405,27.1884,24.1069,20.2643,16.0758,12.6256,10.2746,8.43008,7.07441,6.48449,5.84971,5.20709,5.11475,6.57654,7.98911,9.936,12.4469,16.8508,22.5807,30.6246,36.5773,42.6716,49.0898,58.8294,74.9903,94.6907,113.015,133.823,145.165,158.938,171.533,183,191.974,199.701,208.194,212.585,211.755,204.944,171.546,127.712,113.736,116.369,119.006,119.853,118.253,115.324,111.518,113.105,118.669,111.114,108.453,112.612,118.083
671.5,40.7922,44.6183,46.5962,47.8613,47.0836,43.5562,38.0226,33.6232,29.7005,26.3827,23.3848,19.7435,15.7595,12.3583,10.1453,8.35948,7.03653,6.4877,5.91741,5.24065,5.07912,6.30062,7.74045,9.61382,12.0036,16.2694,21.8712,29.5181,35.1999,41.2023,47.7297,56.6834,72.2926,91.1086,109.009,129.183,140.791,151.653,165.912,176.012,183.803,192.751,200.036,204.706,204.145,196.467,163.981,123.009,109.226,112.125,114.62,116.255,114.166,110.979,107.881,108.45,114.836,107.189,104.944,108.346,113.375
672,39.8088,43.4728,45.3911,46.0677,45.7662,42.4052,37.1707,32.7288,29.0398,25.7954,22.7731,19.3895,15.51,12.2028,10.0346,8.32234,7.03846,6.529,5.9897,5.28326,5.0812,6.13673,7.5296,9.32445,11.5671,15.718,21.1718,28.6469,33.9876,39.8368,46.263,55.117,69.5734,87.9851,105.387,124.357,136.478,146.527,159.408,169.679,179.099,184.801,192.688,197.67,196.351,190.527,158.144,118.429,106.497,108.706,111.579,112.694,111.031,107.219,105.663,104.897,111.234,103.521,102.007,104.687,109.154
672.5,38.8983,42.3465,43.9043,44.6854,44.5574,41.453,36.4408,31.9681,28.5148,25.2436,22.3654,19.102,15.3174,12.1238,9.95817,8.3174,7.08869,6.6173,6.11678,5.3683,5.11451,5.98351,7.42806,9.07388,11.2714,15.2969,20.5221,27.6678,33.0654,38.5611,45.008,53.5538,67.2901,85.2781,102.414,120.265,132.503,141.936,154.54,164.827,174.402,179.992,186.931,191.051,190.728,185.019,153.124,115.442,103.735,105.431,108.247,109.683,107.75,104.106,103.139,102.126,107.639,100.856,99.1329,101.509,106.712
673,38.2479,41.4824,42.919,43.7424,43.6193,40.6653,35.7409,31.3593,28.0934,24.9401,22.1223,18.9023,15.1881,12.0626,9.92405,8.36114,7.16535,6.72433,6.23438,5.48955,5.10456,5.84386,7.32447,8.89443,11.0739,14.8987,20.0028,26.9073,32.3088,37.5371,43.6834,52.1645,65.3892,82.9523,99.7798,116.671,128.618,138.313,150.569,161.146,170.312,174.192,180.213,184.431,184.641,180.71,149.954,112.555,101.477,103.054,105.369,106.86,105.187,102.162,100.518,99.4277,105.22,98.5146,96.9295,98.4296,104.055
673.5,37.6458,40.6535,42.1676,43.429,42.8813,39.8937,35.1244,30.8621,27.7339,24.5712,21.9453,18.7115,15.0786,12.0666,9.97179,8.42841,7.26026,6.86028,6.38896,5.59029,5.14151,5.89834,7.27087,8.74448,10.896,14.5584,19.6496,26.1838,31.5439,36.589,42.7329,51.0966,63.9818,80.8947,97.4792,114.34,125.436,134.929,147.224,157.663,166.213,170.444,176.352,179.366,181.372,175.84,146.317,109.465,99.4037,100.407,102.796,104.389,102.733,99.2525,98.3198,97.7151,102.683,96.2983,95.1718,95.9151,102.309
674,37.2939,40.3347,41.4685,43.2991,42.3855,39.4075,34.7642,30.5933,27.5448,24.4634,21.9268,18.5834,15.0984,12.1591,10.1205,8.59456,7.39679,7.05655,6.60076,5.71443,5.24446,5.83738,7.24182,8.66898,10.8676,14.3761,19.4019,25.8528,30.9805,35.8133,42.1315,50.3627,63.0334,79.1962,95.6123,112.327,122.907,132.472,144.173,155.249,162.773,167.499,173.458,175.779,177.516,171.846,144.378,106.598,97.5388,98.9317,101.129,102.696,101.031,97.3911,96.2405,95.6277,100.968,94.9438,93.5804,94.2462,100.897
674.5,37.0642,40.1595,41.28,43.2403,42.1792,39.1523,34.726,30.5051,27.3886,24.4709,22.0627,18.4505,15.2055,12.4066,10.2774,8.85263,7.6238,7.29046,6.84062,5.90205,5.41898,5.96551,7.23721,8.66989,10.7553,14.2893,19.1663,25.4208,30.415,35.4579,41.7301,49.7618,62.2747,77.902,94.2326,111.109,121.008,131.006,142.298,152.844,159.954,165.285,171.81,171.63,174.167,170.486,142.242,104.61,95.9898,97.4298,100.659,101.091,100.072,95.7613,94.6997,94.3813,99.5703,93.9492,92.4257,92.945,99.387
675,36.9973,40.278,41.2788,43.414,42.3061,39.1223,34.8607,30.583,27.5406,24.5321,22.3219,18.5715,15.4644,12.7306,10.6036,9.17044,7.9291,7.64765,7.15266,6.12764,5.60409,6.10038,7.26143,8.76602,10.7752,14.2781,19.0114,25.1267,30.1632,35.1868,41.333,49.3794,61.7397,77.1955,92.9574,110.159,120.022,128.719,141.225,151.158,158.539,164.301,170.609,169.969,171.606,168.628,141.015,104.306,95.0652,96.6111,99.9558,100.675,99.7363,95.1206,94.0048,93.7041,98.9108,93.737,91.8489,93.0547,98.3791
675.5,37.2537,40.6321,41.6873,43.7319,42.6664,39.2864,35.2517,30.813,27.824,24.8111,22.771,18.8793,15.8906,13.0907,10.9163,9.56429,8.34889,8.07142,7.51715,6.43923,5.77838,6.24308,7.34136,8.87717,10.7585,14.3759,18.9489,25.0329,30.1067,35.1616,41.2027,49.3528,61.6429,76.6415,92.4629,110.007,119.437,128.242,140.341,150.542,157.508,163.281,168.766,168.739,170.744,169.141,140.398,104.19,94.7004,95.8818,99.7288,100.267,100.289,95.708,93.2335,94.4469,99.139,94.178,92.1165,93.9097,98.3311
676,37.6916,41.1197,42.5472,44.3613,43.2914,39.7795,35.8697,31.3715,28.3172,25.3548,23.1561,19.3987,16.3524,13.5268,11.4024,10.0606,8.88789,8.59007,7.98486,6.75023,5.98395,6.47312,7.50194,9.03464,10.9158,14.5796,19.006,25.1933,30.2608,35.2897,41.3072,49.3942,61.7001,76.6019,92.2732,109.598,119.752,128.218,140.176,150.44,157.552,162.884,168.83,168.653,172.035,169.56,140.313,104.988,94.9019,96.1721,99.6488,100.863,100.849,97.3254,93.4101,94.7478,100.123,94.3978,93.0095,95.3082,99.1758
676.5,38.6856,41.9095,43.7433,45.2019,44.1593,40.8794,36.6162,32.1003,29.0379,26.0451,23.5051,20.0639,16.9322,14.0959,12.0377,10.6474,9.48546,9.2203,8.54217,7.1896,6.22448,6.69556,7.73067,9.27439,11.1822,14.8687,19.3,25.6249,30.5876,35.5282,41.6774,49.7345,62.0812,76.9918,92.9266,109.894,120.396,129.508,141.193,150.605,157.387,163.671,170.263,170.583,173.14,171.6,141.505,106.225,95.9273,97.2081,100.26,101.671,101.659,98.8119,94.3113,96.3018,101.551,95.662,94.1447,96.9102,101.054
677,39.8215,43.0451,44.9085,46.4316,45.2003,41.9764,37.6303,33.0813,29.9137,26.9255,23.9036,20.895,17.7306,14.8462,12.7329,11.3001,10.1431,9.93161,9.14489,7.62944,6.55848,7.02837,8.00083,9.55564,11.5437,15.1983,19.6537,26.1199,31.1482,36.1872,42.0629,50.3702,62.6421,77.9797,93.6423,111.239,121.729,130.292,142.761,151.55,158.792,165.724,172.765,172.537,176.038,174.835,143.639,107.43,97.4713,99.1577,101.519,103.32,103.644,100.129,96.1305,98.2954,103.037,97.5085,96.3955,98.9056,103.746
677.5,41.1224,44.5411,46.4598,47.8422,46.6076,43.4455,38.8626,34.4135,30.9935,28.053,24.3927,21.8083,18.7353,15.7174,13.5979,12.0155,10.9067,10.7483,9.88054,8.22052,6.92313,7.38672,8.36251,9.92438,12.0024,15.7151,20.1708,26.745,31.815,36.7505,42.7672,51.33,63.7868,79.565,94.7613,112.562,122.764,132.249,145.923,153.464,161.016,168.218,175.282,175.973,178.204,177.669,146.905,110.007,99.5019,101.923,103.496,105.781,106.002,102.542,99.3389,101.434,105.722,100.257,99.157,101.562,107.023
678,42.5448,46.2157,48.1792,49.5822,48.2201,44.8993,40.4739,35.8846,32.2446,29.2016,25.3901,22.9498,19.7801,16.7053,14.5269,12.9136,11.7617,11.6985,10.739,8.85135,7.36488,7.77655,8.80332,10.3429,12.5547,16.2701,20.7565,27.5109,32.6574,37.7675,43.6146,52.5105,65.2787,81.6905,95.5933,115.376,124.989,135.745,149.229,157.14,162.88,171.811,179.193,180.798,181.24,182.315,150.7,113.16,102.673,104.615,106.718,108.948,108.285,105.663,103.276,104.821,109.073,103.796,102.048,104.983,110.307
678.5,44.0295,48.0741,49.8923,51.4925,50.2676,46.7568,42.3121,37.4854,33.6712,30.6899,26.7316,24.1279,20.8876,17.8687,15.5707,13.9259,12.7388,12.8021,11.6988,9.53571,7.92012,8.21029,9.305,10.8685,13.1188,16.8285,21.485,28.3,33.4861,38.8907,44.6574,53.9184,67.2501,82.5658,97.6373,118.206,128.106,139.306,153.613,161.077,167.138,176.323,184.096,185.934,187.158,186.632,154.399,116.993,105.6,108.333,109.856,112.424,112.122,109.394,106.635,107.962,112.943,107.672,105.65,108.274,114.295
679,45.8907,50.0337,52.1183,53.7283,52.6876,48.7646,44.4568,39.1668,35.3353,32.2532,28.223,25.4747,22.1283,19.1861,16.7151,15.0104,13.8353,13.9671,12.8059,10.2896,8.51503,8.69918,9.86304,11.4538,13.7967,17.4554,22.2332,29.1259,34.3977,40.3238,46.3978,55.7615,69.289,85.114,100.905,122.465,132.049,143.037,158.465,165.397,172.507,181.466,189.768,192.521,192.972,192.569,158.705,121.113,109.333,111.647,114.767,116.487,115.716,113.018,110.91,111.58,117.325,111.995,109.467,112.373,119.055
679.5,47.8328,52.0876,54.4561,55.8992,55.0212,51.1045,46.695,41.1184,37.1888,34.0076,29.8374,27.1255,23.5503,20.6331,17.933,16.2155,15.0014,15.2226,13.9607,11.093,9.08807,9.2173,10.4759,12.1055,14.4388,18.1106,23.0463,29.9542,35.3572,41.785,48.5538,57.8184,71.5281,87.6479,104.861,126.435,136.31,147.59,162.892,170.619,176.94,186.951,194.35,197.585,198.873,198.456,162.882,125.46,114.038,115.285,118.943,120.591,120.06,117.358,115.301,115.696,121.792,116.225,114.245,117.16,124.257
680,50.1902,54.4443,57.0109,58.5496,57.5868,53.5503,48.9761,43.1805,39.1633,35.9024,31.4652,28.7511,25.1406,22.1508,19.2647,17.5096,16.3692,16.7155,15.2453,12.0465,9.68525,9.72437,11.1822,12.8592,15.1629,18.9869,23.8787,31.0791,36.4624,43.3861,50.4277,59.7167,74.0481,91.8143,110.185,129.903,140.689,152.52,166.552,176.328,183.602,193.011,199.838,202.874,205.231,204.66,168.769,129.624,117.889,120.058,123.626,125.327,124.585,122.107,119.431,120.291,126.732,120.451,119.38,122.421,129.917
680.5,52.6048,56.9706,58.7993,61.1355,60.2908,56.3453,51.3004,45.4938,41.3448,37.7897,33.1172,30.5798,26.9638,23.7355,20.7459,18.8767,17.7874,18.3669,16.5053,13.0312,10.4138,10.2604,11.9377,13.6281,15.9619,19.994,24.7973,32.3969,37.9344,45.0019,52.1865,61.5418,76.5723,94.6676,114.334,133.906,145.035,157.173,171.65,183.008,188.129,199.371,205.608,209.088,211.307,211.839,174.469,135.033,122.256,124.928,128.425,130.136,128.629,126.868,124.238,125.161,131.876,124.741,124.175,127.718,135.501
681,55.0804,59.3967,60.3724,64.0522,62.9629,58.9789,53.7023,47.7276,43.5123,39.7374,34.9549,32.2943,28.8291,25.4184,22.371,20.3358,19.3511,20.0179,17.9084,14.0679,11.1011,10.877,12.5909,14.417,16.8882,20.9475,25.8649,33.5713,39.5334,46.5799,54.1735,63.415,79.2593,97.1785,118.224,137.983,149.681,161.825,176.734,189.729,193.731,205.801,211.278,215.247,218.905,218.599,180.577,140.19,127.048,129.669,134.102,135.175,132.46,131.479,128.837,129.892,137.029,129.088,129.585,132.477,140.981
681.5,57.366,61.8212,62.0252,66.9255,65.4157,61.739,56.0833,50.0604,45.7255,41.6481,36.8954,34.0718,30.652,26.9723,24.039,21.7482,20.8743,21.5147,19.2912,15.1611,11.8756,11.4642,13.2547,15.1655,17.8193,21.9698,27.0645,34.7904,41.2885,48.1356,55.5753,65.5698,81.6758,100.118,122.46,141.782,153.14,165.866,182.044,195.011,200.98,211.048,219.481,221.128,225.329,225.67,185.975,145.9,131.643,134.148,138.78,140.292,136.212,135.66,133.606,134.155,142.378,133.27,134.925,137.893,146.14
682,59.3645,64.1006,64.935,69.5648,68.2543,64.0688,58.3028,52.2149,47.7838,43.449,38.785,35.7645,32.3512,28.4443,25.5874,23.0699,22.2773,22.9929,20.6229,16.0585,12.5238,12.1003,13.8078,15.8504,18.6346,22.8051,28.0495,36.0396,42.6654,49.7449,57.2865,67.4413,84.0992,103.004,126.25,145.672,157.389,170.019,188.391,199.869,208.161,215.733,225.772,226.855,231.053,232.044,192.2,150.501,135.993,138.142,144.093,144.691,140.206,139.992,137.821,138.788,147.135,137.489,139.898,142.512,150.86
682.5,61.2614,66.1684,67.321,71.8091,70.6202,66.7328,60.3223,54.1975,49.5456,45.0518,40.5614,37.3155,33.7431,29.7327,26.99,24.3572,23.54,24.2596,21.7983,16.6673,13.0719,12.7174,14.3958,16.403,19.2889,23.458,29.047,37.1571,43.9131,50.9419,58.7995,68.9494,86.3628,106.303,129.222,148.548,161.634,174.177,193.605,203.753,213.178,221.125,232.149,232.936,236.786,237.886,197.012,154.648,139.489,143.059,147.871,149.007,143.954,144.495,142.049,143.63,151.968,142.076,144.696,147.174,155.868
683,63.0524,68.1182,69.454,73.7487,72.888,68.7827,62.2623,55.8361,51.0925,46.596,41.9689,38.6161,34.8878,30.8314,28.1309,25.446,24.6246,25.236,22.6934,17.416,13.6023,13.1919,14.9662,17.0301,19.8243,24.0838,29.9625,38.1632,45.0009,52.357,60.3461,70.3302,88.2537,108.268,132.138,151.943,165.05,178.8,197.186,206.635,218.487,227.214,237.647,238.406,241.257,242.493,201.989,158.573,142.827,146.942,151.62,152.729,149.042,149.492,145.835,147.513,155.898,145.95,147.678,151.252,159.971
683.5,64.5061,69.5275,70.9199,75.214,74.7651,70.2848,63.6667,57.2902,52.239,47.7738,43.1206,39.671,35.8176,31.6213,28.9993,26.2255,25.3531,26.1369,23.3577,18.1012,14.1148,13.6216,15.3973,17.6069,20.2179,24.5363,30.7365,38.8224,45.8075,53.2988,61.4197,71.6623,89.7229,110.125,134.669,155.244,167.954,182.278,200.178,210.859,223.518,232.822,240.421,243.332,245.666,246.483,206.181,161.344,145.506,150.575,154.706,156.373,153.862,152.093,149.62,150.835,159.252,150.142,150.723,154.722,163.332
684,65.7042,70.6473,71.2802,76.4947,75.8587,71.6222,64.7459,58.3234,53.0875,48.618,44.103,40.4768,36.6524,32.2174,29.5421,26.7541,25.8957,26.8167,23.94,18.8666,14.5953,13.978,15.7507,18.0582,20.5405,24.9636,31.2327,39.3366,46.6454,54.2488,62.3303,73.0112,90.5318,111.655,136.481,157.718,168.423,183.856,202.699,214.01,228.116,237.359,241.239,246.513,249.615,249.305,209.089,163.806,147.186,152.856,157.255,158.854,158.331,155.418,153.094,153.384,161.99,153.288,153.013,158.875,166.216
684.5,66.5022,71.6275,73.0505,77.4955,76.8532,72.3576,65.2611,58.9907,53.6479,49.2726,44.7675,40.972,37.1089,32.6336,29.9161,27.037,26.2946,27.1796,24.4085,19.0696,14.8425,14.248,15.927,18.2986,20.7506,25.3695,31.4012,39.6939,47.4084,54.8207,62.7922,73.8637,91.236,113.117,137.426,159.492,167.654,185.422,204.308,217.293,229.921,239.258,242.485,248.831,251.522,251.497,212.059,165.611,149.255,155.401,158.974,161.143,160.776,156.597,155.45,154.558,163.911,155.708,154.57,161.081,168.303
685,67.0235,72.014,73.2308,78.2099,76.992,72.9822,65.5087,59.2893,54.009,49.6711,45.1395,41.2773,37.394,32.9088,30.092,27.2304,26.5659,27.4763,24.8721,19.1465,14.9869,14.59,16.1246,18.4373,20.9354,25.6745,31.5002,39.8467,47.7908,55.3199,63.1597,74.6725,91.6953,114.738,138.007,159.098,169.712,186.862,205.264,220.333,227.253,240.588,243.469,250.29,252.985,252.622,213.371,167.107,151.258,156.231,160.755,162.753,161.908,157.956,156.929,156.021,165.045,156.887,156.514,162.994,168.63
685.5,67.1422,72.0539,74.0027,78.5501,77.2126,72.7333,65.3988,59.3078,54.1247,49.854,45.4032,41.3469,37.413,32.9186,30.1279,27.2913,26.5533,27.4966,25.0506,19.2365,15.1088,14.7391,16.1785,18.4046,21.0036,25.821,31.5474,39.6299,47.7567,55.6301,63.2253,75.2628,92.0828,115.427,138.007,158.359,170.363,187.274,206.226,220.011,225.818,240.877,245.544,249.953,253.871,253.193,213.814,168.608,152.529,157.124,160.718,162.97,161.413,158.834,157.232,155.775,166.03,157.81,157.932,164.074,168.815
686,67.2691,72.3192,74.6063,78.5949,76.879,72.8408,65.2738,59.3515,54.2136,49.8659,45.6999,41.3543,37.5061,32.923,30.0795,27.3965,26.5582,27.5336,25.1732,19.3569,15.263,14.8483,16.2226,18.5578,21.0016,25.8993,31.6449,39.6226,47.7132,55.8015,63.3428,75.6672,92.0868,115.747,137.964,156.278,172.212,187.607,206.77,219.518,226.644,241.173,245.233,249.962,254.485,252.781,214.358,169.122,153.233,156.923,160.479,162.654,161.439,159.168,157.37,155.164,166.892,157.765,158.607,165.225,168.439
686.5,67.0462,72.3722,75.1486,78.5121,76.992,72.7138,65.1278,59.2674,54.0996,49.8426,46.0077,41.3439,37.5016,32.9894,30.0051,27.4224,26.4937,27.5404,25.1954,19.4025,15.4413,15.0396,16.1908,18.5597,21.0528,25.9516,31.9123,39.6717,47.6077,55.7766,63.6075,75.522,91.6543,115.562,137.965,156.504,172.866,187.485,207.131,219.176,227.886,241.415,246.666,248.772,254.685,253.7,213.802,170.539,153.241,156.444,160.217,162.685,161.065,159.415,157.515,155.866,167.005,158.411,159.664,165.397,168.826
687,67.313,72.4034,75.6202,78.6704,76.9819,73.1589,65.3806,59.3329,54.262,49.8787,46.169,41.5253,37.6259,33.085,29.9548,27.5988,26.5616,27.5246,25.3725,19.6624,15.6961,15.1263,16.2916,18.6583,21.1355,26.0058,32.1325,39.9355,47.5732,55.873,64.0754,75.8786,91.7375,115.065,137.907,158.115,172.22,187.609,207.118,218.773,228.861,241.202,246.456,248.426,254.631,253.617,215.126,170.823,154.66,157.557,159.704,162.815,160.972,160.019,158.009,156.482,167.427,158.658,160.7,167.326,169.033
687.5,67.7157,72.8869,75.7565,78.8946,77.3705,73.61,66.0927,59.7237,54.6224,50.1169,46.47,41.9602,37.8531,33.4634,30.1036,27.8855,26.9024,27.7293,25.6293,20.0273,15.9621,15.3532,16.5412,18.8334,21.3564,26.3541,32.509,40.1462,47.9103,56.1484,64.6507,76.3098,92.6495,115.159,138.518,160.736,173.329,188.19,207.921,219.241,226.714,242.301,248.001,248.476,255.388,254.21,216.488,173.078,156.398,157.273,161.326,163.908,161.857,160.682,159.161,158.53,168.326,159.57,162.027,167.171,170.692
688,68.5245,73.6676,76.3149,79.4296,78.4131,74.4316,67.1467,60.2023,55.2914,50.5597,46.7932,42.5877,38.2983,34.0611,30.7616,28.3882,27.4737,28.164,26.0721,20.6267,16.4733,15.7314,16.9355,19.1013,21.6251,26.8148,32.8852,40.5678,48.3519,56.5381,65.3135,76.9951,94.3489,115.905,139.561,161.308,173.899,189.761,209.096,221.384,227.362,243.29,248.294,250.448,256.787,255.494,217.085,174.418,157.011,158.607,162.785,165.722,163.258,161.485,159.965,160.288,169.524,160.221,163.843,169.141,173.049
688.5,70.01,74.9844,77.5857,80.8394,79.918,75.7343,68.3929,61.0321,56.3019,51.3457,47.4046,43.4048,39.0423,35.0077,31.7523,29.2502,28.2968,28.9037,26.7356,21.3165,17.0304,16.2673,17.375,19.6275,22.1195,27.4865,33.3491,41.2445,49.08,57.483,65.897,78.4584,95.7825,117.752,141.466,163.824,176.06,192.774,211.863,225.249,229.352,245.631,251.087,253.999,259.905,258.115,221.328,177.634,159.77,161.597,166.151,169.483,166.7,163.122,162.352,162.405,172.335,162.322,166.015,170.97,175.587
689,71.2363,76.2896,79.2316,82.5772,81.3659,77.3617,70.096,62.4292,57.5326,52.7065,48.3384,44.4454,40.1607,36.0973,32.9335,30.1121,29.3894,29.8558,27.7187,22.1665,17.7056,16.8474,17.8281,20.3485,22.6735,28.235,34.2014,42.2645,50.2461,58.637,66.8967,79.8315,97.6507,120.395,143.644,165.827,179.716,196.595,215.499,228.425,235.21,250.377,255.214,261.013,264.116,262.511,225.403,181.724,163.185,165.366,170.415,173.84,169.254,166.007,164.854,165.198,175.212,165.787,169.246,174.408,179.569
689.5,73.1241,78.4628,81.474,84.6306,83.5045,79.4252,72.0441,64.3026,58.9327,54.2498,49.7705,45.8449,41.61,37.4602,34.2667,31.4191,30.5254,31.1698,28.8717,23.0203,18.3843,17.3812,18.4531,21.084,23.4739,28.9525,35.1412,43.3799,51.721,60.1593,68.3239,81.5575,99.9,123.562,145.821,170.048,184.265,201.854,220.588,234.105,239.995,254.038,260.757,267.945,268.894,268.453,231.422,186.512,167.873,170.824,174.806,178.472,175.004,170.795,169.04,169.102,179.054,169.812,173.197,178.118,184.163
690,75.3403,80.7636,83.4166,87.2593,86.0822,81.8685,74.3604,66.4193,59.9456,56.1609,51.4701,47.4904,43.3185,39.0454,35.726,32.8555,31.9358,32.5584,30.1939,24.0705,19.1855,17.9105,19.2316,21.9315,24.4541,29.7745,36.3543,44.5487,53.483,61.359,70.015,83.8392,102.282,126.283,149.424,174.654,187.673,206.301,226.038,238.699,248.803,260.973,268.003,274.395,274.744,274.74,238.166,189.842,173.567,174.848,180.245,183.486,179.151,175.319,173.89,173.835,184.014,174.942,177.467,183.022,189.863
690.5,78.2085,83.4497,86.3006,90.177,89.2116,84.2912,76.873,68.7454,61.2189,58.2368,53.1896,49.5947,45.1334,40.7591,37.2212,34.4944,33.3374,34.2119,31.4858,25.2341,19.9876,18.6498,19.9313,22.7531,25.4405,30.6989,37.6548,45.9381,55.123,63.1366,72.1167,86.452,105.106,129.355,153.927,179.863,193.829,211.266,232.127,246.328,257.121,266.584,274.294,282.166,280.706,283.04,245.03,195.619,179.588,179.93,186.418,188.958,184.943,181.142,179.747,178.64,190.037,180.499,182.776,187.532,196.197
691,81.1265,86.2811,88.7194,93.4001,92.416,87.1608,79.5587,71.4869,63.4695,60.4298,55.231,51.6695,47.1081,42.4669,38.8157,36.1824,34.7773,35.6035,32.9352,26.4316,20.6322,19.5512,20.7509,23.7213,26.5586,31.6295,38.9705,47.3668,56.8248,65.0349,74.04,89.3274,108.022,132.905,159.327,186.16,198.653,215.827,237.537,253.152,264.828,274.083,280.912,289.947,288.929,291.463,251.733,202.392,185.597,185.556,192.725,194.068,192.067,187.183,185.273,183.942,196.232,185.945,188.607,193.876,201.944
691.5,83.6997,88.7322,92.4296,96.8279,95.416,89.2916,82.1269,73.8205,66.4025,62.7407,57.4681,53.6809,49.022,43.979,40.3932,37.7456,35.9989,37.0497,34.4298,27.523,21.2278,20.5372,21.569,24.6035,27.475,32.8028,40.285,48.7613,58.5314,66.8629,76.8072,92.0618,111.067,137.019,164.241,192.984,203.48,221.065,243.211,261.58,269.861,282.106,287.882,298.286,298.865,299.464,258.549,209.042,190.982,190.965,198.881,199.228,197.638,193.431,191.082,189.741,202.716,192.691,194.708,200.273,207.508
692,86.2795,91.337,96.3082,99.8825,98.1203,91.7881,84.7866,76.3009,69.0255,64.8762,59.9878,55.5094,50.7611,45.3379,41.9002,39.1048,37.1777,38.5202,35.9228,28.499,22.0736,21.2293,22.4351,25.3475,28.1697,33.7956,41.6181,50.2602,60.0837,68.8164,78.5414,94.6908,113.648,140.896,168.201,198.113,209.062,227.623,250.799,268.554,276.161,290.345,296.302,305.42,305.685,306.728,264.759,215.617,195.74,196.435,204.776,203.644,204.4,199.459,195.729,194.901,207.717,197.29,200.857,206.507,212.587
692.5,88.1951,94.0131,99.1333,101.763,100.41,93.9678,86.8903,78.5675,71.5343,66.6484,62.1902,56.9729,52.3972,46.6948,43.2116,40.1486,38.3966,39.9154,37.086,29.2206,22.9459,21.8562,23.1231,26.0705,28.9848,34.808,42.7815,51.1851,61.6166,70.4148,80.0969,97.2227,115.634,143.972,172.146,203.066,213.018,230.909,257.654,274.232,283.414,296.152,302.466,311.751,311.19,314.074,270.94,220.729,200.892,200.954,209.605,208.221,208.446,203.466,199.993,200.857,212.145,201.89,205.103,210.907,217.079
693,89.5752,96.7295,99.8379,103.99,102.095,96.7303,88.5538,80.5024,72.5831,68.1222,63.7143,58.0854,53.655,47.9957,44.2331,41.0425,39.6215,41.24,38.1155,29.7712,23.8101,22.3795,23.6633,26.7127,29.7056,35.4327,43.6871,52.0025,62.7482,71.6736,81.7835,99.0761,117.869,146.192,174.718,206.252,215.514,236.738,262.085,278.065,292.275,298.841,307.707,316.888,316.381,320.605,276.691,224.842,203.194,204.967,212.964,210.936,212.274,207.505,203.7,205.134,215.958,205.871,208.839,214.727,220.447
693.5,91.1296,98.6591,100.481,105.531,103.694,98.3955,89.8506,82.0697,73.7283,69.1803,64.8642,59.0935,54.7118,49.2331,45.2228,41.8615,40.6717,42.2778,38.9222,30.4685,24.2998,22.8048,24.1082,27.1685,30.3335,35.8645,44.1742,52.5435,63.6169,72.5018,83.1306,100.233,119.391,148.232,175.914,208.874,220.832,241.342,264.841,279.924,296.638,302.847,311.392,320.471,319.973,324.263,279.941,227.582,206.038,209.229,215.301,214.866,214.094,209.757,205.056,207.943,217.526,207.593,211.078,218.447,223.588
694,91.5875,99.3437,100.28,106.555,104.309,99.3673,90.6993,82.8539,74.353,69.8346,65.5291,59.8129,55.4614,49.928,45.8818,42.5508,41.4757,42.8432,39.5426,31.1149,24.5588,23.1458,24.552,27.5573,30.8157,36.3455,44.02,53.2352,64.1944,73.4406,84.1396,100.502,121.056,148.844,175.979,210.807,222.643,244.032,265.599,282.535,298.068,301.399,314.869,322.321,325.609,326.015,283.501,228.875,205.734,210.567,217.443,217.43,216.224,211.206,207.131,209.281,219.023,210.221,212.578,220.472,225.538
694.5,92.1356,99.6236,101.403,107.263,104.77,99.7477,91.4846,83.0014,74.688,70.1921,66.0817,60.2623,55.9023,50.3958,46.3309,42.9537,42.0265,43.1033,40.2145,31.7969,24.872,23.3266,24.8795,27.8048,30.9612,36.786,44.1766,53.2848,64.5687,73.9968,84.7653,100.404,121.614,148.775,176.317,211.778,222.516,244.244,263.839,282.562,296.231,302.294,317.115,321.571,325.853,326.688,283.85,230.087,206.743,211.079,216.592,219.478,215.541,212.067,207.132,209.278,219.675,210.395,213.39,220.45,225.709
695,91.7251,99.3203,101.853,106.825,104.153,99.4618,91.512,82.4997,74.8622,70.1399,66.2969,60.3547,56.072,50.5528,46.7973,43.1951,42.4095,43.13,40.6503,32.0318,24.9882,23.4022,25.0215,27.7391,30.9508,36.9759,44.2281,53.1605,64.6568,74.5369,85.0048,99.9979,121.396,148.608,176.027,210.503,220.929,242.029,262.718,281.903,293.973,301.12,317.503,318.723,323.58,324.58,282.694,228.081,205.687,210.175,216.45,218.969,215.429,212.214,205.19,208.561,219.557,210.59,213.007,218.343,225.561
695.5,91.5045,98.5514,101.829,106.285,103.164,98.7009,91.3111,82.0895,74.5639,69.9924,66.3857,60.3095,56.109,50.6683,46.9204,43.0028,42.5471,43.4937,40.9369,32.1264,25.0822,23.4696,25.1542,27.7758,30.9239,37.146,44.4102,53.1612,64.3319,73.8604,84.7455,99.3208,120.706,147.837,175.521,208.435,218.479,239.624,260.546,281.364,289.784,300.725,315.701,315.277,319.055,322.494,279.037,227.145,205.153,209.448,215.328,218.122,212.189,211.365,204.92,207.589,217.682,209.683,212.578,215.935,222.942
696,90.7928,97.5965,101.354,104.995,102.35,97.4851,90.9162,81.4954,74.1911,69.7061,66.0587,60.2147,55.9666,50.6599,46.7169,42.7394,42.5562,43.8813,40.7079,32.1627,25.1178,23.5197,25.0304,27.7896,30.9007,36.9355,44.2486,52.8539,63.7774,73.2701,84.292,98.7766,119.726,146.305,174.289,205.718,216.439,237.414,259.312,279.134,287.598,298.418,311.69,311.439,315.107,319.802,275.475,225.598,204.596,208.253,212.703,215.218,209.935,209.76,201.064,205.407,216.166,207.294,210.433,212.941,220.021
696.5,89.8854,96.5058,99.2555,103.774,101.949,96.5547,90.1121,81.0019,73.5151,69.1888,65.4083,59.96,55.7596,50.3787,46.5458,42.6842,42.2063,44.058,40.6554,32.1607,25.2937,23.63,24.9644,27.7913,30.8666,36.6515,43.9909,52.8318,63.0318,72.5206,83.167,98.1556,118.487,145.484,172.596,202.368,215.984,234.986,256.799,276.387,283.725,294.048,307.71,307.352,310.201,316.069,271.855,223.69,203.503,205.726,209.641,211.823,205.326,206.986,199.107,203.274,212.194,204.587,207.179,210.029,216.059
697,88.9391,95.5026,97.8239,102.808,101.603,95.8956,89.2077,80.5577,72.8319,68.9662,64.677,59.6634,55.3586,50.2858,46.3626,42.2862,42.1661,43.929,40.5218,32.2365,25.3846,23.8683,24.828,27.7917,30.9239,36.4292,43.8531,52.8883,62.0819,71.8559,82.1441,96.9563,117.167,144.299,170.402,200.053,214.131,233.694,252.896,273.948,281.954,289.92,305.639,302.222,307.292,311.258,268.405,220.188,200.118,203.012,205.693,208.13,202.3,203.255,195.152,199.661,209.391,200.774,202.745,207.425,212.052
697.5,87.9876,94.3491,96.9265,101.441,101.032,95.455,88.1967,80.017,72.4654,68.5265,64.1313,59.3648,54.9459,49.9315,46.1693,42.6584,41.9816,43.8298,40.7722,32.4611,25.6758,24.0221,24.5252,27.73,30.9743,36.3392,43.5931,52.7388,61.071,71.0111,80.9854,96.1272,115.888,142.536,167.488,197.61,210.293,230.187,249.16,270.023,276.79,285.287,301.823,298.239,301.909,305.763,266.215,216.037,195.714,199.738,200.665,203.752,198.272,199.494,192.426,196.28,206.428,197.854,199.493,203.089,207.119
698,86.966,93.4619,96.2157,100.874,99.7266,94.5619,87.2985,79.4201,72.079,67.9819,63.7923,58.9501,54.7255,49.4345,46.2357,42.518,41.8973,43.4951,40.9282,32.7894,25.6689,23.8618,24.2122,27.6091,31.0272,36.2718,43.3987,52.2782,59.9097,69.776,79.8026,94.8052,114.645,140.807,165.904,195.438,206.845,225.56,245.975,265.398,274.037,282.005,296.138,292.742,297.981,298.814,260.99,211.375,192.14,195.779,197.532,200.731,194.109,195.411,190.124,192.557,202.98,194.143,195.052,199.638,202.404
698.5,86.062,92.2722,95.163,99.4271,98.3301,93.7923,86.3901,78.6706,71.8527,67.4785,63.5982,58.4748,54.3251,49.12,45.9246,42.8544,42.1498,43.2882,41.0207,33.1954,25.8279,23.9947,23.9235,27.528,30.92,36.1802,43.0446,52.0136,59.1767,68.785,78.7422,93.274,113.249,138.477,163.427,192.25,204.034,221.515,240.614,260.806,267.174,278.102,289.818,289.655,294.12,293.053,256.144,207.031,189.017,190.717,193.965,197.324,190.216,191.626,188.117,189.332,198.451,190.422,190.656,194.057,197.897
699,84.9791,91.0716,94.6557,98.2088,97.2932,92.5787,85.35,77.8631,71.4901,66.9111,63.0188,57.9961,54.0722,48.9608,45.6971,42.8426,42.1173,43.093,41.368,33.6581,26.2717,24.122,23.9906,27.4363,30.7326,36.1292,42.6588,51.6593,58.4493,67.6248,77.6342,91.9853,111.774,135.727,160.9,188.555,200.244,217.597,236.036,254.752,264.577,273.497,284.601,285.39,288.736,288.642,251.015,203.313,185.625,187.113,190.901,193.21,185.161,188.206,184.795,185.276,194.262,186.629,186.523,188.43,192.989
699.5,84.2239,89.8485,94.1836,96.88,96.3398,91.8503,84.1873,77.1047,71.1107,66.6048,62.8045,57.7423,53.5341,49.1695,45.7841,42.9786,42.1854,43.021,41.3759,34.2396,26.8718,24.5262,24.3369,27.3961,30.6173,35.8831,42.5,51.5544,57.6653,66.818,76.74,90.4105,110.078,133.471,158.6,185.113,197.506,212.024,230.456,249.32,261.007,268.008,278.177,281.299,284.486,282.764,246.598,200.008,181.139,183.746,187.357,189.323,181.913,183.767,181.634,181.075,190.606,182.314,182.166,182.629,187.901
700,83.3074,88.5754,93.4178,95.8228,94.7289,90.8784,83.1849,76.4729,70.6777,66.1856,62.4783,57.4546,53.0563,49.3162,45.9696,42.9293,42.3764,43.224,41.6038,34.7825,27.8024,24.9376,24.8011,27.4757,30.6834,35.8619,42.3413,51.3611,56.989,66.0144,74.9927,88.9597,108.301,130.937,155.27,180.58,193.076,206.448,225.55,244.071,258.091,262.652,273.899,277.018,278.973,276.257,241.149,195.214,177.269,180.472,184.125,184.732,178.94,178.924,176.998,177.334,187.205,177.728,177.877,177.304,182.333
700.5,82.1786,87.5186,92.7658,94.5394,93.6881,89.9568,82.6119,76.1294,70.3501,65.9619,62.3263,57.4688,52.7404,49.5804,46.0798,43.2591,42.6727,43.3723,41.6958,35.4835,28.3577,25.3393,25.1941,27.4226,30.7302,35.9878,42.2664,50.7975,56.3188,65.5212,73.538,87.8857,106.493,128.282,151.704,176.18,189.55,201.001,220.291,239.644,252.094,256.277,268.232,271.12,272.7,270.422,234.513,190.467,173.029,176.539,179.867,180.123,176.649,174.062,172.609,173,183.275,173.71,173.511,172.489,176.844
701,81.1505,86.4213,91.8487,93.4319,92.5963,89.026,82.2568,75.7699,70.1556,65.6824,62.0628,57.433,52.9309,49.8916,46.5673,43.5926,42.9388,43.8827,42.1485,36.3102,28.9001,25.7907,25.3718,27.4827,30.9419,36.2748,42.1867,49.9515,56.0096,64.72,72.3901,86.8765,104.843,125.882,148.643,173.023,183.467,195.945,215.407,233.932,245.998,249.557,261.757,265.646,264.404,263.22,227.281,186.249,168.897,172.594,175.759,175.541,172.146,169.632,168.546,169.026,179.234,169.469,168.149,167.09,171.489
701.5,79.9733,85.4591,90.6254,92.0578,91.5292,88.0148,81.8037,75.3291,69.8404,65.5089,61.9919,57.5666,53.459,50.1393,47.1839,44.333,43.4247,43.9153,42.8108,37.0406,29.6352,26.3034,25.6173,27.5931,30.9149,36.2319,42.1804,49.5429,55.3524,63.7799,72.0001,85.9042,103.233,123.585,145.594,169.488,177.478,192.376,211.858,227.825,239.894,243.766,255.638,260.327,257.318,257.843,220.532,182.808,164.713,168.336,171.329,171.132,169.254,166.226,165.269,165.516,174.076,164.604,163.55,162.804,166.01
702,79.2601,84.7128,89.2934,90.5905,91.233,87.2801,81.3708,75.3686,69.3733,65.5861,61.9458,58.0716,53.921,50.829,47.9363,45.1285,44.1484,44.7019,43.7553,38.0383,30.7243,27.0758,25.9609,27.8751,31.173,36.399,42.2166,49.2553,54.8119,63.0231,71.4719,84.5573,101.529,121.568,142.873,166.349,173.077,188.416,208.699,222.07,232.824,238.171,249.457,254.57,252.028,252.555,215.91,178.33,160.294,163.314,166.73,165.557,165.95,161.517,161.384,161.262,168.764,160.986,159.14,158.937,160.517
702.5,78.6792,84.2462,88.6659,90.0157,90.9283,87.0978,81.5523,75.6389,68.4776,65.7789,62.3188,58.4665,54.4621,51.5224,48.692,45.8318,45.1847,45.4021,45.1412,39.1798,31.6619,27.9285,26.5198,28.333,31.448,36.6186,42.151,48.8249,54.8303,61.952,70.797,83.5469,99.9804,119.402,139.728,162.97,169.514,183.463,204.117,215.259,226.404,235.142,243.841,248.688,247.529,246.45,211.008,173.473,155.935,158.43,162.381,161.839,162.457,157.769,157.103,157.14,163.859,156.562,154.43,155.481,155.437
703,78.6371,83.8185,87.9472,89.916,90.4086,87.1852,81.7166,76.1929,68.589,66.3861,63.0141,58.499,55.2389,52.518,49.5844,47.0122,46.3952,46.4784,46.5784,40.7397,33.0344,28.8822,27.1306,28.7779,31.8738,37.1976,42.1724,49.1128,54.1123,61.1945,69.9888,82.2904,98.3378,117.378,137.097,159.454,164.377,178.363,200.199,210.523,221.046,230.757,236.678,242.272,242.071,240.74,204.303,168.498,152.203,153.47,158.379,157.379,157.369,153.587,152.953,153.093,160.386,152.26,150.86,152.185,150.509
703.5,78.7923,83.6636,87.8774,90.5677,90.3802,87.3145,82.3921,76.8431,69.4949,67.1038,63.9367,59.0784,56.17,53.8125,50.8918,48.3709,47.9433,48.5323,48.1846,42.5376,34.6248,29.8376,27.9578,29.463,32.6496,37.7509,42.2396,49.0801,53.9024,60.793,69.1832,81.4209,97.1499,115.596,134.722,156.088,161.061,175.648,195.571,206.272,215.32,225.568,232.181,236.359,236.694,234.268,199.289,163.511,148.692,150.23,154.688,153.603,153.1,150.144,149.354,148.735,157.434,148.919,146.727,148.782,145.987
704,79.2394,83.775,88.1132,90.5875,90.8636,88.18,83.1743,78.0587,71.2185,68.1819,65.2888,60.0805,57.3918,55.3342,52.6796,50.4015,49.6781,50.5124,50.2654,44.5797,36.4012,31.1582,28.905,30.2093,33.3439,38.5156,42.3713,49.1288,53.4431,60.764,68.4719,80.8557,95.869,113.805,132.694,152.786,157.795,171.952,191.76,202.325,210.503,220.451,226.093,230.675,231.015,227.798,194.115,158.213,146.317,147.028,151.623,149.4,151.192,146.278,145.359,145.656,154.544,146.121,143.469,145.233,142.003
704.5,80.0561,84.2489,88.8483,91.8243,92.347,89.4629,84.5561,79.6558,73.7394,69.4736,66.7666,62.2103,59.0398,57.5542,55.2879,52.4689,51.9354,53.0076,52.6727,47.1924,38.9669,32.628,30.0139,31.2114,34.2017,39.3488,42.8512,49.6049,53.749,60.3452,68.0946,80.5019,95.1521,112.554,130.4,149.847,154.797,168.4,187.579,199.534,205.31,216.492,222.43,225.799,226.572,222.633,190.975,155.238,143.325,144.252,148.032,146.697,149.114,144.248,141.688,143.025,152.363,143.808,141.127,142.175,138.942
705,81.3808,85.3424,90.3918,93.1792,94.0228,91.2723,86.6411,81.9128,76.248,71.2719,68.9095,64.6778,61.3294,60.1884,57.8915,55.1429,54.7503,55.5835,55.3759,50.065,41.489,34.3258,31.426,32.3536,35.3606,40.4532,43.7734,50.3213,54.3588,60.7817,67.9348,80.403,94.4819,111.856,128.125,146.788,151.642,164.884,184.676,195.757,199.581,212.505,218.399,221.292,222.631,219.041,189.098,152.663,141.326,142.338,145.862,144.491,147.422,142.818,139.565,141.411,150.186,141.645,138.765,139.001,135.971
705.5,83.0167,86.9893,92.2932,95.34,96.2113,93.7715,88.9274,84.438,78.9722,74.0572,71.4854,67.2366,64.3047,63.0251,61.1471,58.1652,58.0571,58.7095,58.6093,53.2219,43.8332,36.5832,33.022,33.8259,36.8466,41.7557,45.0524,51.1461,55.016,61.1223,68.5828,80.7072,94.2586,111.19,126.299,144.151,149.145,161.493,181.911,192.395,197.89,208.743,214.46,216.909,219.19,214.768,187.396,152.353,138.928,139.134,144.104,143.167,144.32,141.788,138.438,140.63,148.984,139.387,137.277,136.816,134.012
706,85.3017,89.5444,94.7889,97.8834,99.0851,96.9122,92.0443,87.5904,82.2331,77.4766,74.8692,70.6089,68.0054,66.5467,64.8435,62.3718,62.095,62.2032,61.6453,56.7447,47.2215,39.2372,34.8635,35.3666,38.6121,43.3689,46.5837,52.4445,55.4302,62.4404,69.7232,81.4204,94.5902,110.8,125.201,142.342,148.632,160.801,180.127,189.637,196.77,205.67,212.509,212.226,216.866,213.03,184.997,151.571,137.081,137.545,143.363,143.349,142.742,140.345,138.125,140.083,147.661,138.381,136.449,135.433,132.557
706.5,88.2922,92.6512,97.4466,101.167,102.477,100.866,95.8134,91.6721,86.1001,81.7448,78.8626,74.3683,71.8956,70.4516,68.8348,66.9734,66.5247,66.8146,65.3067,60.921,51.0498,42.2432,37.124,37.3324,40.7042,45.215,48.2954,54.0451,56.7335,63.6576,71.2307,82.367,95.3759,110.923,124.413,141.453,149.507,159.477,177.829,186.356,195.521,202.914,211.204,208.293,214.46,210.312,184.46,151.471,136.465,137.305,144.132,143.42,142.545,140.117,138.402,140.548,147.517,138.481,136.196,134.609,132.429
707,92.3265,96.5091,101.381,105.553,106.062,105.523,100.658,96.6703,90.9053,86.7489,83.5223,78.8855,76.3178,75.1685,74.0565,71.9681,71.5731,71.8888,69.9989,65.7415,55.8447,45.814,39.8218,39.6489,43.1525,47.3351,50.3927,55.8164,58.3917,65.209,72.9143,83.6452,96.4599,111.855,124.99,141.918,148.665,160.3,176.663,184.096,194.6,201.447,210.186,206.7,213.885,209.58,184.89,151.39,136.264,138.012,144.671,144.248,143.876,140.105,138.492,141.351,148.367,139.232,137.002,135.103,133.023
707.5,96.8821,101.082,106.378,110.752,110.386,111.027,105.959,102.481,96.4732,92.277,89.0114,84.4154,81.4053,80.9482,79.9085,77.9132,77.1145,77.616,75.5541,71.0946,61.1405,49.3841,42.7986,42.6463,45.9091,49.9223,52.9043,57.8228,60.8613,67.1815,75.2435,85.407,98.1667,113.051,126.102,142.803,149.329,161.872,175.461,183.124,194.888,201.574,210.626,207.419,213.425,208.423,185.3,151.824,136.45,139.08,145.383,145.293,145.736,141.091,139.777,143.143,149.72,140.65,138.519,136.13,134.607
708,102.312,106.235,112.166,117.04,116.038,117.346,111.794,109.015,102.792,98.7503,94.938,90.5858,87.4907,87.4647,86.8252,84.1304,83.398,84.0749,83.0017,77.9507,66.5589,53.331,46.3043,45.8553,49.0815,52.7064,55.8893,60.7238,63.6651,69.5445,78.2101,87.6857,100.047,115.278,128.299,144.48,150.034,163.876,175.711,183.357,196.766,202.887,211.181,209.358,214.85,210,186.116,153.399,137.914,141.255,146.714,147.03,147.323,143.183,141.78,145.285,152.295,143.31,140.867,138.292,137.004
708.5,108.402,112.453,118.964,123.854,122.687,124.638,119.196,116.319,110.286,106.422,101.908,97.3591,94.0943,94.5808,94.3213,91.8464,90.6821,91.6752,91.2066,84.8474,72.6432,58.0526,50.1884,49.5008,52.7042,56.0984,59.1802,64.0145,66.6587,72.6275,81.4405,90.7383,103.135,117.585,131.025,146.656,151.026,165.799,177.704,186.207,200.109,205.139,213.757,213.088,217.278,213.851,186.217,155.441,140.454,144.065,148.947,150.012,150.003,145.444,144.592,148.437,155.356,146.706,144.336,141.14,140.136
709,115.692,119.429,126.548,131.73,131.913,132.546,127.938,124.394,118.413,114.671,109.575,105.255,102.152,102.632,102.059,99.8226,99.0377,100.101,99.3564,91.4307,79.24,63.5498,54.3064,53.5536,56.5312,59.8996,63.068,68.263,70.1677,76.4089,84.9026,94.003,106.736,120.79,134.111,149.081,153.463,167.981,182.284,188.977,203.232,208.197,216.631,215.868,220.571,218.852,189.538,158.157,144.523,148.026,152.412,153.481,153.394,149.186,147.983,152.16,159.387,151.479,148.512,145.154,143.941
709.5,123.815,127.521,134.922,140.334,141.898,141.728,137.839,134.172,127.504,123.778,118.109,113.637,110.361,111.584,111.311,108.307,108.56,109.714,109.039,100.375,86.1416,69.8407,59.1246,57.9858,60.4835,64.3499,67.0723,72.3947,74.0231,80.52,88.8653,98.5295,111.242,124.527,138.011,152.673,157.543,170.79,186.382,193.852,206.641,213.57,220.664,220.475,225.354,223.882,192.478,161.15,148.947,152.546,156.319,157.598,157.753,154.115,152.022,157.014,164.218,156.469,153.341,150.136,149.159
710,132.442,136.563,144.949,149.948,151.413,152.138,148.925,145.113,137.722,133.185,128.049,123.067,120.167,121.813,121.534,118.194,118.381,119.657,118.094,110.857,93.255,76.7748,64.3208,62.8286,65.0693,69.4602,71.5237,77.0006,78.4918,85.3356,93.5015,103.276,116.033,129.037,142.559,156.681,161.642,174.614,191.22,199.638,210.322,218.418,224.9,225.803,230.818,229.964,198.462,165.824,154.085,156.989,161.41,162.746,163.278,158.327,158.152,162.302,169.508,162.028,159.126,155.055,153.532
710.5,141.836,146.4,154.459,160.083,162.521,163.87,160.383,156.785,148.398,143.58,138.449,133.619,131.164,132.239,132.984,128.92,128.751,130.423,128.153,121.063,101.264,83.65,70.1405,68.1218,70.2472,74.8993,76.1992,81.1544,83.1919,90.0229,98.6892,108.871,121.79,134.41,147.831,161.718,166.908,178.933,196.658,203.123,215.519,225.177,229.956,232.059,237.464,236.659,205.047,171.444,160.01,162.486,167.464,168.65,168.803,164.587,164.93,168.638,175.604,168.704,165.786,160.931,159.258
711,151.804,156.341,165.221,171.434,174.984,176.367,172.358,169.426,160.2,154.958,149.219,144.829,142.047,143.294,143.951,141.096,139.816,141.805,140.007,132.299,109.591,90.7649,76.534,73.6895,76.2273,80.3352,81.0659,86.2665,88.5666,95.5313,104.49,115.166,127.527,140.128,153.376,167.365,172.943,184.999,202.824,210.747,222.269,231.137,237.69,238.692,244.419,243.883,212.448,177.736,166.656,168.267,173.698,174.821,175.814,170.239,172.236,176.172,183.531,176.358,173.234,167.853,165.473
711.5,162.201,166.884,175.517,183.482,188.65,189.716,185.268,181.67,172.569,167.164,160.87,156.423,153.6,154.646,155.886,153.201,151.461,153.219,152.699,144.349,120.755,98.5201,81.8622,79.7091,82.9174,85.9982,85.686,91.5289,93.9449,101.382,109.559,121.526,134.453,146.716,159.635,173.906,179.73,191.412,210.041,218.803,231.123,238.958,246.124,247.01,252.211,252.613,219.806,185.472,174.468,175.666,180.117,180.709,184.112,177.412,179.136,184.19,191.507,185.155,180.234,175.29,173.086
712,172.912,178.237,187.348,196.451,203.225,203.547,198.465,194.051,185.065,180.066,173.628,169.045,166.012,166.287,168.307,165.456,164.169,165.267,165.516,156.901,131.291,106.564,87.5597,85.5854,89.1285,92.19,90.1964,97.3455,99.5448,107.834,115.435,128.31,140.678,152.603,166.666,180.563,187.484,198.782,218.009,227.829,239.97,246.465,255.892,253.498,260.567,260.074,227.713,192.289,182.302,182.863,187.922,187.211,191.879,185.548,186.243,192.618,200.347,194.68,186.468,183.675,180.931
712.5,184.114,190.092,199.107,209.683,215.745,216.526,210.958,207.442,197.903,192.787,187.48,181.712,178.015,177.931,181.256,177.897,176.072,177.635,177.468,168.94,143.29,114.484,94.0656,91.8116,94.905,98.9752,95.454,103.25,105.383,114.469,121.664,135.161,147.793,158.637,174.227,188.204,194.729,205.417,226.314,237.797,245.901,254.191,264.356,261.034,270.183,269.794,235.588,200.736,189.85,189.924,195.354,194.86,200.119,193.217,192.716,201.377,209.8,203.878,194.269,191.855,188.97
713,196.186,202.037,211.667,222.318,228.657,229.198,223.965,220.603,210.735,205.142,200.7,193.637,189.578,189.044,193.925,190.378,187.144,189.879,188.646,181.696,152.413,123.07,101.349,97.946,100.619,105.185,102.707,109.357,111.272,120.788,127.995,142.579,155.425,164.919,181.772,196.003,203.214,211.253,235.568,244.941,253.748,263.517,272.364,270.166,279.843,277.006,246.507,208.425,197.916,196.377,203.815,203.099,208.137,202.649,198.752,210.173,219.131,213.157,201.979,200.415,197.902
713.5,208.546,213.803,224.467,235.458,241.582,242.449,236.994,233.632,224.595,217.102,213.666,205.318,201.009,200.31,206.278,203.726,199.315,200.62,200.14,193.936,160.703,132.082,108.452,104.916,107.408,111.82,111.543,116.445,117.357,127.143,134.248,150.001,162.313,171.935,189.354,203.535,209.231,217.635,243.437,253.588,261.196,272.374,280.063,281.642,289.955,285.368,256.932,217.544,205.856,204.958,210.997,213.821,216.646,211.399,206.613,219.813,229.058,222.137,211.902,208.74,207.458
714,220.141,225.088,236.803,248.137,255.808,254.772,248.608,246.909,238.411,229.363,225.715,217.139,212.861,212.693,218.804,216.519,211.061,211.911,211.861,206.16,168.515,140.653,115.802,110.251,114.455,118.489,120.967,122.808,123.48,133.576,140.733,156.265,170.32,179.273,196.546,210.563,214.394,225.822,250.74,263.852,266.302,283.205,290.127,291.461,300.122,293.705,267.68,225.776,214.424,213.068,218.92,222.426,224.305,220.932,214.267,229.363,239.139,231.562,220.025,216.393,217.152
714.5,231.824,236.32,249.892,261.833,268.404,269.171,261.633,259.006,252.704,241.525,238.119,228.973,224.067,226.205,230.361,228.27,223.923,223.346,224.518,217.342,179.223,147.797,122.817,116.443,121.114,125.748,128.757,129.168,129.456,140.381,148.584,163.195,177.782,187.268,202.972,218.135,219.78,235.712,259.666,273.921,275.971,292.785,298.378,300.149,310.367,305.019,278.356,236.83,222.514,221.573,227.532,232.184,232.725,230.291,224.473,238.299,247.495,241.681,227.607,224.794,226.394
715,243.25,247.993,262.681,275.118,281.584,282.88,275.743,271.118,264.575,254.02,249.813,241.558,236.61,240.275,243.111,239.774,236.566,237.698,238.94,230.523,191.145,155.622,130.093,122.552,127.381,133.493,135.406,136.213,135.456,147.146,156.754,169.339,186.296,195.906,209.803,225.971,228.001,243.91,269.88,281.499,287.55,305.081,309.628,309.39,320.174,314.013,286.463,246.417,230.582,230.881,237.176,239.488,241.809,239.888,232.514,246.857,256.568,250.371,235.955,234.063,234.363
715.5,254.672,260.282,274.781,288.499,293.534,297.127,291.863,284.585,276.304,266.656,261.709,253.936,249.552,254.124,256.199,251.926,248.935,250.985,255.052,243.588,204.112,164.094,137.663,129.259,133.695,140.945,141.786,142.789,141.48,153.361,163.354,176.41,193.529,204.427,216.665,234.148,233.417,250.813,278.103,289.11,296.763,314.29,318.009,317.246,330.701,325.236,295.319,255.97,238.601,239.805,246.853,247.571,251.705,248.828,241.75,255.207,264.796,259.909,244.767,244.385,242.585
716,267.123,272.662,287.223,301.172,306.589,312.398,308.806,298.888,288.117,279.705,273.064,265.883,262.482,267.083,270.296,265.183,261.668,265.246,269.404,255.822,216.363,174.333,144.583,136.791,140.15,147.766,148.344,148.142,148.023,159.549,170.039,184.167,200.566,213.594,224.093,242.061,245.973,260.005,287.147,296.914,310.955,324.283,326.573,328.955,340.795,333.564,306.658,265.323,247.148,248.557,256.467,257.303,262.011,257.037,251.425,264.537,275.609,269.484,253.994,254.358,249.88
716.5,279.233,285.765,300,314.187,317.258,326.621,324.859,314.542,300.331,293.516,285.95,277.896,276.821,280.01,284.928,278.616,274.797,279.447,282.277,269.091,228.172,184.239,151.414,143.96,146.816,155.039,155.285,154.855,154.597,165.459,178.155,192.589,208.46,221.626,232.201,250.058,254.405,269.878,295.626,305.526,322.573,331.465,337.721,337.39,351.911,344.442,318.947,274.172,254.547,256.062,266.166,266.71,271.086,266.571,260.498,273.074,285.924,279.653,263.557,263.897,259.062
717,291.06,298.203,313.479,327.904,331.432,340.584,340.146,330.319,314.16,308.5,299.621,290.67,288.442,294.085,298.536,292.881,288.193,293.184,295.243,282.684,239.77,191.431,158.781,150.491,152.347,162.146,162.107,162.49,161.748,171.876,187.328,200.507,217.416,230.274,240.099,256.907,263.468,280.795,303.137,314.616,331.517,338.801,347.344,347.688,362.62,355.024,329.571,283.146,263.861,263.056,275.357,276.652,279.222,274.948,268.851,283.269,294.572,290.148,274.731,273.305,268.515
717.5,303.544,311.263,325.942,342.106,348.37,354.982,355.581,344.522,331.273,324.212,313.231,305.593,301.874,309.017,312.628,306.474,302.981,307.091,308.932,296.442,250.656,200.127,166.821,157.811,158.496,168.375,168.967,168.551,168.872,179.225,195.074,208.443,226.556,238.739,248.846,264.972,271.785,289.261,311.322,324.855,344.299,349.389,358.332,361.926,374.295,369.117,339.502,292.267,272.132,270.091,283.284,284.969,286.877,284.364,276.896,292.907,303.967,299.646,287.585,282.943,276.909
718,316.604,323.703,340.538,355.78,366.486,370.237,370.995,360.212,348.27,339.924,328.244,320.624,315.772,323.694,326.706,321.112,317.421,321.38,325.806,310.025,262.545,208.182,173.601,164.382,165.913,175.886,175.7,175.513,175.897,186.8,203.018,216.598,236.468,247.325,257.63,273.684,279.705,298.289,319.789,334.869,351.77,358.658,371.743,373.308,385.746,382.219,349.654,302.009,280.944,279.367,290.508,293.463,294.587,294.46,287.704,302.937,312.962,310.348,300.965,292.607,288.709
718.5,329.53,336.612,354.778,371.592,384.166,385.248,386.855,375.175,363.805,354.868,342.77,336.146,326.966,338.751,341.031,335.149,331.47,335.58,341.31,325.364,273.387,218.358,180.817,171.316,173.76,183.309,183.03,182.83,183.078,193.938,210.391,225.56,245.215,256.657,266.698,283.72,287.552,307.501,330.815,348.789,362.248,370.805,383.154,384.171,397.863,392.973,361.852,311.756,290.709,290.516,297.138,302.598,301.702,303.866,297.346,312.723,322.741,320.536,311.96,301.277,298.53
719,343.619,349.161,370.732,387.799,400.915,402.152,402.576,392.357,379.332,370.027,358.496,350.967,341.766,352.5,357.017,349.591,346.307,351.31,353.437,339.043,285.019,227.067,188.209,177.844,182.771,190.837,190.262,190.954,190.365,202.185,218.752,234.688,252.915,264.667,276.329,292.357,295.782,316.197,341.504,359.613,372.076,380.483,393.439,393.996,408.583,406.124,373.024,321.853,298.403,301.444,305.649,311.807,309.522,315.832,308.479,322.894,335.859,330.128,322.661,310.076,310.185
719.5,358.12,360.684,384.844,404.742,416.857,418.259,419.138,407.519,393.344,384.962,373.761,365.248,354.946,367.781,373.479,365.585,361.991,365.946,367.912,352.714,296.317,236.218,197.352,184.5,190.535,199.672,198.728,197.27,197.775,209.786,226.825,243.623,260.781,273.489,284.923,300.861,305.521,322.579,352.82,369.564,382.692,389.527,404.404,406.341,420.527,418.381,384.465,332.252,307.52,311.813,315.078,322.838,317.388,326.715,319.94,334.548,346.822,336.905,333.095,319.847,320.75
720,372.258,374.921,399.413,420.868,432.504,434.397,435.072,423.814,408.86,400.159,389.206,379.832,366.925,382.915,388.758,381.564,376.377,381.011,376.078,366.253,308.955,244.29,205.989,191.886,198.898,206.14,208.3,201.246,204.942,217.285,234.923,252.07,268.497,282.574,293.364,309.56,314.552,329.292,360.335,377.818,393.959,401.097,415.509,417.602,427.623,429.892,395.493,341.946,316.672,322.081,325.545,332.319,326.787,335.916,330.629,344.314,358.88,342.58,343.258,330.25,329.964
720.5,384.535,388.264,413.078,435.959,447.662,451.247,450.527,438.53,426.102,415.264,403.861,394.582,381.195,397.869,402.309,395.822,391.546,394.921,391.755,382.59,320.596,254.636,215.337,198.925,207.051,214.393,216.327,208.086,211.799,223.34,242.66,260.017,276.758,291.087,300.166,318.034,324.766,335.212,368.512,388.866,403.781,410.694,428.206,426.602,433.796,440.334,405.689,350.774,326.747,329.44,334.184,340.139,338.43,344.093,340.804,355.309,370.157,348.689,353.033,339.648,339.012
721,398.051,401.214,426.243,452.141,462.971,465.673,465.62,452.207,442.443,428.864,418.877,408.043,394.855,411.277,412.765,409.695,406.142,407.706,407.541,396.624,336.053,266.419,223.633,207.004,214.673,222.628,223.008,215.849,218.528,228.947,248.074,267.79,285.269,299.355,306.685,325.702,332.854,341.164,375.695,394.136,413.595,421.343,440.904,436.64,440.058,450.444,415.674,358.794,335.155,335.852,343.722,343.883,350.589,353.394,350.162,363.955,377.471,355.311,362.382,350.696,347.464
721.5,410.305,407.937,439.579,465.598,478.209,482.199,480.915,466.93,458.308,441.772,433.359,420.938,406.669,421.208,425.059,422.707,420.372,419.257,427.936,410.522,345.984,275.996,231.331,213.858,221.968,231.911,227.705,225.814,225.035,236.074,254.238,275.259,293.189,306.079,313.405,332.044,340.345,350.924,383.836,402.135,421.992,432.74,452.081,445.895,446.179,460.875,423.282,365.629,343.819,341.612,351.876,350.295,362.663,360.713,357.184,371.047,384.883,362.508,371.341,360.101,355.64
722,422.786,417.586,451.181,477.827,492.054,494.735,496.821,480.059,471.185,454.69,446.791,432.484,423.166,434.045,435.105,435.571,434.12,431.484,440.378,422.095,354.423,283.894,238.449,219.251,228.514,239.495,233.385,233.381,231.299,243.496,261.606,282.635,300.04,311.04,320.337,337.715,347.571,359.882,389.962,409.204,425.002,441.458,460.53,453.411,459.686,470.961,430.791,373.153,348.84,350.088,361.213,357.69,373.618,370.749,365.977,375.352,390.367,369.444,379.697,368.921,363.59
722.5,435.226,424.987,461.089,491.056,504.549,507.136,510.348,494.624,484.023,467.454,460.507,445.075,436.074,446.622,449.201,447.096,445.276,445.156,451.674,431.729,362.714,291.019,244.977,225.123,235.119,246.179,237.594,238.124,236.809,251.101,270.358,289.807,307.176,315.795,327.322,343.55,354.801,369.545,396.207,415.492,431.669,452.924,469.887,459.827,472.046,479.622,437.183,380.654,355.466,361.941,368.06,370.475,382.047,377.562,373.82,382.158,396.093,377.387,387.351,374.34,369.553
723,445.944,435.291,469.632,501.78,515.762,520.939,521.933,509.11,495.075,479.878,472.021,456.41,449.164,456.38,458.232,458.407,456.762,457.888,461.246,440.386,373.171,298.786,250.695,232.028,241.215,252.28,243.731,242.501,242.024,258.341,276.62,296.41,312.977,320.487,334.144,349.222,360.173,376.493,400.298,417.441,437.637,458.161,477.295,470.053,476.984,486.167,443.255,388.703,360.971,368.842,376.089,380.235,387.791,387.114,380.239,391.323,399.738,386.005,394.054,381.271,379.282
723.5,454.577,444.886,478.546,510.784,528.095,532.81,532.637,521.762,506.214,492.051,482.381,466.563,461.211,468.655,470.027,468.51,464.514,465.626,473.573,446.378,384.681,306.378,256.286,239.729,246.436,257.697,248.833,245.885,244.217,263.552,282.004,301.528,318.537,324.9,340.151,356.218,365.937,383.094,409.563,423.388,447.574,462.247,483.701,479.008,487.072,494.364,449.875,393.952,367.421,376.669,382.671,386.137,394.016,395.135,386.812,399.632,403.752,393.546,400.313,388.166,385.087
724,460.552,452.576,488.507,519.617,538.387,543.597,541.62,533.5,516.085,502.471,490.012,475.531,471.053,477.482,479.55,478.437,471.977,473.83,483.725,449.952,397.938,313.86,261.536,244.924,250.352,262.229,254.94,252.59,249.121,267.289,284.918,305.884,323.026,328.679,345.309,360.441,370.065,387.767,413.876,428.247,455.143,467.957,488.974,486.512,489.144,500.493,454.577,399.232,374.69,382.479,388.727,389.156,399.78,400.995,392.694,409.196,407.683,400.789,405.641,392.915,390.792
724.5,466.853,462.788,499.296,528.301,546.182,552.836,550.209,543.044,525.595,512.723,497.798,483.803,477.555,487.701,489.424,486.382,478.706,481.276,491.824,458.178,402.778,318.071,266.473,249.412,254.164,266.441,259.011,258.215,253.929,268.573,289.289,309.697,326.945,333.417,349.495,363.834,373.513,389.312,419.531,434.048,457.924,471.451,492.396,494.079,494.326,504.71,458.917,402.911,380.527,385.92,390.678,392.428,406.934,407.029,398.11,414.181,413.265,408.422,410.229,397.549,395.734
725,473.24,469.221,506.814,535.774,554.227,559.836,558.768,551.123,532.783,518.708,505.267,489.156,485.018,495.704,499.697,493.318,485.189,490.132,496.437,463.328,404.094,325.025,271.123,251.863,257.51,269.621,262.839,261.98,258.312,269.198,292.535,313.338,330.501,336.702,352.843,367.12,376.937,389.262,422.296,437.455,461.49,479.748,495.173,497.764,496.946,508.941,462.237,406.052,385.769,389.056,392.604,393.77,412.192,409.469,405.534,421.334,417.932,417.259,414.721,400.869,399.385
725.5,479.499,471.923,512.502,540.403,560.663,567.423,565.584,558.093,540.209,523.402,511.483,493.379,489.804,501.153,508.121,500.243,491.704,500.035,497.991,474.071,406.449,329.252,274.623,254.103,260.474,272.237,263.837,264.932,260.685,270.85,295.373,316.834,332.115,338.491,354.927,368.811,376.888,391.625,425.404,444.517,464.429,481.047,499.308,498.493,495.969,510.561,468.036,409.059,390.084,391.44,396.207,398.142,415.245,411.03,410.353,424.886,423.166,427.086,418.681,402.696,400.033
726,483.654,476.679,516.922,543.864,562.052,572.906,572.38,563.77,546.513,528.63,516.869,497.608,495.278,506.429,512.079,505.682,496.28,507.745,502.487,481.379,412.51,331.883,278.016,255.877,263.261,273.915,265.255,265.901,262.147,274.219,297.629,318.699,334.085,339.859,355.657,368.26,378.258,393.972,428.825,446.668,464.982,486.345,500.318,503.47,497.965,513.746,468.407,410.997,392.945,392.43,400.953,399.55,417.202,413.439,413.933,425.562,428.444,435.313,422.28,407.593,401.554
726.5,486.61,481.192,520.271,546.788,566.204,575.413,577.019,567.632,551.325,533.78,519.488,501.17,500.428,509.931,513.949,511.01,501.532,513.171,503.878,488.766,419.524,334.845,280.454,255.121,265.128,275.158,266.085,265.746,263.626,277.799,299.279,320.86,334.913,342.102,356.389,369.608,378.278,398.163,427.124,451.653,468.336,486.565,501.117,500.869,501.766,515.606,468.336,413.977,391.736,394.418,403.61,400.673,417.709,416.382,419.4,424.438,433.161,439.47,424.196,407.381,403.898
727,489.161,484.776,523.468,551.405,569.385,578.504,579.097,570.422,553.743,538.012,521.887,506.22,506.012,511.309,513.507,513.774,506.578,517.128,511.096,497.322,422.782,334.661,281.052,256.149,266.503,275.837,266.144,265.941,264.515,280.619,299.145,320.653,337.507,343.839,355.474,369.376,378.077,399.421,428.667,449.029,466.414,486.062,500.206,506.37,504.225,516.186,468.145,416.03,392.188,395.994,404.944,402.066,417.465,417.374,422.052,424.689,436.444,440.547,425.13,410.031,404.34
727.5,489.859,485.844,524.841,554.832,573.191,580.221,579.908,570.576,554.761,539.235,524.482,508.186,511.067,513.279,514,515.298,511.267,519.795,513.155,498.656,425.841,336.009,281.552,256.682,267.407,276.102,266.014,266.761,265.502,281.787,300.697,321.662,338.471,346.224,354.618,370.031,379.489,398.278,425.985,445.286,467.073,482.87,500.931,505.027,504.771,515.662,467.094,417.532,391.011,397.246,404.287,402.054,417.711,417.966,423.775,428.09,438.987,439.892,425.218,408.452,405.697
728,490.729,485.032,525.607,554.749,574.283,580.109,579.509,569.802,553.907,536.939,525.84,509.231,512.684,511.172,514.928,515.532,511.911,521.445,514.809,496.875,428.115,338.227,281.244,255.54,267.535,276.266,265.236,268.192,262.823,282.19,300.599,319.519,338.77,345.732,353.298,371.856,377.89,396.54,424.979,441.42,465.917,481.262,502.56,506.591,504.507,514.165,464.313,416.43,393.413,397.573,404.937,400.404,417.144,416.023,418.518,430.666,440.248,438.456,422.916,409.226,405.191
728.5,486.411,482.757,523.889,550.794,574.004,579.232,577.514,568.39,552.193,534.091,524.83,508.221,512.627,509.995,516.099,514.169,510.12,520.941,513.075,495.258,427.948,338.463,280.833,257.083,267.609,276.327,264.334,268.768,261.966,281.843,299.278,319.628,337.03,345.132,351.251,369.583,376.068,396.259,426.328,438.773,460.414,480.047,501.513,501.57,500.682,512.154,463.648,412.862,392.244,395.668,404.077,399.541,415.81,414.836,417.424,429.464,438.879,437.134,420.466,407.927,403.032
729,484.672,473.172,521.971,547.099,570.951,578.399,574.535,563.038,548.069,532.827,521.067,505.608,509.876,507.505,515.038,510.422,507.189,517.24,512.669,492.068,427.779,337.459,280.083,255.549,266.653,274.775,263.279,267.858,259.955,279.383,297.957,317.948,334.439,343.899,348.522,366.249,373.918,392.013,424.676,434.467,459.421,478.996,497.726,495.886,496.104,509.793,460.89,410.774,391.083,391.598,402.382,400.597,413.27,409.332,412.686,427.795,436.664,435.092,415.676,404.892,400.901
729.5,482.065,469.873,516.443,543.625,568.364,574,571.248,553.996,542.275,529.119,517.02,501.06,505.472,504.384,513.077,506.036,501.75,514.718,512.333,489.117,425.871,334.385,278.501,253.205,264.891,271.103,262.378,266.196,258.708,277.786,295.818,316.383,331.388,341.646,346.253,362.96,372.087,388.791,418.638,434.473,452.06,474.731,493.553,490.216,491.507,504.998,458.388,407.41,387.574,388.261,398.516,395.12,410.065,406.206,409.077,423.25,433.415,432.812,411.298,402.112,397.112
730,480.95,467.332,512.405,542.558,563.689,570.297,567.146,550.54,536.079,523.251,511.833,497.003,497.562,503.204,507.899,501.568,496.861,509.672,508.032,483.024,421.808,333.075,276.76,250.588,262.687,268.193,260.543,263.589,257.59,274.722,293.98,314.477,328.364,338.962,342.626,360.277,367.401,385.17,413.038,435.171,449.22,470.567,485.961,487.285,489.684,499.161,456.458,404.951,383.852,385.731,392.869,391.605,406.525,400.007,407.387,419.482,428.886,428.73,407.291,399.786,392.406
730.5,475.71,465.802,505.62,535.612,557.078,563.692,562.289,545.823,530.507,519.657,504.498,491.484,491.458,500.489,502.891,496.799,492.004,503.936,502.362,476.708,416.707,327.766,274.204,248.081,259.542,263.499,257.512,260.266,255.463,272.193,291.087,310.642,324.106,334.542,337.953,357.249,363.55,379.871,408.898,435.1,442.087,462.433,480.865,486.027,483.906,492.803,452.477,401.285,379.378,381.541,388.093,386.482,401.608,396.035,404.405,414.876,422.975,423.316,405.581,396.168,387.573
731,470.072,459.365,501.524,529.819,549.987,557.305,554.845,544.517,521.14,514.633,497.681,485.054,484.228,495.065,496.287,493.551,486.218,498.462,494.922,468.297,407.32,323.397,270.955,244.547,255.474,261.156,254.106,257.106,253.735,267.291,287.436,306.318,319.745,329.734,333.39,352.409,358.959,374.939,404.744,429.883,435.194,455.439,473.94,483.986,476.601,485.608,448.5,397.577,375.135,376.12,383.779,379.769,397.346,391.46,402.033,410.292,417.349,417.192,401.333,389.415,381.487
731.5,462.778,453.926,495.414,522.474,541.162,549.766,545.595,539.993,514.624,508.892,490.871,478.587,478.25,488.84,489.312,486.884,479.465,490.713,487.735,456.027,400.573,319.918,266.748,241.195,251.512,257.61,249.548,253.203,250.959,263.453,284.099,301.972,314.737,324.587,329.029,346.565,355.286,370.007,396.456,426.464,432.547,452.025,468.207,477.984,472.623,478.059,440.441,391.747,369.876,371.403,380.537,373.513,391.965,387.429,397.153,405.019,410.819,411.41,397.071,384.005,377.694
732,455.59,448.242,487.786,513.869,533.201,540.588,537.951,531.088,505.65,500.706,485.318,472.412,471.818,480.225,477.9,479.441,470.424,482.492,479.425,448.671,394.025,316.128,262.066,238.083,247.327,253.084,245.269,249.293,247.447,258.331,280.841,297.601,308.052,319.501,325.024,341.655,349.608,364.333,390.496,419.977,426.616,444.765,462.091,470.818,463.653,469.861,434.366,385.109,365.155,367.297,375.353,366.578,386.748,385.293,392.103,399.161,406.499,405.698,391.32,377.489,372.287
732.5,447.972,442.932,480.394,506.526,523.809,531.742,529.41,522.033,498.126,492.121,477.59,464.637,465.787,471.326,469.346,470.934,462.295,469.476,471.656,441.051,387.442,312.05,257.479,235.029,242.717,249.133,241.097,244.569,243.548,255.767,276.152,291.401,301.269,314.38,320.28,335.864,346.209,360.853,385.363,412.1,423.198,440.01,453.931,463.355,457.844,461.496,428.018,378.223,358.497,360.434,369.391,364.837,380.791,380.62,382.393,393.083,401.001,399.461,385.397,370.821,366.973
733,439.097,440.089,471.41,497.278,513.142,520.852,520.126,511.549,495.503,482.057,469.53,456.764,457.465,461.227,459.711,461.961,453.385,459.451,462.88,433.58,382.302,305.245,253.008,231.917,237.686,242.905,236.54,240.189,239.457,250.113,270.625,285.62,293.727,309.282,315.71,329.582,338.188,353.168,380.426,404.567,418.474,431.212,443.518,454.71,447.084,453.032,419.502,371.398,353.148,351.354,362.477,361.722,374.711,373.601,375.359,386.265,396.309,390.329,378.497,364.104,361.413
733.5,430.044,434.43,461.238,485.355,503.622,510.024,510.221,494.52,487.786,474.335,457.201,447.197,448.888,451.859,452.069,452.775,444.101,444.936,453.181,426.703,374.832,298.115,247.938,228.587,231.4,237.553,230.272,235.133,235.297,244.412,264.841,280.422,288.207,302.985,310.452,322.677,329.672,347.216,371.517,392.855,408.48,424.393,434.126,446.486,439.12,445.137,414.493,364.52,346.474,342.568,353.055,357.54,367.682,365.068,369.712,380.372,390.805,384.301,372.171,357.348,354.546
734,420.752,427.816,450.917,474.365,492,500.243,499.274,483.063,478.473,463.906,445.758,437.47,438.029,443.201,442.102,442.278,434.135,433.086,444.688,415.884,365.353,290.565,242.483,225.489,223.856,231.528,225.315,230.243,228.345,238.379,258.406,274.205,281.804,293.681,304.597,317.241,323.363,340.843,361.939,384.405,399.368,414.14,426.083,437.424,430.451,437.564,406.225,357.321,337.687,335.366,344.509,350.485,359.882,356.292,362.286,371.858,384.26,376.467,364.549,352.959,348.352
734.5,411.827,419.307,440.4,463.466,481.465,489.319,487.495,471.896,466.563,454.127,436.507,427.553,424.941,433.001,432.557,431.675,425.577,422.741,434.229,410.206,355.502,283.918,237.023,222.144,217.833,228.715,221.312,225.334,220.92,231.878,252.232,269.584,278.48,286.011,298.928,309.301,313.936,333.735,353.443,375.41,390.552,405.221,419.736,428.287,423.424,428.06,395.383,350.227,330.404,328.636,333.99,340.371,352.042,347.895,356.765,364.418,378.228,369.511,356.662,344.671,340.864
735,402.563,408.538,428.434,452.327,468.404,477.135,474.631,467.512,454.598,442.404,429.948,416.188,413.292,421.871,419.456,422.244,415.082,414.384,423.107,401.273,346.566,277.929,231.08,216.827,212.674,222.362,217.564,220.378,214.618,227.263,246.139,263.144,273.47,276.89,292.182,303.569,306.056,325.738,344.815,365.947,383.18,394.359,413.553,417.656,416.753,418.624,387.246,340.695,322.472,322.423,325.894,330.914,342.951,340.735,348.776,356.284,370.567,361.415,349.098,338.099,334.218
735.5,392.08,398.144,418.54,442.7,454.29,464.974,463.154,454.975,442.1,431.584,421.133,404.207,401.218,409.985,408.393,412.07,404.832,404.987,411.471,391.403,337.09,271.53,224.632,210.751,209.782,215.259,212.466,214.883,208.534,221.463,239.906,256.02,267.311,273.22,285.013,295.782,299.158,316.413,337.631,356.423,378.257,384.922,403.654,407.677,407.293,408.57,376.489,332.803,313.945,314.563,317.582,320.093,334.264,331.906,339.814,347.776,362.14,352.569,340.238,331.235,325.561
736,379.06,388.182,407.785,430.945,441.19,453.094,449.511,443.631,430.295,420.082,409.409,392.831,389.895,399.411,397.008,400.627,391.857,396.197,400.491,377.862,329.525,264.433,218.093,203.919,205.071,209.308,206.079,209.346,204,215.192,233.477,249.153,261.493,267.772,277.498,289.923,293.527,309.135,329.636,343.371,370.047,375.407,393.599,397.948,397.558,399.852,367.875,323.816,307.667,307.233,310.995,312.884,324.915,322.809,333.129,339.172,352.485,343.129,331.76,324.051,317.677
736.5,366.671,377.263,397.113,417.954,429.301,441.13,437.028,431.154,417.352,409.012,396.394,380.224,380.339,388.809,384.235,388.745,380.921,386.004,390.051,367.426,320.592,258.088,211.428,197.104,197.197,204.22,200.203,203.345,198.661,209.768,227.314,242.057,254.718,259.662,269.064,282.599,285.931,303.174,320.717,336.236,361.519,368.241,384.357,385.827,388.331,391.633,358.918,315.693,298.782,299.777,306.19,304.709,316.074,316.486,322.914,330.129,340.721,333.876,322.264,316.775,310.497
737,355.669,366.855,385.183,405.902,417.503,427.753,423.412,418.347,404.891,396.76,383.784,368.369,370.679,376.874,377.068,377.589,368.553,374.926,378.348,358.913,309.87,250.035,203.444,190.275,191.621,199.382,194.713,196.978,193.136,205.061,221.202,234.816,247.566,254.381,261.83,275.051,275.943,295.767,312.718,326.1,349.892,360.809,374.796,375.972,377.357,383.647,350.443,307.013,289.629,292.646,299.172,299.483,306.556,308.885,314.366,321.549,330.544,323.39,311.735,308.09,303.596
737.5,346.743,356.335,372.779,393.078,406.439,413.636,410.882,405.495,392.425,385.495,372.436,357.858,359.769,364.993,366.439,366.16,358.541,364.722,366.519,351.384,300.418,241.302,197.859,183.512,186.778,194.314,188.831,190.808,188.187,199.737,214.345,227.189,240.243,246.562,255.199,268.207,268.319,290.603,301.974,316.269,339.702,352.712,364.059,363.365,364.883,374.274,340.659,298.925,280.032,285.908,291.628,293.497,298.336,302.038,305.554,312.455,322.63,315.325,303.624,298.96,296.118
738,335.86,343.788,360.077,382.766,393.714,400.518,394.357,391.505,380.898,372.96,361.677,348,348.801,352.964,353.411,353.898,348.575,353.935,354.555,339.988,289.655,234.727,191.267,176.937,181.878,188.29,183.295,185.256,182.875,193.412,207.761,220.227,233.175,239.472,248.911,260.965,259.208,283.556,295.488,310.856,331.165,343.417,353.355,354.178,353.519,363.082,332.466,291.025,271.342,277.737,284.443,286.532,291.087,293.742,296.126,304.047,314.99,307.17,293.952,291.404,287.585
738.5,325.337,330.416,348.662,371.396,382.393,387.187,383.534,380.381,369.431,361.19,350.423,338.913,337.692,341.352,342.087,342.753,336.532,342.909,343.737,330.083,280.131,227.322,185.627,170.768,177.282,182.169,175.142,179.909,177.763,187.74,201.525,214.008,226.337,233.14,241.474,253.046,254.929,277.051,289.527,301.271,321.306,333.729,343.349,346.35,344.18,351.838,323.474,282.727,264.612,271.373,275.913,277.616,283.687,284.193,287.349,295.007,306.619,299.91,287.893,284.286,278.813
739,313.822,313.815,336.426,360.686,372.19,374.84,370.853,368.728,357.422,348.401,339.635,328.399,326.105,329.296,330.297,331.323,325.516,331.265,330.92,318.84,271.473,220.415,180.784,165.097,171.042,175.77,169.53,174.837,172.998,181.804,195.604,207.627,219.841,226.156,235.648,245.562,248.683,269.188,285.531,292.318,312.264,323.691,334.538,336.905,333.289,341.699,315.14,274.494,258.208,263.811,267.975,269.768,275.248,276.343,279.853,286.151,297.569,290.417,280.895,277.008,268.896
739.5,304.344,300.707,325.516,349.168,359.07,362.337,361.795,356.529,345.144,336.462,327.493,317.519,315.128,317.489,319.225,319.573,312.954,320.178,320.172,308.986,262.835,213.358,174.761,160.185,165.159,169.162,164.435,169.036,167.87,176.453,189.108,201.852,213.032,219.63,229.216,238.239,241.003,260.813,278.013,286.247,302.851,314.223,325.143,330.227,322.509,332.799,306.403,265.38,250.109,256.864,261.686,260.378,266.13,268.988,271.703,276.757,288.558,281.656,271.786,268.51,260.745
740,294.697,291.379,316.023,337.568,346.13,349.639,349.928,346.364,333.562,323.639,315.511,305.944,304.453,306.109,308.401,309.251,301.109,310.116,308.099,298.798,252.563,205.824,168.272,155.665,159.595,163.529,158.591,163.413,161.589,170.801,182.94,195.644,206.129,212.118,222.501,232.412,233.426,252.478,271.033,278.865,291.979,304.927,316.348,320.37,314.01,323.987,297.78,255.758,244.091,249.478,253.694,253.579,258.428,261.578,262.881,268.336,277.558,272.647,264.587,260.356,253.128
740.5,285.763,275.781,306.545,325.766,333.607,335.564,338.628,332.52,321.525,313.421,303.824,295.318,293.582,294.989,295.941,299.073,290.039,300.783,297.35,288.434,242.089,198.724,162.661,151.293,154.532,157.84,155.181,156.943,155.695,165.031,177.314,188.714,199.654,205.107,215.822,223.873,227.506,244.7,261.035,274.297,284.911,296.627,307.541,311.074,307.912,314.814,289.253,248.293,234.469,241.457,246.503,246.073,251.357,254.506,255.17,260.102,267.14,264.941,256.641,250.492,246.441
741,276.607,264.031,297.308,314.372,323.585,324.262,326.566,319.287,310.029,303.379,293.275,284.686,282.992,284.554,284.388,288.541,280.102,290.005,286.474,279.041,234.034,191.716,156.144,146.445,148.967,153.168,149.57,151.884,150.127,158.853,171.67,181.879,193.268,199.39,207.96,218.066,221.895,235.678,253.521,266.642,277.911,288.789,298.625,301.54,299.89,305.787,280.941,242.241,228.438,233.361,238.477,239.605,244.443,246.334,246.563,253.06,255.944,257.407,250.445,241.267,237.486
741.5,268.176,255.271,287.179,303.925,312.206,313.178,315.32,306.935,298.581,293.662,282.775,275.164,272.873,274.127,274.637,277.845,271.607,279.724,275.013,268.597,225.163,184.688,150.23,141.305,143.577,147.859,144.297,146.125,145.572,154.075,166.282,175.065,187.091,193.675,200.36,211.078,214.991,227.355,244.655,259.332,271,280.356,289.083,291.537,292.179,294.777,272.362,235.41,221.159,224.927,230.136,232.78,237.534,238.52,238.165,245.63,245.503,249.659,243.621,233.566,229.714
742,258.491,252.584,277.413,293.82,301.728,303.186,304.477,296.157,288.456,283.88,272.811,265.464,263.259,263.305,266.701,267.438,262.947,269.396,263.892,258.294,217.726,177.479,144.71,136.129,138,142.198,140.255,141.471,140.771,150.396,160.889,168.221,181.13,188.574,194.204,205.106,209.928,221.36,236.797,252.849,264.378,272.352,277.56,281.591,284.644,286.416,264.304,228.863,214.384,217.861,222.228,225.87,230.697,228.127,230.928,238.332,236.442,241.622,236.288,226.003,221.678
742.5,248.641,247.921,267.013,283.896,291.213,293.089,293.257,285.877,279.093,273.584,262.843,254.851,252.775,252.915,257.603,257.592,254.395,258.904,253.121,248.104,208.379,170.302,138.526,130.581,132.922,136.494,136.04,136.316,135.596,145.092,155.689,162.866,175.169,182.288,188.685,199.232,204.033,213.883,228.302,244.978,256.735,263.883,267.376,272.892,276.574,277.429,256.496,222.078,208.825,211.258,215.975,218.366,223.159,219.662,224.285,228.796,228.707,233.56,229.247,219.529,215.016
743,237.817,233.741,257.247,273.87,281.353,282.121,283.372,275.202,269.511,263.634,252.748,244.467,243.751,243.219,248.157,248.183,245.572,249.204,242.902,238.239,198.104,163.697,132.49,124.974,128.023,129.827,130.849,130.788,129.972,139.858,150.254,157.825,168.719,176.167,183.108,191.913,197.194,207.56,221.604,238.115,247.334,254.643,259.676,265.156,268.31,270.971,247.545,214.195,201.975,205.429,207.842,209.384,215.835,212.937,217.749,219.749,222.965,225.976,222.582,213.281,208.296
743.5,229.773,220.551,248.242,263.576,270.982,272.655,273.092,264.986,259.432,253.328,244.056,234.908,234.223,235.218,237.786,238.838,235.929,238.843,233.801,229.109,190.222,158.069,126.729,119.871,123.562,124.364,125.093,126.16,125.16,134.564,144.598,152.998,162.737,170.439,177.804,185.382,192.906,200.404,214.138,230.822,237.124,246.31,254.062,257.241,260.18,261.493,239.048,207.837,196.338,200.148,200.488,201.847,208.762,206.933,209.225,210.897,216.266,218.435,215.406,207.121,200.897
744,221.592,210.872,238.765,253.903,260.726,262.97,262.231,254.252,249.214,243.335,234.976,226.004,225.813,228.385,229.967,229.696,226.992,228.481,224.854,219.917,181.861,152.615,121.849,115.491,118.907,119.871,119.701,121.761,120.27,130.264,138.838,147.751,156.489,165.442,172.301,178.564,186.646,194.974,207.631,222.977,228.401,238.95,246.808,248.863,252.37,252.826,230.348,200.593,188.835,193.425,192.757,195.263,201.835,201.037,201.9,204.54,211.146,211.838,208.31,200.656,194.6
744.5,213.052,204.426,230.688,244.524,250.885,253.024,253.227,243.336,239.969,233.646,226.533,217.38,217.359,218.786,221.568,220.172,218.381,218.704,215.519,210.697,175.091,146.771,118.104,111.697,114.386,115.642,114.856,118.095,116.42,124.479,133.224,142.091,151.185,160.016,166.349,173.32,179.517,188.9,201.595,216.329,221.054,232.276,240.782,240.091,245.9,244.193,222.81,194.949,181.471,187.257,187.298,190.453,195.18,193.428,194.677,197.812,206.66,204.347,200.784,194.826,188.2
745,206.442,200.068,222.023,234.838,241.993,243.928,244.1,235.021,230.459,224.471,217.578,209.267,208.787,210.4,213.436,211.527,210.102,209.518,207.062,201.952,170.113,141.359,114.335,108.072,109.917,111.241,111.586,113.9,112.218,119.755,127.71,137.269,145.372,154.659,160.564,167.981,173.273,184.634,191.258,208.677,214.971,225.3,233.84,230.194,238.374,235.802,216.093,188.748,175.694,181.163,182.503,184.053,188.453,186.603,188.966,193.262,201.644,197.266,193.405,188.704,182.186
745.5,198.654,194.003,214.648,224.804,232.981,234.562,235.171,227.135,221.281,214.944,208.841,201.054,200.584,200.7,205.68,202.142,200.482,201.906,198.763,193.735,163.387,135.453,110.699,103.623,105.805,105.869,108.219,109.432,108.707,114.947,123.09,131.932,139.931,148.672,154,164.061,167.179,179.559,186.283,203.168,209.372,217.822,226.106,222.374,231.857,229.931,209.013,181.81,171.111,175.04,176.947,177.316,181.945,179.62,182.564,186.579,195.837,190.35,187.095,182.557,176.471
746,191.041,186.027,206.381,216.136,223.63,225.792,226.182,219.586,212.792,206.396,200.122,193.669,193.259,192.715,197.659,193.105,191.287,194.876,190.057,187.009,157.897,129.971,106.712,99.2967,101.747,102.422,104.034,105.414,104.733,111.416,118.607,127,134.769,143.632,148.692,159.237,162.485,173.059,178.58,195.007,202.265,210.363,218.448,214.532,224.588,221.876,201.761,176.449,165.921,169.337,172.978,171.259,176.239,174.044,177.2,181.177,189.404,184.616,181.015,177.389,171.2
746.5,182.899,181.21,199.097,208.181,215.32,217.36,217.452,212.048,204.184,198.304,192.253,186.567,186.245,184.638,190.379,185.073,182.13,187.43,181.845,178.92,152.167,124.61,102.258,94.8189,97.9975,98.196,100.045,101.322,100.441,107.695,114.374,122.469,130.18,138.139,143.535,154.248,156.973,167.692,175.342,189.183,195.024,204.308,211.376,207.775,217.2,214.573,194.976,170.645,160.013,164.077,166.935,165.025,170.258,168.846,171.61,176.009,183.266,179.392,175.854,171.511,165.717
747,176.413,173.893,191.247,199.892,205.833,209.237,209.257,204.207,196.563,190.677,184.796,179.731,179.633,177.894,183.159,178.244,173.644,180.428,173.068,171.496,146.955,119.622,97.6477,90.7192,94.2141,95.0891,96.0693,97.1288,96.8891,103.523,110.897,118.041,125.31,133.381,138.871,148.775,151.756,161.752,170.44,183.032,188.928,197.239,204.714,200.508,209.672,206.987,188.905,165.386,154.372,158.116,161.747,161.141,163.871,163.671,166.864,170.258,177.931,174.653,169.873,166.261,160.913
747.5,169.84,169.109,183.657,193.324,197.917,201.74,201.526,196.33,188.532,183.417,177.815,173.604,172.253,171.748,175.903,171.83,166.904,173.678,165.629,164.48,141.33,114.962,92.9808,87.3212,90.6555,91.7649,92.709,93.4266,93.3083,99.516,107.192,113.919,120.63,129.054,135.012,142.808,147.212,156.261,169.065,177.654,183.306,192.55,198.611,194.379,202.439,199.127,183.49,159.509,149.136,152.342,155.465,156.199,158.451,158.851,161.425,165.495,172.187,169.123,164.047,160.88,155.747
748,164.139,162.092,176.988,185.66,190.295,194.758,193.824,188.582,181.446,176.287,171.285,167.089,166.133,165.445,166.344,165.859,160.792,167.096,159.16,158.515,136.025,110.423,89.2002,83.7064,87.1692,89.0329,89.3636,90.056,90.0189,95.8645,103.467,109.627,116.279,124.414,130.299,138.19,142.78,151.399,164.164,171.519,178.577,186.184,192.665,188.912,196.428,192.867,178.255,153.285,144.374,147.302,150.265,150.938,152.779,153.21,157.01,159.295,166.923,162.539,157.669,155.472,150.868
748.5,158.163,156.656,170.377,178.867,183.392,186.794,186.441,181.325,175.009,169.133,165.387,160.561,159.712,158.885,157.775,160.38,155.15,160.873,152.938,152.581,130.926,106.205,85.1471,80.6831,83.951,86.0637,86.0131,87.0275,86.8443,93.1766,99.9719,105.682,112.357,119.743,126.1,133.796,138.262,146.389,158.581,165.773,173.187,179.473,186.492,184.361,190.503,186.871,172.478,147.981,140.132,142.573,145.846,145.597,148.563,148.183,152.381,151.928,161.584,157.332,152.712,150.608,146.721
749,152.214,152.304,164.486,171.992,176.301,179.736,179.047,174.749,168.709,162.931,159.397,153.833,153.643,152.986,150.787,154.463,149.386,154.957,147.926,146.784,125.667,102.203,82.5821,77.6632,80.9996,82.0766,82.6119,83.7171,83.8869,90.4485,96.3739,101.58,109.324,115.764,122.229,130.446,134.064,141.439,152.113,161.305,167.48,173.627,180.844,179.674,183.972,182.61,166.623,142.782,136.194,138.969,140.504,140.744,142.852,143.425,147.207,145.362,156.232,151.323,148.009,145.189,142.031
749.5,147.142,147.199,158.301,165.976,168.963,172.279,171.914,168.265,162.413,157.09,153.675,147.594,148.146,147.114,146.014,148.455,143.78,148.807,142.629,141.617,120.742,98.0835,79.8275,74.8297,77.8887,78.8002,78.5954,80.7236,80.9581,87.189,92.8946,97.9757,105.794,111.991,118.777,126.21,130.785,137.193,146.122,155.323,161.546,167.504,175.193,174.897,177.741,177.527,160.988,138.356,131,134.214,134.935,136.218,138.754,138.906,142.626,138.898,151.402,145.964,143.014,140.878,138.373
750,141.474,138.509,152.304,160.017,162.848,165.084,165.082,161.419,156.425,151.418,147.452,141.953,142.613,140.765,142.117,142.454,138.795,143.12,137.08,136.206,114.622,94.1325,77.2537,72.248,74.788,75.618,75.0902,78.0294,77.6844,84.1907,89.6757,94.6232,102.106,108.516,115.073,121.328,127.129,133.428,140.828,149.931,155.224,162.494,170.148,169.524,172.267,172.017,156.678,134.008,126.821,130.085,130.273,132.306,134.814,135.065,137.625,134.427,146.466,141.498,138.512,136.203,133.728
750.5,136.339,133.596,146.999,153.972,156.678,158.989,159.199,154.996,150.73,146.116,141.183,136.419,137.138,134.875,136.707,136.272,133.714,137.533,131.947,131.017,110.14,89.9058,74.5887,69.5947,71.8766,73.2442,71.6959,75.2715,74.2078,81.2221,86.3488,91.8868,98.1831,105.562,111.363,118.188,123.405,130.118,137.942,144.191,150.986,158.078,165.093,164.95,167.6,167.097,151.87,130.065,122.786,125.96,125.339,128.682,131.424,130.581,133.508,130.611,141.558,137.185,134.097,131.513,129.332
751,131.005,127.181,141.229,148.232,149.894,153.482,153.171,148.353,145.224,140.395,135.381,131.625,131.433,129.759,131.646,130.813,128.334,132.236,127.237,125.334,105.79,86.3821,71.389,67.0105,68.9572,70.8969,69.3713,72.1861,71.3543,78.1101,83.2358,88.5051,94.8024,102.409,107.277,114.03,119.571,126.526,134.815,139.321,145.41,153.786,160.239,159.746,163.523,161.689,147.642,126.355,119.702,121.491,120.741,124.429,127.667,125.808,129.241,127.129,136.307,133.433,129.483,127.882,125.492
751.5,126.017,124.097,135.695,142.968,145.393,147.786,147.586,142.629,139.618,134.341,129.792,126.987,125.706,125.456,126.099,125.799,123.729,126.634,122.921,120.55,102.51,82.5647,68.7108,64.5731,65.8864,67.9489,66.9209,69.4409,69.0667,75.2064,80.4168,85.8711,91.6188,99.0861,103.562,111.017,115.794,123.063,131.299,135.3,141.274,149.639,156.028,154.813,158.651,157.022,143.447,122.52,116.273,118.517,116.396,120.192,123.454,121.877,125.253,123.718,131.56,129.141,125.335,123.636,120.861
752,121.197,120.509,130.524,137.723,140.165,142.75,141.408,137.288,134.099,128.747,124.47,122.211,120.24,120.653,122.206,120.965,119.057,121.006,117.814,115.444,98.7198,79.3337,65.7058,61.9419,63.3046,65.156,64.4986,66.8191,66.9564,72.235,77.6736,82.6127,88.2004,95.8338,100.432,108.163,111.889,119.725,126.243,132.195,138.613,145.381,151.624,150.917,153.923,152.214,139.73,118.881,112.464,114.763,112.153,116.71,119.807,117.861,120.812,119.697,127.451,125.231,119.998,119.794,117.75
752.5,116.737,116.603,125.904,133.151,135.687,137.173,135.546,132.333,128.568,123.655,120.046,117.469,115.218,115.941,117.331,116.442,114.95,116.07,114.25,110.537,93.8347,75.993,62.8316,59.4591,60.6856,62.8284,61.701,63.9542,64.5415,69.4734,75.0427,79.6377,85.3549,92.4293,97.249,104.817,108.674,116.101,121.937,129.07,134.131,140.297,146.851,145.645,148.672,148.273,135.794,114.757,108.753,111.738,109.006,112.089,115.911,113.936,116.59,116.242,123.733,121.267,115.102,116.181,112.905
753,112.654,113.871,121.103,127.436,130.702,132.155,130.275,127.121,123.608,119.109,115.474,113.081,110.676,111.132,112.932,112.042,110.411,111.624,109.103,106.668,90.2341,73.0635,59.9564,57.0635,58.4534,60.1665,59.4101,61.1834,62.07,66.5081,72.4427,77.0096,82.0982,89.1983,94.3231,101.599,105.261,112.331,117.803,125.354,130.393,135.765,142.549,141.487,143.677,143.632,131.66,111.82,104.613,108.392,106.475,109.145,111.953,110.371,112.817,112.396,119.985,117.547,110.666,112.371,110.308
753.5,108.099,109.202,116.833,121.318,125.883,127.111,125.157,121.561,118.925,114.542,110.996,108.808,106.865,106.344,108.331,107.934,105.758,107.626,104.099,102.149,86.7045,70.606,57.8494,54.8662,56.5034,57.9031,57.5318,59.0189,59.9569,63.9484,69.7519,74.5935,79.4682,86.3303,91.4717,97.633,102.114,108.315,114.779,121.58,127.517,131.284,138.004,136.253,137.917,139.066,127.648,108.273,100.735,104.821,103.917,105.508,108.661,106.565,109.141,108.999,116.087,113.497,105.61,109.069,107.317
754,103.812,103.889,112.271,116.384,121.004,122.056,120.924,116.395,114.71,109.905,107.059,104.85,103.397,102.225,103.816,103.948,101.793,103.618,101.253,98.3263,83.9033,68.1461,55.8247,52.768,54.6962,55.7251,55.4927,56.9543,57.6381,61.8914,67.1321,72.4109,76.9906,83.6682,88.6082,93.8411,99.1467,104.135,111.349,119.056,123.727,127.017,133.029,130.723,133.508,135.177,123.429,105.447,97.5893,101.602,101.025,102.852,104.985,103.547,106.117,105.616,112.57,109.855,101.311,106.659,105.018
754.5,99.5799,99.7068,108.52,112.69,116.666,117.428,116.504,112.149,110.672,105.499,103.26,100.646,99.4996,98.6991,99.739,99.8434,97.7507,99.6189,97.3265,94.3616,80.8813,65.5356,53.7564,50.6668,52.9221,53.8905,53.5395,55.2207,55.7512,60.018,64.6369,70.216,74.5307,80.678,85.6833,90.4133,96.1599,100.835,108.53,116.473,121.098,123.234,127.923,126.573,128.497,131.772,119.594,102.223,94.9991,98.2055,98.0673,99.6987,101.575,100.249,102.738,102.169,109.011,106.141,97.2202,103.803,103.135
755,95.6591,95.9816,104.537,109.159,112.285,113.203,111.949,107.937,106.41,101.575,99.5854,96.6384,95.8463,95.4477,96.1551,95.5988,94.0147,95.6766,93.6703,90.3343,77.7411,62.7875,51.9115,48.7378,51.1475,51.994,51.4122,53.2567,53.7114,58.2403,62.4074,67.8939,72.3633,78.1803,82.9859,87.7293,93.4295,96.8964,105.434,112.714,116.468,119.743,123.623,122.929,125.477,127.783,115.643,99.1179,92.9672,94.6991,95.3815,96.8065,98.2372,97.4228,99.3612,98.3711,105.477,103.017,93.2038,100.011,100.221
755.5,92.8924,93.3546,100.901,106.432,109.102,108.705,107.743,104.756,102.279,98.0014,96.0451,92.7822,91.8945,91.4893,92.5566,91.039,90.15,91.7513,90.1133,87.011,74.1089,60.2955,49.8513,47.0333,49.2592,50.1257,49.7267,51.3378,51.988,56.3828,60.2208,65.5569,69.9647,75.5921,80.4386,85.2613,90.8686,93.9457,101.929,110.098,113.178,116.395,119.461,120.245,121.529,124.2,112.316,96.7878,90.4296,91.5164,92.2884,93.36,94.5385,94.3778,96.0568,95.0739,102.284,99.8426,90.2306,97.0884,96.701
756,89.627,89.2225,97.3159,102.079,105.108,104.84,103.77,100.702,98.3642,94.578,92.6825,89.3041,88.0884,88.223,89.1195,87.1444,86.9949,88.1051,87.0507,83.3046,71.1236,58.0467,48.0617,45.431,47.3495,48.3167,48.1574,49.4306,50.1671,54.467,58.0203,63.1782,67.798,72.9369,77.9184,83.2047,88.1278,91.7928,98.9675,106.574,109.625,113.469,116.151,115.669,117.688,120.1,108.853,93.599,87.6208,88.2632,89.6625,89.9843,91.5199,91.6736,93.0131,92.3645,98.9928,96.8599,87.2553,93.3488,93.5632
756.5,86.1163,85.2995,93.266,98.2138,101.376,100.664,100.089,96.8325,94.7836,91.0949,89.2523,86.4498,84.4449,84.6479,85.8291,84.0091,83.829,84.3439,83.6666,79.899,68.2083,55.8338,46.431,43.7707,45.4727,46.7094,46.6386,47.8224,48.3609,52.5141,55.8111,61.0102,65.3699,70.7302,75.3934,80.8057,85.4764,89.4142,96.1771,102.945,106.813,110.241,112.841,112.38,114.035,116.47,104.942,90.7866,84.6889,85.2723,86.7796,87.3679,88.1026,88.7543,89.8882,91.3187,95.9737,93.8367,84.8792,90.537,90.7924
757,82.8478,81.1897,89.8397,94.274,97.5126,96.6784,96.1508,93.494,91.6981,87.4238,86.0868,83.3075,81.1637,81.567,82.4135,81.2305,80.7341,81.1501,80.6849,76.6838,65.876,53.862,44.6632,41.9739,43.7451,44.9549,44.6515,46.3126,46.7734,50.5219,54.0605,58.9953,62.6001,68.8973,72.8176,78.4123,82.8653,86.9382,92.9133,99.8265,103.335,106.81,109.233,108.695,110.625,112.997,101.318,87.7185,82.1886,82.6103,84.2917,84.7383,85.8386,85.4106,87.285,89.0046,93.1639,90.7,82.3893,88.0352,88.0749
757.5,79.9299,78.1492,86.0706,91.0341,93.9029,92.9683,92.4908,90.1772,88.6212,84.023,82.7448,79.584,78.3275,78.7168,79.0377,78.4055,77.743,78.3315,78.1904,73.5432,63.8315,51.8928,42.3373,40.3023,42.0884,43.587,43.1478,44.795,45.1658,48.622,52.4994,57.0921,60.5786,66.9148,70.4909,75.276,80.2632,84.2962,90.5064,96.6701,99.4289,103.596,105.571,106.501,107.327,109.374,98.4471,85.4307,79.9112,80.2233,82.0268,82.5745,83.0086,82.649,84.346,86.6788,90.5163,87.5496,80.5571,85.1794,85.6565
758,77.3547,75.401,82.9954,88.0185,90.4668,89.8357,89.3429,87.3559,85.2393,80.8561,79.66,76.2972,75.6323,76.1732,75.6815,75.3221,75.1138,75.7473,75.1954,70.9322,61.4957,49.8139,40.5422,38.6884,40.4738,41.9583,41.6149,43.1696,43.817,47.0319,50.9532,55.2744,58.4798,64.5812,68.0477,72.3415,77.9022,81.326,87.8246,93.6069,96.8032,100.817,102.549,102.906,103.974,105.766,96.3342,82.3251,77.8097,78.2263,80.0854,80.4954,80.8436,80.1385,81.4337,83.8411,87.8229,84.4912,78.3254,82.4715,83.2108
758.5,74.9126,73.7523,80.2624,85.2764,87.1344,87.2269,86.8238,84.4011,82.3032,78.1786,76.8497,73.1663,73.0299,73.0993,72.8649,72.3759,72.4402,73.2557,72.6657,68.6095,59.0378,48.0183,38.6698,37.2968,39.0014,40.5631,40.2126,41.8194,42.4723,45.5872,49.3247,53.5162,56.6578,62.5203,65.8383,70.0635,75.4472,79.0381,85.1759,91.2332,93.3648,97.8596,99.644,98.9811,101.288,103.083,93.7483,80.1788,75.6849,76.2743,78.0746,78.4805,79.2542,78.4548,78.8455,81.1808,84.7946,81.9557,76.3578,79.8276,81.2646
759,72.6031,72.0655,78.1047,82.3706,84.2046,84.4209,84.2468,81.9369,79.3705,75.3883,74.2168,70.4651,70.5186,70.3533,70.436,70.0581,69.703,70.7651,69.4897,66.6948,56.9803,46.4243,37.0386,35.9723,37.5397,39.3812,38.902,40.2795,41.1038,44.0329,47.5969,51.9014,55.1707,60.7941,63.8213,68.4805,73.3796,76.8258,82.7842,89.1386,90.9887,95.1827,97.9234,96.2289,98.1384,100.14,90.9006,77.4993,72.9204,74.2149,75.6693,76.4636,77.0583,76.0546,76.8045,78.6327,81.4331,79.8492,74.3372,78.1315,79.2671
759.5,70.3297,69.8597,75.8063,79.5717,81.0118,81.8658,81.175,79.209,76.3169,72.6125,71.855,68.2251,68.0912,68.3205,68.0584,68.0269,67.1185,68.3141,67.0875,64.5583,54.9371,45.0784,36.3229,34.7847,36.1215,38.1079,37.8185,39.0071,39.7538,42.3453,46.1487,50.3425,53.6397,58.9659,62.1275,66.7706,71.1542,74.4614,80.6483,86.6591,88.0204,92.6005,95.2558,93.8471,96.8866,98.2085,87.886,74.9201,70.6197,71.6944,73.5822,74.3689,75.1117,73.8291,74.6985,76.2868,78.3302,77.5048,72.3129,76.3579,77.1269
760,68.224,67.8033,73.7377,76.8368,78.4269,79.2257,78.5715,76.4209,73.8477,69.9571,69.778,65.9273,65.8776,66.2966,66.0987,66.0398,64.8969,65.9338,64.9123,62.3369,52.8308,43.6229,35.2394,33.6346,34.976,36.8578,36.5784,37.7556,38.4102,41.0446,44.3683,48.9179,50.5591,57.136,60.4742,65.2407,69.1905,71.9896,78.7254,84.4022,85.2461,90.0212,92.6686,91.5048,94.9018,95.614,85.4312,73.0759,68.2137,69.0755,71.3768,72.4911,73.0892,71.8196,72.8265,74.2564,76.0681,75.2774,70.4956,74.4073,74.9939
760.5,66.2214,65.3294,71.5552,74.4471,75.2893,76.5366,76.0627,73.6286,71.2773,67.7609,67.7592,63.7654,63.8254,63.8513,64.0157,64.0209,62.7377,63.7734,63.6631,60.634,51.0564,42.1594,34.5694,32.4411,34.0189,35.7207,35.4009,36.8039,37.2259,39.5095,43.1471,47.5125,49.0032,55.583,58.8273,63.4591,67.1013,69.9538,76.0828,81.8737,83.3633,87.5962,90.0164,89.2363,92.9409,92.6297,83.3512,71.028,66.7372,66.7696,69.5839,70.1307,71.2877,70.0655,70.8004,72.0088,74.1111,72.6616,69.0249,72.4014,73.0277
761,64.1346,62.4181,69.3665,72.3005,73.0078,74.2802,73.622,71.3911,68.9517,65.8208,65.7461,61.8101,61.8481,62.1195,62.0497,61.569,61.0063,61.699,61.4964,58.6617,49.1841,40.5217,33.673,31.4175,33.0456,34.6245,34.2063,35.7319,36.1545,38.2798,42.197,46.1728,48.0781,54.1183,57.2242,62.3886,65.4444,67.7885,74.0624,79.3487,81.3874,85.2688,87.2843,86.5946,90.5028,89.919,81.637,69.1,65.3489,64.9501,67.9379,68.0956,69.5957,68.5796,68.8223,69.9093,72.6043,70.7791,67.2046,70.4178,71.2806
761.5,62.216,60.8985,67.2165,70.2034,70.362,71.7913,71.7881,69.185,66.6189,63.9358,63.7665,59.8004,59.8312,60.2103,60.6647,59.5998,59.3983,59.9159,59.5294,56.7762,47.8573,39.2544,32.7167,30.4739,32.0964,33.6078,33.1298,34.6414,35.2381,37.1656,41.1914,44.7666,47.3817,52.694,55.7372,60.6343,63.8576,66.2187,71.948,76.8245,80.2382,82.9307,84.5474,84.0945,87.4251,87.3142,79.4218,66.5924,63.6801,63.6122,66.169,66.1645,67.6458,66.8398,66.9435,67.6081,70.9166,69.1019,65.3288,68.4443,69.484
762,60.4542,58.541,65.4155,68.069,68.8134,69.6297,69.6776,67.4879,64.8022,62.1361,61.7329,57.9929,57.8017,58.2392,58.8582,57.7721,57.5455,58.2383,57.5426,55.071,46.6247,37.8811,31.7482,29.7448,31.1353,32.6396,32.3544,33.675,34.3347,36.2365,39.9327,43.4584,46.5607,51.4328,54.183,59.5769,62.276,64.6898,70.1224,75.1019,77.9397,80.8219,81.8435,82.107,84.6759,85.1806,77.069,65.0249,62.3375,62.4735,64.4855,64.7074,65.6652,65.2299,65.3478,65.6304,68.87,67.5265,63.5338,66.3733,67.5511
762.5,58.6673,56.6566,63.3953,66.4844,66.9435,67.7362,67.6839,65.5101,62.4063,60.3241,59.8124,56.4023,55.9782,56.5369,57.0776,56.1897,55.9618,56.5991,55.9989,53.3123,45.4367,36.6022,30.9254,29.0379,30.2147,31.5421,31.498,32.6342,33.2262,35.2539,38.7087,42.2209,45.3707,50.1073,52.9497,58.0481,60.7459,63.0861,68.4765,73.0642,76.1887,78.2867,79.4355,79.7784,82.167,83.0939,75.0598,63.3686,60.7174,61.0539,62.5759,63.2457,63.865,63.4697,63.5073,64.1268,67.0258,66.0681,62.066,64.8247,65.3296
763,56.9894,55.0736,61.5565,64.7609,65.7415,65.613,65.7755,63.3887,60.5617,58.6931,58.0015,54.993,54.3183,54.7368,55.4767,54.6989,54.2536,55.0778,54.2733,51.8202,43.9367,35.6033,30.0528,28.2338,29.1875,30.5081,30.654,31.5868,32.2904,34.122,37.4943,41.0336,43.8185,48.8777,51.807,56.7471,59.1414,61.5192,66.694,70.6282,74.4337,76.3322,77.481,77.743,79.7775,81.3728,72.7964,62.1627,59.3306,59.5806,61.0958,61.8701,62.1147,61.6906,61.9285,62.4906,65.162,64.4811,61.0432,62.9998,63.2603
763.5,55.4229,53.5785,59.7996,63.0131,64.2621,63.8223,63.7514,61.9302,59.1156,57.0368,56.1885,53.5451,52.7452,53.2957,53.9666,53.1411,52.2797,53.431,52.789,50.2754,42.9121,34.5406,29.0953,27.3879,28.3609,29.617,29.8604,30.6312,31.4794,33.269,36.6369,39.9045,42.8463,47.6352,50.726,55.6237,57.4893,60.2342,65.2942,68.2056,73.3717,73.8744,75.3224,76.2778,77.539,79.082,71.11,60.5349,57.7981,57.999,59.6736,60.085,60.2556,59.9463,60.2855,60.9711,63.8001,62.7695,59.8224,62.1086,61.6393
764,53.857,52.0693,58.1732,61.0618,62.6639,61.2364,61.6853,60.3695,57.6924,55.389,54.6448,52.1062,51.3604,51.6826,52.2875,51.4739,50.5776,51.7069,51.3577,48.9883,41.5604,33.5733,28.0567,26.6007,27.6148,28.7895,29.023,29.8538,30.743,32.3431,35.9142,38.8344,41.6473,46.4121,49.4688,54.1476,56.0898,58.87,63.8625,66.3857,71.3936,71.6819,73.234,74.6064,75.5736,77.1575,69.5966,59.2999,56.2908,56.5924,58.422,58.5564,58.7952,58.4728,59.006,59.4581,62.7074,60.9944,58.3653,60.684,60.2315
764.5,52.3655,51.172,56.6199,58.9719,61.0377,59.785,59.6006,58.7693,56.3038,54.0293,53.1654,50.7773,50.0646,49.9428,51.0084,50.0952,48.9622,50.2463,49.8046,47.3774,40.3494,32.6147,27.1609,25.6923,26.9042,27.9268,28.1893,29.0562,29.9916,31.3375,35.0763,37.7583,40.9313,45.1964,48.227,52.8648,54.8272,57.9014,62.4609,64.6173,69.6266,70.1912,71.8351,72.8265,73.8713,75.4092,68.5283,57.9088,55.133,55.1827,57.1021,57.3579,57.3928,56.9324,57.6299,58.1497,61.3208,59.2996,56.7849,59.2576,58.8484
765,50.8598,50.5061,55.3076,57.3527,59.3745,58.0779,57.6483,56.95,54.8492,52.6514,51.6398,49.432,48.9143,48.5335,49.6471,48.5331,47.7574,48.9722,48.289,46.0966,38.6715,31.8145,26.4837,25.1975,26.2328,27.2845,27.5184,28.4226,29.2158,30.6867,34.1801,36.8183,39.974,44.1465,47.2138,51.3904,53.8792,56.4469,60.9817,63.2712,67.1508,68.5929,70.6422,71.4518,72.2571,73.7132,67.2473,56.4143,53.9075,53.8417,55.7938,55.7894,56.1376,55.7841,56.3003,56.3469,59.6255,57.5296,55.4154,57.9656,57.3696
765.5,49.5206,49.6481,54.0591,56.0768,57.6357,56.991,56.1974,55.4241,53.4869,51.513,50.4654,48.2288,47.7544,47.0559,48.5111,47.3154,46.708,47.4899,47.0454,44.8809,37.6892,31.1539,25.7845,24.5301,25.5214,26.5548,26.841,27.7814,28.5003,29.9719,33.3955,35.9731,39.0201,43.0978,46.2215,49.9747,52.7677,54.8675,59.1683,61.6853,65.6595,67.1752,69.1805,69.6372,70.237,72.2282,65.6894,55.3654,52.4949,52.9323,54.3671,54.2934,54.8856,54.5831,54.5983,54.9581,58.0942,56.3835,53.603,56.6384,55.8655
766,48.216,48.868,52.8277,54.5928,56.1454,55.6244,54.7879,53.8614,52.2338,50.4569,49.2175,47.1839,46.6413,45.8582,47.1373,46.023,45.5799,46.18,46.061,43.8093,36.5633,30.4282,25.0263,23.9208,24.8863,25.8935,26.0636,27.135,27.7951,29.3041,32.7394,35.1811,38.0488,42.0369,45.1157,48.442,51.5561,53.7038,57.8885,60.3545,64.3191,65.4102,68.2092,68.2232,68.5145,70.7234,63.8849,53.7996,51.5434,51.999,53.2124,52.9264,53.7113,53.634,53.1858,53.9881,56.5591,55.2137,52.5207,55.507,54.4224
766.5,46.8749,48.0689,51.7355,53.8275,54.9916,54.387,53.3818,52.3378,51.0134,49.3104,48.015,46.0921,45.4238,44.7965,45.7985,44.7289,44.4333,44.8818,45.25,42.796,36.0224,29.6801,24.4302,23.2881,24.3378,25.1407,25.2103,26.4377,27.0793,28.3105,32.0725,34.4383,37.1544,41.0931,44.1359,47.2046,50.4356,52.5369,56.3255,59.215,63.0875,64.0834,66.3429,66.9661,66.9292,69.2649,62.0626,52.7418,50.4373,50.7656,51.9358,51.9563,52.6224,52.7483,51.8737,52.935,54.9831,54.4022,51.4154,54.4617,53.259
767,45.7831,47.0061,50.5123,52.3117,53.824,52.7274,52.405,50.7186,49.9282,48.15,46.7162,45.0917,44.1989,43.5633,44.6442,43.8401,43.4315,43.6683,44.1103,41.8658,35.5013,28.9093,23.9834,22.5682,23.7535,24.3925,24.641,25.7613,26.3019,27.6169,31.3437,33.6162,36.4284,40.1619,42.8904,46.1752,48.9921,51.0914,55.237,58.1324,61.6993,63.1068,64.8026,65.3249,65.6456,67.8085,59.9405,51.4186,49.3609,49.3199,50.9238,50.6376,51.6568,51.5901,51.0175,51.7089,53.6718,53.0918,50.6417,53.2679,52.1132
767.5,44.6625,46.0619,49.3174,51.013,52.8761,51.5344,51.3553,49.3812,48.6181,47.0392,45.5658,43.9923,43.1043,42.6181,43.544,42.8313,42.5062,42.8161,43.0799,41.1024,35.0127,28.1443,23.6484,22.0919,23.2428,23.9185,24.1911,25.0796,25.6644,27.1467,30.5036,32.7618,35.9578,39.2234,41.8269,45.1325,47.6175,50.0827,53.3636,56.6853,59.9495,61.9664,63.4284,64.258,64.5607,66.4139,58.5495,50.3185,48.0276,48.1492,49.7406,49.7349,50.4202,50.5323,49.9321,50.6571,52.8202,51.9151,49.3787,51.9526,51.0258
768,43.7,44.6298,48.2071,49.863,51.7553,50.2909,50.4437,48.3923,47.3392,46.0172,44.4688,43.0283,42.1987,41.4796,42.5406,41.8046,41.743,42.0872,41.964,40.2733,34.2265,27.2166,23.1429,21.6575,22.7531,23.4538,23.8088,24.285,25.0574,26.8751,29.7187,32.0935,35.2269,38.3186,40.8689,44.6945,46.5247,48.9764,52.2287,55.4717,58.934,61.1032,61.8327,62.5656,63.1892,64.9196,57.5237,49.4136,46.9996,47.2519,48.4353,48.5774,49.2682,49.4189,48.7652,49.6522,51.8645,50.6491,48.0637,50.7074,50.1781
768.5,42.7995,43.2738,47.1016,48.809,50.5475,49.4634,49.2436,47.5121,46.3514,45.04,43.5146,42.0513,41.3123,40.6871,41.7651,40.9751,40.93,41.3707,40.893,39.4107,33.5289,26.3502,22.4361,21.3915,22.2025,23.0893,23.2857,23.6943,24.4885,26.4485,28.9121,31.3834,34.4169,37.5137,39.9427,43.8551,45.6562,48.2494,51.0673,54.3338,57.7366,60.1936,60.4409,61.0874,61.8631,63.488,56.7601,48.68,45.9897,46.3712,47.3067,47.4401,47.9806,48.237,47.3448,48.9335,51.0779,49.6562,46.917,49.732,49.393
769,41.9575,41.48,46.0288,47.8303,49.4704,48.5723,47.9184,47.1077,45.4602,44.195,42.401,41.1855,40.4721,39.7985,40.8677,40.2028,40.0962,40.6152,39.9021,38.5442,32.9002,25.8352,21.808,21.0646,21.699,22.5385,22.758,23.1601,23.9928,25.9351,28.3108,30.843,33.4734,36.6776,39.1043,43.1622,44.8551,47.828,50.1824,53.8018,56.7816,59.019,59.4242,59.7703,60.8238,62.0297,55.7789,47.8615,44.9913,45.5598,46.2508,46.5357,46.8889,47.0506,46.5986,47.8529,50.0098,48.7219,45.6038,48.5097,48.5334
769.5,41.1886,40.0958,45.1414,46.6748,48.3303,47.6816,46.5801,46.1133,44.5712,43.3664,41.4726,40.266,39.6315,39.1185,39.951,39.1982,39.1764,39.7227,39.1231,37.4394,32.325,25.3991,21.1968,20.5994,21.2664,21.9788,22.2675,22.8137,23.4906,25.4409,27.5899,30.175,32.7131,35.5566,38.2791,42.2781,43.7958,47.1194,49.0051,53.3451,55.7412,57.7117,58.493,58.0349,59.453,60.9075,54.7431,47.0975,44.2111,44.68,45.2259,45.4208,45.8798,45.865,45.7433,46.6207,49.024,47.7306,44.6195,47.6059,47.6549
770,40.1255,39.2838,44.188,45.4843,47.2004,46.9513,45.7123,45.2567,43.6776,42.5602,40.4477,39.3485,38.8868,38.4027,39.0218,38.4796,38.3298,38.8576,38.2178,36.5932,31.6582,24.7699,20.7854,20.0625,20.8231,21.5473,21.8706,22.4344,23.0892,24.883,26.9978,29.4366,32.0398,34.2585,37.5591,41.3027,43.0517,46.0205,47.5355,52.6384,54.8237,56.3833,56.9109,56.5166,58.4809,59.8879,53.7324,46.1271,43.0854,43.7902,44.4762,44.3014,44.7884,44.8222,45.095,45.6581,48.1446,46.4216,43.5749,46.4422,46.7346
770.5,39.3782,38.947,43.4221,44.548,46.3481,46.0705,44.6403,44.3488,42.7634,41.6761,39.6473,38.6253,38.1831,37.83,38.2405,37.7985,37.451,38.084,37.2866,35.6995,30.9584,24.4755,20.3331,19.5716,20.4163,21.1453,21.4983,22.0288,22.6147,24.4508,26.3201,28.8665,31.3707,33.4219,36.9107,40.3284,42.2564,45.0292,46.6121,51.9667,53.7598,55.234,55.622,54.7802,57.4376,58.7515,52.6825,45.0205,42.3935,42.7796,43.6059,43.5145,43.9209,44.097,44.2074,44.6274,47.396,45.4078,43.0243,45.4252,45.7677
771,38.6478,38.4608,42.6125,43.766,45.4827,45.296,44.3052,43.5617,42.0265,40.7576,39.0922,37.9574,37.539,37.1146,37.5493,37.3206,36.9808,37.3881,36.2205,35.0427,30.2661,24.1004,20.0918,19.1847,19.9976,20.8164,21.1415,21.572,22.18,24.008,25.8276,28.3406,30.9788,33.0254,36.3755,39.5155,41.6809,44.1526,45.9996,50.9194,52.3055,54.1245,54.5066,53.5621,56.7449,57.6831,51.5039,44.1364,41.5152,41.8637,42.5141,42.4606,42.9965,43.4851,43.4435,43.6704,46.4856,44.3598,42.351,44.5157,44.9941
771.5,37.839,38.9373,41.8562,43.2178,44.6569,44.6048,43.708,42.7761,41.2995,39.988,38.4317,37.2434,36.6517,36.5865,36.9353,36.7006,36.4586,36.7011,35.3408,34.6373,29.6708,23.7205,19.68,18.911,19.5379,20.4415,20.7686,21.2262,21.7633,23.497,25.3099,27.7739,30.3455,32.9191,35.6926,38.4988,40.9245,43.4155,45.7921,49.6718,50.6327,52.9303,53.6368,52.5868,55.6885,56.2315,50.3277,43.3051,40.8561,41.26,41.6179,41.5608,42.255,42.6982,42.4827,42.82,45.5376,43.1568,41.8745,43.341,43.9753
772,37.1882,38.545,41.0779,42.462,43.8353,43.7557,42.9087,41.9822,40.5824,39.2234,37.8618,36.6021,35.8546,35.8739,36.2399,36.0471,35.8513,36.0165,34.6935,34.1174,29.1617,23.2544,19.4651,18.6179,19.1423,20.0856,20.392,20.9128,21.4445,23.0187,24.8332,27.1896,29.5878,32.5155,34.9029,37.8527,40.1091,42.543,44.8728,48.4748,49.1903,52.2527,52.4721,52.1355,54.819,55.1368,49.2312,42.532,39.9509,40.6138,40.5024,40.7837,41.1982,41.6199,41.6065,42.0315,44.5068,42.4341,41.2325,42.4479,43.2556
772.5,36.5299,37.8901,40.2762,41.8325,43.0108,42.8063,42.0746,41.2845,39.9391,38.5155,37.3144,35.9875,35.124,35.1423,35.6247,35.5524,35.2081,35.2836,34.0023,33.5722,28.6554,22.8856,19.0478,18.4106,18.7208,19.7229,20.0912,20.7217,21.1098,22.6494,24.4346,26.6407,28.9397,32.0263,34.0878,36.816,39.0238,41.4855,44.2371,47.3598,48.4228,51.0113,51.2889,51.55,53.9505,54.033,48.4054,41.5355,38.8551,39.8845,39.4404,40.2959,40.3075,40.5685,40.8208,41.2272,43.7391,41.3583,40.5404,41.647,42.2908
773,35.9573,37.0977,39.4624,41.0493,42.4018,41.779,41.3282,40.3971,39.3772,37.7049,36.6948,35.4546,34.5392,34.5493,34.9946,34.8181,34.542,34.6885,33.5873,33.0509,28.2772,22.6407,18.6618,18.1369,18.3914,19.3608,19.7534,20.3046,20.7414,22.353,24.0985,26.0811,28.4811,31.4164,33.4569,36.2985,38.003,40.6354,43.2296,45.9815,47.5635,50.0761,50.278,50.9726,52.8684,52.9322,47.2707,40.6913,37.9665,39.0396,38.964,39.7031,39.4413,39.6394,39.9087,40.3274,42.998,40.9344,39.6991,40.9706,41.5241
773.5,35.785,36.2797,38.5238,40.3618,41.9291,40.7752,40.6839,39.4848,38.7203,37.097,36.1391,34.948,34.0735,34.0204,34.4488,34.2132,33.9148,34.1573,33.167,32.5358,27.86,22.2879,18.2693,17.8232,18.1526,19.0172,19.4635,19.9353,20.3941,22.0343,23.8256,25.6606,28.0315,30.8185,32.7871,35.7205,37.0093,39.5202,42.4091,44.8758,46.4367,48.888,49.4264,50.4132,51.7662,51.7064,46.1493,39.8094,37.0625,38.2254,38.1283,39.1151,38.6824,38.8667,39.0967,39.4542,42.3035,40.0207,38.7275,40.1099,40.8065
774,35.1864,35.5578,37.9191,39.7747,41.1708,40.1105,40.129,38.8394,38.2051,36.5188,35.3938,34.4362,33.601,33.5462,34.0493,33.5727,33.4064,33.8296,32.4288,31.9968,27.59,21.9425,17.6637,17.5291,17.9863,18.7361,19.1481,19.6198,20.0369,21.7109,23.3909,25.2581,27.6296,30.3813,32.287,34.9009,36.2111,38.7562,41.5882,44.1026,45.8005,47.7301,48.6696,49.4259,50.7692,50.7073,45.3238,39.2086,36.4181,37.5021,37.2556,38.5169,37.7993,38.1815,38.1326,38.8169,41.4473,39.14,37.8003,39.0993,39.8372
774.5,34.6536,35.3529,37.382,39.1223,40.4241,39.4714,39.5793,38.3038,37.6147,36.0327,34.8732,33.9905,33.139,33.1222,33.6309,33.1801,32.7881,33.474,32.1003,31.5682,27.2347,21.6641,17.4888,17.2965,17.7992,18.4376,18.9152,19.2587,19.6496,21.3252,22.9275,24.7961,27.1196,29.8332,31.6938,34.332,35.6897,38.0254,40.8229,43.406,44.8635,47.0794,47.5348,48.5089,49.7265,49.7337,44.5393,38.3694,35.7186,36.8128,36.3671,37.7118,37.0852,37.4027,37.478,38.2197,40.6595,38.3329,36.8872,38.2963,38.9332
775,34.1434,34.7398,36.7528,38.5056,39.7789,39.1392,39.0252,37.8585,37.1017,35.535,34.4242,33.5908,32.8405,32.6018,33.2845,32.6644,32.3114,33.0173,31.912,31.0748,26.8417,21.5399,17.0489,17.0798,17.6289,18.137,18.6385,18.9015,19.3171,20.9309,22.4461,24.4029,26.6001,29.2885,31.0642,33.15,35.1303,37.1312,40.27,42.4035,44.0246,46.2791,46.7262,47.0836,48.69,48.9145,43.6445,37.6911,34.8305,36.1853,35.6392,36.913,36.3911,36.8557,36.4878,37.5895,39.8326,37.5785,36.1144,37.4803,37.9594
775.5,33.6085,34.2644,36.2497,37.7633,39.3118,38.6771,38.4715,37.5568,36.5884,34.9958,34.2043,33.1533,32.5612,32.2043,32.8933,32.072,32.0323,32.5928,31.5746,30.6089,26.4837,21.2891,16.9055,16.9439,17.4276,17.8409,18.3622,18.6293,19.0282,20.5581,22.0518,24.0734,26.1007,28.7117,30.451,32.4142,34.4055,36.3339,39.6232,41.3769,43.2902,45.4265,45.855,45.6197,47.6355,48.0205,42.7152,37.0822,34.2913,35.4074,34.9752,36.2206,35.831,36.243,35.7491,36.6682,39.0869,36.9389,35.5479,36.5541,37.1602
776,33.0987,33.7861,35.6635,37.1514,38.7667,38.2627,37.8632,37.0644,35.9665,34.4655,33.6906,32.7412,32.3054,31.8407,32.3623,31.6811,31.7399,32.115,31.4097,30.1836,26.1421,20.9536,16.6918,16.7472,17.2152,17.6878,18.0859,18.3817,18.7911,20.1505,21.54,23.7506,25.6732,28.0664,29.9108,32.0612,33.6903,35.7462,38.9093,40.2633,42.4325,44.2672,45.1122,44.1211,46.7289,47.1009,41.7357,36.2872,33.7132,34.7159,34.6323,35.7429,35.3769,35.6743,35.0035,35.9569,38.3041,36.2772,35.3309,35.8628,36.4954
776.5,32.5639,33.1032,35.2237,36.659,38.1929,37.8713,37.3324,36.4651,35.4006,34.069,33.0475,32.2398,31.9096,31.4999,31.9455,31.3112,31.4449,31.6284,31.0902,29.7756,25.8426,20.7,16.643,16.5116,17.0171,17.4125,17.8269,18.2564,18.5669,19.7594,21.2738,23.3966,25.2482,27.5594,29.4686,32.0563,33.0739,35.2788,38.1959,39.3582,41.6248,43.1601,44.2845,43.371,45.8842,46.249,41.0524,35.6268,33.0631,33.976,33.9261,35.2174,34.9062,35.0398,34.6578,35.0438,37.5285,35.6654,34.9969,35.213,35.7159
777,32.0545,32.3437,34.5797,36.2397,37.6005,37.5828,36.8804,35.9038,34.7593,33.6533,32.5096,31.8393,31.5017,31.2341,31.5733,31.067,31.0909,30.9571,31.0609,29.2144,25.5705,20.3418,16.6551,16.209,16.7618,17.1836,17.448,17.8654,18.1567,19.4735,20.9917,23.0087,24.8278,27.0287,29.0657,31.4152,32.5238,34.683,37.4164,39.0701,40.9632,42.0339,43.5073,42.7562,45.0707,45.3406,40.2315,34.9205,32.501,33.3361,33.2226,34.5207,34.3772,34.4037,34.3524,34.546,36.8521,35.0194,34.3172,34.7163,35.0812
777.5,31.6576,31.746,34.1173,35.3682,36.9958,37.212,36.4434,35.2981,34.2361,33.2151,32.1182,31.2988,31.0898,30.8621,31.2458,30.8494,30.69,30.4348,30.4361,28.9057,25.2767,20.1495,16.7356,15.9999,16.5206,17.0313,17.1497,17.4767,17.8044,19.2069,20.6496,22.6082,24.3572,26.5631,28.4673,30.7499,32.1524,34.0057,36.5835,38.4196,40.3298,41.179,42.8128,42.1604,44.0674,44.4677,39.5928,34.1391,31.8185,32.7223,32.5162,33.8079,33.7487,33.7666,33.8011,34.0422,36.1526,34.2863,33.7065,34.1714,34.4501
778,31.1905,31.3793,33.6916,34.6783,36.4417,36.7304,36.0044,34.8011,33.8118,32.6705,31.7574,30.9074,30.5965,30.4456,30.9807,30.5672,30.297,30.1504,30.1105,28.5856,24.9684,19.8264,16.4489,15.7244,16.2603,16.9071,16.9437,17.1542,17.5278,18.9213,20.332,22.2725,23.9865,26.0744,27.897,30.0219,31.633,33.2852,35.8983,37.6832,39.45,40.4893,41.9683,41.6807,43.1356,43.5417,38.8076,33.2579,31.1378,32.233,31.8026,32.9486,33.2329,33.0919,33.3335,33.5029,35.4638,33.5877,33.0067,33.3233,33.8817
778.5,30.9206,31.0132,33.2062,34.2046,35.9045,36.0648,35.2606,34.5902,33.3803,32.3165,31.4556,30.5825,30.1413,30.0679,30.5904,30.2128,29.9843,30.0199,29.8947,28.3311,24.6736,19.6099,16.4219,15.5007,16.0327,16.6608,16.7067,16.5845,17.3518,18.6397,19.8772,21.9355,23.7205,25.5441,27.2838,29.4053,30.9199,32.6972,35.2894,36.9304,38.9786,39.7842,41.0206,40.9625,42.0444,42.7026,38.1457,32.4849,30.4973,31.5423,31.3191,32.4481,32.6419,32.5004,32.7123,33.1626,34.8907,32.8839,32.3176,32.7589,33.2061
779,30.4692,29.7935,32.8677,34.0949,35.2741,35.4695,34.884,34.2292,32.9659,31.9476,31.1241,30.2171,29.8385,29.6085,30.1823,29.819,29.6777,29.8282,29.9327,28.0787,24.3153,19.3824,16.1135,15.3116,15.8823,16.5249,16.499,16.1217,17.2241,18.3349,19.4962,21.5966,23.4724,25.2446,26.8188,28.8322,30.1639,32.184,34.8752,36.3306,38.2093,39.145,40.2165,40.0356,41.0481,41.8156,37.301,31.9072,29.9069,30.9705,30.7249,31.7699,32.0329,31.867,32.0265,32.3961,34.2658,32.4072,31.7893,32.0889,32.4393
779.5,30.0968,29.0682,32.4306,33.9478,34.7375,34.9807,34.3727,33.9415,32.4654,31.6833,30.7954,29.8655,29.4478,29.2381,29.729,29.5167,29.394,29.5166,29.594,27.7844,24.0999,19.3567,15.9211,15.1646,15.7316,16.3564,16.2754,16.0805,17.0643,18.0884,19.1433,21.2579,23.0872,24.8212,26.4237,28.2618,29.4605,31.6673,34.1666,35.8343,37.5982,38.3358,39.3277,38.8231,40.4239,41.0129,36.7589,31.2606,29.2218,30.4303,30.2776,31.0917,31.5569,31.3385,31.3729,31.8383,33.83,32.0088,31.1476,31.6542,31.9182
780,29.8166,28.9128,32.1461,33.6404,34.0769,34.4337,34.2882,33.6381,32.1068,31.3736,30.3633,29.5347,29.1913,28.9847,29.3029,29.1431,29.1386,29.2982,29.2261,27.5918,23.7687,19.1186,15.7579,15.046,15.6699,16.1415,16.0658,16.149,16.8379,17.8647,18.8201,20.9454,22.8442,24.5092,25.9851,27.8081,28.9186,31.019,33.5411,35.2996,36.9758,37.7889,38.6567,37.293,39.9046,39.9877,35.9504,30.8847,28.5843,30.0012,29.6587,30.2472,31.0257,30.878,30.9074,31.0485,33.2375,31.4789,30.9572,31.0521,31.2947
780.5,29.4327,28.4136,31.8166,33.2677,33.6918,33.9868,33.9773,33.2695,31.7634,31.0431,30.0276,29.2494,28.8517,28.8084,29.0929,28.6858,28.6763,29.0073,28.74,27.2721,23.5868,18.8533,15.618,14.8783,15.495,15.8606,15.9304,16.1066,16.5939,17.6609,18.5655,20.6244,22.5004,24.0886,25.6416,27.1959,28.324,30.4142,32.7325,34.617,36.0381,37.1674,38.0654,36.7133,39.3621,39.1097,35.0126,30.5218,27.9932,29.5717,29.179,29.6175,30.551,30.4713,30.4104,30.4643,32.6689,30.9849,30.4488,30.4379,30.6939
781,29.1242,28.3005,31.4499,32.7551,33.1701,33.5199,33.3388,32.8569,31.4511,30.7384,29.7084,28.9835,28.6137,28.5543,28.4535,28.3309,28.3376,28.7408,28.3317,26.9039,23.3727,18.5539,15.4709,14.7122,15.3844,15.6608,15.8364,15.9029,16.3522,17.5153,18.325,20.3459,22.0559,23.6608,25.2278,26.6647,27.9882,29.8621,32.1217,34.1124,35.275,36.6891,37.3196,36.5103,38.6587,38.4046,34.2657,30.2622,27.6298,29.0564,28.5537,29.1396,30.1636,30.1118,30.002,30.0825,32.0588,30.572,30.1291,29.974,30.1438
781.5,28.8028,27.8763,31.141,32.4039,32.8044,33.0454,32.6977,32.4438,31.0937,30.1025,29.4052,28.6201,28.2587,28.3483,28.052,28.1259,27.9759,28.3821,27.8488,26.6507,23.1323,18.4462,15.3059,14.5975,15.2093,15.4987,15.6929,15.6605,16.1279,17.3435,18.2342,20.1427,21.732,23.25,24.8762,26.1981,27.6326,29.3596,31.529,33.4423,34.4926,35.8729,36.8194,36.4751,37.9088,37.6863,33.8612,29.8458,27.2218,28.4566,28.1428,28.8253,29.822,29.6534,29.4509,29.901,31.4927,30.0622,29.4394,29.4284,29.5306
782,28.1535,27.4618,30.8767,31.8895,32.4461,32.7679,32.0326,32.1525,30.8234,29.5452,29.1636,28.2142,27.9952,27.948,27.6591,28.0464,27.7754,28.1177,27.6779,26.4214,22.874,18.4086,15.1953,14.4156,15.0809,15.4056,15.4644,15.325,15.928,17.1014,18.1521,19.8284,21.3019,22.8924,24.4671,25.7183,27.1401,28.9218,30.8244,32.6544,33.9433,35.2095,36.3044,36.3412,37.2471,37.2099,33.5885,29.3646,26.9391,27.8784,27.6922,28.5441,29.2703,29.1886,28.9917,29.4455,30.9578,29.6077,29.0812,28.9877,29.1218
782.5,27.7665,27.2529,30.5537,31.6192,32.2106,32.5592,31.6849,31.8554,30.4733,29.2887,28.8769,27.9796,27.7519,27.758,27.8375,27.8551,27.7691,27.8929,27.2416,26.2564,22.6467,18.3156,15.0833,14.2421,14.9421,15.3853,15.0575,15.208,15.7678,16.8876,18.0461,19.5722,20.8942,22.5929,24.1784,25.4025,26.8514,28.4407,30.2083,31.9985,33.3542,34.2818,35.749,35.5835,36.4901,36.5873,33.4716,28.8658,26.5361,27.3733,27.4213,28.0005,28.7269,28.6921,28.5262,28.8573,30.5255,29.1979,28.7194,28.5171,28.536
783,27.4693,27.1586,30.1735,31.2228,31.9857,32.2806,31.4618,31.5592,30.1925,29.1971,28.632,27.5949,27.542,27.485,27.7637,27.4762,27.5117,27.5837,27.1479,26.0236,22.5963,18.1871,14.9991,14.0211,14.7889,15.3088,14.923,15.1059,15.5578,16.6838,17.831,19.3489,20.6496,22.3496,23.8066,25.1115,26.5445,27.9999,29.7365,31.3749,32.6321,33.6777,35.1668,35.0388,35.7142,35.9277,32.8017,28.3751,26.0467,26.9513,26.9818,27.452,28.1898,28.1767,27.9938,28.3001,30.1036,28.7565,28.4138,28.1317,28.0588
783.5,27.3634,26.8089,29.8397,30.916,31.7497,31.8805,31.1704,31.2007,29.9253,28.9185,28.383,27.3596,27.3403,27.0384,27.7016,27.2761,27.3053,27.3744,26.7578,25.8186,22.3858,17.9681,14.8638,13.8409,14.6178,15.1949,14.8335,15.2018,15.3878,16.5472,17.5751,19.1386,20.3399,22.1773,23.3452,24.7784,26.1314,27.4897,29.4198,30.8002,31.9929,32.924,34.4433,34.6167,35.0448,35.4169,32.1297,27.9761,25.6425,26.57,26.5843,26.9898,27.7242,27.6972,27.6471,27.8658,29.5023,28.487,28.0918,27.8064,27.6741
784,27.2194,26.2994,29.4341,30.5315,31.5255,31.5121,31.1829,30.9193,29.6666,28.8365,28.0757,27.1281,27.1039,26.6387,27.7814,27.0305,27.0959,27.0082,26.8446,25.6971,22.1736,17.8305,14.8241,13.7823,14.4545,15.0634,14.9037,15.0829,15.2688,16.3439,17.3999,18.9737,20.0029,21.9904,22.981,24.5194,25.7489,26.8842,29.0582,30.2332,31.5971,32.4277,33.9062,34.3376,34.4529,34.8004,31.4297,27.5352,25.1585,26.258,26.1664,26.6111,27.1776,27.3356,27.3548,27.6558,29.0314,28.1408,27.665,27.3516,27.3402
784.5,27.0094,25.8571,29.1373,30.1444,31.1905,31.1763,30.9701,30.7149,29.5831,28.5917,27.8399,27.0615,26.983,26.2288,27.574,26.7304,26.9128,26.7624,26.4554,25.4197,22.0294,17.6785,14.758,13.7171,14.2622,14.8781,14.8639,14.9484,15.0375,16.2368,17.23,18.7333,19.7624,21.7256,22.5675,24.2104,25.3354,26.4519,28.6984,29.7995,31.2632,32.1126,33.3862,33.8288,34.1035,34.1684,30.8791,27.1671,24.7961,25.9087,25.6865,26.2647,26.6758,26.9305,27.0267,27.2153,28.5024,27.7846,27.2111,26.9274,27.014
785,26.7653,26.0542,28.7126,29.7018,30.9029,30.94,30.5462,30.3633,29.3331,28.3904,27.752,26.9401,26.8513,26.0781,27.273,26.4567,26.7331,26.6713,26.0677,25.2786,21.8249,17.4659,14.6463,13.5968,14.1321,14.7032,14.7652,14.7265,14.9142,16.0007,17.1601,18.5428,19.648,21.4543,22.2157,23.9053,24.9694,26.1216,28.2606,29.4642,30.6539,31.8196,32.6912,33.3655,33.6531,33.5987,30.4321,26.7366,24.4844,25.5819,25.2898,26.0381,26.1512,26.6008,26.6416,26.8392,28.2335,27.3259,26.8693,26.4357,26.5245
785.5,26.5548,26.1341,28.4545,29.5509,30.6278,30.7951,30.3211,30.0872,29.1415,28.1591,27.5639,26.845,26.6596,25.9987,26.7606,26.2143,26.5324,26.5616,25.8215,25.0817,21.7479,17.2817,14.5456,13.4222,14.0571,14.3985,14.5392,14.6091,14.7791,15.7653,16.9573,18.359,19.4078,21.0871,21.8625,23.5718,24.5313,26.0128,27.7991,29.0466,29.9932,31.4626,32.2592,32.8881,33.2891,32.989,30.1059,26.3215,24.1324,25.0772,24.9277,25.8184,25.7321,26.2063,26.203,26.4153,27.9458,26.9542,26.445,26.0264,26.0533
786,26.2872,26.1996,28.2019,29.5519,30.4361,30.6912,30.0781,29.8299,28.9036,27.7293,27.4215,26.6327,26.3235,25.8902,26.5772,26.0812,26.3625,26.6291,25.4864,25.0833,21.5556,16.9751,14.3707,13.2637,13.9123,14.2831,14.4031,14.5223,14.6301,15.5624,16.6912,18.2167,19.2513,20.7954,21.6084,23.1529,24.132,25.5186,27.3231,28.7601,29.2956,31.133,31.6207,32.3679,32.8027,32.5473,29.6026,25.9528,23.7804,24.7094,24.5037,25.4593,25.2569,25.9043,25.7935,26.0953,27.4918,26.3234,26.1097,25.6847,25.6895
786.5,26.0646,26.0454,28.066,29.4589,30.1992,30.6157,29.7527,29.4407,28.6828,27.5398,27.2082,26.3335,26.0016,25.7176,26.329,25.9034,26.2673,26.4333,25.4377,24.8748,21.6238,16.7729,14.2261,13.2128,13.7638,14.1106,14.2733,14.3217,14.4892,15.4016,16.3213,18.0397,19.1051,20.4785,21.3923,22.6197,23.7378,25.153,26.8994,28.3216,28.8319,30.699,31.2027,31.7567,32.0956,32.1189,29.3059,25.7567,23.5716,24.394,24.1207,25.1096,24.7141,25.5773,25.4536,25.7941,27.1133,25.9044,25.7766,25.418,25.3662
787,25.891,25.9633,27.9967,29.2448,30.001,30.4886,29.6779,29.1057,28.4219,27.2496,26.9638,25.9756,25.8251,25.5872,26.3664,25.7978,26.1096,26.2215,25.6772,24.7586,21.4897,16.6292,14.1419,13.1613,13.5858,13.9478,14.2518,14.212,14.3388,15.2364,16.2095,17.785,18.8052,20.2144,21.1521,22.2784,23.3966,24.7267,26.3594,27.8678,28.9085,30.4114,30.7511,31.1019,31.7406,31.6682,28.7686,25.4629,23.3319,24.1712,23.8516,24.7407,24.4086,25.2651,25.1675,25.4715,26.7059,25.6236,25.4243,25.1539,25.0794
787.5,25.7091,25.5716,27.7332,28.9438,29.9044,30.2657,29.3554,28.9427,28.1745,27.202,26.7699,25.6547,25.8423,25.5041,26.1034,25.7654,25.8921,26.0751,25.857,24.6201,21.2595,16.4339,14.1062,13.1118,13.4546,13.959,14.237,14.0884,14.2375,15.0775,16.1132,17.6077,18.581,19.9608,20.9421,21.8906,23.0192,24.5001,26.0481,27.3939,28.6489,29.8539,30.226,30.8462,30.8556,31.3351,28.4833,25.0945,22.9331,23.8321,23.5653,24.5233,24.2005,24.8816,24.9161,25.1097,26.4411,25.3999,24.9676,24.8623,24.7979
788,25.5016,25.2727,27.4248,28.702,29.6851,29.9479,29.1407,28.7784,27.9993,27.034,26.5958,25.3739,25.7177,25.3368,25.9147,25.6724,25.6869,25.8945,25.8976,24.3969,20.8976,16.3707,14.0721,13.0551,13.3535,13.9098,14.1487,14.0279,14.115,15.0019,16.1565,17.3995,18.409,19.719,20.5989,21.772,22.6671,24.1259,25.5405,27.0094,28.4239,29.2832,29.771,30.3114,30.5392,31.0579,28.0918,24.7304,22.7444,23.3913,23.3052,24.1378,24.1059,24.5211,24.687,24.868,26.2057,25.2776,24.703,24.5573,24.4942
788.5,25.2752,24.9535,27.1621,28.4074,29.4444,29.6408,28.9116,28.4775,27.8763,26.9048,26.4417,25.075,25.4852,25.0751,25.6572,25.5173,25.4152,25.7161,25.6964,24.1645,20.6206,15.9706,14.0116,12.9795,13.3396,13.8833,13.9759,13.9254,14.0862,14.9173,16.0314,17.2571,18.2497,19.4883,20.3322,21.3872,22.3391,23.938,25.3272,26.7633,28.0295,28.8466,29.316,30.0589,30.0722,30.679,27.7234,24.4658,22.4333,23.1448,23.138,23.8056,23.6434,24.2275,24.3193,24.5245,25.8294,24.9285,24.4069,24.1903,24.1242
789,24.9284,24.2746,26.7448,28.171,29.1653,29.3021,28.6586,28.2959,27.6499,26.6212,26.1819,24.8112,25.2774,24.8093,25.2992,25.2889,25.1192,25.5063,25.5425,23.9378,20.5076,15.8289,13.8556,12.9239,13.2917,13.8508,13.7573,13.8524,13.9327,14.9163,15.8536,17.0353,18.1027,19.2117,20.1341,21.0416,22.0715,23.5761,25.1802,26.4437,27.6057,28.4807,28.8957,29.7084,29.8377,30.2982,27.3475,24.1355,22.0955,22.8853,22.9711,23.3892,23.1407,24.0213,23.9415,24.2861,25.409,24.7312,24.1425,23.8705,23.6959
789.5,24.7,24.2284,26.5103,27.9654,28.7711,29.0136,28.4071,28.1937,27.3831,26.3691,25.7682,24.5336,25.1193,24.549,25.097,25.0168,24.8632,25.3198,25.2236,23.8887,20.4964,15.6446,13.7385,12.8824,13.2022,13.7343,13.6261,13.6965,13.8131,14.7729,15.7701,16.8421,17.8969,19.0148,19.9008,20.7809,21.7996,23.3559,24.81,26.2449,27.3046,28.2931,28.5737,29.2458,29.6851,29.9031,26.9816,23.855,21.9223,22.6204,22.8784,22.9247,22.5635,23.7863,23.4722,24.0195,25.1385,24.3536,23.9123,23.5046,23.3077
790,24.5049,23.8435,26.2973,27.5918,28.448,28.6857,28.0102,27.9822,27.1695,26.1944,25.4646,24.208,24.8768,24.3342,24.9911,24.73,24.6938,25.1239,24.9497,23.717,20.6007,15.5933,13.6207,12.704,13.1279,13.5854,13.5284,13.51,13.6591,14.5982,15.652,16.7219,17.7341,18.8439,19.549,20.284,21.4812,22.9132,24.371,25.8691,26.7974,27.7514,28.133,28.8822,29.308,29.5482,26.8097,23.4734,21.6757,22.4584,22.7424,22.6037,22.0835,23.47,23.1894,23.7653,24.8878,24.1126,23.7129,23.2036,22.9092
790.5,24.3531,23.8736,26.1684,27.3686,28.1655,28.4843,27.8127,27.9064,26.9584,25.9155,25.2374,23.9671,24.6887,24.3097,24.7339,24.4778,24.6235,24.9661,24.6905,23.6412,20.4768,15.6955,13.5452,12.6165,13.0789,13.4238,13.4652,13.3599,13.4983,14.4211,15.5099,16.5472,17.5391,18.7086,19.3263,19.9256,21.2398,22.5218,23.7635,25.5303,26.4412,27.1653,27.551,28.4472,28.9695,29.1697,26.374,22.9642,21.52,22.1571,22.5712,22.3513,21.7497,23.1356,22.9648,23.4768,24.7482,23.9451,23.569,22.9077,22.7478
791,24.0901,23.3671,25.8334,27.1151,28.0555,28.2246,27.7071,27.5988,26.7286,25.7808,25.1337,23.7175,24.4927,24.3817,24.5507,24.2697,24.48,24.7832,24.391,23.4826,20.2459,15.6181,13.4917,12.3812,12.972,13.2748,13.413,13.2475,13.3804,14.2532,15.4065,16.3984,17.3959,18.5386,19.0928,19.3168,20.994,22.074,23.4744,25.0244,26.1054,26.298,27.1624,27.9655,28.3347,28.7849,26.011,22.7301,21.2861,21.6896,22.349,22.1178,21.6873,22.8788,22.6098,23.0237,24.4495,23.855,23.2677,22.5244,22.4975
791.5,23.8784,23.3718,25.5198,26.6998,27.8767,27.9832,27.5735,27.2626,26.4381,25.5863,24.899,23.5572,24.3294,24.4425,24.2967,24.1197,24.3291,24.5546,24.3377,23.2705,20.1215,15.6456,13.3512,12.23,12.8855,13.0381,13.3178,13.1816,13.2538,14.0622,15.2007,16.2691,17.2007,18.3482,18.8311,18.9035,20.725,21.7045,23.1692,24.5788,25.8855,25.9457,26.7834,27.2565,27.7664,28.3544,25.6461,22.4926,21.0231,21.4302,22.1401,21.9072,21.4883,22.6265,22.2962,22.666,24.1657,23.596,22.9311,22.2976,22.261
792,23.6295,23.2238,25.3522,26.2516,27.6434,27.7229,27.6198,26.9907,26.1694,25.3651,24.6609,23.3628,24.1863,24.3513,24.1056,23.7216,24.1173,24.3254,24.2279,23.091,20.0372,15.4909,13.2052,12.1306,12.7724,12.9828,13.1519,13.031,13.0596,13.9223,15.031,16.0917,17.1051,18.1463,18.5593,18.833,20.4179,21.3005,22.9299,24.291,25.4298,25.7798,26.4911,26.7282,27.2506,27.787,25.2184,22.4939,20.7318,21.0815,21.8235,21.6993,21.4149,22.4188,21.7338,22.3752,23.8247,23.2774,22.609,21.9621,21.9093
792.5,23.4615,23.1287,25.2459,25.9424,27.4053,27.4763,27.347,26.7227,25.9776,25.2924,24.479,23.1961,23.9042,24.114,23.8333,23.4634,23.9279,24.0359,23.9334,22.929,19.7091,15.5326,13.0358,12.043,12.7037,12.889,12.9995,12.9192,12.8414,13.7968,14.7684,15.9561,16.9039,17.9406,17.9927,18.8051,20.1766,20.9502,22.7961,23.909,24.9237,25.5993,26.0645,26.365,27.0992,27.3428,25.0132,22.1913,20.4779,20.7385,21.4645,21.4816,21.0878,22.2104,21.45,22.3036,23.5582,22.8987,22.3144,21.7593,21.4683
793,23.1939,22.9673,25.0659,25.5976,27.051,27.1855,27.1885,26.5065,25.781,25.1459,24.2958,23.0908,23.5229,23.7957,23.669,23.2407,23.5823,23.7884,23.6198,22.803,19.5426,15.4657,12.8395,11.9997,12.5999,12.9366,12.849,12.7983,12.6948,13.611,14.5385,15.7484,16.6392,17.6929,17.7471,18.7118,19.826,20.8568,22.4343,23.5441,24.5789,25.4697,25.6804,26.4545,26.91,26.9332,24.7758,21.819,20.2555,20.6394,21.0611,21.3268,20.8015,21.953,21.1013,22.054,23.3636,22.5847,22.049,21.3667,21.0144
793.5,22.9655,22.8496,24.7363,25.4245,26.8475,26.9495,26.8302,26.3522,25.5688,24.9575,24.1567,22.9941,23.2018,23.5295,23.4808,23.087,23.3557,23.6152,23.3262,22.4611,19.1727,15.4164,12.7081,12.0361,12.452,12.8173,12.7128,12.6722,12.5281,13.4597,14.4187,15.5459,16.4325,17.4106,17.6296,18.7124,19.5284,20.591,22.2364,23.3053,24.1742,25.1354,25.3268,26.2664,26.6847,26.4134,24.4378,21.5124,20.1301,20.3537,20.6777,21.0646,20.5418,21.7028,21.2824,21.852,23.0768,22.2775,21.8138,21.0917,20.5657
794,22.7122,22.6814,24.3878,25.2326,26.6256,26.689,26.3946,26.0963,25.3439,24.7843,23.9324,22.8272,23.0105,23.2986,23.2327,23.0536,23.0469,23.4288,23.1863,21.9026,19.0812,15.3056,12.6383,11.9607,12.313,12.6323,12.5919,12.5615,12.3928,13.2967,14.3178,15.4018,16.1847,17.2223,17.6216,18.5578,19.1924,20.3479,22.0904,23.1239,23.7922,24.8378,24.9206,25.9836,26.4402,26.0272,24.1542,21.2703,19.9056,20.1961,20.3798,20.7519,20.3632,21.3337,21.1045,21.541,22.8205,21.9852,21.5182,20.7907,20.349
794.5,22.4928,22.5246,24.1658,25.0981,26.4026,26.4537,26.043,25.746,25.0353,24.4436,23.7156,22.6922,22.8675,23.0855,23.0676,22.9023,22.8718,23.3402,22.9038,21.5443,18.8964,15.0768,12.5506,11.844,12.148,12.4373,12.4924,12.4182,12.3374,13.1575,14.1506,15.2073,15.9757,17.0613,17.4204,18.4862,18.8744,20.0944,21.8006,22.9824,23.5028,24.4178,24.5858,25.7154,26.067,25.3463,23.803,21.0745,19.6477,19.8666,20.1359,20.4201,20.2365,21.0644,20.8244,21.1958,22.502,21.7562,21.1677,20.6102,20.0872
795,22.2726,22.171,23.9623,25.0527,26.0731,26.0815,25.7319,25.415,24.733,24.1834,23.4764,22.4386,22.659,22.9103,22.8342,22.7813,22.5413,23.2179,22.6756,21.4707,18.8371,14.8149,12.4862,11.6062,12.0243,12.2295,12.3467,12.2708,12.221,13.0184,13.9761,15.0324,15.7299,16.9078,17.1182,18.1022,18.7247,19.8739,21.3827,22.749,23.3242,24.2247,24.3346,25.2934,25.5264,24.8831,23.586,20.7574,19.2634,19.6681,19.9954,20.1514,20.0098,20.6601,20.4639,20.942,22.2977,21.5399,20.8642,20.4754,19.9648
795.5,22.0658,22.0143,23.7718,24.8458,25.8231,25.7216,25.5462,25.1345,24.3934,23.947,23.2567,22.2636,22.365,22.6494,22.7058,22.5444,22.3746,23.0092,22.3659,21.699,18.6594,14.6712,12.3335,11.412,11.889,12.1285,12.1967,12.1345,12.0736,12.9354,13.7782,14.7678,15.5307,16.7516,16.8726,17.8144,18.5229,19.5524,20.9211,22.5009,23.1887,23.9913,24.2128,24.9337,24.9876,24.5061,23.3208,20.3856,18.9477,19.4399,19.8408,19.9326,19.7908,20.4059,20.1989,20.7258,21.9283,21.3059,20.6071,20.1553,19.8493
796,21.7731,21.7267,23.5326,24.556,25.567,25.4779,25.3378,24.8965,24.0634,23.6832,22.9939,21.9846,22.0958,22.4477,22.6289,22.4206,22.1487,22.6623,21.9497,21.5026,18.3709,14.4156,12.2062,11.2534,11.8015,12.0673,12.1138,11.9389,11.9493,12.8102,13.5934,14.5334,15.4696,16.508,16.6852,17.5984,18.3047,19.1605,20.6284,22.1809,22.803,23.8551,23.8403,24.405,24.4755,24.2947,22.9345,20.1445,18.6577,19.1896,19.5544,19.7131,19.5123,20.2142,20.1173,20.5735,21.6365,21.0589,20.4384,19.8453,19.7392
796.5,21.4754,21.6034,23.181,24.3187,25.2815,25.2524,25.1119,24.6844,23.7264,23.3811,22.618,21.693,21.88,22.228,22.4734,22.2095,21.9838,22.4034,21.7214,21.2251,18.1712,14.324,12.0872,11.2183,11.7139,11.9813,11.9653,11.7782,11.7827,12.6964,13.3872,14.2968,15.2964,16.3324,16.4975,17.4558,18.0392,18.8667,20.3447,21.8713,22.3839,23.5036,23.423,24.0344,24.2125,24.0715,22.4756,19.764,18.4822,18.8681,19.3622,19.4968,19.1335,19.8954,19.8867,20.3454,21.3525,20.8169,20.2496,19.4789,19.4759
797,21.2009,21.3179,22.9244,24.027,25.0218,25.0552,24.7807,24.415,23.5353,22.9982,22.3911,21.4137,21.7495,21.9906,22.1904,21.9681,21.7384,22.0932,21.5139,20.9451,17.9846,14.1483,11.9243,11.1391,11.634,11.8711,11.8203,11.7349,11.6679,12.534,13.1935,14.1323,15.1461,16.0891,16.2462,17.4044,17.7849,18.4721,20.3031,21.5839,21.9559,22.9283,22.9896,23.6661,24.0355,24.0081,22.1906,19.4899,18.2114,18.6187,19.0927,19.2676,18.8149,19.6135,19.7786,20.1406,21.0729,20.4833,19.9336,19.2807,19.2646
797.5,20.9006,20.996,22.593,23.693,24.6523,24.7839,24.4764,24.1709,23.2665,22.6531,22.0907,21.1292,21.5572,21.7399,21.8731,21.7543,21.4406,21.791,21.3896,20.8015,17.7828,14.086,11.8069,11.0145,11.5095,11.7605,11.6681,11.6121,11.5012,12.3522,13.1211,13.9803,14.8984,15.871,16.0565,17.215,17.4538,18.5205,19.9631,21.2668,21.5715,22.5866,22.7055,23.6308,23.8057,23.9875,21.8151,19.2557,18.0022,18.5001,18.7927,18.9549,18.5382,19.4091,19.5336,19.9122,20.7679,20.1743,19.6958,18.993,18.9192
798,20.5876,20.5306,22.4033,23.349,24.3022,24.5862,24.2479,23.7947,23.0917,22.352,21.8475,20.8565,21.3143,21.4374,21.6005,21.4447,21.0803,21.4198,21.2098,20.6536,17.576,13.9629,11.6497,10.877,11.3367,11.5843,11.5349,11.5339,11.3905,12.1709,12.9008,13.7333,14.7168,15.596,15.8543,16.9239,17.2225,18.2099,19.7192,20.9843,21.3404,22.1481,22.4773,23.3234,23.4974,23.7288,21.5828,19.0477,17.7475,18.2251,18.4675,18.7231,18.2603,19.2132,19.3111,19.6421,20.4895,19.8661,19.3587,18.7882,18.7537
798.5,20.303,20.1291,22.0803,22.9704,23.8568,24.2587,23.8929,23.4787,22.8403,22.1372,21.6218,20.6351,21.0244,21.1143,21.2876,21.1498,20.5674,21.1783,20.8592,20.4271,17.3627,13.8917,11.4969,10.6412,11.0637,11.384,11.3996,11.3791,11.3138,11.9926,12.7709,13.5783,14.5619,15.3565,15.657,16.5396,17.0317,18.0684,19.4676,20.7055,20.9835,21.69,22.1574,22.9192,23.2695,23.438,21.2504,18.7174,17.5091,17.9971,18.1815,18.3805,17.9826,18.9099,18.9837,19.3914,20.1999,19.6006,19.0223,18.6148,18.6177
799,20.0871,19.9314,21.8281,22.7061,23.436,23.9613,23.6846,23.1215,22.5104,21.8623,21.3353,20.4472,20.7379,20.8206,20.932,20.8535,20.0636,20.894,20.576,20.0723,17.0648,13.7834,11.3089,10.4312,10.8754,11.1599,11.2868,11.1353,11.144,11.8017,12.6235,13.4073,14.3687,15.1238,15.3605,16.2062,16.8629,17.8508,19.207,20.3694,20.4811,21.4889,21.8164,22.4448,22.972,23.0633,20.8927,18.4641,17.3359,17.6801,17.9576,18.1484,17.7631,18.6071,18.6873,19.0491,19.9626,19.3805,18.8089,18.3615,18.4
799.5,19.8419,19.7146,21.4858,22.4089,23.1467,23.5828,23.4775,22.8208,22.2223,21.6399,21.1104,20.1948,20.4406,20.5071,20.6595,20.5603,19.7631,20.6888,20.2488,19.7299,16.8571,13.6737,11.194,10.2449,10.7544,10.908,11.1789,10.9536,10.9535,11.6123,12.5322,13.2984,14.2376,14.9195,15.0819,15.8302,16.6159,17.4665,18.9456,19.9012,20.2214,21.1254,21.3497,22.1016,22.5849,22.7053,20.6587,18.2099,17.1276,17.3912,17.7292,17.9619,17.6799,18.2279,18.5094,18.705,19.7168,19.1715,18.5042,18.0713,18.2378
800,19.6007,19.366,21.2044,22.1826,22.8215,23.2363,23.1545,22.4608,21.9711,21.355,20.7537,19.8921,20.1758,20.2898,20.3942,20.3164,19.5303,20.4465,20.0853,19.4141,16.7002,13.4806,11.0431,10.1164,10.6361,10.6529,11.0419,10.7493,10.8068,11.4518,12.4245,13.0906,14.0106,14.6997,14.7449,15.6205,16.3597,17.1488,18.6523,19.5256,19.879,20.8393,20.9767,21.8419,21.944,22.366,20.3186,18.0541,16.9496,17.1624,17.4845,17.7257,17.4123,17.8845,18.1578,18.3992,19.367,18.9024,18.2145,17.717,17.9468
