TITLE,
DATA TYPE,FLUORESCENCE SPECTRUM
ORIGIN,JASCO
OWNER,
DATE,2023/08/03
TIME,14:41:49
SPECTROMETER/DATA SYSTEM,JASCO Corp., FP-8550, Rev. 1.00
DELTAX,0.5
XUNITS,NANOMETERS
YUNITS,INTENSITY
FIRSTX,  500.0000
LASTX,  800.0000
NPOINTS,     601
FIRSTY,    29.42375
MAXY,   516.72137
MINY,    13.96378
XYDATA
,350,355,360,365,370,375,380,385,390,395,400,405,410,415,420,425,430,435,440,445,450,455,460,465,470,475,480,485,490,495,500,505,510,515,520,525,530,535,540,545,550,555,560,565,570,575,580,585,590,595,600,605,610,615,620,625,630,635,640,645,650
500,29.4237,29.7696,28.8915,27.2611,26.1401,23.6613,22.8573,21.9464,21.6963,22.2375,22.8968,22.5227,21.3011,20.2883,19.5167,19.4435,18.535,15.9393,14.7421,14.2854,15.5937,16.4144,16.4119,14.801,14.1442,15.5818,24.1537,102.012,435.013,0,0,0,0,0,0,0,0,0,0,0,0,0,0,0,0,0,0,0,0,0,0,0,0,0,0,0,0,0,0,0,0
500.5,29.0453,29.5633,28.3689,27.3581,26.278,23.4496,22.6983,22.0305,21.6351,22.1697,23.1261,22.4259,21.2614,20.1756,19.5083,19.3972,18.6295,15.8772,14.7836,14.4651,15.6961,16.27,16.4611,14.6274,14.0295,15.5315,22.1336,87.6069,394.787,0,0,0,0,0,0,0,0,0,0,0,0,0,0,0,0,0,0,0,0,0,0,0,0,0,0,0,0,0,0,0,0
501,29.1026,29.4855,28.3232,27.6914,26.2235,23.5172,22.6991,21.6909,21.2606,22.2784,23.1125,22.5753,21.0193,20.3267,19.3903,19.3353,18.7075,15.9763,14.7038,14.3894,15.743,16.3463,16.4484,14.7874,13.9154,15.3449,20.6999,75.1077,355.929,0,0,0,0,0,0,0,0,0,0,0,0,0,0,0,0,0,0,0,0,0,0,0,0,0,0,0,0,0,0,0,0
501.5,28.8531,29.6795,28.3385,27.6808,26.1823,23.7432,22.6875,21.4119,21.3652,22.2946,23.1731,22.6086,21.1183,20.5327,19.2264,19.3272,18.648,16.1328,14.5735,14.5038,15.7213,16.3412,16.4655,14.8849,13.8293,15.3636,19.4077,64.4107,316.981,0,0,0,0,0,0,0,0,0,0,0,0,0,0,0,0,0,0,0,0,0,0,0,0,0,0,0,0,0,0,0,0
502,28.6826,29.2872,28.4963,27.365,25.8085,23.8935,22.6617,21.2228,21.4819,22.1125,23.0469,22.6027,21.1861,20.4658,19.1311,19.2335,18.7068,16.1361,14.6626,14.6055,15.7765,16.3258,16.2426,14.9053,13.715,15.2164,18.5991,55.2676,283.045,0,0,0,0,0,0,0,0,0,0,0,0,0,0,0,0,0,0,0,0,0,0,0,0,0,0,0,0,0,0,0,0
502.5,28.7111,29.0783,28.4679,27.3442,25.3408,23.91,22.3959,21.0814,21.8251,22.0273,22.8478,22.7591,21.3402,20.709,18.9887,19.2576,18.6439,16.1541,14.7751,14.4249,15.7961,16.3305,16.134,14.9099,13.6981,15.0362,17.9385,47.1743,247.748,0,0,0,0,0,0,0,0,0,0,0,0,0,0,0,0,0,0,0,0,0,0,0,0,0,0,0,0,0,0,0,0
503,28.5829,28.9429,28.3015,27.2836,25.0659,23.8188,21.9403,21.0881,21.8006,21.927,22.7773,22.6816,21.5226,20.4282,19.1209,19.1092,18.5193,16.0964,14.7443,14.419,15.8153,16.4459,15.9861,14.8155,13.6987,14.8412,17.3257,40.5999,214.978,0,0,0,0,0,0,0,0,0,0,0,0,0,0,0,0,0,0,0,0,0,0,0,0,0,0,0,0,0,0,0,0
503.5,28.5246,29.0243,28.0517,27.3013,24.5944,23.6753,21.6938,21.1584,21.9208,21.8098,22.5932,22.5018,21.5042,20.3896,19.328,19.081,18.5398,16.1742,14.6494,14.3261,15.8569,16.5292,15.8543,14.5548,13.7521,14.5784,16.8984,35.3242,185.626,0,0,0,0,0,0,0,0,0,0,0,0,0,0,0,0,0,0,0,0,0,0,0,0,0,0,0,0,0,0,0,0
504,28.1454,29.0587,27.7775,27.2074,24.5819,23.5629,21.7481,21.1978,21.9209,21.7208,22.6732,22.1072,21.4592,20.3589,19.4443,19.1036,18.3372,16.2663,14.7584,14.5466,15.7009,16.5318,15.8661,14.4326,13.781,14.2422,16.6803,31.2868,160.941,0,0,0,0,0,0,0,0,0,0,0,0,0,0,0,0,0,0,0,0,0,0,0,0,0,0,0,0,0,0,0,0
504.5,27.7472,29.1029,27.5624,26.8419,24.4115,23.3707,22.0829,21.0625,21.8251,21.6309,22.7517,21.9362,21.4285,20.3718,19.4832,19.2116,18.4439,16.1884,14.6485,14.4894,15.5999,16.4902,15.7493,14.3932,13.7159,14.0322,16.3414,27.6467,138.293,0,0,0,0,0,0,0,0,0,0,0,0,0,0,0,0,0,0,0,0,0,0,0,0,0,0,0,0,0,0,0,0
505,27.3265,29.0052,27.4239,26.6895,24.2098,23.2825,22.0957,20.9792,21.7443,21.6465,22.7511,21.7849,21.4378,20.1862,19.5738,19.2228,18.3233,16.3585,14.7977,14.4367,15.4748,16.4687,15.7469,14.5991,13.7151,13.8311,16.0799,24.865,119.254,429.462,0,0,0,0,0,0,0,0,0,0,0,0,0,0,0,0,0,0,0,0,0,0,0,0,0,0,0,0,0,0,0
505.5,27.3341,28.829,27.267,26.5812,24.1932,23.0702,22.0004,20.8829,21.757,21.3901,22.7199,21.6754,21.4415,20.1446,19.6259,19.3314,18.233,16.3684,14.9195,14.6212,15.338,16.5651,15.7694,14.6129,13.7436,13.6894,15.8602,22.5533,102.439,389.878,0,0,0,0,0,0,0,0,0,0,0,0,0,0,0,0,0,0,0,0,0,0,0,0,0,0,0,0,0,0,0
506,27.3505,28.6011,26.9615,26.5336,24.3085,22.83,21.6219,21.0368,21.8775,21.4048,22.4895,21.596,21.4524,19.9674,19.5352,19.351,18.2657,16.4734,14.9433,14.6635,15.2847,16.5875,15.8272,14.4373,13.6969,13.6432,15.5056,21.2908,87.5109,351.233,0,0,0,0,0,0,0,0,0,0,0,0,0,0,0,0,0,0,0,0,0,0,0,0,0,0,0,0,0,0,0
506.5,27.03,28.3591,27.0474,26.4534,24.3462,22.5356,21.5033,20.8869,21.9551,21.4906,22.5007,21.8032,21.4402,20.0556,19.5293,19.3931,18.2958,16.3717,15.0125,14.6483,15.388,16.8008,15.7573,14.3893,13.681,13.5027,15.2178,20.3027,73.8841,314.065,0,0,0,0,0,0,0,0,0,0,0,0,0,0,0,0,0,0,0,0,0,0,0,0,0,0,0,0,0,0,0
507,26.7895,28.3329,26.8384,26.1969,24.426,22.7397,21.2171,21.0385,21.8605,21.5454,22.4926,22.1113,21.4118,20.0373,19.4868,19.5705,18.1807,16.4852,14.9163,14.6375,15.4601,16.7398,15.6396,14.2471,13.7285,13.4222,15.025,19.4192,62.6088,279.54,0,0,0,0,0,0,0,0,0,0,0,0,0,0,0,0,0,0,0,0,0,0,0,0,0,0,0,0,0,0,0
507.5,26.6059,28.0718,26.6043,26.2071,24.3408,22.6666,21.1412,20.6946,21.788,21.5839,22.5073,22.2109,21.3458,20.0413,19.5132,19.4848,18.1644,16.4754,14.8536,14.5846,15.53,16.7969,15.6967,13.9167,13.7361,13.2408,14.8904,18.6377,53.6412,243.96,0,0,0,0,0,0,0,0,0,0,0,0,0,0,0,0,0,0,0,0,0,0,0,0,0,0,0,0,0,0,0
508,26.8354,27.8758,26.2608,26.1651,24.5036,22.9347,21.2382,20.5546,21.6637,21.5012,22.4362,22.4044,21.3401,19.9162,19.4997,19.4784,17.9729,16.5571,14.7256,14.6383,15.653,16.6617,15.7709,13.8735,13.735,13.2125,14.6268,17.8892,46.3876,215.59,0,0,0,0,0,0,0,0,0,0,0,0,0,0,0,0,0,0,0,0,0,0,0,0,0,0,0,0,0,0,0
508.5,26.5934,27.7425,26.2698,26.1557,24.5052,22.9636,20.9833,20.2707,21.4616,21.4277,22.2747,22.4183,21.2252,19.6781,19.5467,19.4799,18.2871,16.6492,14.8985,14.5263,15.6458,16.614,15.9613,13.6401,13.6642,13.2371,14.4573,17.2382,40.12,188.064,0,0,0,0,0,0,0,0,0,0,0,0,0,0,0,0,0,0,0,0,0,0,0,0,0,0,0,0,0,0,0
509,26.445,27.6408,26.0295,26.0983,24.6506,22.9265,20.9826,20.132,21.3793,21.3237,22.0513,22.3921,21.1473,19.8334,19.2549,19.4839,18.3534,16.5059,14.9148,14.4178,15.5672,16.5531,16.0107,13.6427,13.646,13.3257,14.2137,16.8872,34.8848,163.899,0,0,0,0,0,0,0,0,0,0,0,0,0,0,0,0,0,0,0,0,0,0,0,0,0,0,0,0,0,0,0
509.5,25.8189,27.6921,26.0003,25.9647,24.6974,22.7564,21.0502,20.2248,21.3206,21.377,22.1089,22.1756,20.9634,20.1846,19.2015,19.4043,18.4946,16.3662,14.9988,14.4394,15.5864,16.4825,16.0564,13.6029,13.447,13.3826,14.0152,16.6195,30.6242,141.834,0,0,0,0,0,0,0,0,0,0,0,0,0,0,0,0,0,0,0,0,0,0,0,0,0,0,0,0,0,0,0
510,25.4834,27.4357,25.849,25.8285,24.3334,22.6909,21.0134,20.2206,21.1176,21.4624,22.1993,21.9779,20.7484,20.3263,19.0258,19.4736,18.4424,16.2438,15.1501,14.4405,15.5454,16.5819,16.01,13.4761,13.4092,13.5062,13.8133,16.4236,27.1727,121.924,462.741,0,0,0,0,0,0,0,0,0,0,0,0,0,0,0,0,0,0,0,0,0,0,0,0,0,0,0,0,0,0
510.5,25.6484,27.1928,25.924,25.8696,24.1434,22.4815,21.214,20.0481,20.9769,21.3906,22.3931,21.6519,20.6747,20.2931,19.0801,19.4776,18.3573,16.2245,15.0241,14.3742,15.6028,16.5893,15.9918,13.5979,13.1604,13.4074,13.6726,16.0843,24.4631,105.527,420.678,0,0,0,0,0,0,0,0,0,0,0,0,0,0,0,0,0,0,0,0,0,0,0,0,0,0,0,0,0,0
511,25.8462,26.9632,25.8603,25.8064,23.9171,22.288,21.0955,19.9592,20.7405,21.3468,22.4217,21.7386,20.5635,20.1584,19.5493,19.3628,18.4172,16.2925,15.0898,14.3804,15.4956,16.4545,16.0328,13.5911,13.0134,13.1783,13.3866,15.928,22.4498,90.8729,382.317,0,0,0,0,0,0,0,0,0,0,0,0,0,0,0,0,0,0,0,0,0,0,0,0,0,0,0,0,0,0
511.5,25.4524,26.6359,25.7201,25.6257,23.7167,22.3357,20.8693,20.0266,20.7454,21.3488,21.9987,21.608,20.7327,20.1006,19.6867,19.3137,18.2928,16.4111,14.9395,14.3638,15.3944,16.4684,16.0607,13.5845,13.0876,13.1998,13.3249,15.5455,20.7761,77.4424,345.761,0,0,0,0,0,0,0,0,0,0,0,0,0,0,0,0,0,0,0,0,0,0,0,0,0,0,0,0,0,0
512,25.2042,26.5357,25.4945,25.3083,23.291,22.2195,20.8282,20.2868,20.8617,21.1768,21.438,21.5009,20.5278,20.1942,19.8119,19.0552,18.288,16.3571,14.8807,14.5752,15.4669,16.4368,16.0438,13.5145,13.0226,13.1846,13.1716,15.3396,19.6043,65.6318,306.411,0,0,0,0,0,0,0,0,0,0,0,0,0,0,0,0,0,0,0,0,0,0,0,0,0,0,0,0,0,0
512.5,24.7628,26.3866,25.1468,25.1306,23.1566,22.2188,20.9116,20.3757,20.9148,21.0291,21.0673,21.64,20.558,20.3001,19.8273,19.1238,18.0684,16.1676,14.9093,14.6121,15.624,16.4862,15.9114,13.4788,12.8651,13.3924,13.2549,15.0364,18.5267,55.5763,271.612,0,0,0,0,0,0,0,0,0,0,0,0,0,0,0,0,0,0,0,0,0,0,0,0,0,0,0,0,0,0
513,25.0195,26.4102,25.2537,25.0517,22.9139,21.9704,20.9452,20.175,20.8791,20.9782,20.893,21.6053,20.4405,20.0396,19.6471,19.1407,17.924,15.9115,14.7628,14.6297,15.6682,16.4228,15.7111,13.4854,12.7388,13.3669,13.177,14.7658,17.7248,47.9691,237.755,0,0,0,0,0,0,0,0,0,0,0,0,0,0,0,0,0,0,0,0,0,0,0,0,0,0,0,0,0,0
513.5,24.6415,26.2663,24.8703,24.9589,23.0993,21.9506,20.9567,19.807,20.4733,20.8264,20.959,21.5553,20.3277,20.215,19.4113,19.1637,17.9165,15.9519,14.7589,14.5505,15.7021,16.304,15.5224,13.4792,12.5978,13.273,13.0953,14.4591,17.0922,41.5474,207.55,0,0,0,0,0,0,0,0,0,0,0,0,0,0,0,0,0,0,0,0,0,0,0,0,0,0,0,0,0,0
514,25.0093,25.9175,24.8804,24.9482,22.7439,21.562,20.7908,19.5337,20.3108,20.9137,21.055,21.2183,20.1517,19.9493,19.1866,19.0443,17.932,16.0243,14.7781,14.3872,15.7492,16.2089,15.4365,13.2673,12.4913,13.2022,13.0188,14.1187,16.6567,35.887,180.905,0,0,0,0,0,0,0,0,0,0,0,0,0,0,0,0,0,0,0,0,0,0,0,0,0,0,0,0,0,0
514.5,24.8163,25.6555,24.811,24.8172,22.7115,21.1887,20.5723,19.5428,20.039,20.8665,20.9613,21.0045,19.9874,20.0596,19.2188,19.0139,18.0673,16.287,14.8527,14.4485,15.6924,16.004,15.5039,13.2312,12.3624,13.0553,12.8743,13.9629,16.3124,30.9363,156.204,0,0,0,0,0,0,0,0,0,0,0,0,0,0,0,0,0,0,0,0,0,0,0,0,0,0,0,0,0,0
515,24.4296,25.5861,24.7283,24.6356,22.5615,20.8206,20.4954,19.4431,19.9239,20.6337,20.9889,21.084,19.9873,20.0379,19.1623,18.7859,18.0414,16.2131,14.8398,14.4548,15.6788,16.0025,15.5104,13.1727,12.334,12.9499,12.781,13.764,15.9788,27.0183,135.752,469.098,0,0,0,0,0,0,0,0,0,0,0,0,0,0,0,0,0,0,0,0,0,0,0,0,0,0,0,0,0
515.5,24.1781,25.655,24.6715,24.3324,22.6135,20.6344,20.263,19.4884,20.1147,20.1316,20.9605,20.7509,19.9024,19.8516,19.3147,18.7601,18.0612,16.1068,14.8477,14.314,15.6414,15.9495,15.4078,13.1931,12.3885,12.7177,12.8036,13.4191,15.6193,23.8237,116.639,429.985,0,0,0,0,0,0,0,0,0,0,0,0,0,0,0,0,0,0,0,0,0,0,0,0,0,0,0,0,0
516,24.0529,25.4598,24.393,23.9756,22.4384,20.4544,19.8521,19.2311,20.2307,19.7631,20.7856,20.572,19.7629,19.8137,19.0485,18.6228,17.9387,16.0377,14.8147,14.1677,15.579,15.962,15.3485,13.14,12.3396,12.5345,12.7761,13.2005,15.2697,21.4058,101.15,386.955,0,0,0,0,0,0,0,0,0,0,0,0,0,0,0,0,0,0,0,0,0,0,0,0,0,0,0,0,0
516.5,23.8996,25.3224,24.048,23.7868,21.9788,20.6946,19.7033,19.1884,20.3052,19.543,20.6908,20.5458,19.4716,19.7118,18.8421,18.584,17.9749,15.8077,14.7107,14.0862,15.3928,16.0299,15.1619,13.1535,12.2773,12.4083,12.6672,12.8947,14.9084,19.5677,85.9452,345.017,0,0,0,0,0,0,0,0,0,0,0,0,0,0,0,0,0,0,0,0,0,0,0,0,0,0,0,0,0
517,23.6487,25.055,23.8078,23.6065,21.7148,20.3762,19.6814,19.2246,20.1904,19.7595,20.4658,20.6565,19.3493,19.5213,18.3347,18.5258,17.8309,15.7463,14.5864,13.9801,15.1644,16.0469,15.0017,13.1986,12.1133,12.3054,12.6445,12.8273,14.7099,18.3625,73.2366,306.469,0,0,0,0,0,0,0,0,0,0,0,0,0,0,0,0,0,0,0,0,0,0,0,0,0,0,0,0,0
517.5,23.4501,24.7932,23.752,23.4817,21.6672,20.3792,19.6877,19.1056,19.9013,20.0523,20.4349,20.5608,19.1452,19.2032,18.2435,18.5863,17.5129,15.611,14.4567,14.1391,14.9774,15.9501,14.8202,13.2101,11.971,12.1769,12.6774,12.7739,14.2754,17.347,62.0645,268.917,0,0,0,0,0,0,0,0,0,0,0,0,0,0,0,0,0,0,0,0,0,0,0,0,0,0,0,0,0
518,23.572,24.5728,23.6291,22.8996,21.5937,20.1996,19.5222,19.1772,19.6642,20.1696,20.3466,20.4912,19.1483,18.8159,18.1134,18.644,17.4566,15.3303,14.2616,13.8294,14.8435,15.8511,14.6493,13.2057,11.9252,12.0451,12.6556,12.61,13.9727,16.5344,52.55,235.838,0,0,0,0,0,0,0,0,0,0,0,0,0,0,0,0,0,0,0,0,0,0,0,0,0,0,0,0,0
518.5,23.4091,24.2901,23.4209,22.5595,21.4757,20.2053,19.3521,19.0387,19.4357,20.089,20.4066,20.2503,19.1085,18.5509,17.9535,18.4448,17.3019,15.231,14.0921,13.7913,14.7467,15.7572,14.5661,13.0774,11.8335,11.901,12.5364,12.5664,13.7703,15.9013,44.5903,206.024,0,0,0,0,0,0,0,0,0,0,0,0,0,0,0,0,0,0,0,0,0,0,0,0,0,0,0,0,0
519,23.1356,24.2004,23.0244,22.2047,21.047,19.9127,19.0473,18.8547,19.1929,19.6433,19.959,20.0947,19.2452,18.1677,17.7867,18.2384,17.3721,15.1503,14.1296,13.6286,14.6133,15.7695,14.5407,12.9629,11.7867,11.7634,12.3573,12.4806,13.5483,15.385,38.1736,178.012,0,0,0,0,0,0,0,0,0,0,0,0,0,0,0,0,0,0,0,0,0,0,0,0,0,0,0,0,0
519.5,22.7824,23.9747,22.7988,22.1745,20.793,19.6023,18.5352,18.6075,19.0216,19.38,19.8645,20.0371,18.999,18.1974,17.6268,18.0711,17.15,15.1964,14.0081,13.6389,14.5009,15.7163,14.6376,12.8049,11.7432,11.599,12.3352,12.5144,13.3794,15.0605,32.4847,153.904,0,0,0,0,0,0,0,0,0,0,0,0,0,0,0,0,0,0,0,0,0,0,0,0,0,0,0,0,0
520,22.4194,23.4661,22.6326,22.1695,20.8256,19.0553,18.3347,18.3085,18.735,19.2443,19.6904,19.8772,18.8766,17.9583,17.669,17.8915,16.7711,15.2476,14.0094,13.5528,14.4868,15.6413,14.4929,12.5521,11.6945,11.4371,12.1095,12.4972,12.9979,14.7314,28.1225,132.34,462.596,0,0,0,0,0,0,0,0,0,0,0,0,0,0,0,0,0,0,0,0,0,0,0,0,0,0,0,0
520.5,22.1915,23.0923,22.3828,21.965,20.6202,18.6536,18.0597,17.8654,18.5674,18.9808,19.5442,19.4959,18.7184,17.6449,17.4917,17.7797,16.5182,15.0543,13.8762,13.4289,14.6644,15.5792,14.3469,12.5474,11.6775,11.2761,11.8237,12.51,12.6783,14.3723,24.5154,113.746,420.366,0,0,0,0,0,0,0,0,0,0,0,0,0,0,0,0,0,0,0,0,0,0,0,0,0,0,0,0
521,22.0582,22.6488,22.233,21.8028,20.573,18.4924,18.0398,17.5746,18.4846,18.8199,19.2086,19.2292,18.6059,17.526,17.2346,17.7416,16.3811,14.8777,13.7478,13.227,14.7841,15.4632,14.2993,12.4971,11.6156,11.2569,11.6282,12.4602,12.3893,14.0766,21.6036,97.4685,377.177,0,0,0,0,0,0,0,0,0,0,0,0,0,0,0,0,0,0,0,0,0,0,0,0,0,0,0,0
521.5,21.7388,22.4778,22.0158,21.7017,20.3464,18.4987,18.014,17.5424,18.2506,18.5018,18.7878,18.964,18.4882,17.1608,17.1806,17.5315,16.3258,14.5971,13.5518,13.1306,14.6996,15.4202,13.9748,12.6065,11.5372,11.1913,11.3831,12.4619,12.2439,13.7686,19.3927,83.225,336.729,0,0,0,0,0,0,0,0,0,0,0,0,0,0,0,0,0,0,0,0,0,0,0,0,0,0,0,0
522,21.5263,22.3219,21.8078,21.5043,20.1783,18.3553,17.8075,17.5225,18.0699,18.4652,18.5023,18.7243,18.1233,17.004,16.9442,17.3313,16.2896,14.5479,13.4329,12.9357,14.5636,15.2609,14.0145,12.5881,11.4155,11.1634,11.273,12.445,12.1767,13.579,17.8552,71.1033,297.474,0,0,0,0,0,0,0,0,0,0,0,0,0,0,0,0,0,0,0,0,0,0,0,0,0,0,0,0
522.5,21.2371,21.9456,21.5484,21.2792,19.754,17.8967,17.6644,17.4458,17.7588,18.1963,18.4831,18.5242,17.8793,16.9659,16.9264,17.0709,15.7975,14.5799,13.3646,12.8348,14.392,15.1118,14.0267,12.5999,11.318,11.0104,11.1076,12.4206,12.0425,13.3129,16.5775,60.1803,262.367,0,0,0,0,0,0,0,0,0,0,0,0,0,0,0,0,0,0,0,0,0,0,0,0,0,0,0,0
523,20.8358,21.6263,21.15,20.9435,19.3516,17.8954,17.6376,17.1699,17.4199,17.9167,18.5077,18.3322,17.5762,16.8985,16.7786,16.9119,15.6241,14.5561,13.2505,12.7979,14.3014,15.0067,14.0848,12.557,11.3312,10.9251,10.882,12.4066,12.0654,13.1254,15.7118,51.0428,230.229,0,0,0,0,0,0,0,0,0,0,0,0,0,0,0,0,0,0,0,0,0,0,0,0,0,0,0,0
523.5,20.691,21.4167,20.6491,20.5892,19.0279,17.6969,17.4477,16.9694,17.1104,17.8357,18.0125,18.2725,17.4445,16.863,16.674,16.7367,15.5485,14.4647,13.2404,12.656,14.1531,14.8884,14.1231,12.4477,11.2505,10.8747,10.7944,12.337,12.0287,12.8788,14.9703,42.9775,200.645,0,0,0,0,0,0,0,0,0,0,0,0,0,0,0,0,0,0,0,0,0,0,0,0,0,0,0,0
524,20.4481,21.1915,20.207,20.3582,18.5359,17.6821,17.311,16.7374,16.8079,17.6183,17.961,17.9328,17.1473,16.6621,16.534,16.5827,15.5998,14.3304,13.1743,12.7008,14.0626,14.884,13.9095,12.3106,11.0983,10.7865,10.6477,12.2397,11.9295,12.5567,14.3576,36.5876,173.687,0,0,0,0,0,0,0,0,0,0,0,0,0,0,0,0,0,0,0,0,0,0,0,0,0,0,0,0
524.5,20.2159,20.9751,19.8794,19.9758,18.3222,17.4548,17.0127,16.5438,16.6867,17.2597,17.4901,17.4186,16.84,16.5749,16.3541,16.2271,15.5365,14.1825,13.0562,12.7552,13.9581,14.7824,13.7068,12.2544,10.971,10.659,10.6453,12.0421,11.8708,12.27,13.9622,31.2421,150.842,0,0,0,0,0,0,0,0,0,0,0,0,0,0,0,0,0,0,0,0,0,0,0,0,0,0,0,0
525,19.9754,20.8128,19.5673,19.6562,18.0423,17.0953,16.7325,16.3222,16.4021,16.9328,17.5595,17.3019,16.5771,16.3219,16.1136,15.938,15.2383,14.0205,12.9044,12.7695,13.8054,14.6697,13.4894,12.2349,10.8923,10.6293,10.6392,11.8771,11.727,12.0391,13.6401,27.0917,129.258,469.828,0,0,0,0,0,0,0,0,0,0,0,0,0,0,0,0,0,0,0,0,0,0,0,0,0,0,0
525.5,19.7445,20.5112,19.4942,19.2313,17.8099,17.1322,16.4363,15.9696,16.326,16.5379,17.2147,17.0899,16.402,15.8879,15.8147,15.7908,14.96,13.8345,12.7317,12.745,13.7076,14.5439,13.3653,12.1834,10.7844,10.6124,10.4224,11.6429,11.6632,11.7915,13.3875,23.7879,112.107,425.955,0,0,0,0,0,0,0,0,0,0,0,0,0,0,0,0,0,0,0,0,0,0,0,0,0,0,0
526,19.5833,20.3015,19.3053,18.9002,17.6944,16.9811,16.3227,15.4735,16.2647,16.4226,17.1181,16.8144,16.2229,15.7045,15.5141,15.8169,14.9424,13.6487,12.6296,12.576,13.6179,14.4949,13.3555,12.1131,10.8014,10.533,10.3241,11.5355,11.6985,11.748,13.0953,20.8534,95.5266,382.316,0,0,0,0,0,0,0,0,0,0,0,0,0,0,0,0,0,0,0,0,0,0,0,0,0,0,0
526.5,19.2668,20.058,19.1873,18.5436,17.4804,16.5239,16.223,15.4051,16.2988,16.2778,16.6523,17.0873,16.2597,15.516,15.338,15.6292,14.8051,13.4394,12.4812,12.4058,13.4661,14.4113,13.0433,12.0009,10.5632,10.4891,10.1456,11.3016,11.683,11.5204,12.9124,18.6934,81.9348,339.047,0,0,0,0,0,0,0,0,0,0,0,0,0,0,0,0,0,0,0,0,0,0,0,0,0,0,0
527,18.9924,19.8055,18.988,18.1338,17.21,16.3388,15.989,15.2044,16.3259,16.0698,16.4952,16.8906,16.0227,15.3772,15.0712,15.4914,14.5707,13.215,12.3448,12.1526,13.3775,14.2997,12.9642,11.9749,10.4118,10.3184,10.1666,11.1086,11.658,11.4637,12.603,17.1804,70.1066,298.114,0,0,0,0,0,0,0,0,0,0,0,0,0,0,0,0,0,0,0,0,0,0,0,0,0,0,0
527.5,18.5991,19.4453,18.7038,17.9556,17.127,15.9754,15.7464,15.2159,16.2153,15.9221,16.3537,16.4946,15.8392,14.9687,14.8937,15.2646,14.5103,13.0598,12.1968,12.0098,13.3034,14.215,12.7252,11.9046,10.4314,10.2398,10.1466,10.9948,11.6821,11.4007,12.3774,16.0944,60.3758,259.246,0,0,0,0,0,0,0,0,0,0,0,0,0,0,0,0,0,0,0,0,0,0,0,0,0,0,0
528,18.3467,19.1909,18.4356,17.879,16.9158,16.1404,15.5176,15.0834,16.0047,15.5312,16.4403,16.3334,15.6286,14.813,14.6891,15.227,14.3194,12.9151,12.0164,11.8192,13.2236,14.1498,12.7055,11.8802,10.4843,10.2125,10.2107,10.7742,11.6679,11.361,12.1149,15.4194,51.4735,225.276,0,0,0,0,0,0,0,0,0,0,0,0,0,0,0,0,0,0,0,0,0,0,0,0,0,0,0
528.5,18.2125,18.9411,18.1619,17.842,16.9134,16.0589,15.2251,14.8885,15.5096,15.3837,16.332,16.2138,15.427,14.7696,14.5493,15.1949,14.348,12.7713,11.8181,11.7453,13.1318,14.0116,12.6691,11.6993,10.5642,10.2176,10.14,10.6307,11.6581,11.285,11.923,14.6737,44.7202,194.016,0,0,0,0,0,0,0,0,0,0,0,0,0,0,0,0,0,0,0,0,0,0,0,0,0,0,0
529,17.9547,18.6552,17.9016,17.5856,16.7774,15.8197,15.0788,14.6482,15.1897,15.1493,16.1533,16.0457,15.2161,14.4856,14.451,14.9783,14.3321,12.6399,11.7234,11.5559,13.0158,13.8178,12.7074,11.6506,10.5853,10.2144,10.0607,10.4986,11.5641,11.1427,11.809,14.2136,38.146,170.717,0,0,0,0,0,0,0,0,0,0,0,0,0,0,0,0,0,0,0,0,0,0,0,0,0,0,0
529.5,17.7339,18.4011,17.6698,17.3061,16.4234,15.5893,14.7839,14.1855,14.9509,14.8309,15.9684,15.9011,15.0289,14.2214,14.4826,14.7614,14.2339,12.6208,11.6159,11.4468,12.8863,13.6899,12.6052,11.6735,10.5752,10.0879,10.0315,10.3892,11.5957,11.1174,11.7574,13.8811,32.8768,148.469,0,0,0,0,0,0,0,0,0,0,0,0,0,0,0,0,0,0,0,0,0,0,0,0,0,0,0
530,17.2686,18.1173,17.4894,17.0787,16.2131,15.35,14.5688,14.1583,14.896,14.6055,15.9893,15.5601,14.8246,14.0465,14.2625,14.4159,14.0682,12.4072,11.5317,11.1844,12.727,13.5747,12.5458,11.6858,10.5468,10.0761,10.0646,10.3716,11.5401,11.1922,11.7236,13.5373,28.323,128.908,436.905,0,0,0,0,0,0,0,0,0,0,0,0,0,0,0,0,0,0,0,0,0,0,0,0,0,0
530.5,16.9712,17.8927,17.1235,16.6608,16.0985,15.201,14.4661,13.9912,14.7822,14.5674,15.8037,15.3834,14.7958,14.0805,14.141,14.1579,13.987,12.2291,11.3506,10.9251,12.5733,13.4921,12.5035,11.6739,10.4222,10.0901,10.0065,10.4105,11.4274,11.2613,11.547,13.2991,24.7601,112.463,397.728,0,0,0,0,0,0,0,0,0,0,0,0,0,0,0,0,0,0,0,0,0,0,0,0,0,0
531,16.6342,17.555,16.8795,16.6304,15.9471,15.184,14.3417,13.8285,14.6437,14.732,15.5711,15.2652,14.4924,14.0805,13.8792,13.8397,13.6401,11.8946,11.2911,10.8987,12.3921,13.3669,12.6139,11.6315,10.351,10.1538,9.91102,10.4981,11.3701,11.2819,11.4275,13.0864,21.8575,97.0091,363.566,0,0,0,0,0,0,0,0,0,0,0,0,0,0,0,0,0,0,0,0,0,0,0,0,0,0
531.5,16.3246,17.0919,16.6226,16.2262,15.7051,15.0475,14.2028,13.8986,14.4813,14.5913,15.5118,14.9725,14.3487,14.0871,13.7656,13.6759,13.514,11.8033,11.1635,10.7222,12.2231,13.2454,12.5207,11.5406,10.3939,10.3011,9.84764,10.4885,11.2785,11.3017,11.3239,12.8807,19.6316,84.5016,325.451,0,0,0,0,0,0,0,0,0,0,0,0,0,0,0,0,0,0,0,0,0,0,0,0,0,0
532,16.4066,16.8813,16.3124,16.078,15.4274,14.8194,13.9773,13.6661,14.3206,14.583,15.1854,14.972,14.2,13.8724,13.577,13.4928,13.2951,11.7195,11.0534,10.662,11.9978,13.2414,12.5282,11.4541,10.2752,10.1808,9.91962,10.503,10.9718,11.3135,11.2767,12.7309,18.0137,73.2743,284.804,0,0,0,0,0,0,0,0,0,0,0,0,0,0,0,0,0,0,0,0,0,0,0,0,0,0
532.5,16.2889,16.7065,16.1819,15.8873,15.0714,14.5436,13.7505,13.6123,14.0444,14.3775,14.9735,15.0342,14.1046,13.6732,13.2699,13.3659,13.12,11.7641,10.9592,10.4587,11.9264,13.107,12.5486,11.3112,10.4055,10.1895,10.0452,10.4788,10.7425,11.4399,11.2401,12.6459,16.8932,62.947,253.01,0,0,0,0,0,0,0,0,0,0,0,0,0,0,0,0,0,0,0,0,0,0,0,0,0,0
533,16.4075,16.7049,15.9992,15.6313,14.9259,14.2834,13.6971,13.3152,13.8806,14.1723,14.5507,14.9899,14.0356,13.618,12.9902,13.2486,12.9672,11.6238,10.9096,10.3301,11.8088,12.9438,12.6754,11.2121,10.4678,10.144,10.0121,10.4541,10.6691,11.5228,11.2154,12.5955,16.0179,54.8869,222.097,0,0,0,0,0,0,0,0,0,0,0,0,0,0,0,0,0,0,0,0,0,0,0,0,0,0
533.5,16.2771,16.5607,15.799,15.5382,14.6943,14.1449,13.5897,13.1062,13.6726,13.8764,14.3793,14.7515,13.9126,13.453,12.8951,13.1284,12.7435,11.5466,10.8357,10.2559,11.7225,12.8171,12.5862,11.09,10.5949,10.2375,9.97445,10.4915,10.6212,11.5553,11.1946,12.5151,15.4166,47.503,195.948,0,0,0,0,0,0,0,0,0,0,0,0,0,0,0,0,0,0,0,0,0,0,0,0,0,0
534,15.9963,16.4829,15.5709,15.4455,14.453,13.9002,13.6327,12.9256,13.5108,13.7162,14.2132,14.5538,13.8258,13.2777,12.9189,13.0743,12.6303,11.5578,10.7661,10.0185,11.7049,12.6152,12.634,11.0312,10.4814,10.2511,10.0035,10.6271,10.7665,11.5673,11.2496,12.3793,14.9776,41.0123,173.309,0,0,0,0,0,0,0,0,0,0,0,0,0,0,0,0,0,0,0,0,0,0,0,0,0,0
534.5,15.7764,16.3797,15.3138,15.5009,14.3457,13.718,13.5124,12.9318,13.08,13.7561,14.09,14.434,13.8444,13.1774,12.7354,12.8451,12.5464,11.5597,10.6428,9.99292,11.5871,12.6207,12.3264,11.0286,10.405,10.1739,10.0202,10.7776,10.6753,11.5689,11.3346,12.326,14.4755,35.5051,151.632,0,0,0,0,0,0,0,0,0,0,0,0,0,0,0,0,0,0,0,0,0,0,0,0,0,0
535,15.4782,16.4184,15.2024,15.4356,14.163,13.3432,13.5221,12.7454,12.9096,13.6048,14.0322,14.1939,13.7401,12.9796,12.4255,12.6491,12.4267,11.4864,10.4854,9.78257,11.4321,12.4505,12.1447,11.0714,10.3851,10.2135,10.1526,10.8517,10.6581,11.619,11.4044,12.2175,14.4433,30.8571,131.987,419.16,0,0,0,0,0,0,0,0,0,0,0,0,0,0,0,0,0,0,0,0,0,0,0,0,0
535.5,15.4117,16.1719,15.0858,15.3724,14.1323,13.214,13.4149,12.685,12.8074,13.4248,13.8314,14.1864,13.6183,12.7908,12.1121,12.4562,12.3276,11.4283,10.357,9.88656,11.3203,12.4719,12.1139,11.012,10.3869,10.2312,10.1647,10.9499,10.634,11.5869,11.5301,12.2145,14.2313,27.3405,114.828,380.924,0,0,0,0,0,0,0,0,0,0,0,0,0,0,0,0,0,0,0,0,0,0,0,0,0
536,15.2741,16.0169,14.9997,15.1102,14.0423,13.1759,13.2578,12.4504,12.7185,13.3014,13.6907,13.9459,13.5476,12.5841,11.9533,12.3812,12.2933,11.3284,10.2913,9.96731,11.257,12.3849,12.1419,11.0254,10.382,10.3629,10.2344,10.962,10.8568,11.6598,11.5757,12.0868,14.2394,24.6519,100.009,340.599,0,0,0,0,0,0,0,0,0,0,0,0,0,0,0,0,0,0,0,0,0,0,0,0,0
536.5,15.3083,15.877,14.8466,14.908,13.6576,13.119,13.1438,12.6263,12.6309,13.2264,13.5702,13.7198,13.3322,12.3121,11.9539,12.359,12.1638,11.3158,10.2221,10.0002,11.194,12.285,12.2101,11.0137,10.4643,10.4237,10.2449,11.0039,10.9992,11.7051,11.7672,12.0224,14.1285,22.848,86.7525,302.928,0,0,0,0,0,0,0,0,0,0,0,0,0,0,0,0,0,0,0,0,0,0,0,0,0
537,15.1257,15.717,14.8025,14.7225,13.3371,13.1548,12.9399,12.6038,12.5864,13.257,13.4666,13.5145,13.0642,12.2271,12.0362,12.2783,12.01,11.2031,10.0808,9.86308,11.09,12.2957,12.2104,10.9969,10.483,10.4277,10.2615,11.0653,11.2083,11.8991,11.7531,11.9762,14.0484,21.2664,75.8065,269.183,0,0,0,0,0,0,0,0,0,0,0,0,0,0,0,0,0,0,0,0,0,0,0,0,0
537.5,15.1466,15.5628,14.66,14.564,13.3412,13.0486,12.833,12.5028,12.5832,13.2336,13.463,13.3628,12.7956,12.2327,11.8847,11.9415,11.8458,11.0748,9.95062,9.69614,11.035,12.2687,12.2001,11.1308,10.4725,10.4033,10.3258,11.1462,11.4165,11.9193,11.9484,12.1186,13.9549,20.087,66.0159,243.479,0,0,0,0,0,0,0,0,0,0,0,0,0,0,0,0,0,0,0,0,0,0,0,0,0
538,15.0433,15.3459,14.5785,14.5871,13.4459,12.8745,12.729,12.3752,12.5556,13.1333,13.3436,13.4095,12.7542,12.2353,11.9022,11.795,11.6375,10.95,9.86267,9.52846,10.7751,12.302,12.1407,11.2156,10.4835,10.349,10.4813,11.2206,11.3634,11.9905,12.1891,12.2005,14.0359,19.3037,57.3279,213.981,0,0,0,0,0,0,0,0,0,0,0,0,0,0,0,0,0,0,0,0,0,0,0,0,0
538.5,14.7523,15.2936,14.5847,14.4999,13.4349,12.8014,12.6546,12.3308,12.3686,13.1022,13.1982,13.183,12.7468,12.226,11.7149,11.6499,11.4963,10.8213,9.77542,9.35035,10.7136,12.1369,12.0355,11.375,10.5741,10.4065,10.5337,11.3115,11.5285,12.1164,12.504,12.3252,14.1194,18.8629,50.7212,188.142,0,0,0,0,0,0,0,0,0,0,0,0,0,0,0,0,0,0,0,0,0,0,0,0,0
539,14.8467,15.0741,14.4077,14.499,13.4394,12.7601,12.5094,12.2929,12.2844,12.9776,13.1833,13.0587,12.5383,12.2624,11.5063,11.5681,11.3276,10.6973,9.79901,9.4716,10.5724,11.9288,11.9162,11.3931,10.5856,10.54,10.6589,11.448,11.6235,12.1881,12.8334,12.5265,14.2941,18.4955,44.5637,165.515,0,0,0,0,0,0,0,0,0,0,0,0,0,0,0,0,0,0,0,0,0,0,0,0,0
539.5,14.6798,14.984,14.2598,14.3053,13.5008,12.6764,12.3743,12.2582,12.3062,12.7496,13.1214,12.9834,12.3468,12.1382,11.3543,11.5072,11.2596,10.6014,9.74908,9.44608,10.5541,11.8262,11.895,11.4451,10.5467,10.65,10.789,11.5827,11.8547,12.3888,13.1326,12.8157,14.4545,18.4094,39.6631,143.878,0,0,0,0,0,0,0,0,0,0,0,0,0,0,0,0,0,0,0,0,0,0,0,0,0
540,14.5441,14.8999,14.2195,14.1643,13.4397,12.435,12.3657,12.1455,12.2872,12.5194,12.9742,12.8533,12.0741,12.0166,11.1991,11.3571,11.1905,10.5549,9.64358,9.56805,10.3084,11.7089,12.0228,11.4178,10.6434,10.6942,10.851,11.7171,12.0209,12.7244,13.3686,13.2098,14.4808,18.4358,35.8257,126.774,409.519,0,0,0,0,0,0,0,0,0,0,0,0,0,0,0,0,0,0,0,0,0,0,0,0
540.5,14.3149,14.8294,14.201,14.0049,13.3814,12.0382,12.2707,12.1591,12.2367,12.4233,12.7403,12.9003,12.1617,11.8931,11.1054,11.1272,11.1416,10.3986,9.52633,9.67396,10.2706,11.7946,12.0707,11.3852,10.7391,10.6816,10.9239,11.8497,12.0711,12.9562,13.7267,13.5344,14.8402,18.438,32.4724,112.823,376.34,0,0,0,0,0,0,0,0,0,0,0,0,0,0,0,0,0,0,0,0,0,0,0,0
541,14.2696,14.7483,14.2288,13.818,13.3016,11.9243,12.3289,12.0617,12.1072,12.5192,12.5032,12.7428,12.0989,11.8171,11.1499,11.1357,11.0986,10.2401,9.46513,9.64666,10.2259,11.7137,12.0631,11.3533,10.7672,10.6453,11.0314,11.9343,12.3073,13.2114,13.8433,13.8925,14.8586,18.7343,29.9673,99.9097,342.467,0,0,0,0,0,0,0,0,0,0,0,0,0,0,0,0,0,0,0,0,0,0,0,0
541.5,14.2715,14.37,14.1047,13.7717,13.3341,12.0596,12.196,11.9691,12.0293,12.4874,12.5126,12.4336,12.2203,11.6139,10.9879,11.0275,10.9655,10.067,9.47596,9.54928,10.4678,11.6432,11.9677,11.3003,10.8764,10.7363,11.1947,12.1084,12.3301,13.5191,14.0296,14.2306,15.2902,18.5689,27.8093,88.2168,307.878,0,0,0,0,0,0,0,0,0,0,0,0,0,0,0,0,0,0,0,0,0,0,0,0
542,14.2935,14.1668,14.0598,13.8627,13.3225,12.3302,12.1267,11.9172,11.9964,12.4663,12.4116,12.2735,12.1664,11.4363,10.9019,11.006,10.8386,9.90616,9.4675,9.38737,10.4338,11.6511,11.8469,11.233,10.9325,10.8026,11.2958,12.3687,12.5263,13.8652,14.2403,14.7881,15.5666,18.8506,26.6938,79.6077,275.35,0,0,0,0,0,0,0,0,0,0,0,0,0,0,0,0,0,0,0,0,0,0,0,0
542.5,14.3467,14.1583,13.7191,13.7954,13.3641,12.3508,12.0876,11.8399,11.7358,12.4298,12.2814,12.2565,12.1178,11.3675,10.8097,10.792,10.6473,9.83712,9.40319,9.14919,10.383,11.5378,11.7399,11.2018,11.0807,10.9548,11.5552,12.555,12.6506,14.1568,14.6415,15.2745,15.8803,19.028,25.6685,70.9756,243.716,0,0,0,0,0,0,0,0,0,0,0,0,0,0,0,0,0,0,0,0,0,0,0,0
543,14.2366,14.0874,13.6355,13.9081,13.3613,12.4192,11.9992,11.7497,11.5981,12.3758,12.2201,12.0501,12.0288,11.275,10.8216,10.6634,10.4924,9.74138,9.27525,8.99577,10.2938,11.5087,11.7173,11.2504,11.1379,11.066,11.7095,12.8311,12.6684,14.5414,15.0756,15.9033,16.3159,19.64,25.1853,63.6451,213.551,0,0,0,0,0,0,0,0,0,0,0,0,0,0,0,0,0,0,0,0,0,0,0,0
543.5,14.2631,14.0945,13.5423,13.8708,13.2596,12.3999,11.9051,11.7492,11.5576,12.3069,12.1235,11.7522,11.845,11.3079,10.7859,10.4942,10.4562,9.64365,9.26895,8.86119,10.1576,11.4945,11.6121,11.2584,11.165,11.3724,11.9977,13.0459,13.077,14.8588,15.4675,16.3769,16.8998,20.2318,25.2403,57.5938,190.568,0,0,0,0,0,0,0,0,0,0,0,0,0,0,0,0,0,0,0,0,0,0,0,0
544,14.1959,14.233,13.5983,14.1174,13.1877,12.4268,11.892,11.6656,11.782,12.2386,11.9652,11.7696,11.6898,11.216,10.7615,10.438,10.3919,9.53585,9.12672,8.84573,10.0557,11.4887,11.6221,11.2868,11.2261,11.5189,12.1145,13.2971,13.3012,15.2163,16.0818,16.9574,17.7977,20.7304,25.6178,52.2149,169.352,0,0,0,0,0,0,0,0,0,0,0,0,0,0,0,0,0,0,0,0,0,0,0,0
544.5,14.159,14.4474,13.4205,14.0133,13.1354,12.3696,11.9208,11.7099,11.9171,12.0987,12.0586,11.7029,11.6321,11.0934,10.6023,10.3967,10.3593,9.4495,9.05308,8.89245,9.93679,11.5296,11.5074,11.1887,11.2452,11.7793,12.3468,13.5665,13.5875,15.7151,16.5591,17.4734,18.4168,20.9722,26.0689,47.2248,152.956,0,0,0,0,0,0,0,0,0,0,0,0,0,0,0,0,0,0,0,0,0,0,0,0
545,14.1242,14.4992,13.5514,13.9583,12.9856,12.4699,12.1186,11.8303,11.9241,12.0644,12.1827,11.7619,11.5581,10.9584,10.4192,10.265,10.2688,9.43503,8.83104,8.89364,9.77002,11.5077,11.4025,11.1246,11.3209,11.9128,12.5179,13.7886,13.9515,15.9761,17.1854,17.9993,19.1943,21.5729,26.3257,43.6204,136.531,406.937,0,0,0,0,0,0,0,0,0,0,0,0,0,0,0,0,0,0,0,0,0,0,0
545.5,14.029,14.5217,13.6596,13.8793,13.0488,12.5712,12.1585,11.9565,11.9722,12.0363,12.3631,11.8038,11.4672,10.8834,10.314,10.1455,10.1384,9.37795,8.75117,8.87575,9.58329,11.436,11.2424,11.1783,11.393,12.0078,12.6034,13.888,14.2957,16.4397,17.696,18.618,19.601,22.112,26.3046,40.9825,122.371,375.441,0,0,0,0,0,0,0,0,0,0,0,0,0,0,0,0,0,0,0,0,0,0,0
546,14.0264,14.4788,14.0396,13.8284,12.975,12.5749,12.2348,12.0543,12.0666,12.0351,12.3774,11.6823,11.4222,10.7829,10.1613,10.0197,10.1009,9.26149,8.67124,8.95502,9.44567,11.3365,11.2645,11.259,11.3729,12.1605,12.6358,14.0512,14.7863,16.8341,18.1709,18.9888,20.243,23.0435,26.6658,39.3813,110.774,344.647,0,0,0,0,0,0,0,0,0,0,0,0,0,0,0,0,0,0,0,0,0,0,0
546.5,14.015,14.5759,14.1459,13.8568,13.0743,12.6351,12.229,12.0635,12.0486,12.0156,12.0689,11.7053,11.2375,10.629,10.1853,10.0001,9.99535,9.13489,8.64947,8.98601,9.34867,11.3501,11.2334,11.3522,11.4163,12.2384,12.7735,14.4214,15.2352,17.1834,18.8043,19.4112,20.9786,23.632,27.4973,38.1204,99.6128,310.838,0,0,0,0,0,0,0,0,0,0,0,0,0,0,0,0,0,0,0,0,0,0,0
547,14.037,14.6103,14.217,13.8008,13.224,12.6247,12.1956,12.0174,12.009,12.0498,11.9548,11.7243,11.136,10.5276,10.1598,9.82903,10.0438,9.00151,8.59552,8.98547,9.56987,11.2949,11.3593,11.4772,11.4963,12.4807,13.062,14.7532,15.4674,17.5155,19.3406,20.0307,21.8671,24.4526,28.5865,37.3723,90.9035,280.413,0,0,0,0,0,0,0,0,0,0,0,0,0,0,0,0,0,0,0,0,0,0,0
547.5,14.1107,14.6217,14.2987,13.8473,13.2302,12.7153,12.1342,12.0322,11.9789,12.0355,12.0077,11.6402,10.9471,10.5014,10.059,9.81893,9.90845,8.8684,8.48879,8.87709,9.40262,11.2102,11.518,11.5663,11.6765,12.6262,13.441,15.1391,15.7419,17.6961,20.0177,20.5433,22.9525,24.8222,29.8154,36.7908,83.2949,251.602,0,0,0,0,0,0,0,0,0,0,0,0,0,0,0,0,0,0,0,0,0,0,0
548,14.1032,14.554,14.309,13.8548,13.4202,12.7429,12.0295,12.1146,12.0006,11.9081,12.1231,11.6779,10.8156,10.4189,9.90854,9.82656,9.80538,8.74938,8.46444,8.89512,9.46101,11.2359,11.4841,11.6136,11.8081,12.7677,13.7684,15.4126,16.1304,17.7825,20.6003,21.4827,23.8428,25.6224,30.5275,37.0406,76.8464,225.933,0,0,0,0,0,0,0,0,0,0,0,0,0,0,0,0,0,0,0,0,0,0,0
548.5,14.1251,14.5365,14.2432,14.0006,13.405,12.6231,11.8875,12.1942,12.0814,11.8205,12.1852,11.6111,10.8788,10.4245,9.80203,9.71438,9.65413,8.74391,8.37061,8.82662,9.51132,11.203,11.4532,11.6344,12.0253,12.9505,13.9015,15.4775,16.5373,18.1106,21.21,22.2977,24.753,26.367,30.9969,36.8867,71.8856,203.362,0,0,0,0,0,0,0,0,0,0,0,0,0,0,0,0,0,0,0,0,0,0,0
549,13.9638,14.4387,14.295,14.1556,13.5386,12.6497,11.9819,12.2907,12.0956,11.9465,12.1248,11.8572,10.9612,10.2971,9.7391,9.68486,9.56485,8.7092,8.32611,8.7997,9.46302,11.3306,11.4068,11.6555,12.0821,13.1455,14.0433,15.7019,17.0096,18.5863,21.534,23.2418,25.3998,27.174,31.5065,37.3123,67.0407,184.311,0,0,0,0,0,0,0,0,0,0,0,0,0,0,0,0,0,0,0,0,0,0,0
549.5,13.9995,14.4429,14.4128,14.4,13.4314,12.7574,12.1667,12.3831,12.0742,11.9126,12.2959,11.7663,11.0417,10.2304,9.65591,9.45394,9.50872,8.72038,8.29569,8.78641,9.44247,11.3121,11.3302,11.6437,12.1484,13.2929,14.2753,15.9493,17.3399,19.0474,21.9634,24.1096,26.3128,28.4398,32.305,37.9439,63.0895,165.344,0,0,0,0,0,0,0,0,0,0,0,0,0,0,0,0,0,0,0,0,0,0,0
550,14.1239,14.5814,14.4578,14.6297,13.5512,12.8563,12.2919,12.4946,12.1982,12.1045,12.2831,11.571,10.8956,10.1476,9.57969,9.3502,9.44848,8.72108,8.306,8.77073,9.41906,11.2887,11.3155,11.6058,12.1764,13.525,14.5135,16.3924,17.4843,19.6207,22.3966,25.0751,27.3037,29.4648,33.5887,38.3627,59.6615,149.583,396.922,0,0,0,0,0,0,0,0,0,0,0,0,0,0,0,0,0,0,0,0,0,0
550.5,14.5037,14.7526,14.6622,14.7303,13.5272,13.0629,12.449,12.6602,12.2269,11.9968,12.295,11.6122,10.7046,10.055,9.51767,9.11724,9.44842,8.62731,8.25591,8.75526,9.47336,11.2037,11.2961,11.6387,12.2652,13.7471,14.7016,16.8072,17.86,20.2022,23.0558,25.671,28.2338,30.384,34.6772,39.0609,56.9057,134.359,367.487,0,0,0,0,0,0,0,0,0,0,0,0,0,0,0,0,0,0,0,0,0,0
551,14.5802,14.6974,14.7577,14.6898,13.7682,13.0909,12.4709,12.8211,12.4275,12.0564,12.3181,11.6894,10.5703,10.0924,9.44283,9.12951,9.38259,8.57414,8.14909,8.61776,9.44182,11.2263,11.4066,11.6024,12.3859,13.9332,14.9253,17.2691,18.2082,20.6585,23.6075,26.5088,29.065,31.6162,35.0288,39.4535,54.7392,121.762,339.278,0,0,0,0,0,0,0,0,0,0,0,0,0,0,0,0,0,0,0,0,0,0
551.5,14.7247,14.8482,14.5859,14.5069,13.9799,13.1419,12.5843,12.8908,12.3251,12.136,12.2919,11.8936,10.5961,9.9941,9.4147,9.25945,9.23898,8.49084,8.10562,8.56681,9.49909,11.1056,11.4482,11.4809,12.2784,14.0971,15.1776,17.4953,18.4046,20.9728,24.2138,27.1069,29.7483,32.7575,35.7368,40.2932,52.2997,112.788,314.505,0,0,0,0,0,0,0,0,0,0,0,0,0,0,0,0,0,0,0,0,0,0
552,14.6793,14.8945,14.5537,14.5733,13.9703,13.2892,12.6009,12.9895,12.4809,12.3556,12.1657,12.1196,10.4435,9.97235,9.3805,9.34041,9.12165,8.43292,8.0427,8.51763,9.56917,11.057,11.5576,11.462,12.2937,14.0951,15.4498,17.71,18.7208,21.2844,24.7771,27.832,30.7119,33.6696,36.6625,41.2893,50.9075,105.339,289.457,0,0,0,0,0,0,0,0,0,0,0,0,0,0,0,0,0,0,0,0,0,0
552.5,14.7191,15.2123,14.523,14.4705,14.0348,13.464,12.7991,12.9666,12.6542,12.1604,12.0508,12.148,10.5226,9.84961,9.32549,9.37975,9.03095,8.36144,7.96886,8.35351,9.54485,10.9826,11.4787,11.4881,12.4488,14.0774,15.7304,17.8819,19.0882,21.3955,25.2264,28.523,31.4199,34.5825,37.5826,42.1085,50.4312,98.6933,265.998,0,0,0,0,0,0,0,0,0,0,0,0,0,0,0,0,0,0,0,0,0,0
553,14.6787,15.4628,14.6559,14.8796,14.1322,13.6097,12.9117,12.9634,12.9522,12.2654,12.0292,12.0345,10.4145,9.79696,9.23984,9.25347,8.98113,8.21638,7.8726,8.20749,9.66309,10.9932,11.5666,11.5052,12.6415,14.0661,15.8651,17.8909,19.3786,21.4661,25.5584,28.8075,31.9809,35.2087,38.432,42.6904,50.8393,91.806,241.841,0,0,0,0,0,0,0,0,0,0,0,0,0,0,0,0,0,0,0,0,0,0
553.5,14.7763,15.7032,14.8842,15.1048,14.2455,13.8674,12.9902,12.9571,12.9982,12.1121,12.2675,12.013,10.3434,9.72706,9.13569,9.05093,8.94225,8.05113,7.83573,8.16844,9.67326,10.9494,11.3617,11.5477,12.654,14.1517,16.0884,18.1266,19.7527,21.8243,25.8451,29.6666,32.7375,36.0513,38.7808,43.3238,50.8684,85.6628,218.998,0,0,0,0,0,0,0,0,0,0,0,0,0,0,0,0,0,0,0,0,0,0
554,14.8148,15.7868,14.9389,15.2107,14.2093,14.0352,13.1649,12.9322,12.9726,12.0284,12.3038,11.8911,10.3403,9.62899,9.11095,8.99598,8.81402,7.98371,7.67994,8.17956,9.67122,10.9997,11.3928,11.504,12.676,14.3687,16.2111,18.431,19.9204,21.9757,26.288,29.9908,33.3719,37.2931,39.3781,44.2316,51.3444,79.9662,199.361,0,0,0,0,0,0,0,0,0,0,0,0,0,0,0,0,0,0,0,0,0,0
554.5,14.8626,15.9701,15.0064,15.1355,14.1299,14.1505,13.1036,12.9762,12.9455,11.941,12.3072,11.9371,10.3853,9.5885,8.98818,8.90888,8.68775,7.92286,7.57563,8.1721,9.61182,10.9157,11.2993,11.5858,12.7053,14.6507,16.4419,18.5886,20.106,22.3371,26.7725,30.2785,33.8113,38.4065,40.0851,45.1451,51.385,75.0694,181.229,0,0,0,0,0,0,0,0,0,0,0,0,0,0,0,0,0,0,0,0,0,0
555,14.5582,15.8754,15.0497,15.1958,14.241,14.2409,13.2281,12.9535,12.8543,12.0046,12.2546,11.9214,10.3273,9.54974,8.85056,8.88849,8.54249,7.89423,7.43472,8.18923,9.55005,10.8946,11.351,11.6969,12.6221,14.786,16.606,18.9039,20.3841,22.7029,27.2557,31.077,34.8385,39.3547,41.6734,45.8703,51.9657,71.6398,165.985,396.836,0,0,0,0,0,0,0,0,0,0,0,0,0,0,0,0,0,0,0,0,0
555.5,14.5721,15.7848,15.179,15.2699,14.3945,14.2132,13.2438,13.0953,12.8736,12.3921,12.2152,11.8169,10.1578,9.5,8.79248,8.86054,8.48877,7.81114,7.37539,8.16566,9.46679,10.8123,11.5145,11.5638,12.6863,14.8391,16.8569,19.0789,20.7284,22.9879,27.508,31.5475,35.1851,40.3522,42.7999,46.0969,52.251,69.155,151.851,375.458,0,0,0,0,0,0,0,0,0,0,0,0,0,0,0,0,0,0,0,0,0
556,14.514,15.7017,15.1448,15.5026,14.783,14.0938,13.2531,13.2948,12.8956,12.4081,12.3591,11.7472,10.1453,9.45143,8.70566,8.76946,8.48731,7.73554,7.28477,8.01977,9.50181,10.8052,11.4092,11.4739,12.5962,14.8749,17.0837,19.1256,21.111,23.4755,27.6914,31.8002,35.9646,41.5918,43.9066,46.315,53.052,68.8714,142.367,351.278,0,0,0,0,0,0,0,0,0,0,0,0,0,0,0,0,0,0,0,0,0
556.5,14.6595,15.6404,15.1309,15.6534,14.8777,14.0582,13.2032,13.3578,12.9403,12.4046,12.3322,11.796,10.1083,9.37027,8.79044,8.69539,8.39139,7.6251,7.21057,7.87505,9.43212,10.8473,11.3024,11.4088,12.6565,15.0227,17.3736,19.5131,21.4404,23.8296,27.9361,32.0337,37.1412,42.4908,44.5658,46.7901,53.8888,66.8195,131.196,321.529,0,0,0,0,0,0,0,0,0,0,0,0,0,0,0,0,0,0,0,0,0
557,14.9106,15.8416,15.3646,15.7094,14.8865,14.0527,13.4121,13.5854,13.1169,12.3592,12.3618,11.7473,10.1456,9.32847,8.74275,8.45175,8.34488,7.56261,7.19217,7.86455,9.43828,10.7753,11.1589,11.24,12.6455,14.9459,17.5139,19.5525,21.5909,24.3791,28.1038,32.3863,38.1445,43.0055,45.2119,47.7245,54.3769,65.9966,122.744,294.043,0,0,0,0,0,0,0,0,0,0,0,0,0,0,0,0,0,0,0,0,0
557.5,15.0048,15.9518,15.4029,15.6799,15.0838,14.1375,13.5356,13.7301,13.2329,12.242,12.4395,11.6069,10.1112,9.30048,8.63548,8.34357,8.21204,7.51903,7.18517,7.84299,9.3582,10.857,11.1143,11.2244,12.7232,15.0619,17.6739,19.9038,21.965,24.3298,28.061,32.9287,39.2448,43.6178,45.882,48.8619,54.8045,63.9738,115.707,269.216,0,0,0,0,0,0,0,0,0,0,0,0,0,0,0,0,0,0,0,0,0
558,15.0368,16.1321,15.4594,15.7005,15.4338,14.3631,13.8307,13.8295,13.4544,12.3925,12.4595,11.5998,10.1059,9.2278,8.60295,8.2154,8.15345,7.45806,7.17588,7.75181,9.32493,10.7133,11.1531,11.1174,12.8809,15.1272,17.7244,19.9174,22.0519,24.8621,28.4927,33.3338,39.7008,44.107,46.6977,49.7677,55.4416,63.9061,109.21,245.357,0,0,0,0,0,0,0,0,0,0,0,0,0,0,0,0,0,0,0,0,0
558.5,15.14,16.1466,15.5614,15.6929,15.565,14.5334,13.853,13.9676,13.5067,12.4326,12.5077,11.5192,10.0754,9.20611,8.567,8.16035,8.11648,7.42871,7.13282,7.61581,9.2144,10.7685,11.0334,11.2074,12.8533,15.2788,17.8111,20.3195,22.3803,25.188,28.7928,33.747,39.9646,44.1192,47.5969,50.6455,56.0223,63.1572,103.537,225.688,0,0,0,0,0,0,0,0,0,0,0,0,0,0,0,0,0,0,0,0,0
559,15.195,16.3583,15.6124,15.9771,15.6471,14.836,14.0062,14.0528,13.6235,12.5731,12.4939,11.7441,10.1725,9.05371,8.52273,8.02584,8.01816,7.41284,7.04972,7.56519,9.17188,10.7814,10.9959,11.3412,12.9966,15.2228,18.0704,20.3285,22.5395,25.7976,29.0668,34.6301,40.2888,44.8173,48.9315,51.3916,57.0205,64.0116,99.047,208.281,0,0,0,0,0,0,0,0,0,0,0,0,0,0,0,0,0,0,0,0,0
559.5,15.3632,16.5276,15.9115,16.0104,15.7341,14.8425,14.2638,14.1792,13.7447,12.8228,12.672,11.7317,10.0941,9.10853,8.44287,7.92147,7.97922,7.33236,6.98286,7.45514,9.12365,10.7173,10.8697,11.3263,12.9111,15.2255,18.3071,20.4331,22.8336,26.1423,29.1363,35.1234,40.8756,45.8645,49.7524,51.8003,57.6524,64.8732,94.8318,193.225,0,0,0,0,0,0,0,0,0,0,0,0,0,0,0,0,0,0,0,0,0
560,15.5917,16.6561,15.9409,16.3638,15.8443,14.8186,14.4963,14.2613,13.8714,12.9015,12.797,11.6837,10.0483,9.05636,8.33188,7.79288,7.92389,7.27665,6.83682,7.50415,9.09138,10.7119,10.6912,11.3506,12.8165,15.2794,18.441,20.4752,23.2666,26.5878,29.6093,35.5644,41.7472,47.2644,51.7026,52.689,58.7833,65.9775,93.047,180.98,384.74,0,0,0,0,0,0,0,0,0,0,0,0,0,0,0,0,0,0,0,0
560.5,15.7528,16.7319,16.0024,16.5427,16.1502,15.0784,14.836,14.4377,14.0293,13.0294,12.9117,11.5877,9.91122,9.05544,8.34724,7.74035,7.916,7.18043,6.73309,7.5926,9.04924,10.7744,10.8763,11.3649,12.878,15.3949,18.7213,20.9598,23.7236,27.0903,30.4269,36.0831,43.0092,49.0604,53.1544,53.6909,60.4269,66.9959,91.2666,169.413,360.843,0,0,0,0,0,0,0,0,0,0,0,0,0,0,0,0,0,0,0,0
561,16.065,16.5747,16.3425,16.9331,16.6304,15.3047,15.0038,14.6013,14.3734,13.3304,12.9692,11.9054,10.0624,9.07532,8.19885,7.7569,7.82172,7.14232,6.67799,7.58646,8.99478,10.7884,10.7882,11.5565,12.9407,15.8813,18.8786,21.4074,24.2469,27.6334,31.2975,36.8982,44.0816,49.1965,55.1769,55.5961,61.9249,69.2845,90.4587,160.199,336.336,0,0,0,0,0,0,0,0,0,0,0,0,0,0,0,0,0,0,0,0
561.5,16.4551,16.7742,16.5442,17.1006,17.0186,15.7035,15.0244,14.9053,14.7384,13.4172,13.0771,12.0967,10.2155,9.06759,8.14316,7.77217,7.74984,7.08121,6.55109,7.65108,8.94626,10.6821,10.7857,11.6494,13.1729,16.1972,19.1821,22.4653,24.656,28.0295,31.6087,37.7065,45.4164,51.4978,57.5601,57.3524,64.5523,70.8353,90.6844,153.434,310.679,0,0,0,0,0,0,0,0,0,0,0,0,0,0,0,0,0,0,0,0
562,16.8425,17.0719,17.0123,17.4677,17.5604,16.2919,15.4002,15.2485,15.1181,14.0673,13.2605,12.2619,10.4688,9.21344,8.06973,7.7556,7.69481,7.05337,6.5734,7.60565,8.86616,10.7575,10.9198,11.8449,13.4733,16.5693,19.642,22.9568,25.5263,29.0811,32.6164,39.2357,46.9088,53.9846,59.3226,59.7077,66.7937,73.5668,91.3754,147.601,286.538,0,0,0,0,0,0,0,0,0,0,0,0,0,0,0,0,0,0,0,0
562.5,17.289,18.0186,17.594,18.0777,18.1329,16.5719,15.883,15.8005,15.5493,14.3694,13.6609,12.4548,10.8057,9.33131,8.05498,7.81195,7.72771,7.06562,6.63388,7.5851,8.86117,10.7329,11.1147,11.99,13.6099,16.8382,20.0226,23.6979,26.1863,30.1821,33.3448,40.3568,48.8922,57.6209,62.2985,62.0833,69.1558,75.6599,93.0083,143.705,268.137,0,0,0,0,0,0,0,0,0,0,0,0,0,0,0,0,0,0,0,0
563,17.6979,18.6544,18.4088,18.7378,18.8818,17.2661,16.7516,15.9291,16.0818,15.1279,14.1371,12.7409,11.009,9.52947,8.1949,7.75014,7.71703,7.01781,6.67154,7.53281,8.93293,11.0761,11.522,12.2162,13.9858,17.2939,20.6296,24.5992,27.5549,31.8638,35.2091,42.2262,50.9064,60.6611,65.5761,66.6871,73.0619,79.8468,95.9461,141.297,251.035,0,0,0,0,0,0,0,0,0,0,0,0,0,0,0,0,0,0,0,0
563.5,18.1191,19.6786,19.3635,19.8072,19.7402,18.0632,17.3929,16.9382,16.8787,15.7234,14.7182,13.3125,11.3723,9.75635,8.32304,7.74319,7.71006,6.96325,6.80093,7.57694,9.02688,11.1711,11.8369,12.4248,14.4393,17.7799,21.4346,25.9674,28.4855,33.9382,36.9353,44.1283,54.0311,63.9726,70.2,71.8631,77.8533,85.0999,99.2123,140.625,237.374,0,0,0,0,0,0,0,0,0,0,0,0,0,0,0,0,0,0,0,0
564,18.6917,20.7569,20.2583,21.0094,20.9145,18.8532,18.4103,17.8171,17.7681,16.7133,15.3054,13.8694,11.7378,9.96227,8.44393,7.77126,7.77411,6.91529,6.91264,7.62841,9.1195,11.3269,12.1867,12.854,15.0153,18.5067,22.161,27.38,30.4807,35.7764,39.9352,46.6498,57.6595,67.8113,74.7746,77.8177,84.1033,91.2224,104.728,140.773,224.668,0,0,0,0,0,0,0,0,0,0,0,0,0,0,0,0,0,0,0,0
564.5,19.3693,21.9963,20.8958,22.4721,22.2155,19.9152,19.6698,18.9798,18.8615,17.5877,16.0513,14.4809,12.1444,10.1881,8.60357,7.82622,7.84906,6.95381,7.04817,7.63903,9.27112,11.5414,12.4192,13.3032,15.8262,19.4745,23.4992,29.2209,32.5054,37.8711,42.8244,49.7385,61.3656,72.8264,81.4095,84.4218,91.1771,98.3912,110.874,143.521,218.109,0,0,0,0,0,0,0,0,0,0,0,0,0,0,0,0,0,0,0,0
565,20.468,23.619,21.8601,24.1744,23.9201,21.0443,21.2844,20.2424,19.9742,18.7191,16.8172,15.2762,12.6646,10.4379,8.74855,7.98959,8.02006,7.00263,7.09973,7.80457,9.43489,11.8055,12.9146,13.6588,16.5767,20.2599,24.686,30.4619,35.189,40.4655,45.8721,52.9586,63.8196,77.529,88.4416,90.0858,99.6945,102.97,118.879,148.36,214.767,392.844,0,0,0,0,0,0,0,0,0,0,0,0,0,0,0,0,0,0,0
565.5,21.8481,25.2071,23.4934,26.1316,25.7351,23.3837,23.1121,21.2387,21.2684,19.8776,17.785,15.9945,13.114,10.7963,9.03181,8.25982,7.93942,7.17801,7.11884,7.92974,9.64921,11.99,13.2661,14.2273,17.4292,21.4858,26.327,32.5867,38.0056,43.2575,49.3605,57.1454,69.0197,83.3931,96.9256,98.1935,108.958,111.395,126.898,156.603,212.127,377.748,0,0,0,0,0,0,0,0,0,0,0,0,0,0,0,0,0,0,0
566,23.1999,27.0945,26.111,28.2971,27.7093,25.6482,25.1291,23.2616,22.753,21.3296,18.899,17.0194,13.7538,11.2523,9.31455,8.46969,7.97194,7.2699,7.23636,8.07332,9.87475,12.2635,13.8926,14.9257,18.3403,22.7314,28.3101,34.1474,40.6371,46.2061,53.1374,61.7266,74.6542,90.2801,105.316,108.227,118.772,121.916,138.92,165.686,213.703,363.367,0,0,0,0,0,0,0,0,0,0,0,0,0,0,0,0,0,0,0
566.5,25.2486,29.1908,28.8659,30.6539,29.6616,28.09,27.0738,25.4831,24.3317,22.8807,20.0419,18.1409,14.4708,11.7843,9.60585,8.6645,8.00154,7.33131,7.37534,8.2726,10.1654,12.591,14.6222,15.7056,19.2866,24.2152,30.1828,36.9959,44.1307,49.6543,56.8918,66.1295,82.0241,97.8858,114.873,120.044,129.673,134.794,150.668,176.667,216.48,352.141,0,0,0,0,0,0,0,0,0,0,0,0,0,0,0,0,0,0,0
567,27.0078,31.7318,31.9254,33.282,32.1346,30.7123,28.5924,28.2841,26.6927,25.007,21.6998,19.5544,15.1271,12.3102,9.98097,8.89871,8.06265,7.5365,7.6296,8.38548,10.57,13.0904,15.3601,16.6267,20.4869,26.0102,32.7664,39.9384,47.7368,53.5895,61.4063,72.0309,88.9509,107.295,125.678,134.341,143.281,149.899,163.375,189.325,223.907,344.012,0,0,0,0,0,0,0,0,0,0,0,0,0,0,0,0,0,0,0
567.5,29.2962,34.7864,35.002,36.3441,34.7208,33.0335,31.191,30.5072,29.0811,27.1574,23.2579,21.0806,16.0049,12.9154,10.2733,9.11638,8.43085,7.6778,7.92536,8.66974,11.0445,13.5957,16.2329,17.7506,21.9271,27.9795,35.2361,43.8308,51.3338,58.2995,66.7609,77.9921,96.2467,117.078,139.233,147.805,158.749,165.239,179.802,202.907,236.185,338.551,0,0,0,0,0,0,0,0,0,0,0,0,0,0,0,0,0,0,0
568,31.9484,37.9964,38.3528,39.959,38.5948,35.9325,33.8998,33.0705,31.9832,29.8936,24.8083,22.7167,17.263,13.5976,10.7692,9.46458,8.5505,7.91078,8.1843,8.75637,11.4899,14.2814,17.1553,19.014,23.453,29.9253,38.0505,47.474,55.4328,62.6923,73.5222,85.3979,104.707,127.964,154.052,163.306,174.672,182.091,196.502,220.517,247.683,333.836,0,0,0,0,0,0,0,0,0,0,0,0,0,0,0,0,0,0,0
568.5,34.8171,41.2595,42.1424,44.0943,43.1462,39.5696,37.9454,36.0911,35.1656,32.586,27.0636,24.272,18.5464,14.367,11.246,9.89914,8.99896,8.21398,8.38213,9.19623,12.0248,15.1323,18.0546,20.2075,24.9915,32.3698,41.0337,51.7369,60.4028,69.2934,80.0507,93.8695,116.258,140.124,168.857,180.762,195.309,203.824,214.89,241.128,257.686,333.91,0,0,0,0,0,0,0,0,0,0,0,0,0,0,0,0,0,0,0
569,37.7109,44.1547,46.2423,48.4275,46.2997,43.6482,41.7041,39.6979,38.5618,35.2165,29.4762,25.9996,20.2151,15.2766,11.6421,9.77924,9.38206,8.40849,8.63448,9.41248,12.5504,15.8695,19.1627,21.8157,26.6274,34.8617,44.3439,55.9047,66.5672,74.8039,87.6319,102.682,127.611,151.99,183.13,200.469,213.702,225.173,236.837,263.987,273.801,339.466,0,0,0,0,0,0,0,0,0,0,0,0,0,0,0,0,0,0,0
569.5,41.0713,47.9184,50.5891,52.8701,50.3585,48.2414,45.1895,43.8446,42.1262,37.9192,32.8853,27.9109,21.6457,15.9946,12.3321,10.2341,9.70336,8.75576,8.89529,9.76489,13.2153,16.7046,20.1449,23.3906,28.542,37.597,47.7467,60.4929,71.3364,83.2481,95.7302,111.513,140.114,165.238,197.472,221.756,237.853,248.732,259.187,287.207,296.82,348.287,0,0,0,0,0,0,0,0,0,0,0,0,0,0,0,0,0,0,0
570,45.1367,52.3488,55.0709,57.8161,53.6741,52.8659,49.6621,48.0564,45.7895,41.0848,35.6873,29.9253,23.3726,17.1464,13.129,10.6319,10.0172,9.04175,9.1917,10.273,13.8073,17.6145,21.2611,25.0073,30.5501,40.4996,51.5363,66.0308,78.2981,91.9064,104.601,121.365,152.993,181.819,216.596,244.24,262.021,274.155,290.581,313.399,322.372,362.711,541.905,0,0,0,0,0,0,0,0,0,0,0,0,0,0,0,0,0,0
570.5,49.3394,57.7638,59.4158,63.8172,58.9097,58.0995,54.2914,52.444,49.8879,44.9939,39.3003,32.6752,24.9869,18.3894,14.1858,11.4055,10.4082,9.30231,9.63316,10.9452,14.2945,18.7239,22.6148,26.6009,32.9134,43.9131,55.8694,71.2163,85.7818,101.925,115.656,131.03,166.93,198.517,237.921,268.948,288.478,301.603,316.676,338.023,353.438,383.647,549.357,0,0,0,0,0,0,0,0,0,0,0,0,0,0,0,0,0,0
571,54.2813,63.5512,65.3755,69.9591,65.7643,63.906,59.6964,57.7926,53.9387,49.6818,42.4252,35.5523,27.0895,20.08,15.2462,12.1982,10.9248,9.69325,10.007,11.6791,15.1779,20.04,24.1178,28.3226,35.4315,47.9599,60.8013,77.9438,94.6098,111.307,124.752,145.845,182.25,219.072,264.814,289.288,316.463,333.293,341.448,369.5,389.514,410.767,561.174,0,0,0,0,0,0,0,0,0,0,0,0,0,0,0,0,0,0
571.5,58.5583,69.4915,72.0193,76.6614,73.1118,70.4038,65.6866,62.3328,57.8588,55.02,46.7658,38.9799,29.4261,21.8309,16.3655,12.805,11.4727,10.1712,10.4915,12.3521,16.1437,20.9061,25.8507,30.0812,38.2842,51.9299,65.7443,84.2597,103.852,121.226,138.14,160.613,200.879,240.94,292.527,317.705,345.699,367.495,372.499,400.314,427.411,440.642,575.655,0,0,0,0,0,0,0,0,0,0,0,0,0,0,0,0,0,0
572,64.1643,74.2608,79.8262,83.8134,77.735,77.0478,72.7708,68.421,63.6174,60.3038,51.3595,42.5314,31.8254,23.6805,17.497,13.5241,12.0452,10.6778,10.9378,12.9748,17.0313,22.3087,27.4631,32.7903,40.996,56.0084,71.485,92.4944,112.073,134.359,149.299,176.514,221.684,262.72,321.208,353.451,381.688,412.645,415.238,446.482,471.866,476.149,598.411,0,0,0,0,0,0,0,0,0,0,0,0,0,0,0,0,0,0
572.5,70.3341,80.9156,87.2757,91.5123,86.0485,84.9808,79.972,75.5586,68.9224,66.3291,54.9145,46.0036,34.4189,25.7859,18.6778,14.2406,12.4283,11.3366,11.574,13.6704,18.1084,23.7812,29.7564,35.7529,44.7552,61.2471,78.5584,102.348,123.635,149.321,166.263,194.402,245.136,290.467,355.003,401.629,424.149,448.593,463.938,495.72,522.216,514.772,624.006,0,0,0,0,0,0,0,0,0,0,0,0,0,0,0,0,0,0
573,77.2929,88.9421,96.4539,100.775,95.1903,93.7993,87.7372,83.0311,76.5243,72.773,59.7897,51.0054,37.3748,28.0058,19.9318,15.1596,12.9943,11.943,12.2304,14.3023,19.1754,25.8608,32.5263,39.0351,49.1805,66.2577,87.0494,111.967,135.482,166.185,182.391,216.832,270.224,317.597,393.216,446.797,469.225,500.477,527.685,556.841,578.183,555.274,657.33,0,0,0,0,0,0,0,0,0,0,0,0,0,0,0,0,0,0
573.5,84.7373,98.0216,105.966,111.136,107.939,103.626,96.1896,92.1938,84.0595,79.8216,65.0527,54.7034,40.8506,30.4564,21.4085,16.3025,13.7935,12.538,13.0974,15.1026,20.5079,28.1333,35.5258,42.8345,54.5822,72.6341,94.9262,123.013,150.823,183.178,203.296,239.938,299.513,349.974,436.226,494.874,521.636,551.816,584.194,614.196,640.92,603.722,701.824,0,0,0,0,0,0,0,0,0,0,0,0,0,0,0,0,0,0
574,93.48,108.332,116.711,123.466,120.875,114.701,106.939,101.747,93.3197,86.7541,73.6954,60.1811,45.4673,33.1133,23.1064,17.741,14.8219,13.2282,13.8749,16.0664,21.9579,30.3813,39.1107,46.6844,60.7472,79.8752,104.329,135.565,165.332,202.018,227.788,268.448,332.791,385.945,478.348,546.989,587.393,621.089,649.321,684.339,709.645,666.517,755.508,0,0,0,0,0,0,0,0,0,0,0,0,0,0,0,0,0,0
574.5,101.922,119.029,127.575,136.785,134.593,126.324,117.131,111.976,102.563,95.1436,82.3634,67.0736,50.2569,35.9665,24.9918,19.2321,15.9282,13.9868,14.686,17.0269,23.8164,33.0165,42.6883,51.0782,66.1774,86.7619,115.304,150.522,181.405,222.162,251.76,296.553,368.029,426.055,522.004,592.631,649.992,688.461,712.61,754.357,787.446,740.035,822.795,0,0,0,0,0,0,0,0,0,0,0,0,0,0,0,0,0,0
575,112.802,130.503,138.085,148.636,148.362,140.059,130.98,123.533,113.822,105.829,90.502,73.8364,54.8387,39.081,27.0648,20.7909,16.8596,14.6647,15.5079,18.3315,25.8528,35.8652,46.2197,55.5244,72.7532,95.0045,126.284,168.008,198.782,241.811,278.4,326.391,409.16,467.363,577.248,664.17,724.886,766.864,788.08,841.439,872.191,823.237,896.478,1129.37,0,0,0,0,0,0,0,0,0,0,0,0,0,0,0,0,0
575.5,123.967,141.728,150.889,161.084,163.839,154.701,143.652,134.698,125.397,116.723,100.853,82.184,59.4154,42.3554,29.0196,22.1027,17.7281,15.3726,16.43,19.5969,27.7761,38.4482,50.1988,60.1366,78.6588,102.961,139.106,186.346,218.695,265.221,298.422,356.073,447.843,516.111,642.289,717.244,793.702,832.398,868.206,932.624,959.882,919.23,968.295,1206.68,0,0,0,0,0,0,0,0,0,0,0,0,0,0,0,0,0
576,134.431,154.71,163.425,174.396,180.641,169.748,158.723,147.829,139.225,127.833,111.784,88.448,64.8037,45.2954,31.3384,23.6919,18.942,16.1054,17.1434,21.1307,29.2958,41.5257,53.8368,65.0467,85.4857,110.289,152.64,203.196,241.551,291.301,326.521,390.179,489.956,577.611,704.199,794.813,879.827,914.853,953.73,1024.95,1047.3,998.293,1049.74,1284.43,0,0,0,0,0,0,0,0,0,0,0,0,0,0,0,0,0
576.5,145.431,167.698,178.829,188.653,195.833,182.805,171.32,162.926,152.937,138.673,121.651,96.149,69.6049,48.6202,33.4036,25.2655,20.3521,17.0048,18.2448,22.3771,31.1293,44.3293,57.9459,70.7904,93.403,118.985,164.433,221.881,265.484,317.506,361.304,423.575,533.173,637.154,765.732,866.798,963.48,1003.06,1047.09,1124.57,1152,1083.29,1139.56,1374.9,0,0,0,0,0,0,0,0,0,0,0,0,0,0,0,0,0
577,154.446,182.675,193.838,206.473,211.373,197.595,180.346,177.86,165.303,150.313,133.521,102.646,74.5849,52.1299,35.771,26.8234,21.857,17.8673,19.1715,23.4799,33.1016,46.9055,62.2173,76.9305,100.907,130.445,178.585,242.508,289.639,345.716,392.274,465.803,578.003,698.172,826.83,960.72,1042.14,1110.44,1158.59,1229.58,1255.34,1181.74,1227.22,1482.78,0,0,0,0,0,0,0,0,0,0,0,0,0,0,0,0,0
577.5,164.04,197.431,212.568,222.953,225.254,211.821,192.014,191.178,179.009,160.753,142.537,110.833,80.7712,55.8579,37.8942,28.5578,23.1352,18.9383,19.8706,24.8868,35.3122,50.3869,67.3181,82.6038,109.222,142.715,191.657,264.483,313.188,371.228,426.659,505.493,624.495,754.36,894.362,1052.37,1135.17,1207.13,1261.92,1338.51,1365.2,1284.09,1340.95,1575.79,0,0,0,0,0,0,0,0,0,0,0,0,0,0,0,0,0
578,173.349,210.076,221.886,241.317,241.084,229.191,205.541,203.522,190.2,174.071,150.029,119.757,86.0569,59.7467,40.6597,30.0655,24.3252,20.0033,20.9871,26.1687,37.4963,53.9903,71.9544,88.3332,117.548,154.892,206.111,281.77,333.892,400.959,460.532,543.187,672.787,804.882,970.647,1138.09,1219.99,1293.1,1361.28,1427.54,1462.49,1392.35,1440.28,1650.05,0,0,0,0,0,0,0,0,0,0,0,0,0,0,0,0,0
578.5,188.053,223.25,234.997,254.79,257.787,246.876,223.343,214.955,199.484,186.978,157.795,126.879,90.9177,63.3462,43.1485,31.7235,25.3503,21.141,21.8566,27.3973,39.3253,57.5116,75.961,94.1926,125.733,164.362,220.491,300.759,354.932,421.725,491.583,582.714,725.419,853.549,1044.46,1210.97,1300.17,1381.86,1438.31,1508.23,1550.49,1504.79,1546.47,1732.73,0,0,0,0,0,0,0,0,0,0,0,0,0,0,0,0,0
579,199.518,236.858,246.517,270.84,270.751,263.073,237.997,228.394,212.136,199.348,166.432,134.507,96.0424,66.5023,45.4941,32.6979,26.2028,22.2774,22.9652,28.6188,41.2748,60.0041,80.7932,98.9814,130.994,174.389,234.782,318.601,376.193,443.982,522.477,618.419,775.547,897.973,1122.9,1291.79,1384.23,1457.59,1526.29,1599.96,1647.95,1594.84,1648.05,1809.79,0,0,0,0,0,0,0,0,0,0,0,0,0,0,0,0,0
579.5,211.805,250.051,259.19,284.652,285.002,278.649,250.834,240.984,224.504,209.835,175.581,141.333,100.549,69.0005,47.8453,33.9429,27.0616,23.1093,23.867,29.7937,43.3416,61.6034,84.6964,103.035,137.231,183.986,245.578,335.207,398.993,465.153,549.135,653.55,821.183,962.837,1177.36,1354.82,1455.31,1540.95,1609.59,1695.43,1738.26,1702.23,1754.66,1898.26,0,0,0,0,0,0,0,0,0,0,0,0,0,0,0,0,0
580,222.163,261.422,274.842,300.42,297.58,290.99,265.111,253.959,235.848,219.981,185.871,143.968,105.361,72.4087,50.4478,35.3644,28.0152,23.7832,24.7632,30.8671,45.0165,64.0537,88.5268,107.317,143.275,192.242,259.283,351.056,419.788,489.759,573.539,683.019,858.342,1014.67,1233.39,1418.93,1508.58,1610.72,1712.21,1793.59,1825.7,1789.08,1844.19,1986.24,2244.68,0,0,0,0,0,0,0,0,0,0,0,0,0,0,0,0
580.5,230.845,272.398,289.544,316.195,309.3,301.128,278.682,264.428,244.793,228.439,194.581,150.253,109.679,73.9928,52.4528,37.1589,28.8946,23.8651,25.6664,32.0316,46.5453,67.394,91.3563,112.215,148.055,198.995,268.757,364.807,439.713,504.37,598.901,713.092,891.669,1064.44,1277.99,1475.57,1574.16,1677.46,1749.62,1882.29,1902.04,1885.11,1923.71,2062.92,2307.54,0,0,0,0,0,0,0,0,0,0,0,0,0,0,0,0
581,240.061,283.66,301.717,332.315,326.621,309.36,287.915,273.073,250.73,236.385,202.711,157.294,114.278,76.0521,53.981,38.339,29.7464,24.078,26.5757,32.6893,47.6988,70.0739,94.3264,116.749,154.199,204.915,280.63,376.389,450.339,526.322,625.9,733.953,919.691,1107.35,1326,1525.31,1626.28,1747.74,1810.82,1942.91,1977.68,1936.79,1982.26,2130.45,2356.86,0,0,0,0,0,0,0,0,0,0,0,0,0,0,0,0
581.5,251.856,292.498,314.936,341.098,334.391,317.804,297.106,280.53,258.01,241.446,208.038,164.112,117.378,77.0767,55.2954,39.3871,30.2912,24.2976,27.2494,33.4253,48.5391,72.265,97.5327,121.006,159.218,211.484,289.91,386.583,460.875,532.55,644.771,751.7,952.084,1130.94,1357.26,1559,1680.84,1796.18,1857.14,2005.9,2051.32,2015.77,2034.89,2162.75,2398.45,0,0,0,0,0,0,0,0,0,0,0,0,0,0,0,0
582,260.966,302.215,323.283,346.232,342.289,324.107,300.285,287.415,265.601,247.641,212.041,169.101,121.337,78.6894,56.2333,40.3178,30.6467,25.1299,27.7388,34.0245,49.4051,73.4061,100.206,123.621,163.479,218.234,298.398,391.81,466.092,547.615,660.884,767.274,978.368,1163.54,1400.09,1599.39,1728.81,1823.45,1923.71,2048.24,2110.39,2049.77,2083.88,2190.51,2431.58,0,0,0,0,0,0,0,0,0,0,0,0,0,0,0,0
582.5,266.564,308.327,328.108,348.977,348.007,330.474,307.19,292.269,272.344,250.46,216.013,170.574,123.481,81.249,56.8716,41.0943,30.8761,25.6072,27.8571,34.2189,50.2279,74.607,101.312,126.346,164.526,221.437,301.665,398.105,478.104,556.367,673.917,790.121,1000.71,1178.9,1430.9,1648.99,1765.24,1862.28,1979.79,2086.5,2160.54,2112.05,2139,2235.3,2466.84,0,0,0,0,0,0,0,0,0,0,0,0,0,0,0,0
583,268.72,308.818,332.195,350.806,357.794,335.552,310.365,295.29,275.021,252.434,221.386,173.313,124.288,83.1566,57.1192,41.5992,30.7805,25.928,28.0247,34.5112,50.8384,75.3851,102.126,126.671,163.203,224.15,305.578,404.7,486.159,563.748,679.256,808.513,1010.53,1200.49,1448.35,1662.66,1795.3,1890.68,1998.48,2127.17,2177.49,2125.27,2164.87,2272.6,2500.55,0,0,0,0,0,0,0,0,0,0,0,0,0,0,0,0
583.5,270.906,312.04,333.317,353.643,357.916,340.316,311.677,298.366,276.245,252.013,226.045,173.49,125.754,83.014,57.0213,41.5978,31.0192,25.9956,27.9506,34.6243,51.455,76.0052,102.612,127.075,162.925,225.968,308.002,409.158,493.442,573.66,685.808,812.672,1016.87,1225.97,1478.98,1676.85,1810.69,1854.57,2015.24,2154.27,2191.57,2142.99,2184.44,2282.64,2504.43,0,0,0,0,0,0,0,0,0,0,0,0,0,0,0,0
584,269.428,310.108,332.182,357.635,360.591,344.417,316.472,297.352,279.277,253.401,228.434,176.238,125.938,83.8008,57.0639,41.5211,31.1582,25.8649,27.8684,34.5507,51.5488,75.6546,102.628,127.705,165.271,228.412,311.193,415.644,496.767,570.638,687.661,805.864,1018.74,1214.19,1483.78,1700.92,1818.98,1862.17,2009.78,2170.81,2210.4,2132.86,2186.36,2279.42,2496.42,0,0,0,0,0,0,0,0,0,0,0,0,0,0,0,0
584.5,271.896,311.127,332.636,358.99,358.57,343.903,317.092,296.944,279.661,254.586,228.344,174.813,126.748,82.0673,55.7324,41.3945,31.4303,26.0211,27.5675,34.3825,51.5793,74.6556,102.313,128.017,165.885,227.882,310.064,409.282,499.229,570.52,690.293,792.912,1019.54,1211.21,1492.64,1713.95,1824.79,1868.39,2014.49,2179.5,2199.79,2140.9,2187.66,2276.96,2474.22,0,0,0,0,0,0,0,0,0,0,0,0,0,0,0,0
585,270.608,311.815,330.468,358.483,355.65,340.548,312.989,296.406,278.728,254.256,224.986,173.54,126.541,82.2782,55.7503,41.2165,31.3096,25.6857,27.0966,33.6974,50.8837,74.118,101.229,128.284,164.804,227.967,306.512,403.743,497.568,566.085,688.598,787.156,1016.21,1192.89,1471.86,1725,1810.92,1886.11,2014.58,2172.56,2187.79,2108.3,2173.36,2272.24,2437.41,2508.12,0,0,0,0,0,0,0,0,0,0,0,0,0,0,0
585.5,269.051,308.079,327.869,353.815,351.391,337.368,313.554,293.884,274.558,252.398,223.523,173.094,125.333,81.1156,55.1096,40.8621,31.2149,25.5212,26.7326,33.4599,50.243,73.9155,100.535,126.854,164.128,225.674,299.619,401.237,492.609,562.331,682.827,778.817,1004.35,1193.59,1453.69,1704.55,1800.67,1887.35,1991.8,2147.03,2163.6,2090.48,2168.63,2232.01,2412.64,2457.39,0,0,0,0,0,0,0,0,0,0,0,0,0,0,0
586,265.098,305.19,324.558,347.444,350.07,332.334,307.198,288.885,269.255,248.93,222.489,168.93,122.82,81.2016,55.2108,40.1131,30.7757,25.0991,26.3911,32.8206,49.6821,74.2669,98.567,124.849,162.071,222.834,295.328,399.408,485.75,560.535,672.069,765.693,985.752,1170.69,1416.43,1656.17,1780.48,1816.89,1990.86,2115.37,2124.47,2054.21,2161.39,2199.49,2377.25,2421.3,0,0,0,0,0,0,0,0,0,0,0,0,0,0,0
586.5,260.27,302.016,311.888,339.664,347.493,324.401,304.8,284.102,264.03,242.213,219.73,167.003,119.98,79.9861,55.0413,39.2764,29.8025,24.5023,25.7997,32.5049,48.3182,73.7401,96.8313,121.85,158.678,219.191,291.472,391.667,476.73,543.332,659.74,748.603,966.205,1152.15,1410.67,1624.56,1741.37,1785.87,1952.49,2058.43,2083.43,2047.34,2121,2137.71,2320.53,2342.48,0,0,0,0,0,0,0,0,0,0,0,0,0,0,0
587,253.969,298.182,306.284,328.62,344.663,315.277,294.208,277.463,260.215,233.723,216.302,162.733,117.65,78.7036,54.5153,38.3434,29.1706,24.0072,25.0073,31.723,47.3228,72.5096,95.0407,118.11,155.006,214.528,284.727,380.209,466.07,531.614,650.6,738.447,939.075,1124.63,1367.74,1574.39,1707.49,1766.88,1928.44,2011.6,2033.6,1998.64,2080.57,2082.64,2258.29,2267.77,0,0,0,0,0,0,0,0,0,0,0,0,0,0,0
587.5,247.32,290.737,296.25,317.037,334.908,304.94,287.031,270.916,249.945,226.748,209.083,158.325,115.222,76.3208,53.321,37.3532,28.6465,23.2441,24.3787,30.7201,45.3913,70.6261,93.32,115.27,150.465,208.424,276.002,370.601,452.898,520.761,633.04,712.619,915.88,1103.06,1345.74,1533.37,1654.05,1718.33,1879.13,1960.05,1976.69,1973.11,2020.31,2045.21,2180.71,2186.59,0,0,0,0,0,0,0,0,0,0,0,0,0,0,0
588,237.607,284.418,283.909,308.046,323.819,298.54,273.803,263.356,241.21,221.468,201.512,153.815,112.213,73.6657,51.5077,36.4432,27.8177,22.5019,23.5822,29.7235,44.3395,69.2022,90.8204,112.45,146.386,202.276,266.301,361.531,435.392,503.846,608.285,699.34,883.672,1066.27,1285.78,1488.2,1607.9,1680.47,1811.03,1904.7,1931.54,1886.39,1964.71,1987.39,2088.96,2122.89,0,0,0,0,0,0,0,0,0,0,0,0,0,0,0
588.5,231.546,271.161,276.351,294.367,312.338,289.336,262.554,254.237,232.816,211.424,191.558,150.122,108.035,70.8819,49.4192,35.2118,27.1777,21.9882,23.2128,29.0708,42.3429,67.1298,88.7746,107.97,141.315,195.326,259.209,348.545,420.289,489.955,583.94,681.105,848.353,1023.75,1241.5,1432.41,1549.44,1606.94,1770.16,1851.97,1866.74,1820.61,1886.62,1947.31,2006.24,2063.37,0,0,0,0,0,0,0,0,0,0,0,0,0,0,0
589,223.362,262.536,265.205,289.206,302.13,278.716,251.844,246.377,223.411,201.677,183.048,146.025,103.92,68,47.1878,33.9411,25.9451,21.4878,22.3844,28.3183,40.1769,65.0128,85.6569,103.707,136.24,186.881,251.086,339.882,401.948,473.425,563.544,660.7,816.514,979.657,1191.36,1373.44,1460.92,1577.51,1694.94,1783.34,1793.06,1742.15,1816.49,1876.66,1917.54,1986.94,0,0,0,0,0,0,0,0,0,0,0,0,0,0,0
589.5,216.31,251.457,259.858,274.352,290.882,262.81,244.295,237.347,215.939,190.653,175.534,138.712,99.2147,64.9611,45.2483,32.688,25.0441,20.9069,21.6727,27.4185,38.4805,62.3014,82.1212,99.3384,132.527,178.024,242.168,326.397,384.555,457.917,540.856,627.585,777.596,931.79,1160.69,1327.65,1397.01,1499.77,1625.12,1709.5,1724.41,1678.13,1734.25,1797.68,1841.04,1904.87,0,0,0,0,0,0,0,0,0,0,0,0,0,0,0
590,207.128,240.038,254.773,263.183,278.896,250.307,237.985,228.44,205.098,183.776,168.438,132.424,95.1004,63.2526,43.7067,31.5013,24.2598,20.1194,21.027,26.5326,37.2381,59.8044,78.9598,95.002,128.873,169.58,232.462,315.862,369.636,435.556,513.098,589.607,747.463,895.456,1112.26,1268.99,1317.8,1428.83,1554.06,1628.98,1648.87,1601.65,1647,1703.09,1768.63,1812.04,1423.1,0,0,0,0,0,0,0,0,0,0,0,0,0,0
590.5,195.893,231.902,238.975,251.862,266.136,241.403,224.711,217.978,195.45,178.063,159.552,124.15,89.4982,60.3209,42.6352,30.2413,23.8469,19.4409,20.6291,25.455,36.8427,56.9426,75.2248,92.7218,122.359,162.622,220.841,299.145,355.861,414.53,482.478,560.934,717.55,857.666,1054.36,1215.97,1274.17,1349.01,1479.24,1542.68,1587.26,1531.88,1565.84,1621.68,1682.24,1713.01,1344.08,0,0,0,0,0,0,0,0,0,0,0,0,0,0
591,186.338,219.955,225.323,239.995,254.129,234.766,215.561,207.288,187.487,170.891,152.156,118.733,85.1996,58.9502,40.7378,28.938,23.218,19.0367,20.0809,24.6719,35.2886,54.3592,72.6592,88.7523,116.966,156.19,210.353,284.315,341.654,395.542,463.049,536.41,682.396,823.675,997.066,1160.6,1228.92,1289.26,1419.66,1464.67,1514.09,1471.62,1492.29,1531.61,1593.37,1617.88,1258.67,0,0,0,0,0,0,0,0,0,0,0,0,0,0
591.5,178.531,211.007,214.387,227.526,241.584,222.603,205.781,197.044,177.018,164.765,145.127,112.977,80.7645,57.5575,39.2053,27.7387,22.3639,18.2044,19.235,23.9615,34.0194,51.5035,69.536,84.3632,110.646,151.355,200.52,267.736,326.703,378.341,443.322,522.983,660.732,777.881,947.937,1109.7,1167.16,1214.33,1350.24,1395.18,1432.79,1387.44,1418.72,1456.07,1506.55,1531.04,1189.5,0,0,0,0,0,0,0,0,0,0,0,0,0,0
592,173.453,199.794,208.97,214.307,229.904,212.332,195.694,186.304,170.726,156.907,137.236,107.499,77.0191,55.4465,37.2399,26.4948,21.4662,17.3254,18.502,22.9298,32.62,48.9846,66.4687,79.6038,105.161,145.183,191.503,255.158,312.448,362.073,425.662,496.797,627.052,735.168,903.602,1055.82,1098.06,1148.17,1269.75,1334.69,1361.3,1313.52,1357.49,1390.1,1422.27,1451.46,1119.51,0,0,0,0,0,0,0,0,0,0,0,0,0,0
592.5,167.493,190.71,201.613,203.577,217.555,202.541,184.733,177.409,160.04,149.03,130.241,104.486,73.2885,52.8442,35.2805,25.6405,20.5728,16.6615,17.8993,21.915,31.3356,46.6309,63.0034,76.0075,98.5783,138.219,183.301,242.87,297.803,343.696,402.325,478.687,589.287,707.645,867.994,1002.22,1036.45,1084.87,1212.94,1272.93,1299.33,1244.7,1288.26,1317.03,1348.47,1372.86,1049.51,0,0,0,0,0,0,0,0,0,0,0,0,0,0
593,159.019,180.34,191.784,193.227,205.841,192.565,175.271,167.78,152.492,141.796,123.487,97.8677,70.4835,50.394,33.4721,24.907,19.7262,16.0822,17.1152,20.7976,30.0804,44.4556,59.883,72.8494,93.8739,132.738,173.766,233.7,283.204,330.796,382.755,453.438,563.065,680.737,804.876,949.127,984.6,1058.12,1158.98,1212.07,1228.01,1182.6,1235.09,1266.95,1280.45,1294.35,981.582,0,0,0,0,0,0,0,0,0,0,0,0,0,0
593.5,151.295,170.734,181.838,183.747,193.806,181.607,167.197,159.494,145.182,136.184,118.747,93.6388,68.207,48.0601,32.1535,24.4158,18.8953,15.4571,16.5168,20.0327,28.5941,42.657,57.1432,69.526,90.0121,126.416,165.476,220.901,266.879,310.446,363.865,431.328,533.768,642.632,760.506,900.587,943.552,1002.71,1115.55,1151.55,1176.52,1127.63,1177.74,1206.94,1222.51,1237.65,923.884,0,0,0,0,0,0,0,0,0,0,0,0,0,0
594,143.687,162.535,171.397,177.653,183.369,170.579,160.914,151.387,137.212,130.685,114.236,89.6884,65.747,45.6322,31.1804,23.4981,18.2311,15.0081,15.8192,19.2306,27.4108,41.151,55.1644,66.7657,85.8616,120.633,157.352,210.387,254.025,295.53,349.286,411.551,502.352,606.589,722.201,860.152,912.914,968.387,1065.51,1088.49,1115.35,1085.93,1129.95,1136.4,1162.67,1170.16,869.996,0,0,0,0,0,0,0,0,0,0,0,0,0,0
594.5,137.204,155.649,161.615,170.827,173.339,161.284,154.249,146.39,133.157,124.015,109.977,85.1509,63.2691,43.5094,29.8278,22.6043,17.6403,14.4233,15.2199,18.472,26.4335,39.5797,52.9605,64.1534,82.3789,114.988,150.516,201.431,242.394,280.211,335.575,389.745,475.5,573.999,698.881,811.067,870.339,923.974,1018.69,1038.47,1061.51,1038.78,1078.16,1074.65,1107.64,1117.86,821.726,0,0,0,0,0,0,0,0,0,0,0,0,0,0
595,130.804,145.423,153.121,161.509,163.791,152.976,146.568,138.534,126.132,117.743,105.101,82.3551,60.5879,41.9649,29.0271,21.5929,17.1605,13.993,14.6099,17.6003,25.5709,38.2032,50.3536,61.1651,78.2937,109.377,144.87,193.069,230.637,266.698,321.271,368.198,452.184,547.451,675.51,777.849,836.394,882.828,971.689,995.712,1018.25,997.69,1026.31,1023.41,1062.61,1048.48,777.077,569.881,0,0,0,0,0,0,0,0,0,0,0,0,0
595.5,124.518,139.951,145.811,152.595,156.642,145.943,139.954,132.267,120.745,111.624,100.599,78.5722,58.3162,40.3894,27.6045,20.6045,16.4507,13.7951,14.2502,17.2112,24.6271,36.7596,47.6964,59.1145,75.3252,104.121,138.141,185.921,220.043,255.913,306.926,349.427,433.234,526.08,646.897,741.986,794.554,843.854,926.165,951.062,973.305,945.436,969.756,979.872,1015.97,993.712,731.628,539.5,0,0,0,0,0,0,0,0,0,0,0,0,0
596,118.989,133.708,137.694,144.533,148.512,141.037,134.526,126.295,116.012,106.34,96.5556,76.1706,56.1967,38.3569,26.7171,20.0234,15.8685,13.2837,13.8004,16.8078,23.8758,35.5486,45.7463,56.4132,72.0134,99.4998,132.043,177.666,209.873,246.899,291.983,332.166,418.038,504.086,619.126,714.605,761.493,801.172,878.487,910.546,931.524,903.615,924.463,945.679,970.132,944.788,686.515,507.149,0,0,0,0,0,0,0,0,0,0,0,0,0
596.5,114.681,129.148,131.42,138.61,143.06,136.464,129.581,120.739,111.217,101.476,92.5859,72.3585,53.4789,36.2053,25.7193,19.2847,15.2959,13.0182,13.5659,16.4856,23.0502,34.3583,42.7588,54.5409,70.1378,94.8075,126.797,171.266,201.369,237.904,276.48,320.065,402.353,488.258,593.296,685.542,726.69,764.878,840.944,864.583,889.96,865.765,883.48,911.784,925.92,908.217,652.023,472.734,0,0,0,0,0,0,0,0,0,0,0,0,0
597,110.286,123.923,126.518,135.1,136.83,132.344,124.085,116.152,106.709,98.0864,88.6616,69.9793,51.293,34.81,24.93,18.4983,14.9869,12.7421,13.279,15.9636,22.5573,33.2292,40.8659,52.7141,67.9753,90.2328,121.705,164.136,192.958,225.91,263.8,307.873,383.125,466.822,564.276,658.178,693.377,732.113,807.42,827.927,850.878,826.214,844.678,879.648,894.202,870.134,612.775,437.72,0,0,0,0,0,0,0,0,0,0,0,0,0
597.5,106.352,117.807,123.06,131.749,132.155,126.703,118.865,111.228,101.324,94.6675,85.381,67.368,49.0323,34.2297,24.19,17.9993,14.6169,12.597,12.8719,15.4087,21.934,31.7453,39.4088,50.6127,65.1673,86.5428,117.266,158.289,185.558,215.637,251.158,294.51,365.864,448.661,539.665,624.624,660.298,707.094,772.496,783.298,816.615,789.971,810.32,845.167,865.813,829.792,583.763,406.301,0,0,0,0,0,0,0,0,0,0,0,0,0
598,102.159,113.436,120.282,127.52,127.078,120.816,114.459,106.781,98.1676,92.347,82.5961,65.46,47.6653,33.4544,23.2902,17.2309,14.4477,12.2885,12.56,14.9558,21.3125,30.4318,38.7088,48.5942,62.6169,83.3575,113.18,152.031,175.997,205.309,243.972,281.066,353.12,430.783,518.484,601.886,634.791,680.72,745.61,751.969,784.733,752.388,775.898,809.75,836.134,797.654,551.431,378.559,0,0,0,0,0,0,0,0,0,0,0,0,0
598.5,98.2013,109.913,117.092,122.158,123.284,117.061,111.129,102.999,94.455,87.9265,79.7759,63.3846,45.5792,32.7135,22.4133,16.9126,14.1945,11.8221,12.1256,14.4422,20.758,29.4971,38.3303,46.6811,60.6943,80.6663,109.147,146.473,170.67,199.577,232.713,268.762,342.819,414.248,503.46,579.017,614.407,663.828,716.203,727.496,756.339,727.376,741.251,769.676,802.817,762.078,524.807,352.868,0,0,0,0,0,0,0,0,0,0,0,0,0
599,95.1328,107.98,113.357,119.045,120.107,113.744,106.729,99.4632,92.5688,84.545,75.8338,61.4801,44.0059,31.8745,21.8221,16.6228,13.8626,11.655,11.8527,13.8389,20.0225,28.8053,37.292,44.4294,58.881,78.3068,104.659,141.49,163.575,193.354,225.678,261.895,331.354,400.314,488.026,562.505,593.693,636.817,687,706.377,727.551,700.125,704.675,734.912,776.706,728.936,505.258,326.152,0,0,0,0,0,0,0,0,0,0,0,0,0
599.5,91.8899,106.645,109.734,116.036,116.586,110.618,103.334,96.0667,88.7499,81.3035,72.9519,59.0346,42.1661,30.8556,21.5243,16.2532,13.5812,11.4337,11.6045,13.4779,19.4438,28.1816,36.102,42.9558,57.2127,75.8388,100.671,135.875,158.977,187.614,217.669,253.363,321.137,385.454,469.729,538.263,571.008,614.589,656.61,675.788,699.207,672.662,681.156,705.135,751.312,697.595,488.069,302.689,0,0,0,0,0,0,0,0,0,0,0,0,0
600,89.5426,103.689,106.57,112.873,111.273,105.541,99.6056,93.2616,86.9494,79.5689,70.6711,57.1129,40.9002,29.7842,21.1976,15.6181,13.3511,10.9768,11.2242,13.2002,18.8328,27.4548,35.173,42.0016,55.3987,73.6179,96.3991,131.187,152.988,179.72,211.263,245.074,308.832,375.054,452.73,513.406,551.786,596.523,635.446,650.837,673.245,650.095,659.754,681.244,732.932,673.853,469.228,282.763,349.136,0,0,0,0,0,0,0,0,0,0,0,0
600.5,86.4813,100.376,104.32,109.526,106.362,100.421,95.5398,90.796,83.8672,77.214,70.0219,54.6632,39.8031,28.6775,20.6989,15.2053,12.9375,10.6739,10.978,13.0379,18.4263,26.6717,34.2629,41.587,53.335,72.1017,93.1305,126.875,148.348,173.963,204.681,238.548,297.746,363.278,436.116,489.529,530.907,579.522,614.304,616.911,644.948,626.088,644.54,658.323,709.057,654.597,449.397,265.669,327.195,0,0,0,0,0,0,0,0,0,0,0,0
601,83.9191,96.9082,102.512,105.064,102.515,96.2538,93.4197,89.0187,82.1414,75.5545,67.3692,53.2771,38.6239,27.7827,20.2687,14.9004,12.5931,10.3114,10.6908,12.8073,17.9984,25.7924,33.65,40.797,51.0345,70.4347,90.8295,123.957,145.362,166.558,199.14,227.625,288.847,350.794,425.511,468.956,517.105,561.322,597.937,595.776,620.992,615.871,620.835,631.206,686.96,630.685,431.733,251.393,309.5,0,0,0,0,0,0,0,0,0,0,0,0
601.5,82.124,93.1621,100.18,101.6,99.9689,94.6153,91.5529,87.5734,78.3373,74.4127,65.6885,51.9001,37.7578,26.9549,19.8033,14.7506,12.1611,10.1339,10.5669,12.6311,17.8295,24.8847,32.989,39.7598,49.473,68.6966,87.3402,120.266,141.767,159.424,191.673,222.65,281.813,341.525,416.727,456.685,501.408,547.731,579.197,587.196,606.065,599.171,599.178,611.868,664.914,610.778,416.85,237.338,290.462,0,0,0,0,0,0,0,0,0,0,0,0
602,80.6113,90.5163,97.3102,98.4055,98.7383,94.0971,90.4271,84.5664,75.6343,72.4228,63.3115,50.8917,36.7408,26.4471,19.3933,14.7457,11.7428,10.1033,10.2967,12.4029,17.6231,24.3667,32.2312,39.0899,48.1733,67.1762,85.457,116.702,139.113,156.288,184.281,219.367,274.734,330.634,406.491,443.477,487.365,535.198,561.942,570.876,592.001,578.691,576.631,595.32,646.224,588.968,407.885,225.399,266.387,0,0,0,0,0,0,0,0,0,0,0,0
602.5,79.3807,87.9947,94.5879,96.0529,96.9685,92.3269,87.7028,82.3432,74.9284,71.2782,61.8208,49.7364,36.286,25.9034,18.9036,14.3675,11.4895,9.9574,10.0152,12.1571,17.1595,23.6889,31.4961,38.1206,46.4947,65.546,83.2857,112.709,135.44,150.8,176.664,216.426,268.505,321.2,395.518,427.997,471.711,521.255,541.329,560.485,577.162,562.837,564.421,581.05,627.519,574.831,395.577,214.127,247.02,0,0,0,0,0,0,0,0,0,0,0,0
603,78.1232,87.0025,92.8538,96.4334,95.1954,91.1791,85.0236,79.8742,74.2874,70.0411,59.9606,49.4382,35.3973,25.5231,18.5508,14.1018,11.2007,9.87798,9.83404,11.9163,16.7766,23.5932,30.7681,37.1208,45.4996,63.5082,82.3987,110.351,132.243,149.595,172.379,210.706,260.752,314.258,379.838,424.748,464.313,505.304,525.042,548.436,562.287,548.86,560.504,568.519,611.522,564.653,379.317,204.103,227.911,0,0,0,0,0,0,0,0,0,0,0,0
603.5,76.6392,86.5564,91.2178,94.9573,93.6805,88.4882,82.4949,77.3246,73.3538,68.952,58.3107,48.8627,34.5891,24.7618,18.1411,13.6651,11.0717,9.76102,9.74681,11.7598,16.4,23.2726,30.2763,36.1273,44.9273,62.1832,80.4058,106.954,128.785,144.619,170.827,203.561,253.27,306.563,369.501,410.157,454.934,490.584,509.496,540.707,551.141,531.621,544.056,551.602,593.835,544.503,364.404,197.333,212.49,0,0,0,0,0,0,0,0,0,0,0,0
604,75.1217,83.7258,89.9725,93.163,91.3256,86.5553,81.1976,75.2368,71.2839,67.5606,57.0443,48.1626,33.9908,24.0726,17.8628,13.4512,10.9924,9.61773,9.68228,11.6352,16.1769,23.0669,29.6952,35.3572,44.2117,60.1414,79.3458,104.91,125.668,141.803,167.974,197.657,245.337,301.925,358.684,404.736,444.258,473.364,498.183,526.049,536.388,518.38,532.957,540.487,580.07,530.623,351.008,189.006,198.271,0,0,0,0,0,0,0,0,0,0,0,0
604.5,73.1724,82.7127,88.7737,91.524,89.6295,84.0481,79.8443,73.8459,68.9134,65.6695,56.505,47.2592,33.6188,23.31,17.5989,13.3992,10.9082,9.50858,9.60043,11.5129,15.9907,22.5788,29.2383,34.7363,44.0511,58.4416,77.1265,103.045,121.997,139.238,164.177,192.275,239.681,290.945,350.18,396.281,433.945,461.463,490.233,512.293,524.787,505.572,521.44,523.323,565.083,514.526,338.922,181.741,179.982,0,0,0,0,0,0,0,0,0,0,0,0
605,70.9602,81.1452,86.9102,89.9892,88.0366,82.2124,78.3074,73.4978,67.4965,63.3781,55.0105,46.3971,33.5211,22.9637,17.3009,13.3224,10.7624,9.2574,9.57848,11.2353,15.8007,22.1885,28.5128,34.2512,43.3036,57.0374,76.0674,101.85,118.495,136.508,160.249,190.034,234.527,285.39,343.035,387.816,422.286,447.929,477.582,498.166,512.632,492.457,511.705,510.037,548.85,501.088,333.811,175.286,166.276,309.063,0,0,0,0,0,0,0,0,0,0,0
605.5,69.6547,80.7332,85.3967,86.7036,85.5323,81.5219,76.7306,72.2037,65.6765,61.4049,54.0598,45.5457,32.9582,22.5884,16.9795,13.2167,10.6568,9.11763,9.27631,10.9498,15.5823,21.7142,27.764,33.7626,42.7268,56.2091,74.0243,100.311,116.558,134.361,155.334,185.538,230.596,276.14,340.379,386.484,415.288,438.944,467.149,490.546,500.485,480.91,497.813,498.478,531.951,489.901,328.269,167.857,153.379,291.814,0,0,0,0,0,0,0,0,0,0,0
606,68.2562,78.9945,83.34,83.6369,84.2453,80.1303,76.183,71.6218,64.3601,60.4376,53.2127,44.6236,32.1167,22.4832,16.6195,12.992,10.5129,8.99024,9.13096,10.7528,15.2949,21.4309,27.3366,32.9328,41.7655,55.3689,72.1864,97.6647,114.346,131.428,153.196,178.85,223.89,270.956,331.093,382.173,408.341,427.548,458.162,480.993,492.031,472.53,486.945,483.819,514.669,482.643,322.713,161.891,142.899,272.926,0,0,0,0,0,0,0,0,0,0,0
606.5,66.875,77.4297,81.7455,82.2746,81.6058,78.9704,74.9722,69.9735,63.1099,59.1208,51.8354,43.8992,31.1503,22.0801,16.4503,12.7183,10.3596,8.90211,8.88538,10.6079,15.0433,20.9119,26.4335,32.1598,41.0467,54.3039,70.6158,95.038,112.623,128.504,149.294,174.723,216.298,263.572,324.398,373.68,398.79,420.708,443.095,467.759,481.773,459.271,477.782,472.822,503.132,477.622,319.541,156.953,134.678,254.678,0,0,0,0,0,0,0,0,0,0,0
607,65.2902,75.4901,79.8293,80.5097,79.8419,77.4772,73.4052,68.789,61.5777,57.7345,51.078,42.8497,30.3537,21.7944,16.197,12.535,10.1394,8.76684,8.827,10.5761,14.7575,20.4187,25.9382,31.2553,40.3907,53.0486,69.2729,93.6599,110.693,126.39,146.741,172.069,211.02,255.353,318.073,365.79,390.44,417.868,432.985,460.661,471.929,445.006,469.351,461.958,490.791,470.149,312.919,153.602,127.269,237.185,0,0,0,0,0,0,0,0,0,0,0
607.5,63.7845,73.444,78.5513,78.6917,79.0712,76.3607,71.1894,67.382,60.8193,57.2404,50.2105,41.8667,29.8695,21.3089,15.8922,12.2924,9.87753,8.58019,8.752,10.5107,14.5592,19.9869,25.2578,30.493,39.2672,51.7766,68.3815,91.3891,108.104,124.302,142.876,169.987,206.221,254.554,312.29,356.504,379.766,408.144,424.663,452.259,463.64,437.352,457.966,457.803,479.783,463.296,305.575,150.463,120.462,219.261,0,0,0,0,0,0,0,0,0,0,0
608,62.2073,72.137,76.8835,77.3106,78.0982,74.597,69.7154,66.0168,59.8521,56.3684,49.6829,40.8684,29.8529,20.6334,15.5714,12.1184,9.77128,8.45754,8.68587,10.4202,14.2292,19.6531,24.8295,30.1294,38.3411,50.3145,66.7577,88.7016,105.308,122.612,138.367,167.824,205.041,249.383,308.191,349.323,372.65,399.642,418.212,445.652,455.388,433.757,450.171,448.316,471.595,448.419,297.677,146.982,114.248,202.817,0,0,0,0,0,0,0,0,0,0,0
608.5,61.0562,70.86,75.464,74.6909,77.9016,73.4474,69.0855,64.7613,59.1431,55.3445,48.5279,39.8267,29.5117,20.1537,15.3612,11.8084,9.68683,8.34957,8.6367,10.2295,13.8941,19.2425,24.3034,29.7067,36.9308,49.2284,65.9968,86.9335,103.064,118.942,137.102,164.453,203.465,246.7,300.343,343.004,363.58,387.521,412.094,439.462,445.015,430.139,435.729,443.166,462.09,439.64,292.251,143.284,109.865,185.715,0,0,0,0,0,0,0,0,0,0,0
609,59.2621,68.8706,74.4336,74.0974,75.8026,70.7685,68.6439,63.3899,58.2782,53.9152,47.8969,39.1823,28.8522,20.192,15.1416,11.6038,9.71511,8.28977,8.43826,10.0658,13.6869,18.9952,23.9914,28.8297,36.2961,48.6051,64.9745,85.1014,100.914,116.929,134.537,162.478,201.313,245.977,294.348,336.348,357.261,381.822,402.985,432.638,435.428,424.619,427.375,429.175,453.787,429.868,286.901,139.643,106.031,170.358,0,0,0,0,0,0,0,0,0,0,0
609.5,57.9651,67.4411,73.1052,73.0948,73.0525,69.8397,67.9296,62.3724,57.3148,53.0343,47.2477,38.5307,27.9004,19.7332,14.9472,11.4408,9.52899,8.09755,8.37481,9.87684,13.47,18.493,23.54,28.2608,35.5765,47.8803,63.9157,83.4404,99.6855,114.569,132.207,160.795,197.009,241.196,287.341,328.28,349.92,371.509,398.882,420.067,426.536,418.103,416.792,426.218,445.34,424.664,280.433,136.585,102.273,156.267,0,0,0,0,0,0,0,0,0,0,0
610,57.1023,66.2687,71.9785,72.9419,71.8995,68.2822,66.9847,61.3536,56.5124,52.0805,46.2739,38.3131,26.8777,19.9537,14.6796,11.4045,9.49043,8.08441,8.22475,9.73991,13.2596,18.1263,23.0417,27.869,35.3122,46.7564,63.2465,81.7554,98.1493,111.43,129.175,159.365,193.421,235.353,283.129,319.215,343.143,363.784,391.948,413.024,418.715,408.417,411.469,420.609,437.271,416.666,275.932,133.039,98.7441,142.13,275.152,0,0,0,0,0,0,0,0,0,0
610.5,56.3629,65.6005,70.7561,71.7384,70.2411,68.7294,65.6162,60.2846,54.6917,50.9278,45.5508,37.8104,26.5211,19.2184,14.497,11.2948,9.28106,7.77189,8.0869,9.5654,12.9247,17.8884,22.5548,27.36,34.4529,46.0563,61.8862,79.4933,95.7246,108.544,126.434,157.608,188.755,230.89,278.286,312.902,338.818,353.6,383.937,404.708,414.521,403.411,404.916,415.331,427.169,409.305,270.951,130.287,94.3465,131.137,262.625,0,0,0,0,0,0,0,0,0,0
611,55.8951,64.0857,69.1718,71.3926,70.261,67.8709,63.7002,59.2413,53.5861,49.7531,44.2843,37.1765,26.293,18.8776,14.3378,11.1224,9.14582,7.74258,7.9686,9.37653,12.649,17.3167,21.938,26.9532,33.7717,44.9215,60.8218,78.6064,93.694,105.446,122.864,154.682,184.905,225.196,275.149,306.03,331.764,347.075,376.391,397.802,407.645,395.245,403.887,407.273,414.955,401.644,267.275,126.588,90.3191,120.701,249.924,0,0,0,0,0,0,0,0,0,0
611.5,55.2545,63.4558,68.038,70.5554,70.4917,67.1941,62.5335,57.9601,52.3942,48.3395,43.2937,36.4125,26.0114,18.513,14.1386,11.1157,8.98317,7.63146,7.87208,9.15427,12.3973,17.0126,21.7447,26.4949,33.0152,43.6691,59.5554,77.5898,91.9062,104.352,121.062,151.658,181.026,221.352,270.027,298.682,327.56,336.182,368.165,383.533,399.087,386.729,394.103,398.834,403.193,391.644,262.377,122.763,86.5634,113.825,234.043,0,0,0,0,0,0,0,0,0,0
612,54.6613,61.9056,66.4688,69.6819,69.6021,66.1575,60.9732,56.2238,51.7942,47.7891,43.0476,35.8439,25.8521,18.6624,14.007,10.9866,8.82136,7.6097,7.80841,9.06856,12.1429,16.8203,21.5974,25.9374,32.8441,42.5869,58.3219,76.3831,89.3233,102.709,120.432,148.838,177.314,218.783,264.926,294.418,322.143,330.13,361.209,375.088,393.661,379.754,386.296,393.776,397.879,383.399,257.719,120.579,83.8199,105.734,218.454,0,0,0,0,0,0,0,0,0,0
612.5,53.951,60.5507,65.424,67.856,67.3127,64.5847,60.3734,55.5295,51.126,47.2625,41.9657,34.2901,25.477,18.416,13.7784,11.0085,8.80866,7.47701,7.61676,8.92993,11.9514,16.464,21.337,25.3849,32.6036,41.7699,57.3643,74.4266,87.9529,101.393,119.281,145.306,174.482,214.034,261.73,290.765,314.704,327.471,352.491,366.892,384.585,370.729,376.139,389.509,394.899,374.767,252.105,119.133,81.17,100.297,202.539,0,0,0,0,0,0,0,0,0,0
613,53.1213,59.0814,63.994,66.8304,65.1547,63.4488,59.0142,54.3101,50.7052,47.5785,42.0123,33.2174,25.2277,18.1879,13.6026,10.6518,8.56234,7.35253,7.50593,8.8177,11.6899,16.0775,21.1604,25.0005,31.5882,41.1773,56.2419,72.516,86.0124,99.729,117.111,141.73,171.796,207.377,257.685,285.207,309.238,321.143,344.408,367.884,376.239,361.747,367.384,383.899,386.576,367.335,245.527,118.913,79.5831,94.9398,186.039,0,0,0,0,0,0,0,0,0,0
613.5,51.9115,58.4766,62.7519,64.8373,63.8202,61.4416,58.072,53.6369,50.3807,46.9435,41.3038,32.9796,25.0756,17.7306,13.4722,10.2747,8.49384,7.14667,7.39202,8.56231,11.4728,15.8949,20.6292,24.5073,31.2832,40.823,55.0002,70.8745,83.6823,97.8261,115.279,138.516,170.21,203.921,254.364,282.843,303.807,319.491,337.114,362.191,369.359,355.648,361.474,375.508,376.492,359.656,241.103,116.902,77.7701,90.53,171.369,0,0,0,0,0,0,0,0,0,0
614,51.1971,57.8689,61.2334,63.6084,63.6833,59.3951,57.6894,52.7732,49.9676,45.959,40.6371,32.9569,24.9568,17.2698,13.3218,10.1221,8.41092,7.11483,7.44303,8.36224,11.2987,15.5811,20.4567,24.2286,30.554,39.7096,53.7742,69.6001,82.5099,96.9512,111.792,134.997,166.465,199.042,250.316,278.964,296.694,315.346,332.46,354.818,361.601,352.711,356.117,366.783,371.882,351.777,236.134,115.032,76.1954,86.3426,157.519,0,0,0,0,0,0,0,0,0,0
614.5,50.5822,57.7942,60.8324,63.2639,63.5533,58.5965,56.7723,51.707,49.6337,44.5544,40.1162,33.5609,24.786,17.2741,13.1921,10.0908,8.49086,7.05099,7.42381,8.24519,11.3096,15.7193,20.1069,23.7309,29.9411,39.4308,52.4547,69.1379,81.1427,96.0679,111.116,132.73,162.582,197.552,246.414,271.917,292.435,309.357,331.653,350.412,355.441,348.075,351.207,360.854,367.839,346.161,230.523,112.84,74.9051,82.5131,144.922,0,0,0,0,0,0,0,0,0,0
615,50.2928,57.9405,60.1887,62.8531,62.9472,58.1183,55.9683,51.32,49.2629,43.294,39.4566,32.9399,24.6989,17.2571,12.8975,10.3092,8.51819,7.0795,7.35094,8.28615,11.2209,15.7557,19.8891,23.3032,29.4011,38.5587,51.362,68.2472,80.5559,94.416,108.981,131.708,158.398,192.319,240.746,265.428,287.49,306.957,326.958,344.714,348.646,341.593,346.012,354.583,366.927,343.34,227.616,111.127,74.5262,79.4863,135.048,259.209,0,0,0,0,0,0,0,0,0
615.5,50.1565,57.62,60.6606,63.0839,62.2802,57.6214,55.1657,50.8169,48.8716,42.4735,39.4904,32.3644,24.5164,17.4398,12.8392,10.3647,8.36875,7.13798,7.20216,8.14441,11.1371,15.4491,19.6157,22.9453,28.0641,38.5612,50.8141,66.6665,80.1574,93.2374,107.317,129.946,155.197,189.824,237.778,260.159,281.865,300.702,324.423,341.484,346.203,334.331,341.768,350.092,363.807,340.661,222.183,109.523,73.8353,75.6103,124.939,247.432,0,0,0,0,0,0,0,0,0
616,49.6359,57.2665,59.646,61.3505,61.8879,57.5034,54.1509,49.5079,48.03,42.2329,39.1086,31.1726,24.4548,17.3086,12.699,10.3544,8.21723,7.21684,7.16978,8.03599,11.0774,15.0919,19.2054,22.7648,27.7475,37.6158,50.5273,65.9117,79.1666,91.3835,106.447,128.121,153.006,188.598,234.055,255.9,278.481,295.683,321.283,336.722,341.551,327.837,339.228,347.154,359.775,337.173,218.194,108.354,73.6662,73.5124,116.69,234.379,0,0,0,0,0,0,0,0,0
616.5,49.1979,56.9086,59.2132,61.292,60.8696,57.8873,53.9203,49.6613,47.6521,42.5467,39.019,31.1125,24.4875,17.1753,12.4353,10.2874,8.23706,7.26444,7.07154,8.04865,11.0123,14.8021,18.9848,22.5668,27.3601,37.1357,49.1847,65.3692,77.3087,90.7806,105.593,125.723,153.816,186.052,231.907,254.858,274.323,292.022,316.922,331.682,338.567,324.509,337.503,340.604,351.561,331.632,216.123,107.057,72.5596,72.5025,108.996,220.969,0,0,0,0,0,0,0,0,0
617,48.8672,55.7799,58.9368,60.5551,60.119,58.0177,53.8754,49.1276,46.7843,42.1416,38.2756,31.3247,24.217,16.8374,12.4084,10.1821,8.23209,7.23912,7.02129,7.98102,10.8123,14.5843,18.6945,22.3305,27.4403,36.8364,48.194,64.9264,76.3698,89.8026,105.157,121.445,152.645,183.675,229.754,252.847,269.051,290.584,315.878,327.714,334.298,322.085,335.947,338.292,345.007,329.541,214.619,107.103,72.1588,71.7186,102.816,207.672,0,0,0,0,0,0,0,0,0
617.5,48.9429,55.4114,58.2109,60.3893,59.8828,58.2465,53.5194,49.1571,46.9413,42.0059,37.8844,31.5936,24.202,16.7014,12.3234,10.0699,8.27527,7.25461,6.99866,8.06148,10.787,14.644,18.4977,22.0316,27.0947,36.6714,47.5112,64.3993,75.8581,89.5964,104.357,120.05,152.04,182.462,227.986,249.187,267.398,287.975,314.937,325.582,330.227,320.446,332.933,334.228,341.806,326.415,211.783,106.058,71.5373,70.613,97.4696,194.07,0,0,0,0,0,0,0,0,0
618,48.7907,55.3478,58.5016,59.0002,59.6279,58.2556,53.5637,49.2066,46.3028,41.9843,37.7915,32.0576,24.1145,16.518,12.4754,10.0092,8.33152,7.14009,7.03188,8.06422,10.7423,14.6427,18.4226,22.0304,27.018,36.9428,47.0548,63.7432,75.3942,89.73,103.705,119.443,150.454,180.742,226.045,248.656,264.949,285.865,312.429,322.94,326.015,317.677,329.403,334.636,342.885,329.544,209.183,105.987,72.0695,69.5765,94.0987,181.811,0,0,0,0,0,0,0,0,0
618.5,48.9155,55.201,58.0662,59.1037,60.052,58.4748,53.5148,48.8447,45.9694,42.082,37.9594,31.9082,23.9035,16.7632,12.6489,10.0179,8.34685,7.08457,7.0437,7.95665,10.5899,14.5909,18.2059,21.8022,26.8051,36.4792,46.8193,63.4977,75.2597,89.095,102.301,114.753,148.861,180.529,223.594,246.382,265.958,285.227,309.248,321.26,324.267,317.643,321.773,336.199,345,327.72,205.997,106.086,72.7118,68.7886,91.7499,169.545,0,0,0,0,0,0,0,0,0
619,48.7915,55.6991,58.5935,59.8223,59.9844,58.7393,53.5526,48.9624,45.966,41.7169,38.1151,31.736,23.9324,16.9861,12.7331,10.0337,8.41739,7.10808,7.01629,7.97591,10.5606,14.7066,18.0294,21.7848,26.478,36.6692,46.7231,63.7987,74.7917,88.9644,101.832,114.297,148.778,178.928,222.911,245.252,265.761,284.479,304.684,320.128,324.364,312.982,320.373,336.532,340.813,328.232,204.788,104.825,74.1993,68.729,89.7387,158.686,0,0,0,0,0,0,0,0,0
619.5,48.96,55.7571,58.6347,60.4226,60.1714,59.094,53.5549,49.2025,45.524,42.0064,37.7659,31.3828,23.9047,17.0914,12.7926,10.1575,8.52576,7.18307,7.09575,7.91431,10.4386,14.6394,18.2518,21.658,26.6417,36.3322,46.9357,63.8955,75.058,89.174,100.973,115.784,147.845,180.089,222.798,247.455,267.013,282.475,302.046,319.991,324.421,313.672,316.584,337.376,340.648,324.355,205.682,105.146,75.6745,68.8105,87.7982,148.652,0,0,0,0,0,0,0,0,0
620,48.9659,55.7607,59.0221,61.3986,60.5124,59.3187,53.6715,50.0486,45.4233,42.3766,37.056,31.289,24.1071,17.2156,12.8365,10.2464,8.49602,7.16894,7.05613,7.99276,10.546,14.5257,18.3486,21.7873,27.1555,36.1718,47.1685,63.6743,75.6122,89.5058,101.708,119.091,145.395,180.045,222.562,248.109,267.029,284.464,300.157,319.946,322.432,314.847,323.046,340.952,339.365,322.654,207.294,105.083,76.9871,69.546,85.9776,140.357,251.269,0,0,0,0,0,0,0,0
620.5,49.9946,59.4303,62.8192,65.2061,64.1859,62.1233,56.3257,51.3158,48.1779,42.8591,38.3731,30.6269,22.9317,15.8611,11.6966,9.2799,7.351,6.18342,5.86882,7.02012,9.53738,13.0661,17.4165,21.2254,26.759,35.6382,47.8499,62.6856,76.9185,88.6897,104.59,124.031,150.308,178.642,229.116,257.474,268.404,282.436,308.887,327.325,336.721,326.873,332.889,344.61,352.897,332.719,208.364,112.699,76.6243,74.7464,84.0958,133.331,242.523,0,0,0,0,0,0,0,0
621,50.3194,60.5892,63.9879,65.9249,64.6327,62.5754,56.8751,51.9437,47.996,42.9133,38.8954,30.6269,22.7851,16.2906,11.7766,9.40438,7.39003,6.26657,5.96044,7.07182,9.47646,13.0819,17.5557,21.2322,26.7969,35.7625,48.349,64.516,77.8053,87.9153,105.195,125.3,152.01,181.182,228.908,258.92,271.516,286.652,311.738,330.363,335.366,326.836,335.109,346.642,355.431,332.249,211.258,114.827,79.0607,76.3859,83.0838,125.709,234.181,0,0,0,0,0,0,0,0
621.5,51.4802,61.0014,64.5264,66.5637,65.7243,62.895,57.4998,52.719,48.2032,43.3781,39.273,30.6726,23.0341,16.6989,11.9618,9.55327,7.35602,6.32024,6.02608,7.09437,9.48913,13.2684,17.7029,21.5558,27.1851,35.9536,48.4534,65.335,77.732,88.6637,105.058,127.289,153.002,183.018,230.949,261.355,274.301,291.884,314.042,331.208,334.972,328.351,337.291,350.852,360.594,330.051,214.221,116.209,79.7586,77.7868,83.2366,121.226,225.215,0,0,0,0,0,0,0,0
622,53.1017,61.928,65.0595,67.8962,66.5932,64.035,58.2598,53.1802,48.6272,43.9664,40.1204,31.2168,23.2649,16.8678,12.2329,9.60608,7.38527,6.45396,6.17584,7.14212,9.56121,13.4837,17.689,21.7124,27.375,36.4677,49.2295,66.1304,78.4278,89.6277,105.745,128.613,154.077,185.511,231.557,262.32,278.979,297.344,315.196,335.286,333.216,327.62,340.138,355.276,360.223,328.654,217.821,118.044,82.9736,79.8482,85.7839,116.317,219.92,0,0,0,0,0,0,0,0
622.5,54.3971,62.8315,65.1138,68.8169,67.872,64.4189,59.5489,54.292,49.5503,44.9867,40.8858,31.8901,23.6481,17.3679,12.5139,9.80141,7.58231,6.56574,6.26932,7.12368,9.70636,13.6948,17.7498,21.779,27.7543,36.975,49.6733,66.0692,79.1788,90.3365,106.156,130.352,155.481,187.791,231.487,264.494,280.164,303.866,317.038,339.701,334.504,331.593,343.183,358.228,366.522,333.598,220.731,120.316,85.9837,82.4028,88.0361,114.262,210.758,0,0,0,0,0,0,0,0
623,55.697,64.173,67.4318,70.6989,69.3944,65.3925,60.2589,55.4237,50.9036,45.9867,41.7193,32.8128,24.5047,17.8378,12.8021,10.0441,7.85981,6.58752,6.2694,7.24712,9.77691,13.9124,17.8752,22.0585,28.0148,37.2101,50.5208,66.6627,79.7308,92.0122,107.479,132.543,156.988,190.648,233.634,267.603,285.211,303.929,322.6,345.964,338.815,336.076,346.734,360.679,368.039,337.927,223.541,123.689,90.2161,85.6298,90.4952,113.146,201.716,0,0,0,0,0,0,0,0
623.5,57.3633,66.5048,69.4486,72.0793,70.7989,66.8878,61.4179,57.7593,51.663,47.1856,42.3347,33.8972,25.0694,18.5065,13.081,10.3129,8.09925,6.72749,6.38057,7.2061,10.0156,14.0229,17.9012,22.1983,28.7948,37.7255,51.2712,67.5528,80.1749,93.2487,108.559,135.061,157.7,194.201,237.271,271.096,289.321,307.958,328.439,351.904,349.361,344.809,349.999,363.167,375.495,351.145,228.108,127.479,94.1744,90.389,93.3015,113.057,194.74,0,0,0,0,0,0,0,0
624,58.6283,69.0832,71.651,73.6448,73.0621,69.4088,63.1784,59.1815,52.5068,48.5883,42.7889,34.7355,25.805,19.0098,13.5224,10.7305,8.34283,6.9072,6.44464,7.30692,10.1313,14.3287,18.3128,22.4637,29.1152,38.3616,51.8052,68.5061,81.2025,95.0743,109.463,137.367,159.468,199.047,243.822,273.811,294.282,314.482,335.593,359.764,356.811,350.982,357.8,367.753,379.527,360.525,232.084,131.997,98.1035,94.9003,96.6373,116.83,183.089,0,0,0,0,0,0,0,0
624.5,60.4267,72.0706,73.786,75.2444,75.9331,72.0267,65.0572,61.0338,53.6343,49.1788,43.6491,35.5555,26.7884,19.5356,14.1224,11.0403,8.55762,7.16235,6.63108,7.48964,10.4203,14.6083,18.7339,22.7977,29.7996,39.2469,52.9386,70.4373,83.8537,97.9682,112.219,140.813,159.546,204.47,246.628,278.125,299.931,323.977,343.005,365.025,361.709,358.041,367.432,375.57,387.922,369.063,239.688,136.721,104.338,100.418,102.365,120.108,176.445,0,0,0,0,0,0,0,0
625,62.0302,74.5185,76.3311,77.874,79.4471,75.2531,67.8079,63.0003,55.6084,50.5605,44.7223,36.6931,27.788,19.9063,14.7849,11.5178,8.80669,7.60562,6.94807,7.71694,10.8962,14.9424,19.208,23.2391,30.2014,40.6925,54.1909,72.2802,86.5048,100.808,114.667,144.155,162.844,210.938,247.898,283.485,305.987,330.308,352.752,373.327,369.506,369.601,375.856,385.642,396.468,376.744,248.263,141.732,111.182,106.549,107.737,124.946,174.627,278.075,0,0,0,0,0,0,0
625.5,64.7423,76.2753,79.8816,80.533,81.7979,78.6919,69.6523,65.1668,58.9199,51.2377,46.545,37.8186,28.633,20.6476,15.3967,11.9645,9.24474,7.86698,7.17333,8.12054,11.2518,15.3198,19.6843,24.1869,31.1543,41.9245,56.0071,74.553,89.4063,104.269,120.063,147.917,168.786,215.955,253.303,286.108,315.183,339.025,362.3,380.566,375.237,376.071,388.621,398.364,409.881,389.048,261.079,147.761,117.891,113.775,113.674,130.555,174.385,275.527,0,0,0,0,0,0,0
626,67.1248,79.1813,84.1853,84.3859,84.8683,81.6949,72.2008,67.8549,62.1536,53.3987,48.318,39.6002,29.5148,21.5234,15.9627,12.4703,9.55108,8.1674,7.32945,8.39133,11.6389,15.8255,20.2101,24.8122,32.0348,43.253,57.8731,76.6097,90.638,107.341,120.992,151.43,176.139,220.76,260.219,297.013,326.789,347.352,373.951,388.309,387.854,393.309,393.518,416.273,421.088,403.927,272.565,155.71,124.117,121.611,120.098,137.059,173.646,271.846,0,0,0,0,0,0,0
626.5,70.6079,82.5535,88.9393,88.6436,88.1807,84.9473,75.8249,70.2702,64.0774,55.9815,50.8168,41.2118,30.9839,22.4668,16.5064,13.0641,10.106,8.45476,7.56681,8.6873,11.8829,16.1424,20.8765,25.5784,32.8844,44.4347,59.7002,78.5125,94.2112,109.649,124.889,156.412,184.525,228.133,271.381,300.392,337.506,358.19,386.86,404.167,405.653,404.194,406.72,429.996,441.302,419.433,282.395,165.951,130.436,130.715,127.992,143.648,175.363,273.467,0,0,0,0,0,0,0
627,73.8474,86.9843,93.192,93.1359,92.7529,88.5808,79.1231,72.9088,66.3841,58.851,53.3074,42.9207,32.9383,23.4375,17.2563,13.6039,10.5717,8.74149,7.82729,8.91482,12.3146,16.6743,21.5091,26.5551,34.4083,45.6597,61.6989,80.6388,97.2948,113.784,128.07,161.689,189.241,235.121,283.288,316.382,350.199,372.685,397.819,416.705,423.927,415.265,413.832,445.9,458.431,437.848,295.899,175.951,137.698,140.055,137.161,151.64,176.463,274.009,0,0,0,0,0,0,0
627.5,77.9569,91.9198,97.5033,97.6255,96.998,91.5525,82.5957,75.386,68.1866,62.0948,56.2636,45.0275,35.0504,24.6891,18.2226,14.0828,11.0951,9.05919,8.12645,9.14583,12.7461,17.1035,22.257,27.5782,34.8167,47.1567,63.137,83.6572,100.375,118.094,133.014,168.329,193.177,243.723,293.433,331.825,364.558,388.731,410.082,436.397,445.144,431.703,433.543,459.594,482.869,451.499,309.197,187.809,150.238,149.535,148.394,158.826,182.408,275.558,0,0,0,0,0,0,0
628,82.653,97.1303,102.552,103.758,101.818,96.9865,86.3075,79.4572,71.4237,64.9939,58.7732,46.8166,36.8754,26.0925,19.094,14.6267,11.602,9.48943,8.53589,9.47868,13.1346,17.8361,22.9673,28.6084,36.6907,48.8477,65.5438,86.9982,103.135,123.791,140.97,175.211,199.612,256.931,300.665,340.244,379.981,405.423,429.475,451.632,462.353,448.909,451.831,476.505,507.283,468.807,323.032,201.259,160.706,159.821,159.899,167.586,190.151,276.447,0,0,0,0,0,0,0
628.5,87.3259,102.145,107.717,108.144,107.134,102.999,90.8528,84.1911,75.7077,68.3455,61.3626,49.7076,38.5579,27.8061,20.091,15.2514,12.0901,9.94076,8.98732,9.66877,13.4945,18.571,23.7828,29.6023,37.8576,51.1338,67.8465,89.6149,106.518,127.901,146.169,181.967,208.033,262.958,316.068,354.241,395.639,424.178,450.488,470.948,482.147,471.094,483.192,494.564,526.335,483.815,336.679,215.193,174.397,171.259,172.452,176.695,200.139,276.809,0,0,0,0,0,0,0
629,92.1751,106.603,113.248,114.088,113.861,109.769,96.7224,89.277,78.1667,71.3101,64.6998,52.516,39.8929,29.676,20.9277,16.0222,12.7456,10.4084,9.46608,10.2289,13.7765,19.2664,24.6818,30.8851,39.1039,52.5296,70.9077,92.6175,111.164,133.402,154.79,189.096,221.952,274.318,329.672,365.946,413.577,441.757,470.918,488.059,499.092,492.124,506.506,515.459,551.879,503.066,353.471,230.471,187.935,185.01,186.264,187.211,210.029,280.817,0,0,0,0,0,0,0
629.5,97.0624,111.857,119.368,120.689,121.313,111.502,102.434,94.0983,82.3142,74.2084,68.351,55.9092,41.3043,31.5264,22.0074,16.6989,13.3872,11.0711,9.93379,10.7458,14.2006,19.7842,26.0178,32.3356,40.711,55.0146,74.7114,97.2311,115.36,139.576,160.143,196.575,235.853,283.394,343.2,385.294,429.702,463.518,491.596,512.994,521.768,516.175,528.874,538.499,569.098,526.666,372.961,245.518,201.352,200.616,200.656,199.431,218.634,284.629,0,0,0,0,0,0,0
630,102.585,117.082,125.976,127.545,127.59,116.359,109.315,98.9301,84.7976,78.5789,72.0799,58.3905,42.9262,33.1423,23.0803,17.4544,14.0723,11.5555,10.4111,11.2063,14.8651,20.535,26.6277,33.5819,42.6126,57.5696,78.3407,101.617,121.568,145.752,168.824,204.344,249.773,295.298,362.338,409.215,449.121,484.206,511.253,539.576,545.81,537.013,553.615,562.862,593.382,547.057,387.964,260.056,214.522,214.167,214.951,213.045,231.251,286.634,393.113,0,0,0,0,0,0
630.5,107.791,122.646,132.699,134.944,133.878,121.354,115.816,103.783,89.8056,83.1131,75.9791,60.7029,44.8448,34.8369,24.3323,18.3087,14.7275,12.1539,10.913,11.825,15.7377,21.6369,27.353,34.5724,44.1936,59.8346,81.8256,106.179,127.073,153.044,173.545,212.428,259.931,311.222,378.543,424.528,470.556,503.204,535.264,565.02,565.948,565.573,581.998,592.996,621.807,575.432,411.216,277.646,228.141,226.993,228.879,227.807,239.084,290.579,398.255,0,0,0,0,0,0
631,112.239,129.228,139.349,141.462,139.516,128.011,120.074,108.2,94.7231,86.8927,80.1788,62.4166,46.4185,36.2963,25.6541,19.0653,15.4785,12.6769,11.3558,12.1971,16.43,22.5659,28.245,35.7405,46.2683,63.0101,85.7414,111.038,133.513,160.405,180.742,222.417,267.633,323.356,395.814,446.777,488.768,522.501,557.592,589.697,591.151,594.299,608.01,612.867,653.424,609.226,430.728,294.716,240.092,239.505,244.555,242.433,251.656,298.593,403.451,0,0,0,0,0,0
631.5,117.003,135.084,145.814,149.896,145.559,136.403,123.783,113.062,101.1,91.1511,83.3759,65.2035,49.0215,37.938,26.8927,20.0852,16.2417,13.0975,11.7272,12.8832,16.903,23.684,29.4982,37.0374,47.8447,65.4241,89.9782,114.96,139.721,166.398,187.578,234.224,278.561,337.399,418.082,461.496,510.292,542.543,585.152,618.118,619.682,619.766,635.866,646.731,693.128,644.555,456.095,312.031,254.605,254.292,259.881,259.341,263.728,308.732,409.806,0,0,0,0,0,0
632,120.375,142.592,152.906,153.406,153.238,143.104,129.561,117.7,106.775,94.4225,86.8937,68.7338,51.468,39.4209,28.118,21.2263,16.8227,13.5038,12.1939,13.4116,17.3894,24.1851,31.0518,39.0548,49.8968,67.3664,93.4871,119.699,145.295,171.661,200.989,243.437,290.417,348.526,436.289,481.145,530.991,565.199,612.544,646.239,646.304,648.438,667.193,677.235,730.216,679.553,474.132,329.093,271.337,274.002,276.986,269.185,278.45,320.844,414.818,0,0,0,0,0,0
632.5,125.388,148.588,158.756,158.764,159.923,147.983,135.721,122.699,112.243,98.6427,90.6592,72.2142,54.3685,40.9183,29.6095,22.2921,17.3826,13.8419,12.6271,13.7837,18.103,24.9133,32.2806,40.4749,51.7688,69.6979,96.9964,125.616,151.396,178.196,209.319,254.264,304.942,361.139,456.229,503.464,548.807,589.889,640.296,672.097,678.068,661.717,695.491,705.619,757.47,710.657,495.236,342.009,290.518,292.313,292.435,283.292,291.246,331.575,421.475,0,0,0,0,0,0
633,131.68,155.805,166.008,165.436,167.539,153.458,142.37,126.676,116.1,103.797,94.8456,74.4772,56.4291,42.5637,30.9039,23.3753,17.8266,14.3706,13.1766,14.3518,19.0534,25.6727,33.6817,41.8137,54.1149,72.2422,99.1955,129.884,157.984,184.346,219.686,261.611,323.404,377.958,469.112,521.112,567.858,610.381,669.919,702.569,698.356,688.732,725.752,731.562,783.391,738.879,514.96,355.868,308.259,306.781,307.569,296.337,303.005,339.239,428.089,0,0,0,0,0,0
633.5,137.664,161.874,171.276,172.652,173.153,160.021,146.687,131.706,118.963,108.282,99.1312,77.6737,58.8315,44.3509,32.2039,24.535,18.5247,14.9863,13.6265,14.7362,19.5783,26.5103,34.5341,43.3599,55.5335,75.3946,102.21,133.339,164.041,191.271,226.893,269.652,336.639,391.873,483.481,538.769,584.846,628.342,698.213,728.432,719.477,714.172,751.424,753.46,803.616,771.414,538.334,367.049,321.888,320.632,320.087,311.903,317.14,349.788,429.084,0,0,0,0,0,0
634,146.386,168.57,177.827,179.411,180.896,168.962,150.609,136.715,123.332,113.923,102.513,79.9604,61.054,46.0074,33.7035,25.4081,19.0577,15.4771,14.0745,15.3211,20.4658,27.5708,35.6298,45.1439,57.1446,78.152,105.122,135.7,170.585,196.46,232.491,278.376,346.895,408.07,499.526,560.538,597.681,656.393,722.972,752.589,745.331,737.037,776.206,772.829,824.504,795.577,556.402,381.069,333.3,331.165,334.218,323.564,330.365,362.772,432.148,0,0,0,0,0,0
634.5,153.559,175.769,181.008,185.982,187.029,177.859,156.993,142.585,127.26,118.244,105.484,82.9203,63.5441,47.9004,34.9987,26.4271,19.7395,15.9846,14.4774,15.9134,21.1425,28.3312,36.861,46.6134,59.1776,78.9874,108.585,140.607,175.934,202.246,240.227,286.682,358.827,423.434,513.66,578.611,615.486,674.158,743.23,774.661,773.697,754.544,797.887,796.438,841.036,817.359,578.999,396.959,342.768,342.927,344.692,333.645,346.338,372.671,434.734,0,0,0,0,0,0
635,160.692,181.332,187.401,193.44,194.196,183.399,164.54,147.747,132.149,122.388,108.512,85.3946,65.1249,49.4136,36.3161,26.9634,20.1584,16.4363,14.861,16.4425,21.7935,29.2802,38.0929,48.0159,61.3192,80.903,112.359,144.633,180.985,205.552,245.822,295.093,367.999,439.35,531.895,598.626,635.565,696.663,763.398,799.757,798.674,775.183,807.223,818.886,864.018,843.908,603.086,411.511,351.163,356.502,358.63,341.354,359.003,383.123,439.535,525.313,0,0,0,0,0
635.5,166.128,186.364,194.149,197.729,202.046,189.849,171.282,151.486,137.329,126.222,111.665,86.9683,67.1787,50.7287,37.0912,27.4436,20.7293,16.8559,15.075,16.7333,22.4415,30.1393,39.4722,49.1586,63.3739,83.1039,114.762,151.141,186.423,210.652,252.75,298.406,378.378,450.495,549.325,615.063,657.559,713.825,785.908,823.655,821.979,793.612,822.085,844.446,891.685,873.468,621.275,426.497,359.777,368.471,370.858,352.45,372.634,389.721,445.034,530.19,0,0,0,0,0
636,169.799,190.364,200.449,203.53,205.981,195.943,175.503,156.356,140.605,130.046,114.377,89.7009,68.8836,51.4943,37.8632,28.5094,21.3825,17.3065,15.4913,17.1432,23.0938,30.8979,40.4318,50.356,64.6418,86.6796,115.927,156.312,192.152,217.113,261.284,304.64,387.438,464.256,557.619,625.636,681.881,739.453,801.035,842.217,845.095,820.968,842.425,871.718,929.052,895.133,636.722,433.516,374.846,382.503,385.191,364.447,384.054,396.133,449.951,540.13,0,0,0,0,0
636.5,172.766,196.948,207.679,210.306,212.669,200.04,180.151,159.205,142.783,133.117,117.016,91.1516,70.6655,52.9133,38.4449,29.2873,22.0423,17.7374,15.9629,17.5469,23.631,31.921,41.3793,51.7081,66.1973,88.478,119.798,159.82,198.642,224.64,268.064,311.931,395.966,474.925,565.905,641.155,702.148,758.963,818.214,858.761,853.181,845.29,874.95,897.826,967.547,920.419,649.484,444.871,386.985,394.832,395.692,375.212,394.115,405.762,458.823,544.634,0,0,0,0,0
637,176.419,202.441,214.047,216.369,214.246,205.322,182.332,163.867,146.888,136.033,118.859,94.6573,72.1857,53.5502,38.9927,30.5545,22.9885,18.3553,16.4784,17.9592,23.9254,32.6436,42.2347,52.6452,67.7195,89.5402,121.961,163.723,201.631,231.04,274.132,320.541,404.678,487.865,575.261,652.825,719.903,774.783,833.957,877.372,874.696,865.394,906.554,921.47,988.251,942.561,670.607,459.217,408.815,407.089,408.159,390.449,402.658,419.002,463.564,541.946,0,0,0,0,0
637.5,179.808,207.903,220.815,219.757,218.63,208.307,185.429,167.015,150.684,139.08,121.183,97.0299,73.3975,55.4833,40.3799,31.3256,23.2813,18.8905,16.9407,18.5783,24.4111,33.272,43.4454,53.9514,69.2221,91.4592,126.066,168.281,206.35,235.517,278.834,330.453,409.477,501.173,593.006,668.465,731.839,793.013,852.559,896.951,885.256,891.805,933.454,940.294,1011.99,968.261,695.588,472.627,418.999,418.856,421.157,404.672,410.394,431.603,466.772,540.473,0,0,0,0,0
638,184.696,215.018,225.452,225.894,222.988,208.136,189.847,170.996,154.66,141.938,123.942,99.4236,74.2907,55.5896,41.7803,32.2192,24.022,19.3285,17.4149,19.0266,24.7031,33.762,44.3854,54.4291,70.8985,92.4878,128.859,172.134,210.665,240.925,284.163,335.521,412.689,513.463,609.916,691.801,744.382,803.682,876.018,907.726,914.523,914.746,949.035,962.515,1036.44,988.76,715.103,497.317,432.161,430.453,434.287,420.023,418.211,442.129,474.282,539.771,0,0,0,0,0
638.5,191.583,217.341,231.393,234.597,226.123,215.131,193.675,172.844,157.049,144.775,127.412,101.699,76.3534,56.5904,43.2354,32.9779,24.3768,19.5475,17.6177,19.4077,25.2819,34.4777,45.0926,55.4448,72.0409,95.0943,132.323,176.178,215.354,246.254,289.33,343.857,417.177,523.875,618.429,709.965,762.085,830.126,895.327,926.596,939.871,940.564,970.997,984.04,1060.38,1013.3,730.195,508.093,445.587,442.871,447.351,437.14,429.706,451.606,483.376,551.531,0,0,0,0,0
639,196.602,221.991,234.421,244.471,232.76,216.341,198.802,174.018,159.16,148.015,131.251,105.508,78.9944,57.9294,44.2786,33.5129,25.4414,19.8508,17.9309,19.6116,25.9494,35.2858,45.8847,56.7898,73.9577,97.1986,135.538,176.065,219.959,255.507,300.082,352.597,428.415,529.438,629.684,733.542,780.069,846.144,915.435,946.585,956.525,960.758,997.021,1006.46,1080.04,1029.69,744.175,530.505,462.477,455.197,455.735,451.073,436.561,461.776,494.701,557.798,0,0,0,0,0
639.5,202.194,226.363,240.751,250.241,235.275,222.554,201.843,178.501,163.376,152.699,134.524,107.974,81.745,60.1143,45.0384,34.256,26.3794,20.088,18.1184,19.9117,26.5439,35.8494,46.3866,58.485,75.5777,100.683,137.793,180.343,223.431,259.585,305.621,362.469,434.017,542.465,638.754,740.637,801.846,866.85,933.798,973.757,981.255,982.64,1015.15,1031.99,1100.08,1051.33,768,541.718,477.512,469.247,468.547,466.686,448.741,469.298,505.512,552.928,0,0,0,0,0
640,206.942,232.17,245.967,254.401,242.512,229.181,211,180.947,169.966,156.004,136.176,109.431,84.7069,61.9512,45.8709,35.2588,26.8822,20.6909,18.3728,20.3216,27.257,36.6427,47.6757,59.1025,76.8504,103.254,141.213,184.296,226.36,264.714,311.649,369.867,448.053,547.289,657.04,752.302,825.992,888.804,958.018,1000.15,998.375,1009.36,1042.6,1053.25,1119.06,1076.74,789.616,562.748,495.874,483.808,481.618,480.018,459.212,483.826,512.932,553.675,644.785,0,0,0,0
640.5,211.645,239.066,251.978,253.767,251.854,238.487,217.738,187.412,175.932,159.984,137.877,110.005,85.944,62.4582,47.0905,36.2586,27.4363,21.0304,18.8457,20.5737,27.9163,37.4693,48.2162,61.0733,77.9933,106.879,143.005,189.419,225.95,268.433,316.785,375.694,460.429,557.251,673.257,772.883,844.199,907.773,981.582,1025.01,1028.75,1023.55,1058.9,1076.12,1142.66,1109.06,820.116,577.245,501.176,494.766,498.192,493.188,475.451,499.287,521.925,563.847,652.162,0,0,0,0
641,216.896,245.013,256.914,259.538,259.822,245.815,226.405,190.699,179.827,163.385,140.335,112.685,88.0018,63.6063,48.7295,37.2996,27.4389,21.7372,19.2453,21.1623,28.6318,38.4399,49.2048,62.4971,79.9019,108.833,147.188,196.266,230.231,274.374,322.498,386.724,473.752,572.85,690.498,792.891,866.352,931.49,1003.36,1050.75,1062.47,1049.59,1085.96,1097.98,1172.46,1136.17,850.54,600.384,512.415,513.33,513.916,507.427,494.73,522.115,538.256,581.258,657.967,0,0,0,0
641.5,221.915,252.705,264.159,268.469,270.85,251.91,233.228,195.84,186.036,166.444,143.651,115.586,90.7412,65.4458,50.405,38.3493,28.0356,22.2518,19.5714,21.6147,29.0776,39.2475,49.964,63.7102,82.1265,111.376,150.268,200.476,235.052,277.568,328.503,395.029,491.229,588.089,711.514,809.576,886.811,949.926,1024.9,1069.41,1106.35,1070.61,1111.51,1126.72,1205.3,1162.52,871.456,613.165,527.727,532.478,534.104,525.742,509.208,539.902,553.35,601.669,660.557,0,0,0,0
642,227.79,258.774,271.664,278.671,280.158,256.22,237.759,202.569,189.365,169.105,147.471,120.868,93.6778,67.0092,51.8848,39.3774,28.4352,23.0159,19.8474,22.3625,29.672,40.172,50.1583,65.0774,84.0543,113.436,153.164,204.027,245.86,281.748,335.349,403.7,502.322,600.736,722.357,831.415,900.534,976.204,1044.36,1093.8,1137.31,1097.61,1136.91,1146.67,1226.91,1178.49,903.683,637.207,543.768,552.234,556.106,541.339,535.229,555.069,567.342,610.484,669.138,0,0,0,0
642.5,235.12,265.16,277.837,289.085,281.549,262.223,243.454,205.484,193.068,172.762,152.071,125.285,96.3392,69.2168,53.0579,40.4381,29.3608,23.6172,20.1864,22.7503,30.0854,41.1663,50.7435,65.3895,86.0696,115.401,154.236,208.664,250.543,286.423,339.001,414.596,511.533,611.655,735.452,846.16,921.54,1000.91,1058.17,1108.29,1170.47,1123.27,1161.32,1189.24,1261.62,1203.99,909.939,654.189,557.477,568.476,569.547,557.68,548.717,569.503,579.355,621.418,672.97,0,0,0,0
643,240.801,271.484,283.957,292.972,293.172,268.437,247.969,211.137,195.517,176.465,155.455,130.309,97.7548,70.778,54.0307,41.288,29.9937,24.1274,20.782,23.1253,30.4084,42.2549,50.3058,65.9008,87.3664,116.002,156.517,211.278,252.696,291.17,347.615,421.58,521.236,631.905,742.578,860.159,935.732,1020.88,1071.05,1119.47,1191.46,1152.96,1184.61,1207.7,1276.75,1225.04,922.16,680.179,575.727,579.789,587.842,573.358,568.492,580.756,591.047,627.97,680.438,0,0,0,0
643.5,248.383,276.863,286.528,298.868,296.55,279.721,253.62,215.586,197.742,181.699,158.239,133.632,98.7551,73.7894,55.0517,42.7223,30.7166,24.4725,21.2484,23.4714,30.8185,42.9237,51.3051,66.4582,89.2434,118.383,158.28,216.943,257.331,297.253,357.925,431.455,528.617,650.524,757.88,873.805,947.888,1042.55,1100.35,1148.96,1207.69,1183.27,1208.42,1227.24,1307.22,1265.1,945.78,697.554,594.31,596.86,603.412,584.845,587.643,591.71,607.262,637.519,684.231,0,0,0,0
644,252.464,282.205,294.359,302.975,301.929,287.57,258.37,220.343,200.684,185.458,159.713,135.916,100.141,75.697,56.0878,42.924,31.5383,24.6388,21.8934,23.7786,31.0823,43.7551,51.8464,67.3121,90.225,119.901,160.589,220.936,259.035,304.729,361.858,434.946,533.227,671.863,768.383,886.168,962.38,1061.03,1125.52,1142.82,1213.12,1199.51,1236,1237.26,1312.21,1293.97,971.246,715.01,609.093,616.532,616.021,593.03,601.739,606.024,620.547,645.69,686.519,0,0,0,0
644.5,255.358,285.809,301.592,306.31,307.569,288.971,261.119,227.134,199.726,187.085,162.446,137.825,101.233,76.8753,57.5397,43.5385,31.8447,25.1053,22.1209,24.121,31.3172,44.208,52.9806,69.1782,90.6309,122.874,161.172,225.806,267.514,306.564,364.542,439.176,538.096,675.054,784.275,899.566,981.029,1074.18,1150.21,1158.41,1229.64,1212.84,1253.84,1261.58,1323.98,1318.13,984.226,722.366,626.898,628.373,627.093,598.285,616.854,618.134,632.036,652.552,690.733,0,0,0,0
645,258.143,288.742,311.604,311.583,311.642,293.111,262.546,230.028,200.681,188.242,166.642,139.459,101.276,77.5932,58.4585,43.899,32.3274,25.3932,22.3725,24.1902,31.775,44.5879,54.8959,70.1007,90.9088,124.768,164.24,227.272,270.885,312.194,365.305,442.254,544.331,682.919,789.296,908.071,994.549,1085.63,1163.35,1158.41,1254.12,1222.16,1278.81,1274.83,1331.47,1321.56,995.2,730.838,627.966,633.374,640.969,609.738,624.629,633.808,641.856,665.843,692.49,650.421,0,0,0
645.5,259.251,292.281,317.176,316.797,318.202,293.686,265.474,232.848,203.064,188.841,169.071,140.78,102.914,78.3849,58.8355,43.981,32.6997,25.6825,22.6034,24.1811,32.0664,44.8444,55.2043,69.9341,91.5885,125.384,165.357,228.953,272.624,316.773,367.574,444.549,550.366,684.644,798.396,922.656,995.132,1092.21,1174.68,1193.13,1264.41,1233.54,1290.02,1296.44,1345.97,1327.06,1002.7,744.642,641.409,640.506,647.531,621.436,632.544,642.746,647.441,669.426,695.315,651.675,0,0,0
646,261.622,293.854,320.505,320.191,317.651,297.805,267.196,232.647,206.797,188.935,170.402,142.217,104.063,79.1322,58.4164,44.6728,33.2848,25.9227,22.5162,24.0927,32.3981,44.8806,55.3292,70.2952,92.5811,126.016,165.085,228.616,271.946,319.442,364.592,451.376,557.635,683.899,806.835,926.106,991.313,1098.43,1179.16,1207.67,1287.72,1240.56,1295.31,1307,1349.02,1320.37,1033.86,747.343,638.796,646.176,655.822,631.412,636.174,646.485,653.922,670.953,698.912,654.576,0,0,0
646.5,263.883,294.953,321.433,320.333,317.833,298.6,265.664,233.512,208.576,191.571,170.236,143.173,104.207,79.6258,58.6689,44.4056,33.6981,25.9305,22.6442,24.3147,32.589,44.6395,55.3014,70.6208,92.7734,125.383,166.282,229.525,272.329,319.539,366.461,451.664,556.655,681.189,800.942,921.769,989.734,1102.35,1185.37,1205,1296.18,1255.69,1291.93,1323.3,1356.33,1322.55,1046.36,756.482,656.223,646.612,658.483,642.513,637.183,655.074,658.014,679.406,696.74,649.229,0,0,0
647,264.881,297.563,321.581,319.478,315.341,294.225,264.824,235.104,209.625,192.213,171.764,143.276,104.498,79.3046,58.7753,45.2805,34.2882,25.7825,22.8035,24.3873,32.5093,44.9454,55.9349,71.7923,93.3654,125.018,165.547,229.738,274.145,319.868,369.692,453.727,557.751,680.222,807.016,926.55,999.387,1108.73,1192.6,1217.5,1306.08,1260.67,1293.15,1335.75,1348.68,1325.85,1049.99,773.216,657.361,652.906,661.114,642.042,633.896,661.499,666.482,681.425,704.416,647.376,0,0,0
647.5,266.895,296.829,319.928,321,311.057,295.707,264.363,236.511,211.08,192.31,172.101,143.28,104.24,79.5389,60.0263,44.907,34.4512,25.7214,22.6242,24.1679,32.7526,44.95,56.9343,70.3623,93.8054,126.05,166.088,230.754,274.559,322.446,376.585,455.445,562.784,684.502,804.164,928.145,1006.96,1111.85,1190.1,1225.25,1307.08,1262.4,1281.64,1336.95,1365.05,1343.88,1048.98,778.422,666.358,655.511,671.003,648.889,640.815,668.078,669.308,685.78,706.289,633.629,0,0,0
648,268.794,302.008,321.123,318.574,311.395,297.669,269.067,234.75,211.798,193.422,171.677,142.975,104.543,78.5471,60.3943,45.8782,34.826,25.7281,22.8475,24.3524,33.0815,45.7523,58.133,70.5552,94.6789,125.992,166.745,230.728,274.612,324.388,381.668,452.035,565.497,685.153,795.239,923.263,1013.88,1113.15,1187.16,1216.54,1305.01,1270.32,1283.86,1344.59,1359.99,1357.53,1037.73,785.292,676.382,666.607,672.856,660.245,647.846,674.041,670.732,687.515,706.768,621.592,0,0,0
648.5,271.281,302.224,324.012,324.219,316.711,308.397,268.042,237.84,210.851,194.636,171.965,143.186,105.825,78.4629,61.0374,45.9901,34.9776,25.89,22.8788,24.2846,33.3636,45.6221,57.8502,71.2189,94.7426,127.622,165.841,229.958,275.038,325.163,382.962,448.479,565.021,686.195,798.147,919.468,1026.78,1113.83,1185.46,1214.92,1302.42,1272.97,1283.21,1339.48,1372.21,1352.63,1045.04,778.096,689.951,670.903,678.393,662.278,661.236,678.82,675.115,688.281,708.916,622.941,0,0,0
649,273.266,304.552,325.252,327.272,320.884,314.478,270.632,239.105,210.254,196.43,172.751,142.449,105.484,78.3008,61.7715,46.4135,35.6126,26.6694,23.1769,24.7822,33.5018,45.9325,57.7689,71.7134,94.4972,126.621,167.876,230.908,274.864,323.613,381.436,450.426,564.96,692.795,787.195,909.604,1032.73,1115.26,1188.06,1223.18,1300.74,1279.61,1273.06,1339.08,1357.75,1363.27,1043.51,783.527,704.309,676.886,686.159,671.045,668.953,680.05,677.982,690.771,709.8,623.154,0,0,0
649.5,276.473,308.286,330.687,334.684,326.363,316.658,273.195,243.507,211.964,198.092,174.693,142.634,106.248,78.4537,62.3079,46.8763,35.9533,27.2054,23.1244,25.3809,33.9075,46.1775,58.3359,72.7678,95.0104,127.605,167.86,232.905,277.348,323.861,383.857,444.581,564.683,686.372,791.976,914.932,1043.76,1120.26,1196.19,1240.02,1308.94,1288.86,1282.9,1336.57,1384.18,1366.29,1052.62,787.392,712.872,686.744,693.21,678.548,668.848,684.612,684.111,695.002,709.398,634.363,0,0,0
650,278.148,314.798,334.229,336.242,324.875,316.664,280.443,245.139,214.514,199.669,177.079,143.847,107.414,79.7112,63.1326,47.5244,36.5313,27.841,23.3644,26.0717,34.3638,46.5478,59.3281,73.3302,95.7632,125.57,170.379,236.779,278.031,324.022,385.676,451.851,568.362,681.797,808.01,934.954,1055.05,1132.39,1214.84,1270.11,1317.88,1307.2,1287.15,1339.52,1401.95,1370.35,1070.33,799.196,709.199,697.061,700.615,685.718,677.301,684.882,701.581,708.295,714.768,644.886,640.246,0,0
650.5,281.436,316.493,339.966,340.646,328.857,322.651,285.671,249.763,220.316,201.761,178.265,146.105,110.839,80.1392,64.5262,47.779,37.2293,28.2653,23.923,26.3626,35.1342,47.1721,60.0804,74.3863,97.2214,126.216,173.49,240.079,280.001,328.177,391.866,464.241,574.49,692.246,828.026,951.444,1069.71,1144.81,1228.91,1284.91,1342.48,1318.29,1316.67,1369.22,1432.21,1379,1078.72,811.22,716.014,708.185,712.066,700.33,687.822,697.124,717.102,721.011,726.271,652.567,646.36,0,0
651,287.634,327.026,347.554,343.281,339.18,327.079,290.547,255.183,222.371,205.698,177.76,149.716,114.87,82.0355,65.8243,49.4152,38.0305,29.0988,24.331,26.7246,35.4852,47.9364,61.196,75.9028,98.6451,128.058,175.02,244.224,282.914,332.714,395.078,479.099,584.338,715.9,849.398,973.67,1092.52,1161.08,1255.82,1306.52,1375.03,1334.77,1363.38,1393.85,1462.51,1391.7,1095.91,832.884,719.816,726.998,731.377,713.87,706.415,712.785,738.938,733.138,745.021,662.993,660.439,0,0
651.5,296.01,331.371,355.847,354.051,347.936,334.919,292.811,258.503,228.177,212.301,178.196,152.45,116.826,84.22,67.1971,50.9688,39.1945,29.6716,24.9792,27.1868,35.9845,49.2126,61.389,76.4128,100.078,131.896,178.298,248.551,286.046,345.119,400.691,488.623,594.894,734.929,867.257,977.504,1113.64,1187.33,1279.01,1334.88,1402.95,1362.86,1388.73,1444.93,1486.72,1405.73,1120.79,853.292,724.242,742.784,743.677,739.176,727.227,739.962,753.792,755.679,770.107,676.783,669.807,0,0
652,302.096,341.475,365.124,361.385,361.478,338.697,302.852,261.898,234.553,219.576,184.164,155.373,118.954,86.9168,68.6848,52.2727,40.2543,30.602,25.295,27.9259,36.9101,50.5757,62.6619,78.3924,100.313,137.481,181.094,252.958,294.473,348.929,406.153,499.61,608.069,743.139,886.109,1019.81,1134.19,1211.55,1309.51,1356.63,1434.42,1389.55,1440.31,1490.77,1508.85,1432.12,1147.84,880.614,754.184,768.26,767.603,765.296,747.045,759.849,775.773,777.316,784.869,694.574,686.053,0,0
652.5,310.906,348.277,373.244,371.486,372.533,345.479,312.521,267.941,244.848,226.646,191.775,158.355,120.661,89.4325,70.5638,54.301,41.793,31.5279,25.3881,28.8297,38.0707,51.7792,64.089,80.7185,102.389,141.821,187.209,259.165,305.08,356.833,418.338,515.273,621.576,757.568,909.634,1030.25,1160.06,1239.88,1337.33,1394.25,1463.56,1422.02,1473.05,1529.79,1527.22,1467.77,1181.05,904.081,769.068,787.834,798.327,790.188,775.431,780.569,796.676,798.114,801.499,712.015,703.185,0,0
653,318.746,351.37,382.492,382.072,386.406,355.286,322.577,277.669,252.185,229.472,200.473,163.53,124.139,91.5695,72.5094,55.4278,43.2077,32.123,26.6152,29.7409,39.2156,52.8331,66.482,83.0648,105.759,144.129,190.607,263.802,315.911,366.352,430.676,524.468,638.358,771.948,931.408,1061.02,1194.73,1270.73,1377.82,1434.2,1492.64,1448.64,1516.58,1577.42,1539.45,1518.7,1215.31,919.373,806.49,801.623,824.831,816.157,798.12,806.446,821.902,822.637,824.435,730.386,724.831,0,0
653.5,331.744,359.95,392.37,393.575,399.853,360.701,334.478,290.116,259.281,234.176,208.247,168.983,127.31,92.867,74.5067,56.2211,44.3107,33.3211,27.24,30.5812,40.259,54.5413,69.0855,86.4767,110.943,147.274,197.279,268.214,325.782,375.341,441.396,539.984,647.519,786.217,959.547,1077.56,1232.6,1309.25,1418.17,1465.17,1531.31,1478.01,1566.2,1607.43,1593.87,1585.62,1254.97,945.403,849.083,834.454,855.626,844.169,829.137,831.779,843.772,841.986,854.272,752.346,734.664,0,0
654,342.827,374.122,405.778,414.989,410.397,368.553,344.825,299.536,266.655,238.633,215.923,172.915,132.213,95.1857,76.4542,58.2425,45.5129,34.3591,28.7131,31.5443,41.4422,56.1585,70.9407,88.7567,113.1,151.095,203.789,273.241,334.884,386.69,453.145,553.155,672.452,810.271,984.557,1118.61,1266.12,1331.5,1464.14,1499.14,1573.14,1528.77,1602.28,1635.77,1637.17,1626.89,1284.98,972.643,886.533,860.311,883.115,872.825,862.118,856.952,866.117,872.894,879.607,772.21,740.813,0,0
654.5,353.675,384.919,417.902,426.708,426.068,383.608,353.994,307.168,278.139,245.108,224.122,176.661,135.381,97.1576,78.2861,58.7419,46.9183,35.7911,29.7632,32.3208,42.7966,58.1873,72.8294,91.1663,115.308,154.88,207.089,279.761,341.52,393.145,462.445,569.83,686.062,834.527,1013.72,1160.49,1301.65,1363.02,1497.92,1532.25,1620.9,1582.57,1646.23,1671.36,1663.19,1673.52,1319.98,1010.18,906.033,898.041,899.582,902.319,890.88,883.403,897.614,898.717,901.786,804.578,748.673,0,0
655,362.501,401.672,427.095,439.404,434.967,395.546,362.405,317.019,284.843,253.166,230.327,180.299,139.773,99.8192,80.7023,60.8003,48.432,36.91,30.4978,33.2119,43.8524,59.5354,74.3794,93.5587,117.156,158.496,213.88,285.986,350.642,400.535,478.241,589.032,702.374,858.554,1038.06,1202.31,1332.1,1391.08,1534.58,1560.12,1650.62,1639.82,1670.21,1716.6,1742.54,1720.35,1348.74,1043.13,914.885,919.867,920.579,928.882,919.86,913.922,927.101,933.219,926.721,828.101,770.232,892.422,0
655.5,372.242,409.12,437.003,449.185,444.378,410.928,373.752,325.429,291.023,261.353,234,182.153,143.706,103.188,82.7678,63.0817,49.9594,37.7637,31.3294,33.7875,44.8752,61.2122,75.7927,94.3718,119.21,162.387,218.924,293.868,358.026,410.738,493.109,602.807,718.652,885.539,1059.32,1229.88,1355.33,1424.69,1565.99,1596.61,1696.33,1672.66,1689.22,1745.15,1783.24,1768.73,1379.45,1070.89,941.71,940.515,944.657,956.071,944.429,943.302,952.214,955.605,949.389,858.104,795.778,901.12,0
656,382.456,425.671,444.896,459.513,455.319,423.93,381.462,333.062,296.187,267.624,237.627,186.726,146.949,105.145,84.9464,65.0667,51.1367,38.7574,31.9077,34.1997,45.9534,62.1051,77.4137,94.9312,122.325,165.853,222.659,302.302,363.899,420.733,505.477,613.089,738.03,897.898,1082.95,1249.88,1382.93,1453.83,1599.02,1622.31,1720.52,1703.46,1720.22,1794.73,1828.1,1805.04,1420.46,1085.12,955.562,963.692,964.698,967.318,957.448,964.538,968.907,974.932,972.799,872.444,804.129,908.053,0
656.5,391.881,430.924,455.906,464.119,464.132,434.582,385.366,332.179,302.76,272.908,242.65,189.774,149.769,109.349,86.3909,66.0802,52.0471,39.4927,32.6979,34.7638,46.8705,62.8586,78.1645,95.443,122.37,169.494,228.588,308.018,369.588,429.617,517.52,618.243,754.006,906.052,1094.82,1268.27,1402.31,1492.47,1614.62,1653.98,1754.46,1729.46,1748.76,1822.51,1847.91,1825.44,1439.56,1103.03,987.349,983.307,1007.27,989.679,976.353,984.63,974.292,975.911,989.281,887.483,823.571,918.199,0
657,400.275,441.331,460.284,472.403,469.54,441.103,380.281,336.262,308.124,276.29,244.295,194.617,152.106,110.994,86.796,67.2154,53.2446,40.364,32.8895,35.3962,47.4002,63.5397,78.6159,97.1488,123.863,172.604,231.293,314.226,372.489,437.435,523.926,627.307,766.76,916.813,1109.1,1271.3,1418.63,1512.59,1632.23,1692.83,1762.42,1750.38,1781.13,1848.81,1865.25,1848.6,1457.94,1120.99,997.879,1003.8,1018.78,1003.2,986.664,1001.25,985.668,987.76,1001.24,899.43,821.818,929.795,0
657.5,408.522,445.339,460.353,478.518,473.934,442.387,383.676,337.648,309.977,274.973,246.661,199.859,155.722,112.184,87.7969,67.6457,53.8205,41.12,33.1903,36.0261,47.3332,64.4276,79.3582,98.2006,124.888,174.586,234.486,315.852,372.329,442.216,520.445,630.982,773.715,929.475,1116.37,1272.85,1425.89,1527.55,1644.53,1709.43,1767.56,1767.14,1804.58,1874.99,1892.92,1874.46,1468.29,1125.95,1007.29,1007.58,1030.06,1016.03,998.664,1015.08,999.919,997.38,1006.9,907.881,846.599,933.678,0
658,408.978,451.242,462.422,482.893,479.474,448.274,388.128,341.696,312.778,277.962,249.786,201.641,157.693,112.856,88.3808,68.0904,54.022,41.5736,33.9072,36.2325,47.5282,64.6683,79.7898,98.1442,126.409,175.491,234.084,316.861,373.19,445.21,521.609,636.398,777.042,930.262,1122.6,1293.81,1434.37,1535.73,1654.81,1727.01,1785.95,1775.85,1794.42,1841.31,1918.35,1902.97,1466.8,1128.43,1008.58,1019.54,1033.36,1023.45,998.587,1022.25,1013.24,1006.28,1012.29,905.129,853.818,928.24,0
658.5,411.413,453.908,461.156,485.349,484.676,451.405,396.134,337.991,311.344,276.179,249.005,200.793,156.861,113.636,87.5205,68.2514,54.3499,41.9861,34.1145,36.3788,47.3631,64.8381,79.9935,97.7984,127.363,175.421,234.573,314.816,370.949,443.604,523.609,627.078,776.777,931.486,1120.85,1307.51,1417.5,1517.34,1645.21,1732.19,1785.03,1780.26,1805.17,1838.09,1934.25,1895.19,1470.77,1124.11,1014.02,1024.61,1030.06,1020.98,996.446,1021.02,1017.68,1007.89,1008.42,906.67,860.458,928.026,0
659,410.272,455.648,467.95,482.79,482.347,460.893,402.425,333.971,310.224,278.027,245.909,198.17,155.355,112.812,87.1507,67.9535,54.1366,42.1751,34.2257,36.0489,47.5011,63.7073,80.4263,98.198,126.395,174.124,233.673,312.165,373.487,441.1,526.33,617.379,771.24,925.265,1112.01,1305.52,1401.98,1511.77,1628.89,1729.22,1782.91,1780.79,1782.94,1823.82,1901.99,1885.41,1468.69,1118.31,1014.1,1026.41,1023.5,1012.59,981.465,1011.98,1011.92,1018.51,1000.62,908.796,857.248,917.568,0
659.5,406.663,457.702,467.95,481.509,473.666,459.734,402.748,333.134,307.792,272.997,242.738,195.283,154.469,110.753,85.0741,68.2546,54.1647,42.2383,34.3504,35.8985,46.8684,62.8242,79.5251,97.6423,124.423,172.349,231.578,309.844,374.297,440.211,520.267,597.68,768.141,918.933,1101.57,1293.39,1374,1493.46,1608.52,1711.13,1761.78,1767.65,1772.77,1830.08,1859.38,1866.01,1460.12,1112.55,1005.77,1032,1024.93,992.011,958.508,999.203,993.322,1023.02,981.632,896.375,851.615,920.134,0
660,401.542,456.078,467.45,483.646,465.922,455.446,398.014,336.379,301.223,271.99,241.923,195.556,151.906,108.272,83.6721,67.2328,53.6294,42.1081,33.9734,35.7198,46.6832,61.8374,77.5611,97.4398,123.644,169.153,228.132,306.556,372.729,436.584,511.044,586.864,758.818,903.017,1083.8,1269.1,1355.53,1460.93,1591.66,1692.81,1728.02,1744.06,1760.74,1806.56,1820.16,1833.07,1437.64,1099.11,986.876,1021.21,1015.45,975.278,943.797,985.437,981.619,1024.7,973.642,883.582,833.946,905.703,1059.1
660.5,396.108,450.489,459.224,472.108,450.957,444.621,390.65,338.967,295.926,268.888,239.153,193.586,150.803,106.667,82.8945,66.628,52.7631,41.5645,33.85,34.7312,46.1617,60.7741,75.9897,94.9504,120.501,163.731,224.298,299.271,366.747,431.809,497.319,581.969,738.057,892.518,1065.01,1265.89,1337.15,1444.22,1568.54,1671.66,1703.01,1716.51,1725.17,1784,1766.65,1800.76,1411.24,1078.42,962.012,1010.99,1002.61,966.238,926.127,968.996,966.626,1014.28,958.976,870.743,820.539,888.96,1041.47
661,388.728,439.739,455.532,462.478,446.633,432.206,381.966,334.792,293.973,265.841,236.067,191.708,148.861,104.268,81.511,65.7408,51.7215,41.0482,33.6747,34.0844,45.5893,60.7206,75.4725,93.9607,116.984,159.866,219.768,293.262,359.505,421.762,488.251,574.73,721.993,878.731,1030.03,1241.07,1300.62,1407.74,1540.55,1632.3,1671.3,1678.33,1695.01,1746.28,1746.1,1753.13,1398.11,1046.44,932.605,986.82,977.6,950.718,919.01,944.75,947.959,997.084,948.178,848.824,817.631,864.14,1014.16
661.5,379.608,429.59,446.181,440.912,436.96,416.757,372.832,323.262,287.47,260.528,229.885,188.993,143.994,103.217,81.0696,64.2727,49.8861,40.4055,33.598,33.392,44.5321,58.8861,74.3637,91.5101,114.733,157.023,214.895,288.096,351.421,410.932,471.15,569.518,702.222,858.95,1005.85,1202.02,1267.9,1373.7,1482.36,1594.33,1629.27,1631.48,1660.98,1704.66,1717.29,1712.02,1368.63,1022.73,911.183,966.771,957.234,940.048,906.906,926.664,926.218,973.812,932.726,826.823,803.336,833.543,991.465
662,372.201,422.613,437.201,420.133,430.253,403.43,368.064,316.407,282.397,251.628,225.289,184.765,140.802,100.344,78.7362,62.98,48.758,39.5661,33.0272,32.5325,43.2741,57.9482,72.1652,87.1498,111.456,153.699,208.695,280.634,339.946,394.877,456.634,553.937,685.981,838.915,981.637,1164.33,1232.18,1341.41,1421.05,1538.75,1571.06,1578.66,1611.38,1657.37,1679.22,1675.25,1331.79,989.564,885.911,926.058,931.517,920.2,885.413,901.936,902.203,938.969,910.022,800.686,781.863,810.742,964.673
662.5,362.245,407.506,427.297,406.175,417.299,392.518,356.561,308.306,274.936,243.681,220.406,178.66,135.8,99.0173,77.315,61.7761,48.0644,38.8992,32.5043,32.3004,42.0915,56.2707,70.5023,83.4875,109.699,150.359,202.558,271.147,328.498,386.29,447.361,543.247,670.636,806.824,970.535,1112.28,1192.62,1302.71,1374.41,1473,1512.48,1526.05,1568.29,1619.07,1642.05,1619.71,1283.7,966.503,858.364,900.648,903.722,896.473,870.969,876.781,874.122,911.781,892.493,782.533,758.819,788.449,938.049
663,352.774,390.492,415.628,400.541,398.95,385.753,342.629,297.957,264.579,236.277,214.393,172.913,131.915,96.5052,75.082,59.7642,47.2946,37.9578,31.6931,30.7833,40.9038,54.9435,68.0242,80.624,103.642,144.901,195.312,261.246,318.294,373.958,425.111,521.254,648.708,775.398,936.093,1068.14,1145.54,1258.91,1331.77,1433.99,1461.73,1470.68,1508.8,1571.67,1593.11,1555.66,1233.02,930.824,839.856,872.291,874.735,865.941,844.33,849.622,842.457,875.32,869.941,769.97,723.49,751.65,910.469
663.5,343.324,373.711,398.101,397.815,381.632,372.171,327.225,291.588,256.486,226.871,205.994,167.61,128.984,94.8005,73.1679,58.4145,46.5888,37.2804,30.7988,30.3426,39.3867,52.9118,66.3588,78.4468,101.329,139.992,188.594,251.637,306.605,361.061,411.938,504.237,625.122,737.158,897.523,1025,1114.34,1206.25,1294.53,1381.07,1409.75,1418.54,1458.13,1514.48,1548.91,1496.92,1186,900.092,815.166,844.726,842.909,839.211,826.707,822.95,807.55,846.186,840.406,747.765,698.268,729.122,867.825
664,335.304,360.984,379.964,390.189,369.272,355.529,314.835,280.363,247.63,218.597,198.9,160.603,125.663,91.4553,71.1725,57.0224,45.4971,36.1104,29.9205,29.6691,38.3618,51.0348,63.6535,76.4184,97.1128,134.308,182.536,243.251,292.618,348.789,391.737,484.789,606.215,701.65,856.214,985.404,1077.68,1161.5,1260.36,1342.56,1375.37,1372.6,1399.27,1453.63,1492.88,1439.95,1140.64,863.425,788.327,814.747,809.676,812.968,796.778,792.413,776.253,817.187,804.553,729.875,680.951,697.139,838.293
664.5,324.57,348.343,363.345,373.776,360.412,339.137,305.389,273.734,241.902,211.873,192.088,155.781,120.828,86.9865,68.7471,55.2166,44.0784,35.2486,29.2764,29.1351,36.7894,49.4817,61.7011,73.5321,93.765,128.9,175.363,233.532,279.812,334.78,376.814,464.91,582.469,665.842,827.326,949.18,1045.02,1106.16,1199.61,1283.11,1329.23,1312.64,1346.2,1390.34,1430.42,1387.62,1095.58,832.202,764.296,782.72,781.314,780.269,776.748,765.458,747.798,792.626,773.437,708.419,652.4,676.882,806.409
665,311.654,335.906,349.457,359.532,350.078,323.53,298.458,262.458,233.101,205.682,184.785,149.597,116.46,83.7169,65.8433,53.1427,42.4382,34.1378,28.7676,28.6382,35.5264,47.7276,59.3267,70.3318,91.3481,123.615,170.268,223.8,270.061,322.937,364.62,443.628,559.626,658.8,783.546,910.874,1001.57,1077.82,1151.04,1226.5,1289.18,1258.4,1287.35,1333.44,1359.95,1334.43,1051.36,785.153,732.185,751.687,753.667,749.862,740.9,738.313,724.877,763.32,742.521,682.032,631.269,654.882,771.181
665.5,298.104,322.094,338.485,340.85,336.232,319.141,287.624,253.148,224.72,196.815,176.79,142.927,111.455,80.4345,64.0276,51.298,41.5121,33.3832,28.1626,28.2314,34.4475,45.4394,56.2742,68.5502,87.1151,118.777,163.4,213.405,262.629,309.219,351.318,428.109,537.457,628.382,752.47,870.822,963.557,1036.46,1100.29,1170.85,1241.74,1200.15,1245.05,1268.55,1298.41,1288.44,1010.07,760.998,710.791,725.784,732.803,721.62,707.793,713.23,701.59,728.697,720.379,656.592,601.024,637.502,745.253
666,287.754,307.878,326.017,329.374,318.167,309.658,278.752,240.213,218.187,190.463,169.251,139.154,107.984,78.6341,62.6498,49.6859,40.2755,32.5246,27.4254,27.4615,33.068,43.6062,53.6928,66.2389,84.0318,114.533,157.732,204.744,250.301,296.801,336.458,409.042,514.418,612.127,724.39,847.697,923.324,995.862,1068.39,1137.64,1177.19,1144.11,1194.47,1222.01,1247.96,1237.31,976.395,729.193,680.18,702.357,711.458,698.787,677.631,685.416,672.581,698.285,691.703,628.546,584.667,622.153,712.23
666.5,276.576,296.7,315.492,314.362,305.225,300.974,267.935,232.657,212.276,184.455,163.315,134.411,104.504,76.4157,61.4034,47.7799,39.4599,31.2195,26.8373,26.462,32.3637,42.2336,51.9631,64.0745,80.9986,110.209,151.368,196.046,242.382,285.179,323.795,396.983,491.055,591.659,704.426,805.187,886.626,960.274,1033.83,1096.42,1130.86,1109.22,1154.58,1170.72,1195.81,1191.63,943.717,700.942,656.239,672.873,679.003,672.928,645.917,658.668,645.056,662.858,671.592,601.725,572.897,605.837,683.756
667,266.212,286.583,304.172,301.231,291.393,290.27,258.592,226.544,205.041,179.668,157.678,131.476,101.089,74.4037,59.6111,46.5385,38.2897,30.4997,26.2427,25.7768,30.8774,40.8649,50.3435,61.7969,78.1984,107.658,144.264,187.953,229.84,275.875,311.195,382.421,473.76,572.071,688.479,784.529,842.929,924.107,992.697,1054.92,1087.55,1078.58,1107.94,1138.49,1153.34,1147.68,914.119,685.976,627.135,649.348,651.362,650.266,625.904,633.323,622.15,637.567,647.391,581.286,558.923,589.76,658.6
667.5,256.81,278.733,296.054,290.595,289.166,279.361,247.226,219.094,197.564,172.949,153.577,126.627,96.9626,72.0798,56.9304,45.3665,37.3168,29.8012,25.8806,25.3964,29.9941,39.4309,49.4635,59.79,76.4369,103.62,137.703,182.532,219.75,265.206,302.712,366.288,456.113,552.384,661.241,750.736,814.062,888.445,950.823,1013.59,1047.74,1053.81,1064.73,1086.82,1121.61,1094.29,883.768,667.411,603.711,619.132,627.14,628.695,600.481,610.172,603.736,616.863,619.498,563.691,539.608,576.5,636.342
668,246.556,270.703,283.848,275.774,283.554,268.817,239.297,215.263,190.684,166.273,148.435,123.44,93.2058,69.8943,55.7398,44.6689,36.5724,29.2692,25.7363,25.384,29.2199,38.0599,48.0271,57.7554,74.1066,100.118,132.967,177.144,214.158,254.446,292.38,354.4,444.568,530.273,641.21,729.891,786.429,850.092,913.869,975.165,1016.09,1006.83,1025.27,1030.69,1058.3,1057.24,849.738,651.989,582.1,598.925,610.238,610.333,588.268,592.998,581.491,596.127,594.009,536.466,522.328,557.888,613.971
668.5,239.19,263.834,274.713,269.033,277.181,261.517,231.972,207.433,183.907,160.994,143.872,120.282,90.5864,67.718,54.3553,43.3641,36.0106,28.9678,25.3543,25.2132,28.8572,36.8522,46.2092,56.0379,71.1266,96.1292,129.208,171.371,209.238,246.406,281.921,344.598,427.514,513.982,614.356,706.125,759.006,819.931,881.16,941.249,971.283,966.511,988.435,1001.46,1020.56,1020.99,819.599,625.027,558.657,575.915,593.607,594.356,571.856,574.179,561.168,577.396,569.922,522.357,505.604,539.085,596.016
669,228.78,254.281,265.712,258.665,271.599,254.498,225.342,202.098,179.118,155.728,139.935,118.09,88.1962,66.0761,53.7197,42.2446,35.2587,28.286,25.2598,24.7089,28.3635,35.8072,45.2258,54.0163,69.4813,92.7375,125.034,166.183,201.538,237.036,273.588,331.195,409.028,498.409,591.995,681.496,740.155,787.012,841.701,908.035,938.836,923.362,957.949,962.653,988.59,992.135,792.362,602.71,542.494,565.457,567.372,576.382,560.409,558.137,547.209,559.499,556.145,504.349,488.955,520.27,578.756
669.5,220.918,248.275,258.02,250.695,263.017,248.381,219.062,195.106,174.624,151.137,137.243,115.195,87.1302,64.7974,52.8289,41.1053,34.4276,28.0691,24.9349,24.4709,27.6933,34.8986,43.6948,52.0402,66.0827,89.9244,121.573,160.673,194.691,232.087,263.916,320.838,392.906,484.125,572.582,668.712,713.692,761.169,820.38,879.989,902.602,901.088,924.689,936.961,956.485,973.097,767.214,584.824,530.156,551.394,548.636,558.467,547.982,537.926,537.945,545.072,536.307,493.445,469.198,498.148,556.047
670,214.731,239.732,252.134,242.07,252.703,241.206,213.746,189.653,169.981,147.856,134.83,112.488,85.8706,63.8197,51.6719,40.0846,33.2862,27.6799,24.8261,24.146,26.8245,34.0525,42.6052,50.3848,63.6112,87.0798,117.996,156.074,187.547,225.513,253.515,308.155,381.239,470.568,553.186,639.92,696.395,740.043,792.995,844.724,883.768,866.036,897.878,914.819,928.415,957.582,745.584,569.166,518.283,539.258,536.863,543.875,533.235,521.023,527.724,535.173,521.137,482.019,456.592,484.969,535.55
670.5,210.336,232.75,244.059,234.592,242.317,234.145,209.041,182.415,164.043,142.957,132.248,109.425,83.939,62.3922,50.6252,39.4591,32.6877,27.3847,24.5011,24.1239,26.2921,33.6366,41.3286,48.5426,61.9752,83.8714,114.808,150.682,183.104,219.497,246.83,297.159,373.388,456.535,535.343,624.102,675.428,721.518,770.069,817.017,860.263,851.62,868.97,890.549,909.052,938.744,726.059,551.766,506.763,526.997,525.206,530.551,521.284,506.686,513.822,520.323,508.606,466.392,445.6,468.753,524.005
671,206.511,224.837,237.687,227.65,234.557,229.344,202.464,176.713,160.233,140.971,129.164,106.339,83.464,60.6241,49.6161,39.091,32.2492,26.9137,24.2241,24.178,25.9134,32.9259,40.458,47.385,61.1969,80.8204,112.07,147.491,175.615,211.898,240.002,291.468,362.548,443.794,526.241,600.456,655.663,695.482,754.016,794.783,845.313,828.607,845.516,874.785,888.358,912.149,700.755,531.663,488.205,507.178,513.16,518.772,505.108,495.685,501.753,507.798,495.173,453.841,439.316,458.2,513.248
671.5,202.547,218.055,231.328,222.025,228.098,224.048,198.316,173.557,156.332,137.559,126.546,103.353,81.3807,58.8745,48.5171,39.415,32.4259,26.5421,24.1114,23.6611,25.7194,32.2795,39.3403,46.0294,60.5061,79.6301,108.672,141.684,170.98,206.178,239.356,286.49,354.231,431.639,510.224,575.353,634.898,679.409,738.549,765.766,806.795,798.026,826.094,858.369,879.167,881.716,680.76,515.799,471.251,495.372,497.386,507.124,493.908,488.242,491.218,495.488,482.318,442.639,427.235,445.035,496.486
672,198.803,214.774,226.178,224.782,223.641,219.839,194.253,169.877,153.622,136.222,123.654,100.944,79.3574,57.6549,47.9284,39.4856,32.1925,26.5268,24.1435,23.326,25.7841,31.7362,38.3729,45.3043,58.7531,76.8209,105.842,138.597,166.882,201.01,234.205,279.638,345.911,422.329,495.353,562.297,617.22,657.091,721.602,754.12,780.859,774.861,809.239,830.695,860.118,852.436,661.252,499.415,460.58,484.405,485.201,492.093,478.972,477.118,479.093,482.227,467.835,431.435,413.095,437.03,481.47
672.5,193.592,214.99,224.234,219.95,216.98,214.873,191.211,167.315,150.336,134.554,121.333,98.9616,77.2281,57.4066,47.4308,38.9817,31.3003,26.5519,24.4309,23.1661,25.668,31.0513,37.4228,44.5115,57.1396,75.9353,103.774,135.506,164.53,197.065,229.494,273.646,342.417,413.956,478.86,547.779,602.361,639.08,706.908,728.879,761.111,754.612,781.572,808.377,836.775,831.485,651.096,490.515,436.265,474.273,477.162,476.959,467.055,465.639,469.264,473.592,456.645,419.628,401.515,425.861,470.257
673,189.453,212.379,218.793,219.426,213.933,210.774,187.062,165.661,146.719,132.397,118.532,98.2832,75.7279,57.3672,46.9904,38.6069,30.7892,26.4552,24.4393,23.2987,25.4202,30.4245,36.249,43.8828,55.9285,74.3148,102.366,131.924,163.09,190.883,225.124,266.842,335.121,406.713,472.253,539.071,596.539,623.855,693.114,717.454,745.022,736.598,761.264,793.663,803.907,805.865,639.089,481.981,427.38,465.182,466.328,462.576,456.095,453.934,460.475,462.327,451.955,413.691,390.792,415.081,459.795
673.5,185.561,207.509,214.816,211.883,210.226,205.411,184.988,163.71,144.266,130.337,116.39,97.1877,74.3187,57.1592,46.8298,38.3942,29.758,26.2581,24.6712,23.3805,25.2855,29.8474,35.7512,42.9728,54.8683,73.3896,100.209,128.847,159.74,184.704,220.961,261.383,326.186,398.826,460.675,530.355,583.793,615.838,678.784,706.569,734.667,720.048,740.221,778.912,766.757,782.875,632.911,476.321,410.537,452.888,455.744,450.994,442.414,442.724,449.766,453.373,441.927,404.353,383.934,403.746,451.947
674,181.033,203.479,209.476,208.969,208.197,201.616,180.473,161.174,142.955,128.379,112.929,95.5693,73.7782,56.9023,46.6165,38.0002,30.0731,26.003,24.6877,23.2928,25.1924,29.4123,35.2219,42.502,54.2386,72.3594,98.5057,126.254,156.228,180.855,217.696,256.203,318.67,387.998,449.939,519.694,574.119,603.473,666.029,693.78,725.05,717.336,724.624,761.591,743.72,755.675,617.799,465.994,414.891,441.108,445.554,444.622,434.263,433.909,438.046,444.257,435.158,402.908,377.61,395.368,433.572
674.5,179.094,197.898,203.159,205.835,206.055,196.372,175.625,158.244,140.727,126.253,111.61,93.9195,72.9259,56.902,46.0441,38.0627,30.0982,26.4164,24.8941,23.1771,25.3904,29.1147,34.9814,41.9812,52.8504,71.6679,96.3554,123.237,152.019,179.173,212.705,249.175,311.695,381.808,443.79,521.028,562.122,590.112,650.406,687.555,715.476,710.048,713.583,742.628,732.918,743.197,604.294,458.434,410.155,429.792,433.852,436.247,418.46,428.822,430.664,432.965,425.87,392.985,375.18,389.434,425.525
675,178.493,194.035,200.011,202.902,207.545,193.994,172.593,156.214,139.626,123.655,108.337,92.4035,72.3152,56.9032,46.0891,38.0661,30.8632,26.9514,24.8782,23.5826,25.3221,29.1378,34.6758,41.6833,52.2053,70.6844,94.8738,122.756,148.769,178.115,206.958,242.895,304.815,375.092,436.104,515.13,550.489,579.559,639.623,679.838,704.693,696.966,705.869,721.903,739.225,738.755,590.081,450.708,409.595,422.13,427.169,427.531,412.663,425.122,423.724,424.507,417.809,388.449,371.037,382.136,418.427
675.5,176.963,193.019,198.319,201.036,206.403,192.79,172.645,154.64,138.628,122.131,106.25,90.0013,72.8822,56.8488,45.9969,37.6065,31.1966,27.2644,25.1768,24.1008,25.2758,29.0427,34.3072,41.5071,51.9849,69.1291,93.8644,121.926,148.181,176.915,200.97,236.543,299.319,368.789,431.672,506.325,543.29,570.291,630.331,672.355,692.808,688.074,693.532,708.843,735.469,728.391,581.078,443.465,403.248,417.138,418.668,420.789,401.297,421.381,420.879,415.852,409.203,378.471,367.537,378.202,409.689
676,172.266,190.86,197.451,198.109,204.695,192.572,171.353,154.121,136.562,119.907,106.683,89.1449,73.4215,56.8192,46.0951,37.3298,31.3606,27.6463,25.5885,24.4632,25.2042,28.7737,33.7111,41.2788,51.0471,68.3283,92.5957,120.436,147.211,174.554,196.339,233.519,295.624,363.037,421.401,499.163,536.112,557.055,628.589,668.138,683.28,671.466,686.905,700.995,728.443,720.682,568.535,440.306,399.116,410.307,416.34,416.014,393.496,414.525,417.248,410.802,406.229,374.135,362.811,373.693,402.819
676.5,168.448,192.466,196.686,198.168,200.578,192.627,170.844,154.313,135.846,119.712,105.918,89.0026,73.3787,56.7005,46.6263,37.4925,31.9094,28.031,26.4797,24.7048,25.3412,28.6742,33.7324,41.265,50.7189,67.6738,91.2138,118.716,144.056,172.246,196.71,231.177,291.42,358.091,410.832,487.658,525.933,550.699,617.745,662.32,673.779,673.047,681.868,696.896,722,706.693,561.974,433.26,396.299,403.864,413.727,412.226,390.763,410.24,414.269,407.823,405.414,372.071,357.212,371.81,395.932
677,167.1,190.844,196.466,198.901,197.015,191.159,170.415,153.534,135.614,119.824,107.413,89.8331,73.8824,57.0194,47.1004,38.1328,32.5928,28.4979,27.4387,25.3085,25.5929,28.7697,33.8669,41.2343,50.819,67.7626,89.9841,117.85,142.079,170.997,195.464,231.874,289.738,352.22,407.037,481.616,520.122,542.123,611.752,652.652,665.518,668.953,672.455,684.846,721.46,692.335,558.387,427.917,392.829,397.251,405.41,411.087,383.408,405.345,406.329,407.389,401.809,365.727,355.706,365.783,393.495
677.5,167.294,190.416,196.429,198.281,195.809,190.914,169.802,152.959,135.596,120.17,107.32,90.5184,73.9667,57.585,47.6085,38.9578,33.7415,29.6735,28.0944,25.7854,25.9191,29.1497,34.3501,41.259,50.1342,68.2024,89.659,117.902,140.036,169.538,196.762,231.675,288.534,354.375,400.68,477.238,513.146,538.279,607.989,650.864,656.984,668.045,665.753,683.789,723.587,681.876,558.085,422.167,393.779,398.454,401.795,407.625,377.464,403.48,401.858,406.393,403.227,366.422,351.922,362.333,392.557
678,168,189.202,197.16,197.157,198.055,189.69,171.024,152.534,135.79,121.657,106.978,91.3419,74.56,58.4749,48.5571,39.8993,34.7883,30.976,28.9748,26.3265,26.015,29.2298,34.3802,41.6781,50.5223,68.1611,90.0062,119.146,139.472,169.164,193.216,229.627,285.535,351.945,404.008,477.148,509.938,537.388,609.04,647.607,653.743,663.83,662.345,673.599,720.207,681.578,556.363,417.403,393.843,397.472,399.085,403.014,380.676,403.211,395.43,405.894,402.481,361.347,351.128,361.686,390.09
678.5,170.721,188.402,198.796,199.544,201.308,189.242,171.936,153.367,135.957,121.94,108.093,91.636,75.0611,59.0265,49.6241,40.9727,36.2221,32.4012,30.1903,26.94,26.5063,29.4829,34.5831,42.2849,49.9309,68.4359,90.5247,118.654,138.462,170.095,192.129,230.091,286.097,350.684,405.546,477.33,510.07,525.679,608.829,648.5,649.801,659.952,654.742,671.325,719.637,680.625,550.561,419.057,392.731,398.29,398.447,397.248,384.573,404.315,395.936,403.874,403.548,364.024,347.969,361.955,380.866
679,171.613,189.965,200.286,198.783,201.638,190.413,173.801,154.584,135.928,122.983,109.286,92.2278,75.7285,59.9756,50.9342,42.2847,37.4327,33.9159,31.5455,27.5191,27.1354,29.8711,34.877,42.5843,50.354,68.2576,90.3303,119.317,139.706,170.329,191.544,229.142,285.855,347.167,410.053,480.352,507.451,528.522,602.724,643.85,651.247,656.967,653.641,671.578,719.617,693.772,546.912,423.933,393.4,397.773,398.957,395.818,391.513,403,397.555,407.366,396.639,363.422,344.691,363.391,380.231
679.5,170.641,192.072,199.631,200.926,200.873,190.366,173.795,155.505,136.598,123.296,111.286,92.6543,76.7387,60.2668,52.1347,43.7254,38.8635,35.2701,32.726,28.6921,27.9896,30.114,34.9893,43.1128,51.4219,68.2573,89.4113,119.895,142.015,170.588,191.378,230.627,288.408,342.034,411.045,475.744,505.008,532.338,593.958,638.69,644.166,653.608,652.521,665.779,717.506,693.591,546.504,424.462,392.102,394.008,399.052,392.081,389.418,400.673,397.182,405.807,391.663,365.386,341.912,362.38,376.441
680,170.577,191.798,200.18,202.455,201.067,192.283,175.063,155.509,137.437,125.019,113.001,94.0981,78.7807,62.0782,53.4451,45.3071,40.6481,37.2624,34.3475,29.9289,28.7793,30.8497,35.6574,43.5792,51.4476,68.0116,88.8821,118.187,143.401,170.007,193.449,230.431,286.036,339.499,403.114,477.091,503.054,538.799,590.365,633.076,640.697,654.992,655.176,665.374,713.767,688.275,544.733,421.915,388.576,393.42,393.832,393.666,389.73,398.77,392.454,404.958,390.648,367.188,340.07,359.011,370.781
680.5,170.659,191.058,197.997,203.674,203.289,195.277,172.203,154.91,139.863,124.386,114.561,95.1232,79.8123,63.1264,55.2909,46.8277,42.5539,38.8026,35.7069,31.4668,29.6749,31.3188,35.6905,43.6836,52.2822,68.5843,89.2011,117.817,143.406,168.424,190.74,231.648,285.357,338.323,398.006,476.781,500.932,534.13,582.424,627.942,636.757,654.903,651.279,668.324,706.474,686.753,544.951,420.219,387.766,390.552,390.253,392.276,386.593,393.536,387.704,399.939,392.218,366.103,337.907,355.488,367.321
681,171.798,191.185,196.84,204.882,202.921,196.978,170.616,154.494,140.771,125.998,115.992,94.4648,81.389,64.5546,56.3651,48.2821,44.4257,40.9987,37.135,33.1317,30.172,32.1044,36.3277,43.8277,52.532,68.209,89.7655,117.777,143.614,168.987,191.524,231.201,283.424,339.942,394.099,476.44,493.841,531.186,578.89,621.569,634.121,652.463,649.109,663.339,702.154,682.784,545.775,418.197,384.732,394.089,388.406,394.679,380.289,391.899,386.688,397.038,392.472,367.957,336.661,351.152,362.583
681.5,171.873,191.569,196.409,204.953,202.551,195.094,171.436,155.46,141.653,125.33,117.009,96.5408,82.9774,66.5758,58.102,49.874,45.9572,42.5478,39.1583,34.2162,30.6935,32.4106,36.6454,43.7333,53.3871,68.6388,90.2279,116.571,142.954,169.207,191.134,230.713,281.954,341.388,394.951,471.882,489.301,526.72,579.11,616.754,626.868,649.012,650.263,663.51,702.847,678.886,543.25,415.063,384.974,394.58,386.147,394.017,378.277,390.481,388.19,393.021,393.17,365.729,337.785,348.42,364.4
682,170.907,188.171,196.407,203.106,201.61,194.458,173.264,156.823,142.081,126.312,117.575,98.2435,85.0229,67.7881,58.9826,51.0652,47.0545,44.3665,40.7354,35.1738,30.9297,32.3115,36.9655,44.0173,53.7749,68.2523,89.4605,115.571,141.513,169.112,191.825,229.076,279.365,341.679,396.529,467.793,488.005,527.338,571.857,610.687,624.464,643.493,643.074,660.705,696.523,679.51,541.361,413.913,383.047,391.727,383.051,395.35,377.862,391.9,390.361,392.365,391.529,363.59,335.973,344.919,366.085
682.5,168.709,185.734,195.798,203.059,202.27,191.656,175.997,155.851,141.948,126.57,118.125,99.9271,85.9085,69.2108,60.5657,52.251,48.3417,46.2371,42.0073,35.8676,31.1888,32.4984,36.8482,44.607,53.7386,68.0739,89.3579,114.366,140.585,169.253,191.04,227.909,278.363,339.434,396.287,458.719,489.419,518.293,566.798,609.567,620.629,635.845,636.924,657.273,691.048,677.061,537.34,412.931,381.447,390.973,382.499,394.732,377.15,391.419,384.685,392.302,388.915,362.619,335.153,342.601,364.119
683,167.843,185.038,194.929,202.047,202.102,192.645,177.558,155.957,141.069,127.272,118.137,100.151,87.2698,70.8026,61.3114,52.9885,49.097,47.5544,42.8986,36.4329,31.5244,32.6124,36.9011,44.6716,53.8867,67.8462,88.9882,113.139,140.251,168.023,188.958,223.144,276.278,334.749,391.907,453.443,490.266,512.022,563.661,604.732,619.371,630.937,630.82,647.815,679.129,666.741,531.48,411.166,378.045,388.542,381.009,389.904,372.898,386.421,385.308,391.957,388.436,358.6,332.559,338.803,363.193
683.5,165.435,187.049,192.68,199.011,197.983,188.457,175.904,154.902,139.538,127.94,117.661,99.6325,86.4733,70.0904,61.8798,53.2813,49.6809,48.0998,43.2846,36.8951,31.6051,32.9354,37.0193,44.5157,53.3321,67.1043,88.6411,114.48,138.23,165.855,187.73,221.689,273.984,330.009,388.109,448.428,479.998,507.857,559.867,599.723,616.775,625.608,627.944,640.526,673.336,658.896,525.822,407.423,375.339,386.03,378.156,387.472,370.123,380.68,382.917,392.424,383.784,354.841,329.58,337.834,356.926
684,164.484,185.637,190.002,196.408,196.384,184.934,174.792,154.256,137.207,126.051,115.969,99.2617,85.4302,70.4294,61.7338,53.4436,49.685,47.3813,43.2399,37.0166,31.7931,33.2648,37.4264,44.1927,52.8008,66.5795,87.4381,113.243,136.233,163.902,186.995,219.709,269.944,323.245,383.582,444.951,468.746,500.422,554.452,591.059,611.197,616.973,620.144,634.011,659.75,652.727,519.817,403.092,374.104,382.197,371.851,380.356,366.956,375.323,377.721,385.134,382.266,350.434,325.515,331.513,350.172
684.5,161.672,184.526,185.808,192.873,192.893,179.154,172.017,152.897,134.132,124.808,114.165,98.7307,83.204,69.7985,61.2911,52.9787,49.2468,46.6002,43.0951,36.5888,31.8277,33.3166,37.2259,43.707,52.3153,65.7877,86.0116,112.275,134.404,162.462,185.681,218.971,266.288,318.582,375.762,437.086,464.201,496.938,549.565,580.62,602.593,607.925,616.139,618.35,647.073,644.146,516.283,395.811,369.623,376.342,364.394,373.166,363.63,372.264,375.677,378.842,377.293,344.65,321.187,327.474,345.493
685,160.285,180.502,183.178,189.961,191.392,177.906,168.734,151.549,131.318,122.021,112.294,97.9085,81.6286,68.9017,60.6527,52.2863,48.6663,46.0097,42.502,36.1803,31.6879,33.0155,36.8207,43.0504,51.5292,64.4369,84.6052,110.42,132.942,159.347,181.81,216.939,263.04,314.379,373.767,426.626,460.801,493.353,543.016,574.907,592.305,597.775,615.595,610.726,642.705,629.225,511.639,385.626,364.58,369.223,350.512,367.478,359.214,366.492,375.286,370.624,373.627,336.339,314.261,323.117,338.855
685.5,156.881,175.686,178.731,187.594,188.328,177.006,164.961,147.887,130.108,121.083,110.363,95.084,80.9968,67.4033,59.9004,51.2974,47.4764,45.5462,41.6091,35.4804,31.1576,32.5826,35.9952,42.4827,50.551,63.9333,83.185,108.736,131.625,157.117,177.359,213.035,258.676,310.26,367.736,412.429,455.6,484.464,540.075,566.818,575.549,587.874,604.082,594.349,631.795,616.833,501.642,380.618,358.248,361.074,348.724,359.639,355.475,355.809,370.41,369.05,366.954,331.341,311.476,319.12,333.805
686,152.538,172.058,177.177,183.647,185.994,176.828,159.881,144.409,127.875,118.189,108.564,92.7402,79.8553,65.5726,58.5982,50.3869,46.6875,44.9413,40.8795,35.4124,31.1404,32.1271,35.4763,41.9848,49.5845,62.8435,81.4859,107.169,128.811,152.372,173.986,210.017,256.332,306.516,359.94,404.017,449.039,472.661,533.183,560.07,565.904,575.928,594.546,592.064,626.961,604.866,495.68,372.29,350.992,351.259,343.804,356.35,345.353,350.492,359.113,363.235,360.031,327.358,308.377,314.91,329.507
686.5,149.426,168.277,172.967,178.638,182.145,173.351,155.72,141.051,126.967,115.873,106.167,90.9286,79.1991,64.3185,57.2851,49.2406,45.5782,44.2079,39.8874,34.9712,30.6369,31.7389,35.133,41.4731,48.6853,61.8559,80.3026,106.155,124.921,149.453,171.115,205.047,250.906,302.261,355.812,397.235,444.537,468.99,522.421,549.816,561.211,564.188,581.585,582.035,608.205,594.793,481.003,373.277,343.006,342.946,340.367,353.199,343.423,342.811,349.18,357.352,351.54,324.836,304.128,309.501,324.711
687,145.514,166.231,170.877,174.294,176.543,170.461,152.173,138.343,125.106,113.546,104.925,88.3002,78.2121,63.6584,56.2301,48.4273,44.8041,43.5619,39.1159,34.7214,30.0853,31.2294,34.5265,40.926,47.9067,61.1901,79.4813,104.558,122.644,147.488,167.797,200.297,245.337,295.868,348.021,401.868,442.782,468.53,510.843,543.293,557.976,556.496,572.123,578.518,597.745,588.998,471.41,371.219,337.01,336.278,332.268,348.798,336.478,337.011,339.081,352.694,346.529,321.351,296.424,304.878,318.375
687.5,140.591,163.932,169.349,169.305,172.657,167.404,151.339,134.11,123.59,112.116,103.549,88.6868,76.7168,62.9234,55.5377,48.2584,43.7216,43.1275,38.9924,34.618,29.9444,30.7269,34.3249,40.3396,47.0503,60.3827,78.9057,102.829,119.987,144.228,165.369,197.597,239.889,291.646,341.926,398.268,434.767,462.607,501.337,534.502,551.351,544.839,562.308,571.241,589.115,581.988,464.913,367.345,332.713,331.025,329.232,344.078,333.048,329.594,335.722,347.317,341.2,318.342,286.266,299.177,312.464
688,137.371,161.347,168.623,165.354,168.948,165.421,149.934,132.193,122.918,110.036,102.383,86.7517,76.3597,63.372,54.845,48.1305,43.0989,42.6193,39.1068,34.4675,30.1077,30.5497,33.9937,39.9267,46.0933,59.4365,78.0069,100.462,118.965,141.183,162.763,195.559,234.617,285.387,336.488,393.404,428.168,459.644,491.225,524.361,538.732,534.861,554.933,562.039,581.644,573.635,454.733,363.972,330.857,326.585,321.95,337.621,328.437,323.577,328.822,342.204,337.283,313.294,283.039,295.815,306.121
688.5,134.324,160.151,168.687,162.927,166.063,163.47,148.582,131.006,121.661,108.456,101.556,86.8062,76.0877,62.6766,54.6862,48.4947,43.1827,42.5852,39.8161,34.929,30.5159,30.58,34.059,39.5959,45.9154,58.9815,77.0745,99.4548,117.882,139.046,161.182,194.186,231.453,281.925,334.041,395.327,422.042,454.927,485.617,508.061,532.071,531.65,550.517,558.514,574.147,570.045,446.48,359.714,330.423,323.837,323.136,332.26,326.01,325.436,323.891,332.128,331.365,307.324,281.33,292.986,303.726
689,132.453,159.805,167.448,160.639,165.027,161.64,147.526,130.972,121.297,108.469,101.191,87.0754,76.2264,63.0742,55.1875,48.805,43.7976,43.1798,40.4259,35.5529,31.1817,31.1343,34.3701,39.6034,46.0092,58.4968,76.8842,98.8527,117.445,139.448,161.262,192.659,229.725,281.246,334.348,393.264,416.196,445.947,482.039,505.066,526.604,531.768,542.823,554.575,570.381,560.844,442.165,356.213,329.73,322.438,320.027,329.786,324.566,322.745,320.982,330.475,328.885,302.734,280.75,289.818,301.256
689.5,132.309,159.194,166.77,161.997,165.042,160.299,146.884,132.752,120.41,108.734,101.653,87.5003,77.04,63.4263,55.8827,49.5322,46.0452,44.0024,41.665,36.5094,31.629,31.6224,34.6818,39.8476,46.7008,59.0578,76.8505,98.7845,116.968,140.776,160.011,191.47,230.797,278.736,329.768,389.526,413.103,442.053,479.702,503.691,527.193,535.09,539.302,550.438,568.885,561.865,444.787,353.85,328.578,325.175,319.686,329.308,320.466,323.031,319.677,328.357,328.656,299.503,283.015,288.34,299.607
690,132.852,159.707,165.722,161.953,165.347,160.488,146.895,132.507,121.109,111.165,102.746,89.4637,78.3316,64.0739,57.6203,50.6527,47.148,45.8146,42.2017,36.9645,32.058,32.6547,35.4725,40.406,47.5071,59.1943,77.2417,97.4816,117.296,140.603,158.712,189.575,230.73,279.794,331.408,385.463,410.698,442.528,477.552,511.303,529.362,536.822,539.258,542.862,567.406,554.867,449.052,351.541,328.167,323.989,324.688,329.806,318.882,321.7,318.485,329.229,331.731,299.692,282.956,288.056,297.169
690.5,134.988,160.107,165.743,161.566,166.533,161.753,148.048,133.348,122.509,112.145,103.486,89.9005,80.1855,65.1759,58.9879,52.0128,48.7691,47.4662,43.3317,38.1084,32.6596,33.2299,36.0535,40.8031,48.6467,58.6426,77.8298,97.3715,117.54,142.55,154.388,190.456,232.684,282.627,330.95,383.509,410.913,451.031,478.745,519.238,528.737,535.117,540.826,538.037,571.52,557.035,456.004,351.695,328.775,324.604,324.825,332.074,319.708,325.556,319.549,331.799,336.409,301.936,284.634,288.044,297.766
691,136.404,160.849,164.055,162.241,166.526,163.808,148.698,134.845,123.426,113.679,105.064,91.9266,81.7467,66.0517,60.7673,53.3745,50.1879,49.4287,44.9116,39.403,33.6172,33.8376,36.6145,41.6581,49.3754,59.0848,78.3378,97.6465,119.462,142.984,156.459,191.356,232.223,285.718,334.315,386.531,414.224,450.851,475.696,523.236,530.781,531.759,545.19,542.225,566.961,560.939,456.491,354.322,330.118,327.163,326.621,334.204,321.322,326.775,321.568,331.554,337.234,304.391,285.047,287.962,294.705
691.5,138.22,160.208,163.482,163.694,167.616,164.436,151.574,136.356,124.836,115.233,104.949,92.3666,82.5223,68.4247,62.0419,54.8695,50.6706,50.401,45.8693,40.5857,34.2328,34.015,37.1661,42.3666,49.9127,60.0739,78.2579,98.7347,119.744,144.511,157.657,193.861,234.259,289.793,335.967,383.458,415.94,455.144,475.777,526.598,536.506,533.646,547.668,549.545,570.273,566.851,457.137,357.667,333.546,329.38,328.152,337.994,327.126,329.24,327.533,332.876,338.724,303.982,285.911,287.726,292.413
692,139.817,160.746,162.34,165.878,168.588,165.452,154.216,137.656,126.311,117.227,105.04,93.7484,83.3517,70.0967,62.4984,56.3495,51.8887,51.6168,47.1412,41.8362,34.6339,33.9031,37.8364,42.8041,49.8461,60.9919,78.735,99.55,119.212,144.795,162.93,193.543,236.973,290.918,340.088,387.801,416.545,451.789,476.604,529.626,537.738,538.872,552.258,548.951,576.726,569.301,454.451,360.288,334.121,330.262,330.864,340.4,328.083,333.749,329.036,335.786,340.13,304.259,285.517,286.724,289.205
692.5,140.371,161.505,163.365,167.317,170.207,165.576,155.344,137.566,127.192,118.553,105.497,95.3535,83.7949,71.4417,63.4797,57.5649,52.7901,52.5123,47.9801,42.2855,35.4976,34.2081,38.3602,43.3085,50.6058,61.858,78.5646,100.823,118.475,144.308,165.594,191.415,238.944,289.974,342.304,390.788,415.987,450.255,481.693,532.384,540.999,548.982,557.53,553.092,581.896,566.778,457.438,361.416,335.915,330.821,333.12,340.601,331.31,334.915,329.763,342.561,341.315,303.967,286.498,286.579,284.862
693,140.335,160.432,163.276,167.92,172.544,166.92,153.737,137.413,127.459,118.79,106.314,95.8969,85.0361,71.0927,64.0079,58.7714,53.9538,53.6735,48.939,42.7885,35.604,34.6075,38.6531,43.3507,50.7789,62.4352,78.7771,100.829,117.951,143.631,164.721,194.262,240.85,288.46,341.181,394.702,415.744,451.732,490.385,531.406,540.794,550.728,560.736,552.133,588.332,564.628,457.765,358.927,335.799,331.316,333.153,340.272,326.368,334.246,329.683,345.058,342.547,304.039,286.211,285.262,289.375
693.5,139.813,159.923,163.808,168.227,172.091,166.257,152.774,136.743,127.665,118.846,107.675,96.9684,85.3431,71.678,64.5004,59.3892,54.7682,54.668,49.3718,43.0641,36.1427,35.5679,38.7033,43.6166,51.7759,63.1036,79.1091,101.014,118.681,142.367,164.41,190.828,238.688,289.138,340.068,396.633,414.299,451.322,491.071,527.18,539.93,544.865,563.77,561.28,586.626,560.205,453.085,358.815,335.111,332.199,334.667,336.775,328.201,330.515,332.046,344.98,341.771,303.511,284.815,282.844,288.875
694,140.125,158.047,163.71,168.776,170.482,164.524,152.427,138.155,127.427,118.6,107.7,97.1733,84.9242,71.3388,64.8941,59.8425,54.8432,55.5748,50.1395,42.8906,36.4195,35.8009,38.8246,43.5787,51.6269,62.7877,78.8918,101.54,118.123,140.058,163.009,190.112,237.237,286.354,334.556,389.489,416.689,450.867,487.922,523.387,535.264,538.282,558.953,557.168,585.464,559.689,450.895,354.281,332.313,333.112,335.488,336.319,325.223,328.147,330.624,342.082,338.251,302.046,282.679,280.863,288.162
694.5,140.243,157.264,162.725,168.59,170.006,162.679,151.771,138.052,127.878,117.65,108.238,97.3029,84.597,71.2234,64.9572,60.0961,54.1544,56.21,49.8626,43.5418,36.977,36.0992,39.0153,43.362,51.072,62.6533,79.9673,101.422,117.864,140.001,163.62,187.915,237.454,286.196,336.623,385.375,413.308,450.861,482.168,523.757,536.603,532.932,554.169,553.967,581.622,555.203,452.18,354.56,329.886,332.488,335.598,333.023,325.08,325.59,326.215,338.712,329.639,297.779,281.329,278.259,285.592
695,139.495,157.672,159.297,165.734,169.742,160.225,149.996,137.193,126.104,116.584,107.259,97.2105,84.3498,71.7712,65.2119,60.2229,54.1602,56.2413,50.4261,43.5646,36.962,36.1407,38.8216,43.2089,50.5025,62.7668,79.6129,100.675,118.166,139.14,162.854,190.589,235.089,283.843,331.13,378.925,410.537,442.116,478.984,517.756,531.363,531.943,549.324,545.672,574.771,552.976,446.74,352.516,327.247,329.236,334.2,328.943,323.984,322.969,322.532,335.803,327.695,292.674,279.26,273.28,283.917
695.5,138.137,156.583,158.41,162.698,166.907,158.354,149.109,135.759,124.575,114.938,106.164,97.024,84.6405,72.1965,65.3137,60.4099,54.9145,56.0785,50.7484,43.6381,36.9595,35.9531,38.66,43.0053,50.1652,62.7437,78.9972,100.364,116.793,138.164,160.718,190.266,233.119,280.344,327.956,378.472,406.18,437.461,472.835,512.313,524.421,533.296,543.541,541.224,573.627,552.948,445.88,349.871,328.439,320.575,331.333,325.946,319.095,320.585,319.735,331.744,324.239,289.983,276.505,267.074,279.128
696,137.214,155.698,156.511,160.955,165.987,158.641,147.637,135.75,123.223,113.996,104.366,96.1551,84.2629,72.686,65.1364,60.3151,55.6511,55.8619,50.5752,43.7393,37.2806,35.7352,38.5333,43.1381,50.1288,62.2776,78.5869,99.8846,116.148,136.76,156.953,188.852,229.918,279.115,323.149,375.228,405.038,430.919,469.985,502.834,515.61,530.211,539.853,540.023,566.126,549.618,439.362,346.258,323.966,318.227,327.28,321.521,317.18,319.234,317.186,326.31,323.403,287.408,273.393,263.254,274.434
696.5,136.99,154.28,155.355,158.627,165.207,160.711,146.857,135.323,122.07,113.681,103.702,95.4773,84.6782,72.6589,64.9195,60.2077,55.7121,55.5964,50.4314,44.1921,37.4856,35.7679,38.2933,42.9675,50.2453,61.9314,77.5326,99.1459,115.313,135.364,153.969,186.524,228.677,276.418,318.946,364.548,398.474,430.27,466.797,496.272,508.35,522.56,532.836,535.521,557.874,544.026,426.597,341.828,320.51,313.843,321.493,318.218,312.578,313.558,316.038,321.233,319.676,287.104,269.683,259.693,269.777
697,137.148,152.305,156.383,160.008,167.005,161.386,145.142,135.531,119.721,112.397,103.372,94.8764,84.1369,73.0172,64.2169,59.686,54.6059,55.3275,50.2208,45.1089,37.8662,35.9151,37.8021,42.9139,50.2339,61.5534,77.4075,97.7906,114.47,133.822,151.877,185.787,225.554,274.231,315.04,362.232,393.319,422.592,464.604,489.403,501.568,515.375,526.396,527.05,551.642,537.777,424.212,338.518,315.721,314.705,319.22,313.119,310.173,309.122,312.82,318.856,316.518,283.809,265.881,256.858,263.324
697.5,136.773,151.039,154.215,157.482,164.194,161.473,143.513,136.085,118.784,112.066,102.751,94.2439,83.6649,72.6188,64.5433,58.9978,54.8999,55.3074,50.7634,45.8208,38.1123,36.0932,37.6915,42.3235,49.7313,60.9655,76.721,96.743,115.072,133.048,150.293,182.938,222.654,271.649,309.433,360.03,390.095,419.845,455.674,485.326,498.889,505.375,520.44,517.918,544.372,529.807,423.348,334.474,313.67,309.638,313.242,309.96,306.516,303.526,306.844,314.699,310.419,281.798,262.498,254.08,262.648
698,135.239,150,152.59,157.141,163.645,160.813,143.325,135.965,116.998,111.064,102.388,93.1652,83.3521,72.8301,64.7548,58.345,54.5612,54.9225,51.3998,46.6869,38.2821,36.1179,37.474,42.0243,49.653,60.51,76.9864,95.7631,112.348,132.154,149.803,181.005,220.613,269.84,310.188,359.276,384.949,411.898,450.9,479.948,493.981,498.618,516.722,516.272,534.996,522.054,422.346,333.377,308.715,304.744,308.705,306.13,301.055,301.32,302.941,313.509,304.883,279.57,259.708,250.499,260.816
698.5,133.263,148.04,150.814,155.816,162.285,160.755,144.72,135.314,117.931,111.568,100.88,92.7881,82.7869,72.9781,65.2006,57.8172,55.5611,55.2507,51.91,46.8478,38.6373,36.3181,37.7346,41.8315,49.6494,59.9381,77.0103,95.9002,112.781,132.602,149.967,179.635,218.806,269.031,309.365,355.12,380.357,410.113,444.263,471.385,489.242,492.25,513.447,508.437,529.525,518.577,421.008,330.323,304.631,300.045,304.05,302.898,298.965,300.313,298.761,311.109,301.489,274.888,257.183,245.768,259.758
699,132.587,147.292,151.742,155.86,162.133,159.867,144.803,134.36,118.187,111.008,100.738,91.585,81.6221,73.4488,66.0643,58.0951,55.5735,55.4222,52.5394,47.2322,39.1048,36.3531,38.0949,41.8856,49.7646,60.0599,76.5374,94.8463,109.527,130.266,147.411,179.053,217.654,267.381,306.547,351.273,377.656,408.378,441.569,466.541,485.398,485.345,508.1,502.383,526.075,509.152,419.901,327.849,301.007,299.281,298.472,298.814,296.428,297.002,299.335,308.699,299.065,272.985,254.306,244.19,256.396
699.5,131.652,147.012,152.31,155.978,160.784,158.14,145.59,132.823,117.522,111.207,101.343,91.5254,81.4523,73.4464,66.3518,58.2419,55.6777,55.7245,53.2614,47.6143,39.6232,36.7191,38.5517,41.5596,50.0141,59.8299,75.6285,94.9818,109.938,129.391,145.154,176.866,216.481,264.697,304.462,346.916,374.584,404.6,433.479,458.816,476.096,478.447,499.248,497.565,524.904,504.997,409.85,323.837,297.246,297.106,294.073,298.771,294.512,295.206,298.514,303.875,296.132,270.383,251.592,242.385,247.693
700,131.6,147.22,151.961,157.358,158.533,156.245,146.249,132.362,118.898,110.817,100.925,91.5242,81.4817,73.5861,66.6359,59.2956,57.0427,56.2767,53.7203,48.5832,40.6182,37.4266,38.6164,41.7191,50.0204,59.3396,74.671,94.0699,108.051,127.772,145.399,175.313,213.924,261.139,300.592,340.539,371.82,400.998,431.472,455.689,474.16,472.535,488.269,491.601,521.807,497.549,410.655,318.349,294.325,291.768,290.661,294.033,287.828,292.429,292.519,300.741,293.509,267.178,248.677,238.791,239.952
700.5,131.24,146.747,149.218,157.245,155.674,155.083,146.198,132.615,117.493,111.133,101.556,92.1356,81.3942,73.7453,67.3035,59.7721,57.1062,56.888,54.2792,49.3872,41.2714,37.7837,38.8833,42.2846,50.1205,59.6444,74.5718,94.1401,107.766,126.586,143.857,173.347,211.489,257.362,293.777,335.43,367.8,399.718,424.135,450.583,468.471,471.063,484.06,487.907,512.617,490.321,406.099,312.244,290.667,287.369,287.536,289.477,285.167,288.853,290.052,297.416,287.076,264.11,244.872,235.22,234.696
701,130.582,145.159,146.997,156.513,154.069,154.403,146.122,132.46,117.84,110.901,101.902,92.8458,82.0372,74.5992,67.8623,61.3099,58.5934,57.7847,54.9935,50.2852,42.4936,38.7099,38.9561,42.7758,50.1639,59.5853,74.8236,94.7013,108.099,125.302,143.565,173.547,210.06,256.006,291.944,329.313,360.578,394.595,419.046,445.88,460.844,464.482,477.638,483.231,506.533,482.897,405.565,308.567,288.519,282.733,286.423,287.083,280.812,284.698,286.707,294.309,284.507,260.203,240.604,233.422,234.17
701.5,130.053,144.398,145.902,155.343,153.551,154.035,146.129,131.673,117.659,111.129,102.975,93.6137,82.6333,75.2545,68.7329,62.5229,58.6404,58.4532,55.8177,51.3125,43.5508,39.3147,39.2884,43.3918,50.2974,60.3479,75.2746,93.9127,107.174,124.672,142.536,171.317,207.144,253.55,288.374,323.311,355.591,387.968,415.509,440.869,452.144,455.061,470.717,476.42,497.275,473.96,399.409,303.519,286.028,282.048,283.874,280.913,279.661,281.222,285.931,291.477,282.442,255.702,236.988,231.658,229.86
702,130.072,144.456,148.034,154.868,154.493,154.029,145.403,131.291,118.41,111.221,103.96,94.8665,82.9062,75.9686,69.9206,63.9503,59.8909,59.0163,57.5443,52.318,44.7978,40.3567,39.7176,43.8592,50.5352,60.8185,75.6619,93.539,107.325,124.121,142.226,169.83,205.855,251.589,282.85,318.06,349.821,380.274,409.579,435.352,444.756,449.407,466.559,467.06,488.674,465.902,389.018,297.663,284.997,279.107,280.702,278.708,276.752,278.105,282.315,288.639,280.974,252.226,232.026,229.803,226.304
702.5,129.827,144.048,148.556,154.973,156.243,153.853,144.122,130.91,120.255,112.211,104.176,95.2755,83.973,76.8727,71.1113,64.7317,60.0497,60.8131,59.5121,54.2964,46.7133,41.4513,40.1728,43.9978,51.0478,61.1339,75.7336,92.4285,106.48,123.356,141.267,165.829,204.44,248.501,280.344,315.324,342.008,373.218,403.923,426.715,438.015,443.516,459.772,455.598,483.64,464.159,383.88,292.388,281.648,276.044,277.533,275.074,271.478,274.093,276.068,286.809,275.267,247.968,228.976,225.891,221.598
703,130.817,145.14,147.472,155.409,156.572,154.111,143.825,130.769,119.939,113.082,104.892,95.8697,85.3193,78.1815,72.2783,65.9955,62.6482,62.9271,62.1301,55.8752,48.2074,42.7261,39.9302,44.3802,51.7424,61.54,75.9112,90.8756,104.726,123.47,139.665,164.268,203.05,244.203,276.905,312.707,336.534,368.644,396.58,419.983,431.998,437.773,452.176,449.85,474.839,458.436,380.586,288.576,276.097,271.129,274.096,273.376,266.679,271.215,271.88,282.772,270.781,243.492,225.144,220.833,217.337
703.5,130.581,145.205,146.653,155.369,156.354,153.898,143.62,131.263,120.029,114.785,106.882,96.7783,88.1854,79.3759,74.0478,67.892,64.8742,65.4157,64.8662,59.0187,50.1657,44.1646,40.9076,44.9211,52.497,62.1081,76.0477,90.0584,104.497,123.813,138.846,161.367,201.726,240.909,272.496,309.635,332.999,365.436,389.588,416.077,427.564,430.054,442.457,445.731,470.398,455.256,375.364,287.207,272.04,265.829,269.75,270.476,261.788,267.119,267.954,276.834,266.664,239.887,221.926,216.999,212.314
704,130.698,145.616,147.178,154.425,156.632,154.854,143.935,132.457,120.744,116.757,107.941,99.0944,90.9217,81.2559,76.5429,71.0286,68.8498,67.1917,67.8334,62.0239,52.0415,45.3932,41.6481,45.6306,53.4021,62.0572,76.4491,89.3797,103.88,122.405,138.133,162.741,200.164,236.477,272.53,304.551,329.725,362.303,381.965,408.007,421.64,422.226,435.416,439.462,458.012,450.678,369.486,285.015,267.423,259.511,267.386,268.371,256.697,263.051,264.574,271.969,261.993,236.56,218.317,213.218,209.647
704.5,132.404,146.019,149.943,154.297,157.344,156.403,145.54,135.109,123.756,118.086,109.731,99.1966,93.9911,82.609,79.7364,74.5277,71.7751,69.4675,70.8317,65.5739,54.887,47.1877,43.9431,46.8834,54.6339,62.8754,76.7949,90.0414,103.354,121.812,136.612,159.118,198.882,232.476,267.183,300.332,326.988,358.486,376.717,398.917,417.535,416.752,427.561,431.963,447.9,445.505,363.25,282.773,263.511,256.532,266.155,265.476,252.756,260.546,261.182,269.026,260.182,235.287,214.915,212.846,208.82
705,135.132,147.372,151.395,155.481,158.217,159.213,147.032,139.456,127.048,120.037,111.864,101.89,97.1371,85.7041,83.8812,77.9363,75.8806,73.1889,74.9183,69.0363,58.5787,49.362,45.8099,47.5227,56.0882,63.9242,77.5799,90.9432,102.914,121.926,134.164,159.267,197.896,230.455,260.661,296.762,327.893,351.887,373.291,388.035,412.195,412.188,424.742,423.673,441.853,440.975,357.683,280.063,262.479,255.034,262.296,262.216,252.231,256.172,258.558,266.313,258.778,233.404,211.141,211.348,207.648
705.5,137.879,148.937,152.542,159.89,160.384,161.476,153.718,143.719,131.017,123.042,113.581,105.671,101.008,89.9011,88.583,81.1952,80.2217,78.1923,78.8671,73.3997,62.9726,51.6722,48.307,49.9173,57.5618,65.0123,79.0504,91.9364,102.8,122.086,132.529,158.073,196.861,228.075,256.091,295.131,322.408,345.613,365.792,383.513,406.016,405.742,418.435,418.224,438.274,437.024,353.767,276.489,259.998,253.621,260.339,259.693,249.686,255.837,257.211,265.019,258.108,231.852,209.536,209.554,207.101
706,140.917,152.558,154.053,163.2,164.902,163.006,158.249,147.703,135.327,128.402,117.653,111.998,104.635,95.3322,93.9066,85.2342,85.5965,84.1065,83.8712,78.1546,67.6079,55.1893,50.5088,51.5421,59.078,67.1338,80.6494,92.5697,103.777,122.635,133.698,159.398,196.201,225.043,253.977,291.435,320.997,339.831,363.946,380.712,402.467,400.048,412.917,414.112,433.157,433.477,349.569,273.169,258.693,252.598,257.648,257.456,249.797,250.039,258.325,263.621,257.748,230.239,208.987,207.701,207.881
706.5,142.642,155.97,156.017,166.747,170.096,166.123,164.455,153.125,140.044,134.601,121.098,117.89,108.835,101.692,99.7129,90.3019,90.5896,90.6356,89.845,84.3405,72.1259,58.2781,53.4515,54.7121,61.0489,69.5113,82.4412,93.9641,104.834,123.376,136.08,160.191,196.119,224.477,255.001,291.955,314.651,335.591,355.811,379.175,395.845,391.343,407.979,412.053,427.03,430.604,346.716,271.599,257.669,250.917,256.889,255.457,250.785,248.117,259.61,261.654,256.139,230.477,210.22,205.888,207.748
707,145.443,159.662,161.909,170.111,172.9,170.801,170.96,158.382,144.706,140.394,126.353,123.164,114.895,108.045,105.595,97.6001,97.3893,97.6518,96.9747,90.5737,77.3427,62.1939,56.5878,58.3169,63.8143,72.4656,84.4123,96.6154,106.763,124.563,141.048,161.684,196.005,225.248,254.547,288.87,308.49,334.481,351.774,378.502,391.981,386.136,406.77,409.645,422.078,426.95,343.152,271.611,257.338,251.919,256.327,255.236,251.693,245.951,258.804,260.174,253.953,233.109,212.031,207.529,206.75
707.5,148.801,165.031,169.122,174.015,178.465,178.74,178.12,164.539,152.379,148.36,135.034,130.501,121.97,116.548,113.879,104.295,104.883,104.01,104.128,98.1364,83.9061,67.0079,60.1503,61.6712,66.7418,76.3833,86.6572,99.6213,109.342,125.877,143.059,163.549,197.261,225.115,253.884,286.08,303.248,330.74,350.342,375.048,389.274,390.566,405.606,408.265,423.245,421.313,344.164,270.015,258.427,253.074,256.387,255.57,249.99,247.271,258.684,260.235,255.055,233.04,212.615,208.342,208.807
708,155.113,170.42,174.644,179.608,184.866,187.866,186.5,173.52,159.088,155.588,144.603,137.769,131.011,123.956,122.49,113.59,113.105,110.901,112.278,106.26,91.0987,72.1465,63.9138,64.9965,70.5201,79.877,89.9968,103.293,111.991,128.966,146.043,167.226,197.946,225.623,255.959,285.522,301.4,330.022,350.386,375.407,387.41,393.318,404.585,406.686,420.156,418.477,346.077,268.321,256.963,253.979,257.535,255.43,250.412,249.644,259.528,261.31,255.302,234.114,213.271,209.805,210.407
708.5,161.362,177.865,180.407,187.457,194.931,197.364,196.273,181.381,167.872,165.257,155.238,144.185,140.265,132.589,133.209,124.168,122.307,120.011,123.389,115.831,98.7384,79.2293,68.6055,69.1259,74.878,84.6437,93.6121,105.483,115.295,131.537,148.61,170.746,199.686,227.1,253.567,287.057,299.753,326.648,350.373,373.759,390.175,393.95,403.993,407.741,418.578,414.388,348.135,267.777,256.413,255.719,260.355,256.376,252.081,250.261,262.455,263.962,262.389,237.682,214.879,213.095,212.631
709,170.038,184.169,188.668,195.61,205.349,209.141,206.365,191.692,177.443,172.458,164.585,154.934,148.887,142.964,144.263,133.873,132.354,131.284,135.699,126.753,108.849,86.4172,73.4584,73.5118,79.6374,88.9683,97.7977,107.896,119.835,135.597,151.372,176.595,203.197,230.337,254.054,287.478,302.165,329.948,351.901,373,390.019,395.376,404.916,408.056,416.271,413.074,349.319,266.679,255.287,258.043,264.793,259.475,256.738,253.346,264.45,265.446,266.443,242.441,219.457,216.361,216.715
709.5,178.287,193.428,198.105,206.037,214.508,219.826,217.558,201.778,189.303,183.762,175.646,166.99,158.277,154.846,155.912,147.123,143.64,144.383,147.102,139.357,118.805,94.0264,78.8455,78.8505,84.7088,94.8301,102.029,111.018,123.099,139.937,155.533,181.245,207.335,234.789,254.271,289.043,304.885,330.914,356.484,375.435,396.357,395.959,404.215,410.17,421.799,412.978,350.152,271.64,257.274,262.242,267.842,261.998,262.997,257.164,266.853,267.979,271.605,246.367,223.882,219.518,222.271
710,187.391,202.279,208.735,219.665,226.73,230.616,228.855,214.326,201.114,195.63,185.674,180.682,170.026,168.002,168.577,159.662,156.494,158.495,160.04,152.784,130.972,101.872,84.8824,84.9021,90.3784,100.128,107.601,115.733,128.082,143.719,159.578,186.415,212.595,239.539,263.68,293.294,307.996,332.044,358.485,379.349,399.191,401.215,405.186,414.959,428.643,412.493,353.794,277.796,262.089,262.109,270.412,265.387,269.732,260.827,272.158,273.641,278.672,249.308,229.554,224.185,226.999
710.5,197.193,214.074,218.584,231.949,238.491,238.032,243.032,228.375,215.114,210.773,198.529,195.709,182.602,182.157,180.438,172.938,170.575,172.058,172.27,167.242,142.359,110.412,92.4548,91.1226,96.0006,105.853,113.201,121.235,133.177,149.287,164.838,191.921,217.265,244.632,269.972,298.816,310.042,335.009,360.786,384.88,402.394,403.691,404.692,414.774,433.941,420.285,357.893,285.54,267.558,265.224,273.959,270.144,274.676,269.097,279.261,280.801,283.691,254.283,235.782,230.069,234.319
711,207.239,225.177,227.786,247.036,250.699,248.032,256.385,241.125,227.89,226.269,212.84,209.571,197.255,194.863,195.122,187.247,185.597,186.247,185.353,180.961,153.338,119.954,100.983,98.1065,102.63,111.651,119.742,128.126,138.035,155.641,168.582,195.556,223.747,248.756,272.678,303.167,315.2,339.089,363.63,391.046,402.848,409.165,407.84,418.432,439.07,427.151,363.719,293.993,275.667,270.32,278.344,278.427,281.234,278.328,287.26,288.814,291.049,263.066,243.323,236.108,239.792
711.5,219.248,236.539,239.794,257.537,265.622,260.625,271.217,253.439,243.758,239.695,225.481,222.774,211.688,209.809,212.629,198.562,202.839,202.225,202.089,193.382,162.908,130.009,109.095,104.382,109.101,118.264,126.195,133.037,143.648,161.62,176.868,202.442,231.261,256.011,278.973,307.251,323.082,345.5,369.323,398.429,405.943,415.021,410.009,424.291,443.981,432.626,369.919,299.774,280.05,278.718,284.638,284.237,287.483,289.487,295.231,297.525,298.094,274.086,250.399,244.008,247.029
712,229.811,246.564,250.778,271.689,279.241,274.339,286.018,269.502,257.517,255.775,241.117,236.819,226.296,225.011,229.554,213.681,217.489,213.331,214.29,205.086,174.416,139.44,115.802,110.782,115.687,125.88,131.9,139.774,150.178,168.488,184.512,209.797,239.604,261.897,285.297,315.94,331.467,354.016,375.235,403.389,408.532,425.296,414.475,433.642,449.712,438.409,375.939,306.173,284.757,286.104,291.591,288.794,293.116,298.023,302.091,307.175,302.839,278.956,255.975,251.52,255.2
712.5,242.503,253.033,263.161,283.75,294.527,293.401,301.49,286.206,275.821,269.522,254.449,251.341,242.358,240.437,245.173,226.295,230.414,228.02,229.304,220.287,186.42,149.545,122.55,116.785,122.182,132.519,139.62,145.997,156.917,174.668,191.776,218.852,247.533,270.402,289.821,322.335,341.928,362.671,384.078,410.321,418.186,435.819,425.945,446.481,458.719,445.252,385.366,311.817,291.988,296.647,302.166,295.797,300.975,305.213,310.642,316.422,311.056,287.061,264.576,259.276,264.119
713,253.597,264.418,274.916,297.53,311.546,311.895,315.553,304.864,293.078,285.61,269.717,266.397,256.418,255.139,260.494,242.967,242.204,241.104,244.379,235.96,200.71,159.376,129.549,123.589,129.283,138.809,146.32,154.205,164.482,181.083,198.911,227.258,253.372,273.978,297.481,332.332,348.833,371.834,390.279,418.024,427.499,445.105,432.317,452.538,469.637,451.665,393.691,318.19,299.321,304.28,309.315,301.496,309.02,313.159,320.048,324.627,318.514,292.48,272.266,268.226,271.863
713.5,264.314,276.48,289.737,310.39,324.812,329.725,329.169,320.097,308.404,297.328,286.996,283.176,270.989,269.668,273.282,255.792,254.972,259.316,261.815,253.353,213.645,167.784,137.242,130.908,135.549,145.463,151.79,160.132,171.031,187.284,205.731,234.929,260.27,281.689,301.552,337.938,357.605,381.533,397.598,427.011,437.371,454.383,446.23,461.521,480.115,464.518,400.48,325.94,308.09,311.499,318.022,312.036,316.522,321.498,329.196,333.846,330.076,305.449,278.921,275.928,281.351
714,274.79,288.056,302.807,323.31,338.81,345.639,344.46,330.908,319.669,312.406,304.803,297.417,282.372,281.476,286.488,271.2,267.2,274.164,275.521,264.62,222.049,175.875,145.042,137.836,143.056,151.769,158.595,166.156,176.62,196.771,216.974,241.247,267.193,287.509,307.182,345.946,365.963,385.422,401.292,436.523,446.062,462.738,457.223,468.523,492.655,476.642,405.067,332.35,316.049,319.973,323.75,320.499,324.596,329.802,337.415,341.274,340.545,314.038,286.387,284.656,289.109
714.5,284.581,296.348,319.16,337.475,352.013,358.526,358.349,347.07,333.403,323.013,318.414,309.88,294.161,296.327,301.325,286.385,278.934,285.325,291.148,278.284,233.901,184.569,152.529,143.949,150.078,157.57,164.868,172.121,183.106,202.134,225.544,248.23,274.657,295.772,317.684,353.819,374.339,390.809,410.186,445.032,453.536,470.566,467.685,473.126,499.265,482.906,413.452,343.488,325.563,327.981,331.545,329.775,331.665,336.555,343.242,347.866,350.08,320.957,295.713,294.114,299.87
715,297.342,306.907,333.737,346.295,366.29,372.979,373.29,358.651,348.408,338.015,328.662,322.759,306.546,308.44,315.397,302.884,293.811,298.819,304.27,290.813,241.238,194.072,160.164,148.958,156.069,164.877,171.276,178.303,190.236,210.218,232.804,254.586,281.669,304.581,327.125,361.899,381.381,396.471,421.389,454.5,464.204,479.914,480.183,479.249,507.818,489.233,424.832,353.14,336.022,337.613,339.047,340.161,337.683,342.809,350.506,355.533,358.177,325.652,305.124,301.029,307.804
715.5,307.77,320.042,348.118,358.948,382.111,388.652,388.002,369.939,362.86,354.809,337.729,335.004,317.796,322.106,329.946,315.6,309.729,308.724,318.983,303.849,255.618,204.654,167.629,153.577,163.057,171.307,177.805,186.296,196.967,214.57,240.259,261.444,287.797,313.256,333.341,369.407,389.092,404.418,431.907,461.998,471.777,487.905,489.586,483.829,515.353,495.926,440.79,361.467,347.581,346.086,348.511,348.027,350.125,349.503,357.738,363.735,363.992,329.125,318.877,309.384,315.959
716,318.606,343.233,359.188,372.112,395.117,403.928,403.165,386.417,377.583,371.998,350.28,345.968,332.433,338.283,341.966,328.116,325.156,326.484,336.201,317.929,266.384,213.099,173.567,159.902,170.409,176.59,183.877,193.199,203.25,220.53,245.294,268.957,295.451,321.386,341.398,376.416,396.802,417.812,440.57,470.348,481.814,495.506,501.254,494.286,521.138,506.881,451.563,369.395,358.048,355.095,358.184,354.145,358.065,358.552,368.345,373.772,372.819,338.299,328.847,319.222,324.394
716.5,332.073,354.547,371.207,382.58,407.957,415.642,418.194,403.994,393.287,386.844,364.92,357.944,346.166,350.363,355.784,337.6,335.982,338.884,352.474,331.523,276.788,222.219,179.95,167.181,178.538,184.172,192.305,199.017,209.324,227.527,252.561,275.692,301.841,331.077,352.126,382.144,403.958,423.174,445.665,475.746,490.845,504.018,510.422,506.587,528.43,524.453,463.811,376.119,363.676,363.266,368.931,362.884,367.35,367.805,381.615,386.337,384.096,353.135,340.229,326.88,331.336
717,345.378,367.834,380.552,395.466,420.49,427.527,431.225,424.43,408.866,400.424,381.425,370.465,360.971,366.163,368.819,353.993,347.502,357.341,367.208,344.931,292.674,229.942,185.384,175.985,186.376,192.982,200.394,205.071,215.423,235.744,260.422,284.614,312.944,339.918,364.905,387.936,406.791,432.699,449.961,483.125,502.78,509.253,515.051,517.989,532.683,532.162,473.232,380.207,368.903,370.893,377.29,370.792,375.053,375.215,393.734,397.01,391.386,364.648,348.315,334.805,338.735
717.5,354.554,378.21,391.863,407.096,432.863,442.176,448.874,441.693,421.843,414.91,391.698,384.123,378.82,380.615,384.737,366.371,362.685,369.269,377.346,361.881,304.938,239.666,193.361,182.356,193.211,198.83,206.193,211.499,222.823,243.897,269.407,290.991,315.236,347.903,372.289,391.894,406.807,434.961,460.846,491.188,511.197,516.905,523.282,532.474,541.54,541.82,479.75,387.182,376.529,380.34,386.424,379.909,385.645,386.543,403.176,407.894,401.206,373.398,355.962,341.584,346.55
718,365.829,392.343,398.975,425.597,445.773,459.978,469.773,457.253,432.985,431.287,407.272,401.475,393.983,393.346,395.339,383.071,377.852,386.955,391.286,375.099,319.538,248.139,200.065,190.127,200.855,207.758,212.794,219.06,230.492,249.869,278.119,299.447,324.293,352.787,384.204,397.728,413.556,438.773,466.395,494.717,520.542,526.109,528.619,541.788,552.002,551.98,488.647,392.326,383.325,387.71,393.002,390.013,391.925,399.476,411.458,418.893,408.677,383.317,364.788,349.933,354.739
718.5,374.074,402.064,411.861,444.933,457.333,480.172,487.846,473.39,449.762,442.201,417.132,412.293,410.474,409.995,410.367,396.365,388.604,405.182,407.793,391.579,334.408,258.301,206.124,197.473,207.442,213.909,218.709,224.75,238,257.84,285.488,308.407,333.484,359.51,388.936,407.556,424.827,440.372,476.268,501.091,529.295,537.59,537.332,549.398,566.545,559.125,497.176,404.337,393.459,395.488,401.481,400.091,400.238,408.431,419.696,426.31,418.461,391.011,374.923,359.879,366.064
719,389.335,410.779,425.969,461.002,471.413,497.956,505.459,486.406,465.83,457.437,434.172,416.077,426.668,426.111,425.992,411.138,406.052,427.886,426.479,402.03,347.47,266.833,214.706,204.302,213.728,220.721,224.297,231.735,244.13,264.816,291.619,316.294,348.477,367.962,396.327,417.644,429.388,447.638,483.742,511.507,538.982,548.987,545.962,554.53,578.573,569.511,506.702,412.459,399.117,403.668,409.037,409.557,407.679,416.796,426.192,432.662,428.494,402.034,382.453,366.758,376.433
719.5,408.313,420.581,446.159,478.236,488.462,514.854,514.578,496.755,485.3,469.06,451.185,427.341,439.947,439.849,440.685,426.096,419.554,446.038,442.576,416.268,363.869,276.513,221.605,213.217,219.933,229.135,228.133,239.875,250.166,273.925,300.332,323.517,358.469,374.528,405.84,425.744,435.93,449.96,493.156,524.389,545.888,561.34,554.724,561.732,585.845,571.677,515.536,416.162,404.288,413.085,415.882,416.694,412.254,422.442,433.434,440.849,435.874,412.639,386.503,372.216,386.468
720,424.279,428.148,459.466,490.131,502.829,534.59,529.141,512.978,495.847,482.184,470.673,435.16,455.723,451.549,457.408,443.891,435.778,458.888,457.814,425.891,378.425,285.704,229.893,219.17,227.699,237.362,233.221,246.969,255.668,281.475,307.71,327.664,367.46,380.387,410.689,434.869,443.996,454.271,497.237,533.38,554.907,570.165,560.559,570.513,592.692,582.893,521.373,421.34,410.326,420.696,424.786,425.558,419.567,429.284,439.28,447.771,445.596,417.203,393.539,376.761,394.933
720.5,437.795,443.536,467.877,499.998,516.853,548.562,543.394,527.765,509.281,498.312,481.026,450.956,465.199,464.627,474.794,454.767,454.918,471.171,473.147,440.813,391.072,297.355,237.124,228.609,235.551,244.377,242.277,252.265,259.747,287.288,313.728,330.32,375.483,388.375,418.394,439.8,450.629,457.989,504.28,537.646,562.049,575.532,565.537,577.621,602.945,593.125,529.723,429.602,421.653,425.97,431.088,431.359,427.986,434.528,443.455,460.35,454.962,425.878,399.801,388.902,401.341
721,449.296,455.64,478.824,511.903,533.032,560.578,559.508,548.891,519.291,508.772,495.591,464.886,479.176,483.15,493.384,467.632,468.353,482.722,491.458,451.317,402.348,306.915,244.464,236.347,241.64,254.205,252.175,258.179,263.583,294.404,315.7,334.928,380.698,396.489,420.814,444.409,455.419,469.004,508.307,546.664,566.805,584.15,577.164,583.191,608.267,601.86,535.864,439.857,426.214,432.274,437.774,437.111,437.093,441.765,450.099,468.522,455.684,430.467,409.087,395.691,409.548
721.5,458.692,470.142,489.136,522.198,549.319,571.867,575.514,563.147,538.159,522.686,507.022,478.048,488.701,493.569,511.132,482.531,481.41,496.002,505.019,467.746,411.008,311.701,252.421,243.62,246.432,260.177,261.081,265.145,269.024,298.425,315.491,338.147,385.299,406.709,429.79,451.671,457.929,473.293,514.623,552.273,572.432,586.716,583.141,590.06,614.672,610.849,546.204,447.832,428.837,439.942,443.26,442.778,443.407,448.205,458.917,475.676,462.279,438.819,418.038,406.84,415.715
722,467.182,484.961,501.31,533.801,559.588,584.381,589.697,573.009,554.838,536.819,511.412,500.708,507.098,503.901,526.962,497.43,493.928,509.911,515.783,487.83,421.807,317.403,260.409,248.727,251.971,267.403,267.193,271.349,274.601,300.765,319.545,343.645,389.492,411.088,435.389,455.838,461.023,482.192,523.018,561.16,580.253,589.589,591.004,591.812,614.518,615.578,550.689,452.153,432.321,447.959,446.539,449.667,450.918,459.902,467.811,480.014,463.777,443.96,425.727,414.611,421.751
722.5,477.224,493.031,509.167,541.556,570.419,597.563,602.217,578.575,567.371,548.194,518.378,510.571,525.936,509.173,539.013,505.401,502.06,520.466,527.555,495.827,429.965,320.676,268.232,252.223,257.712,271.34,270.293,276.015,278.191,303.587,327.471,349.281,393.959,416.374,441.158,462.802,467.477,488.34,529.735,563.262,584.985,593.237,597.498,600.079,615.99,613.603,556.093,459.216,437.698,457.062,448.393,451.571,453.106,467.911,475.659,486.31,470.597,452.057,430.517,421.23,425.997
723,483.923,503.117,515.558,547.412,575.942,608.361,611.58,580.725,576.26,559.024,531.351,517.649,541.99,518.792,549.116,520.357,508.729,527.161,534.127,513.303,438.258,329.584,272.992,255.167,263.64,275.535,272.429,279.231,284.039,309.437,336.031,355.369,399.212,419.577,445.043,464.107,475.723,493.276,532.431,566.706,590.271,596.51,598.801,603.767,618.209,615.284,559.032,467.718,442.364,461.384,452.15,455.083,458.613,476.529,478.778,494.172,478.121,459.501,435.658,426.628,430.676
723.5,490.673,508.793,523.833,550.015,580.534,616.491,619.928,591.807,576.836,566.958,549.461,524.65,556.878,529.826,558.609,532.797,516.072,538.75,540.013,515.643,448.758,337.045,277.283,256.723,269.009,280.56,275.29,281.899,285.399,314.927,341.469,361.941,403.544,422.21,448.297,463.758,477.45,498.921,532.752,569.972,591.309,601.507,605.064,605.482,619.333,616.567,563.451,467.824,445.531,463.789,453.884,457.466,464.62,475.315,482.977,496.731,485.544,464.133,440.023,435.008,435.908
724,495.719,514.907,530.942,560.488,588.977,621.528,630.83,603.556,586.291,570.652,554.509,528.225,560.667,541.054,565.289,540.776,521.229,550.339,546.878,526.877,455.003,344.743,282.47,261.692,272.774,278.339,278.567,281.52,291.308,315.988,347.094,360.55,404,425.149,449.388,461.372,472.717,504.135,534.601,574.919,591.57,607.437,604.498,607.513,626.073,619.775,566.085,470.33,449.414,465.422,457.56,460.822,465.072,474.088,487.353,502.445,489.3,469.682,440.744,438.882,441.947
724.5,500.546,520.357,536.028,567.132,597.832,628.403,642.867,611.582,589.976,581.416,567.527,535.294,566.629,542.441,574.256,548.549,530.484,559.134,543.295,536.196,463.247,354.353,286.854,264.492,277.34,279.97,281.728,282.558,291.878,316.609,350.348,367.492,404.02,428.293,450.584,464.996,472.307,505.008,540.198,577.621,593.067,608.754,604.494,604.959,626.403,621.496,568.551,474.253,451.161,466.036,462.812,467.277,469.761,474.121,491.08,499.84,494.076,468.85,443.952,443.082,444.665
725,504.028,526.668,538.752,569.486,601.168,633.003,651.403,616.478,597.422,582.707,570.941,544.023,568.879,539.366,576.048,556.924,535.915,562.178,552.965,543.254,467.297,357.772,290.508,267.694,277.08,282.507,284.601,284.506,292.856,318.508,352.68,366.626,401.257,427.674,450.237,466.884,471.093,508.606,539.714,573.693,593.794,610.163,605.06,607.239,621.339,623.553,568.532,480.624,456.547,466.016,464.161,467.001,470.937,476.39,497.572,504.653,493.106,469.881,445.77,443.576,449.828
725.5,508.18,528.269,544.607,572.532,608.934,637.274,656.392,619.735,600.474,586.676,581.148,557.083,564.385,543.943,574.502,557.983,544.887,566.299,560.027,549.688,471.399,363.61,291.987,270.045,279.525,286.577,287.319,286.867,294.167,319.693,352.425,375.398,399.885,428.278,449.594,469.914,470.964,505.507,537.134,569.622,593.531,607.895,602.962,605.151,616.939,622.093,571.84,482.325,456.65,462.596,465.925,469.998,471.02,479.202,497.845,503.513,492.61,470.888,444.478,442.215,444.626
726,510.828,530.141,547.828,573.339,611.612,644.296,658.33,628.695,602.553,593.441,578.564,562.223,570.693,545.23,574.849,563.165,549.972,565.402,568.346,552.35,466.285,365.077,295.726,268.266,279.396,290.233,286.124,287.665,294.965,323.204,350.645,376.307,397.749,426.649,446.788,465.275,473.082,503.211,530.169,565.623,593.065,604.527,603.838,609.221,608.832,625.05,567.531,477.735,455.197,457.919,461.873,468.536,472.042,481.916,494.575,505.005,493.183,470.825,443.417,442.416,442.114
726.5,516.721,530.983,556.066,576.619,616.62,644.886,658.835,629.379,604.708,597.791,575.978,565.802,565.209,563.483,576.961,561.808,552.208,563.929,565.09,549.979,468.08,365.557,298.464,267.628,279.965,291.052,285.365,287.264,295.571,325.286,347.691,374.761,396.894,425.116,441.727,465.038,474.135,502.658,523.811,567.462,587.975,600.213,597.205,604.547,608.012,620.461,564.892,471.895,454.528,453.729,458.596,470.272,473.73,482.066,491.974,503.124,492.798,467.283,440.678,438.317,438.377
727,514.038,537.683,559.018,577.513,616.135,645.353,657.656,627.346,604.391,600.108,571.811,568.222,569.679,569.844,581.464,563.445,548.404,557.441,564.126,550.224,467.376,366.582,300.374,266.337,277.926,289.717,282.677,286.252,296.298,323.099,345.901,373.818,397.434,420.611,440.61,460.797,472.15,503.036,525.08,564.294,583.43,595.197,597.656,603.971,602.273,609.618,560.93,465.217,451.966,455.744,454.406,467.167,470.104,480.847,489.797,497.792,495.206,464.914,443.542,439.483,440.953
727.5,510.954,538.219,562.105,571.014,612.591,640.716,655.906,624.234,601.73,601.23,575.446,573.018,569.25,564.934,583.723,564.453,548.199,558.523,559.446,552.052,469.626,368.054,299.173,266.215,277.238,287.078,281.061,284.71,295.177,320.537,345.976,369.329,397.465,417.621,440.122,458.936,470.88,502.728,528.86,564.21,578.473,591.169,590.942,603.793,603.547,606.764,557.045,462.914,450.891,452.58,452.657,463.99,469.876,480.743,487.979,489.345,491.059,464.336,441.511,433.862,445.702
728,508.238,542.186,561.584,569.367,616.146,638.164,653.911,617.483,600.507,598.996,572.103,575.296,570.546,560.434,581.141,552.342,542.434,557.136,565.749,546.405,469.197,368.413,298.5,266.868,276.125,284.658,278.079,283.765,293.848,319.862,344.758,371.503,394.774,412.6,442.156,458.234,471.679,498.269,524.458,561.57,572.393,584.734,588.433,604.862,601.23,605.067,550.755,459.541,445.404,455.703,450.576,458.064,467.639,475.18,485.335,485.036,485.786,464.384,444.012,436.244,444.271
728.5,503.685,536.758,559.823,565.517,608.204,634.135,650.299,618.312,592.801,595.079,568.225,574.082,567.925,555.093,577.947,546.064,541.816,558.248,558.822,543.387,468.37,366.382,295.301,263.538,275.989,282.143,273.933,282.327,291.014,316.089,346.046,370.159,391.19,411.06,440.495,453.435,465.254,491.365,516.564,556.96,571.081,581.421,584.227,604.149,596.698,608.117,546.03,450.846,443.681,451.264,445.04,455.248,462.402,469.278,482.128,481.697,479.71,460.929,441.154,433.983,442.587
729,502.363,529.002,554.036,561.679,595.09,633.393,644.029,611.847,587.913,590.191,563.74,567.968,559.191,551.156,571.899,540.074,534.27,560.884,553.658,532.228,464.824,362.893,293.461,258.599,274.707,278.221,273.494,280.575,288.91,312.007,344.895,368.959,388.637,409.095,436.121,451.546,463.788,488.17,510.084,544.865,567.443,575.612,575.06,604.387,599.612,607.145,540.902,440.136,438.385,444.104,441.091,447.75,458.182,461.469,478.887,485.199,476.287,457.343,439.266,435.718,439.564
729.5,496.557,519.827,546.494,557.707,588.114,628.449,634.916,608.979,583.159,584.785,563.395,560.656,552.903,543.382,566.905,542.378,526.597,553.856,548.35,529.241,458.568,360.084,290.971,256.446,272.856,277.84,272.801,280.666,284.617,309.544,340.047,365.709,382.708,404.736,431.107,448.808,454.394,482.835,509.41,541.072,560.661,569.923,562.331,595.383,592.425,602.098,533.279,441.733,428.616,442.717,436.704,444.505,447.067,457.695,474.924,482.045,473.989,455.16,432.258,429.535,435.392
730,491.182,513.343,537.659,551.112,583.519,619.485,621.261,601.736,578.349,579.705,551.967,551.637,546.958,539.931,559.933,543.09,523.659,546.118,544.974,524.829,450.641,352.075,287.497,252.419,267.609,272.429,269.616,280.087,280.487,307.672,337.032,360.547,378.179,402.613,424.966,444.472,453.078,477.236,508.333,530.483,554.709,564.801,552.107,585.801,589.35,595.334,528.997,438.037,423.538,435.937,435.156,438.612,444.919,455.544,471.628,479.527,471.203,450.956,428.005,425.411,429.976
730.5,484.137,503.684,526.049,543.753,583.486,608.555,605.96,593.274,572.171,573.465,541.183,537.168,543.709,532.213,548.818,532.044,518.018,537.636,543.184,519.739,444.048,349.267,284.896,252.749,264.881,269.825,266.911,275.474,277.042,303.107,331.914,356.585,371.202,399.215,419.122,438.853,450.164,472.459,503.325,531.743,549.367,555.592,543.548,578.502,581.944,590.59,523.233,434.793,418.849,435.825,431.995,434.435,439.432,452.833,468.857,473.686,470.267,441.536,424.853,417.876,423.922
731,473.485,494.735,514.943,533.971,579.207,595.727,593.166,584.275,563.772,562.586,529.673,526.392,536.391,519.151,537.667,523.715,515.112,529.685,529.136,516.412,435.585,344.314,281.087,250.691,260.666,267.133,262.579,272.053,271.841,298.9,326.482,347.61,367.404,394.005,412.216,432.374,443.018,464.447,497.693,526.346,544.807,548.056,546.035,565.669,574.832,584.551,514.465,428.802,415.97,426.07,424.11,425.034,435.171,452.737,462.845,469.326,467.441,435.784,422.526,412.301,416.451
731.5,463.915,488.806,504.962,526.767,566.391,583.576,585.426,565.918,551.359,543.421,522.139,508.637,530.011,512.856,524.74,510.962,506.916,521.326,523.646,507.556,427.672,337.893,276.347,249.97,257.407,264.656,256.824,265.822,269.847,297.384,322.021,344.254,363.806,385.379,404.501,424.854,440.92,457.641,489.437,519.584,539.49,539.597,545.265,559.272,572.118,578.579,505.545,421.961,413.045,420.399,420.556,416.037,434.06,444.831,455.675,463.435,459.02,428.289,415.68,404.99,412.279
732,452.707,485.053,498.204,516.945,557.456,572.382,569.49,557.938,545.247,530.27,517.514,501.135,518.6,502.988,514.209,500.722,496.735,515.76,513.101,493.418,418.696,332.633,270.556,247.664,251.354,259.831,254.13,261.755,264.494,294.716,314.841,336.221,356.414,376.904,399.895,419.41,434.158,449.422,482.434,514.543,531.358,531.858,536.184,547.888,563.664,570.605,496.211,417.316,409.452,414.201,413.949,406.22,426.773,441.814,446.874,456.434,449.067,423.527,414.012,394.789,407.058
732.5,445.978,480.028,488.034,512.115,544.919,563.883,556.295,547.616,536.865,509.843,506.737,491.752,503.125,498.022,500.547,494.496,486.016,504.872,504.208,482.309,408.114,325.161,264.02,242.635,246.999,255.241,248.644,256.829,260.784,290.043,308.856,332.287,349.059,364.784,390.054,410.74,424.542,443.364,475.041,503.837,520.671,522.993,521.649,539.699,558.455,561.464,487.442,410.983,405.262,408.806,406.493,404.043,417.595,433.962,440.863,449.38,440.222,419.782,409.101,385.808,402.425
733,437.057,467.618,480.183,500.363,532.094,554.658,542.218,541.86,530.734,501.359,503.201,479.618,491.177,490.375,495.101,485.819,478.489,496.362,492.746,472.498,399.286,318.482,258.551,235.725,241.099,248.943,243.925,250.223,254.762,285.273,303.185,325.449,341.899,356.655,382.951,405.993,418.726,436.875,467.15,495.088,511.874,519.701,512.656,529.691,550.348,553.435,480.543,404.715,398.581,399.895,396.825,393.556,407.526,426.67,436.997,440.33,430.445,415.546,398.487,375.9,395.39
733.5,426.536,453.084,467.438,492.99,519.62,544.707,535.436,528.964,522.623,489.776,491.008,464.049,479.433,480.85,487.431,475.534,467.074,486.15,482.014,460.975,390.073,312.21,252.709,227.344,235.821,243.434,238.933,243.205,250.266,277.876,295.86,319.642,334.851,352.077,375.73,397.421,411.852,427.442,457.132,486.36,500.297,510.932,508.128,517.171,540.712,543.156,474.547,397.711,396.232,392.519,386.309,386.808,398.119,420.129,426.601,432.888,424.267,405.831,391.691,370.03,388.479
734,416.726,433.433,459.638,483.322,500.761,533.947,521.352,519.576,513.395,478.733,475.772,455.513,471.553,468.011,484.326,464.415,451.873,480.483,470.515,453.339,377.164,305.091,247.413,221.891,228.682,237.362,233.85,236.71,245.427,271.565,290.6,312.809,327.049,344.755,365.739,392.039,405.3,420.632,445.737,473.188,491.646,502.46,504.875,509.48,529.988,531.105,466.135,384.24,389.776,384.932,378.864,374.261,389.672,406.738,418.392,424.839,416.443,397.309,384.177,363.778,380.571
734.5,404.896,418.049,451.222,472.569,490.308,519.051,508.854,507.507,501.911,461.313,467.671,445.416,460.232,455.651,473.783,452.479,440.365,466.037,459.812,443.513,365.764,296.194,240.871,214.45,222.721,231.297,227.244,231.4,240.803,264.284,284.49,304.07,317.987,338.149,357.395,381.555,396.593,411.839,438.851,462.526,480.594,493.102,496.403,497.358,520.378,520.923,454.093,380.796,383.442,373.417,375.331,363.209,381.667,397.562,406.524,414.754,407.877,386.021,375.907,358.425,371.134
735,391.238,411.663,441.789,464.581,475.142,502.161,497.027,489.612,490.969,458.732,453.606,436.735,448.682,441.936,460.531,440.724,428.899,454.08,442.94,431.401,354.787,287.429,233.154,211.654,216.454,223.613,221.883,224.933,235.067,256.132,277.144,296.681,312.923,329.79,346.076,374.328,388.581,406.802,431.853,450.003,468.634,480.702,485.363,485.866,508.524,512.095,444.548,377.605,375.186,364.451,367.574,361.761,375.585,389.54,394.915,403.667,401.091,376.805,364.88,352.538,366.496
735.5,383.787,405.731,428.91,453.444,466.257,486.757,486.075,479.493,474.386,448.752,441.008,415.188,436.978,430.291,442.644,427.42,421.189,441.223,432.486,419.165,343.811,279.199,226.434,206.164,209.725,217.241,217.24,220.717,229.639,249.946,272.474,290.145,303.593,323.465,338.646,366.635,382.024,397.323,424.84,443.486,461.949,463.542,472.409,478.978,499.154,507.541,434.956,370.705,365.401,355.448,360.816,354.64,367.034,379.368,386.705,392.604,392.346,369.428,355.284,344.672,360.428
736,373.743,397.854,412.916,439.834,454.479,469.419,472.215,466.791,457.424,442.773,427.007,405.987,424.778,417.339,427.324,413.149,405.698,427.43,416.562,404.455,341.576,271.78,218.268,201.371,204.64,212.295,211.159,215.598,222.672,243.586,264.983,282.815,298.02,319.884,332.445,358.127,375.774,390.708,415.654,435.372,449.714,453.695,462.423,470.82,487.504,501.896,428.138,366.314,355.034,343.989,352.65,353.671,359.342,376.923,374.456,382.999,385.25,361.791,347.861,338.86,352.633
736.5,367.209,386.274,401.443,430.115,443.104,453.711,456.444,458.333,441.472,430.838,409.913,394.196,413.21,403.723,413.021,393.987,391.854,413.868,403.226,392.8,330.464,263.507,211.863,197.564,198.516,205.591,206.741,208.11,215.809,236.116,258.312,276.772,289.586,311.41,325.614,351.592,368.293,381.344,400.978,430.591,443.833,442.921,458.867,470.516,473.222,493.224,419.449,360.246,346.928,336.252,345.642,344.924,353.866,368.601,367.643,375.988,379.798,353.343,339.593,332.909,344.613
737,359.745,372.025,389.107,420.156,434.12,441.181,441.41,448.105,429.395,419.08,396.773,384.591,398.336,393.068,400.352,380.304,377.163,396.645,385.507,380.516,317.796,255.896,205.781,193.369,191.729,199.443,201.237,199.425,208.374,231.636,251.391,270.468,282.907,305.199,318.991,341.713,360.334,373.68,393.077,424.367,429.496,438.094,445.57,460.463,463.671,482.204,410.92,352.226,336.821,327.048,335.535,339.904,346.568,357.075,360.415,368.815,371.976,347.82,328.455,325.389,336.294
737.5,348.225,362.955,374.044,409.167,419.471,430.51,432.299,433.889,415.233,404.662,389.063,374.614,386.619,376.302,387.244,364.528,366.33,383.157,374.616,367.436,305.67,247.112,199.241,187.537,184.983,194.048,195.434,193.7,200.749,225.064,244.554,263.596,274.216,297.232,312.314,334.986,350.387,364.103,381.926,417.78,424.282,427.48,437.228,447.978,455.282,469.16,400.232,344.743,328.1,323.76,324.429,330.344,337.611,345.435,353.378,360.098,366.518,340.446,317.297,317.169,327.28
738,339.839,351.735,364.879,397.706,406.932,422.45,419.85,418.699,402.065,388.185,380.56,360.674,372.854,362.833,371.663,354.104,355.748,368.928,363.134,353.466,294.373,240.717,192.049,179.747,178.11,188.156,189.41,189.925,194.065,218.199,239.045,255.636,267.708,289.534,306.555,327.924,341.769,358.315,378.581,409.155,411.36,421.521,427.517,437.473,442.445,457.435,388.765,331.471,319.607,313.767,311.608,323.769,329.382,335.939,342.938,349.125,357.475,331.289,307.417,308.891,317.514
738.5,330.38,341.812,356.848,382.168,394.084,409.273,407.872,401.229,387.164,374.937,372.217,353.573,363.003,352.493,351.49,347.211,344.308,355.475,351.154,337.82,285.3,232.027,185.502,172.964,172.265,182.67,182.792,186.922,188.121,212.995,232.207,248.005,261.265,280.314,297.05,316.606,331.525,348.226,368.447,400.61,401.316,413.448,414.214,423.719,432.962,444.162,373.533,319.295,309.167,309.311,302.929,313.444,317.962,328.53,336.72,340.032,348.642,325.216,300.842,302.784,305.43
739,322.86,330.847,350.598,363.853,380.87,395.781,391.62,389.631,372.787,360.401,357.612,341.817,350.526,339.269,339.389,337.753,332.91,343,339.164,324.992,276.377,223.084,177.624,166.659,166.932,175.741,177.693,180.837,183.635,207.991,225.581,240.384,252.192,273.092,289.289,310.598,324.555,340.259,362.801,387.105,394.298,405.312,405.202,413.098,424.735,433.514,365.643,308.698,303.115,302.096,296.396,303.497,308.192,321.924,328.046,333.112,338.915,316.671,293.895,294.846,295.911
739.5,313.911,319.462,338.657,349.732,367.975,382.519,376.663,372.158,360.24,352.703,344.97,332.34,339.711,328.46,328.68,327.594,320.977,329.82,326.079,312.988,268.703,215.277,171.71,159.754,163.011,169.875,171.675,174.496,176.653,203.007,218.163,231.263,244.127,261.974,284.24,300.881,316.736,331.108,353.816,379.752,387.091,397.647,392.966,404.672,416.342,422.825,355.952,300.811,297.812,296.161,290.058,294.47,301.534,310.149,322.617,326.725,330.293,309.501,285.799,284.59,286.501
740,302.153,307.224,325.981,340.392,353.605,371.257,362.009,360.918,349.918,341.957,328.352,318.583,329.54,312.969,320.724,317.758,308.962,318.806,315.693,301.476,261.843,208.738,165.451,155.065,158.219,164.505,165.49,169.063,172.256,195.676,211.249,225.395,237.562,255.328,278.883,296.928,309.502,324.348,345.796,367.839,383.691,387.745,386.192,394.012,403.68,411.127,354.101,293.683,293.144,291.034,283.225,284.096,293.958,299.429,316.019,320.432,322.891,299.664,279.335,273.699,281.621
740.5,290.111,298.501,312.976,333.871,340.323,359.617,349.856,344.448,340.901,328.311,316.531,306.902,317.224,305.984,310.449,305.644,296.361,309.331,303.802,292.758,252.04,202.388,158.652,148.921,153.097,159.416,160.596,164.398,164.144,189.29,204.793,216.881,229.464,248.499,273.499,291.046,302.913,316.82,338.087,358.89,374.442,377.15,378.273,386.856,390.966,400.1,345.679,286.283,287.762,282.465,278.444,274.798,286.426,292.309,309.321,309.817,314.232,292.354,274.59,263.74,276.587
741,279.772,290.479,297.705,326.007,326.63,346.213,340.319,328.524,330.722,312.638,305.265,295.16,304.376,295.46,296.23,295.202,284.238,296.457,292.958,283.855,241.011,195.261,152.977,143.596,148.261,153.106,152.412,159.675,160.115,182.085,197.567,210.263,225.613,240.608,264.224,283.302,294.549,310.339,331.689,350.896,365.721,368.555,367.726,378.083,376.557,386.985,337.734,276.453,278.568,275.552,271.068,272.508,276.026,285.947,302.483,300.715,304.94,282.434,264.596,254.882,273.476
741.5,269.836,282.937,285.089,316.451,315.187,332.615,330.045,319.791,320.251,298.506,296.694,285.967,291.666,283.476,286.91,285.216,274.221,284.861,281.05,272.4,230.902,188.676,146.915,139.747,142.62,147.263,145.411,155.127,154.42,175.184,191.325,202.65,220.246,234.091,258.432,275.497,286.467,301.547,322.924,339.154,353.746,360.534,361.268,367.31,368.283,378.636,330.907,268.027,271.19,267.063,265.684,266.704,267.698,280.072,292.018,290.417,295.609,270.854,257.719,249.87,267.622
742,262.583,273.589,273.399,307.104,308.106,321.023,319.944,309.048,308.843,285.539,288.565,277.635,279.907,275.542,277.912,275.968,265.987,272.964,272.102,264.872,220.468,181.185,141.229,134.915,138.579,141.692,140.269,149.691,149.194,170.13,184.559,195.361,217.251,225.488,249.806,268.043,279.123,292.879,314.962,330.046,343.427,349.598,351.607,359.511,360.435,368.016,323.985,262.611,261.749,259.63,260.195,260.802,258.947,272.44,282.911,281.737,287.69,264.222,247.952,244.628,259.62
742.5,254.518,265.528,269.841,295.468,293.382,309.618,309.472,296.677,296.917,275.13,279.243,269.031,269.197,267.27,265.435,265.916,253.479,264.08,261.651,255.01,211.704,173.929,136.79,129.481,133.959,137.231,137.767,143.736,145.14,164.711,177.611,188.587,208.804,219.784,242.679,260.048,271.716,285.325,307.827,322.464,332.84,340.261,341.005,352.067,351.538,358.625,314.017,258.958,251.5,250.855,251.374,254.075,254.695,264.177,275.422,273.23,279.191,254.2,241.565,239.052,252.697
743,244.131,257.561,262.964,284.025,284.471,300.605,297.073,288.422,283.841,266.083,270.76,257.422,259.565,256.625,255.417,254.693,244.614,252.67,252.679,245.783,203.974,166.474,130.849,123.31,128.876,132.859,134.105,138.431,141.017,160.133,173.904,184.064,198.685,214.324,236.106,254.113,264.081,277.644,300.577,315.524,321.113,328.272,330.606,342.74,344.893,347.489,304.042,252.002,244.34,243.427,243.743,249.845,249.342,255.919,267.66,264.183,270.485,250.968,236.768,232.26,245.774
743.5,236.275,248.222,251.868,273.082,271.887,288.552,284.619,277.71,271.385,258.506,262.374,248.151,250.515,244.804,246.074,242.03,236.504,245.293,242.496,234.627,196.939,159.599,125.658,118.466,123.457,128.491,128.826,133.488,136.237,156.007,167.363,175.555,190.794,209.499,231.157,248.264,256.628,269.416,291.895,309.621,315.958,318.307,320.4,336.444,335.657,338.342,293.895,245.411,236.02,236.676,237.779,244.706,242.327,249.127,258.218,255.381,261.027,243.256,229.403,228.73,237.915
744,228.083,238.476,243.047,262.498,262.183,276.186,274.622,269.286,259.556,250.744,252.384,236.222,242.071,232.674,236.595,231.279,229.96,234.852,231.56,223.853,190.64,152.222,121.782,115.676,118.376,123.355,123.879,129.808,133.602,151.975,162.99,172.258,182.018,204.642,225.075,241.226,249.344,262.559,283.234,300.877,307.246,310.172,312.387,325.598,328.834,329.444,286.009,236.956,229.83,231.533,230.819,237.602,234.894,243.295,247.524,248.312,253.561,236.302,221.53,221.747,231.258
744.5,220.062,228.283,233.192,254.338,254.758,265.08,263.825,261.166,250.746,240.357,241.51,225.663,233.602,221.744,227.245,220.977,221.681,223.407,221.21,213.693,183.137,145.948,117.832,111.141,113.717,118.078,118.481,125.942,129.541,146.918,157.013,166.643,177.24,198.938,217.035,234.829,241.09,255.339,275.483,293.314,301.255,302.444,304.758,318.035,324.078,318.898,275.469,230.018,221.508,226.196,226.018,228.699,229.567,236.127,237.853,240.442,246.368,228.967,214.138,215.237,223.29
745,212.565,217.894,228.203,245.701,245.927,254.892,255.677,251.445,240.471,232.914,229.562,217.554,222.43,212.54,219.086,210.916,208.29,213.954,210.391,203.512,176.367,140.245,113.439,106.778,109.792,113.251,114.84,122.236,126.514,141.707,152.647,163.586,172.466,195.522,210.829,226.756,233.656,246.755,267.399,285.563,292.178,295.371,295.943,308.495,316.049,311.836,267.29,222.838,216.24,221.091,220.205,219.676,223.848,226.814,230.942,232.748,239.323,220.803,209.093,209.398,217.024
745.5,203.764,209.247,222.208,238.014,239.687,245.686,244.796,243.878,232.641,225.734,219.725,210.056,212.964,206.09,207.5,201.861,200.523,205.746,202.769,195.767,167.939,135.156,108.808,101.632,105.859,108.565,111.663,118.391,123.256,136.085,147.813,155.545,168.865,190.704,204.388,218.05,226.14,238.727,257.701,276.135,284.181,287.453,289.933,300.26,308.8,303.704,257.926,216.849,209.906,214.39,213.975,212.013,217.815,216.417,223.755,225.603,231.619,215.374,205.679,201.102,208.81
746,197.548,201.826,215.034,229.755,231.917,238.068,235.097,235.29,224.193,219.159,209.549,201.709,203.968,196.823,199.512,190.826,190.801,196.804,196.414,188.725,160.886,129.538,104.476,97.6061,101.984,104.641,107.324,114.756,119.743,131.165,144.139,150.469,164.243,184.743,199.81,211.915,221.781,232.142,250.687,270.158,277.253,279.818,282.683,291.552,299.315,293.674,250.52,210.964,203.729,208.566,208.111,206.977,211.091,209.709,216.057,220.135,223.468,208.85,200.841,196.26,203.409
746.5,189.501,194.127,207.619,221.061,224.495,232.709,223.569,227.882,217.242,211.542,202.395,189.203,195.586,189.328,191.321,185.118,187.8,191.064,189.834,182.715,155.501,123.504,100.278,93.8913,98.1336,101.2,103.34,110.775,115.337,126.202,139.058,145.804,159.809,178.546,194.89,207.465,217.502,225.953,242.665,263.39,269.654,271.039,274.704,283.799,291.574,285.289,243.838,206.886,198.805,201.615,201.449,202.177,203.554,204.879,208.654,215.994,215.84,203.542,194.037,191.632,197.501
747,183.042,186.705,198.538,212.434,217.815,225.205,217.583,218.361,209.533,201.764,194.704,186.044,188.915,181.385,185.315,179.6,179.938,182.383,182.391,176.36,150.765,117.991,96.2415,89.8848,94.2289,96.9332,98.6636,107.578,111.681,121.501,133.534,142.596,155.832,171.09,188.472,203.969,213.063,219.289,239.498,256.976,262.684,261.328,266.922,277.167,284.082,277.623,240.221,195.77,192.992,195.256,194.74,196.806,197.934,200.92,201.197,210.438,211.824,197.871,187.894,187.094,190.813
747.5,175.287,181.467,191.344,203.841,212.397,218.023,211.326,208.653,201.283,189.482,190.553,178.719,182.645,175.669,177.857,175.134,172.384,174.575,175.015,169.321,145.576,112.93,91.3123,86.6869,89.6485,93.5266,95.4366,103.442,107.584,116.828,128.238,139.249,151.876,165.559,181.31,200.019,206.134,211.78,231.964,249.347,255.398,253.911,259.265,268.647,277.971,270.109,233.426,190.112,187.863,189.299,189.123,191.998,191.391,194.197,197.092,205.012,205.513,190.089,183.877,181.971,186.03
748,169.853,174.562,185.191,194.761,205.315,209.674,206.32,199.992,192.33,181.06,185.084,174.675,174.011,170.518,172.775,167.699,164.505,167.897,168.824,162.643,139.283,109.109,88.6662,83.7807,86.0536,90.1885,92.0822,99.637,103.592,112.367,123.709,133.853,146.522,159.345,175.899,192.33,199.572,207.329,228.532,241.528,247.563,246.521,254.719,263.04,269.942,262.805,228.578,185.356,183.111,183.77,182.507,186.397,184.802,188.909,192.21,197.891,198.346,184.466,178.543,175.97,180.892
748.5,164.412,169.427,179.08,186.981,196.887,201.963,198.401,192.654,184.561,175.985,179.253,169.601,167.297,163.528,165.438,159.28,158.553,161.744,162.687,156.179,133.721,105.326,84.8691,81.2426,82.6179,87.1464,87.5202,95.4099,100.242,108.255,120.475,128.255,141.222,155.058,170.325,187.17,195.26,201.332,221.786,233.72,242.794,241.253,248.135,255.342,262.485,254.545,223.652,182.791,178.096,177.231,177.021,180.652,179.822,183.527,186.327,191.019,193.415,177.979,174.06,170.326,177.177
749,158.574,163.052,172.83,179.216,189.251,194.313,189.351,187.281,177.477,170.967,171.722,163.371,159.888,157.411,159.324,153.705,151.773,155.311,157.076,150.82,129.028,101.121,82.8918,78.3786,79.3022,84.8491,84.5562,91.6079,95.8483,104.902,116.977,125.569,135.561,149.133,165.826,181.817,189.995,197.624,217.795,228.219,236.092,236.584,241.149,249.639,255.244,249.766,218.704,181.169,172.597,170.52,172.092,174.796,174.246,177.063,180.402,184.913,186.57,171.002,169.131,165.238,172.604
749.5,152.754,158.196,166.714,172.168,182.503,186.991,183.798,181.868,170.427,167.248,165.353,157.688,153.994,150.866,153.548,147.97,144.893,149.408,152.036,145.96,124.307,97.2199,78.0768,75.4517,76.6679,81.6593,82.1848,88.0616,92.7108,102.967,113.366,120.913,134.12,145.93,162.617,178.211,181.208,192.481,212.043,219.429,228.772,229.682,233.43,243.393,247.119,242.619,212.751,177.019,166.948,163.906,167.509,169.463,166.048,171.805,175.577,179.055,180.669,167.778,162.179,160.923,167.063
750,146.724,153.045,160.571,167.038,175.86,180.35,178.305,176.356,165.85,160.135,158.324,150.852,150.507,145.196,146.337,143.451,138.069,143.322,145.453,140.902,118.838,92.7584,74.621,72.9899,73.9988,78.2532,80.3306,84.9888,89.3445,99.9251,109.466,117.448,129.529,142.13,158.993,173.497,175.09,186.837,206.129,213.06,222.789,222.663,227.342,236.013,239.721,239.312,206.961,171.873,162.07,156.362,162.612,163.653,159.747,164.672,170.704,174.046,175.338,163.827,156.276,157.099,162.14
750.5,140.029,147.772,154.778,161.779,166.015,174.107,172.935,169.501,158.635,154.837,152.832,144.232,144.176,138.719,141.193,138.351,132.451,136.406,138.923,135.659,113.86,89.1839,71.0773,68.8495,71.3839,75.2337,78.2507,82.2141,85.8133,95.6972,105.766,114.326,125.569,137.126,153.948,167.48,169.998,182.429,199.876,205.288,214.712,217.495,220.998,229.2,232.821,231.425,200.563,166.056,156.981,152.012,158.789,158.406,154.282,158.889,164.48,169.429,168.531,159.369,151.709,154.625,156.354
751,134.073,141.559,148.81,155.868,160.174,167.836,166.373,161.922,153.412,148.956,148.296,137.19,138.098,135.514,134.661,133.681,127.329,131.854,131.645,130.132,108.724,85.4753,68.7945,65.672,68.6068,72.2956,75.539,79.3149,82.6232,92.0285,102.142,110.356,121.902,132.462,148.639,161.631,166.485,176.568,194.427,198.553,210.099,210.324,214.267,223.031,225.336,224.558,194.62,160.332,152.818,148.094,153.487,152.816,151.754,153.678,158.198,164.269,163.765,155.145,145.036,150.944,153.324
751.5,128.878,136.733,142.345,149.536,153.474,161.618,159.603,155.28,148.705,143.338,142.124,132.165,131.992,128.733,129.4,128.684,121.927,125.683,126.019,124.579,103.8,82.502,66.7397,62.8798,66.1876,69.5287,72.2613,76.9297,79.1824,88.2367,98.9208,106.672,116.697,126.886,144.551,156.432,163.582,171.407,187.945,194.203,203.69,204.595,206.714,216.616,218.56,217.415,188.674,154.921,148.432,144.035,149.688,148.744,148.777,149.752,153.142,161.048,158.079,149.287,141.648,146.432,148.399
752,125.67,131.996,135.732,143.642,150.906,154.741,152.79,148.539,144.565,137.701,136.858,127.096,126.753,124.05,125.325,123.314,116.849,120.697,120.854,119.467,98.9275,79.2802,64.2747,60.5248,63.348,67.4663,69.523,74.2141,76.8273,84.2289,96.0911,101.546,111.684,121.975,140.317,152.278,159.058,166.74,180.727,187.049,197.453,198.3,199.244,209.537,212.615,210.804,183.602,150.515,143.381,141.966,145.496,143.215,145.136,147.404,149.523,156.855,155.086,143.609,138.257,141.035,143.394
752.5,121.327,126.523,130.556,138.797,145.192,149.144,146.356,142.616,139.681,131.788,131.639,122.804,121.82,118.605,119.939,118.261,113.233,116.13,115.804,114.287,95.2972,76.2496,61.4852,58.6671,60.665,65.0359,66.7741,71.4187,74.4712,82.0729,92.8012,97.3238,108.147,119.195,136.615,147.83,154.911,161.534,175.252,181.015,192.436,193.358,192.319,201.194,207.653,204.143,178.155,146.6,138.174,138.65,141.356,139.687,141.159,144.6,146.991,150.995,151.753,140.025,134.211,135.601,139.5
753,117.45,123.586,125.899,132.53,139.126,143.172,141.436,137.702,134.031,126.184,126.856,117.402,117.311,113.178,115.484,113.233,108.98,112.166,111.493,108.685,90.9224,73.0915,59.7899,56.525,58.3518,62.5507,64.3435,68.9146,72.2979,79.1398,89.7424,94.0193,104.458,117.169,132.888,144.355,149.321,157.662,170.268,174.464,186.012,187.17,187.368,194.308,202.915,199.105,173.455,141.942,133.704,135.033,137.428,135.232,136.715,140.141,142.705,145.417,146.505,135.694,129.947,131.095,136.217
753.5,113.172,118.441,122.658,127.861,133.783,136.987,136.1,133.456,128.371,121.198,121.194,113.544,113.268,110.481,110.721,108.008,105.274,108.59,107.056,103.609,87.0709,70.3343,57.9831,53.8019,56.2138,60.2654,61.3391,66.543,69.5503,75.6829,86.5241,92.6917,100.567,115.024,128.99,139.547,143.652,152.115,165.553,170.982,181.153,181.103,180.912,188.225,198.463,194.353,168.341,136.946,129.514,130.495,133.549,131.781,132.411,136.286,138.112,140.067,141.197,131.979,125.736,127.038,132.214
754,108.432,114.498,118.946,123.818,127.426,131.172,132.723,129.066,123.245,116.008,116.612,109.583,108.532,106.063,107.052,103.496,101.43,104.412,102.58,99.2825,83.4624,67.1517,55.8758,51.8358,54.2934,57.3057,58.8678,64.55,67.176,72.6113,83.2304,89.653,96.7345,111.091,125.542,134.862,138.77,148.045,161.471,166.374,176.159,174.703,177.553,184.268,192.519,188.599,162.801,131.75,125.839,126.405,130.034,127.772,129.06,130.498,132.8,135.723,135.315,127.869,121.767,124.326,125.669
754.5,104.412,109.999,115.149,119.747,121.024,125.981,128.378,124.715,118.211,112.102,111.685,104.106,105.425,101.705,101.85,99.2853,97.6423,99.9981,98.1949,94.6719,80.2958,64.2423,53.3618,49.4906,52.828,55.4321,56.8076,62.3857,64.316,69.211,80.5791,87.0466,94.3621,107.699,121.291,129.912,134.42,143.218,156.775,163.314,171.256,169.032,171.954,178.44,187.533,183.833,158.389,127.159,121.365,122.804,126.329,123.851,125.553,126.464,127.644,132.387,130.591,123.469,118.685,120.417,120.769
755,100.758,106.962,111.191,115.592,116.625,121.809,123.273,120.528,113.683,108.838,107.012,100.837,101.691,97.1447,98.4641,94.7252,93.9325,95.3542,93.0078,91.7918,78.0891,60.9994,50.9777,48.2663,50.7077,53.3333,54.9405,60.282,61.9824,66.9384,78.5939,83.7314,91.8246,104.246,117.599,126.479,131.646,138.548,151.083,157.88,166.932,165.095,167.521,173.116,180.19,179.539,153.609,123.51,117.407,119.716,121.712,119.127,121.545,122.575,124.447,128.454,125.708,119.979,114.884,116.34,116.635
755.5,97.1692,103.584,106.411,111.034,113.554,117.233,119.616,116.034,109.112,105.307,103.196,96.2419,99.3212,93.2051,94.3483,90.6634,90.0443,91.2333,89.0988,87.2964,75.8559,58.3467,48.7413,46.5503,48.8717,51.4568,53.428,58.4237,59.9049,66.1582,75.8936,80.9889,89.2074,101.387,112.92,122.915,128.069,134.514,146.323,153.04,160.59,160.167,163.784,168.708,173.663,174.703,149.151,119.329,113.224,115.945,117.085,115.852,117.103,119.866,119.754,123.78,121.753,115.852,110.086,111.238,112.849
756,94.3351,100.755,102.75,107.427,110.96,113.383,115.786,111.382,105.509,101.017,99.201,93.5605,95.6482,91.122,89.9684,87.2169,86.1103,87.559,85.633,84.4389,73.1563,56.0997,46.6567,45.0148,46.7997,49.9079,52.6551,56.5291,58.5145,64.4726,73.2833,78.7836,87.272,97.3382,108.481,120.261,124.746,129.498,142.224,147.663,156.465,155.556,159.88,164.249,168.631,170.367,144.987,115.068,109.843,111.926,113.487,112.574,113.131,116.755,118.011,119.409,118.41,112.107,106.878,107.776,109.438
756.5,91.6499,97.0968,99.2656,103.562,107.001,110.111,111.904,107.45,102.587,97.0547,95.6031,91.2765,91.9103,88.0418,87.4662,84.9271,83.5841,84.9164,83.236,82.1135,69.8981,55.1333,45.3619,43.4295,45.121,48.0312,50.6441,54.7243,57.2891,62.4521,70.9218,75.9809,84.2168,95.5523,105.122,116.594,120.933,126.281,138.905,143.265,151.539,150.622,155.697,159.718,164.621,165.182,140.561,111.332,107.11,108.08,110.69,110.365,110.231,113.132,113.738,114.694,115.617,108.92,103.812,105.119,104.981
757,88.4576,93.1221,95.6406,99.0453,103.459,106.145,108.214,103.649,99.4517,93.9569,91.0315,87.7439,88.0776,84.7701,84.2549,81.7931,81.0676,82.1385,80.5434,79.195,67.8453,53.2185,43.5039,41.698,43.7991,46.7669,48.8382,52.7146,55.5894,60.4932,69.0288,72.4687,81.4099,92.5281,102.768,113.167,117.818,122.797,135.049,140.111,146.577,147.505,149.61,156.695,160.503,160.266,135.449,108.691,104.912,104.524,107.372,107.107,107.481,110.27,110.948,112.008,113.101,106.346,101.307,102.71,101.259
757.5,84.5612,89.1895,92.4698,94.175,99.055,103.673,104.324,100.114,96.4094,91.2864,86.8634,84.9551,85.5129,80.8997,81.1936,78.5973,78.2201,79.2469,77.7607,76.9164,65.2287,51.6196,42.2696,40.5641,42.5728,45.177,46.9667,50.9244,53.4553,58.6391,66.9536,70.6516,78.8406,89.8697,99.909,108.755,114.564,120.537,131.879,137.689,143.065,143.963,144.537,151.954,155.754,154.385,131.027,106.462,102.363,102.514,104.24,104.499,104.859,107.019,107.244,109.406,109.695,103.842,98.2273,100.094,99.8054
758,81.8573,85.1969,89.6041,91.4732,96.2969,99.9322,99.9015,97.0114,93.442,88.6654,84.1503,82.6098,82.49,78.6967,78.3931,76.332,75.5493,77.9946,75.4576,74.6787,63.2559,49.4359,40.6199,39.3597,41.2498,43.6385,45.7778,49.1605,51.4772,57.6428,65.1229,69.1468,77.027,87.2424,97.2696,105.471,112.211,116.496,127.726,134.092,138.87,141.359,139.034,147.042,149.172,148.679,127.192,103.121,99.4975,99.34,101.453,100.584,102.666,103.371,103.645,107.751,106.388,100.488,94.9869,97.9555,97.945
758.5,79.1474,82.3178,86.6965,89.8913,94.0381,97.9472,95.9622,93.7385,90.3129,85.9448,82.0837,80.5919,79.8384,76.3652,76.5606,73.8521,73.6153,75.2152,73.2425,71.7467,61.2426,47.735,39.138,38.1802,40.15,42.2168,44.5074,48.0719,49.8081,56.0441,63.3,67.3737,74.2365,84.5687,93.98,102.104,109.55,113.955,123.692,131.097,135.786,138.483,135.387,142.935,143.753,144.077,125.033,100.225,96.4107,96.8242,99.0001,97.9137,100.275,100.419,100.424,104.947,103.377,97.6909,91.0163,94.4484,96.1335
759,76.9095,79.2543,84.4823,88.0085,91.7277,94.1793,93.0935,90.4377,86.9815,83.3873,80.6351,79.0129,77.3767,73.5704,74.794,71.4623,70.9463,73.1132,71.5893,68.8559,58.7882,46.7061,38.1898,36.993,38.8034,40.8947,43.392,46.4862,49.0158,54.5497,61.4232,65.9312,72.0546,81.7732,91.4552,100.081,106.707,111.059,120.804,128.151,133.719,135.032,132.977,139.108,139.282,141.133,121.841,97.0539,94.1286,94.3629,95.1964,95.1043,97.3303,97.4493,97.6009,102.362,100.839,93.9846,89.6449,91.1815,93.1216
759.5,73.6324,76.972,81.1997,86.182,89.5369,90.536,89.8638,87.0909,83.7725,80.5233,78.1425,77.0116,74.8294,72.0562,72.4243,69.3193,68.9725,70.5928,69.6663,66.1622,56.3272,45.2934,37.3932,35.8469,37.4576,39.7181,41.5478,45.054,48.2394,52.9439,59.5534,64.5893,70.0495,79.7231,89.5142,97.9013,103.658,109.068,117.85,124.658,130.124,131.165,131.123,135.113,134.774,138.443,118.782,95.8773,91.5022,91.1667,92.1596,92.5863,94.2233,94.7537,96.3758,99.7344,98.4487,91.804,86.9921,88.4416,90.3011
760,71.6099,74.7217,78.333,83.1253,86.6133,87.6278,87.4852,83.7336,81.3341,77.729,75.0631,74.2855,72.0098,70.0854,69.482,67.114,67.154,68.3602,67.6009,63.7468,54.5148,44.285,36.1037,34.7734,36.2576,38.3671,40.4899,43.5285,47.2165,51.4382,57.4906,63.1943,68.0415,77.7793,87.0738,96.0128,100.425,106.671,115.567,121.376,127.006,127.906,129.844,132.101,130.076,134.465,115.48,93.3278,88.8788,88.5023,88.7626,89.6026,91.0728,91.9647,94.0992,97.0397,96.5711,89.7695,84.7156,86.1136,88.4068
760.5,70.0318,72.6972,74.9639,81.2834,84.338,84.9516,84.6365,81.4308,78.6272,74.6709,73.2049,71.586,68.8754,68.1336,67.1509,64.7978,65.0507,65.6724,65.4772,62.1374,53.1746,42.8855,34.7211,33.7682,35.2141,37.3481,39.4354,42.3254,45.8167,49.9035,55.9913,61.4121,66.8159,75.7875,84.7454,93.8006,97.4105,104.14,112.687,117.737,124.179,123.9,126.309,126.756,126,130.849,112.569,91.6357,86.7478,86.1384,86.7016,87.8254,88.3088,89.0016,91.4932,93.9147,93.87,88.1549,83.5236,84.691,86.5068
761,68.7929,70.622,72.9861,79.7402,80.4167,82.5815,82.6597,78.431,76.3909,71.9634,71.5659,69.4259,66.5739,65.8791,64.8188,63.325,62.8059,63.7213,63.3143,60.4441,51.5951,41.2236,33.4213,32.8375,34.2547,36.0219,38.6927,40.8059,44.2435,48.8508,54.2593,59.9689,65.7342,73.2533,82.4955,90.9391,95.017,101.408,110.721,114.679,121.3,120.702,122.657,123.364,123.806,127.083,109.814,89.5987,84.6271,84.3469,84.0648,86.0841,86.5005,86.3331,88.8297,91.2907,91.4154,86.3265,81.7395,82.2539,84.3417
761.5,66.9779,68.954,70.6249,77.8415,77.6509,80.4654,79.6463,76.9385,74.2606,69.601,69.4934,67.4589,64.9901,64.2143,63.7062,60.9634,60.3962,62.0019,61.2611,58.4555,50.0093,39.8194,32.2832,31.8495,33.4983,35.0494,37.5995,39.8374,42.9524,47.5374,53.0387,58.0669,64.8004,71.6002,80.2577,88.8926,92.5775,98.2886,107.589,112.72,118.231,117.413,118.763,119.977,120.803,123.705,107.289,87.3303,82.8451,82.8889,82.1492,84.7269,84.5704,84.311,86.5689,88.7288,88.8081,83.7844,79.8583,80.1297,81.687
762,64.8998,67.2414,68.8874,76.1464,75.0001,78.1697,77.4201,75.3569,71.9517,67.3499,67.648,65.679,64.0941,63.0957,61.8424,59.648,58.2937,60.0003,59.5698,57.0204,48.3182,38.3716,31.5855,30.8157,32.736,34.175,36.6317,38.5168,41.4429,46.1332,51.8792,56.3159,63.132,68.9104,79.0083,87.1404,91.2422,95.6782,105.195,110.065,114.592,114.505,115.206,118.226,120.547,121.19,104.248,85.4214,80.2789,80.4348,80.7654,83.0394,83.2326,82.5593,84.5107,86.4253,86.6856,81.2367,77.4395,78.508,79.1859
762.5,63.2054,66.6166,67.4917,73.7523,72.9079,76.3987,74.0834,73.6982,70.1798,66.2355,65.836,63.4536,62.1636,61.0355,59.8571,57.468,57.0746,58.1771,58.181,55.1477,47.1682,37.4532,30.1538,30.1665,31.9019,33.2113,35.3814,37.7893,40.2947,44.5863,50.8018,54.5283,61.8372,67.208,76.5205,85.1973,89.2954,93.8764,102.631,107.376,111.826,111.544,113.955,114.481,118.527,118.402,101.688,83.9135,79.0347,78.362,78.6488,81.5319,81.2367,81.3413,83.187,84.3253,84.0794,79.3716,75.6779,77.2937,77.652
763,61.0077,64.9292,66.9258,71.6421,71.352,74.5809,71.8217,71.9849,68.3596,64.615,64.4711,61.4465,60.6553,59.4559,58.0036,56.442,55.3962,56.2086,56.8481,53.6126,45.6168,36.5167,29.7496,29.4529,30.9404,32.426,34.1305,36.7772,38.9302,43.0759,49.7931,53.1633,60.1776,65.2077,73.9613,83.2554,86.7627,92.1206,100.193,104.842,109.304,107.627,111.395,110.789,115.288,114.396,99.4871,81.6235,76.7555,77.1999,77.8283,79.3801,79.2623,79.7234,81.3135,81.933,81.8592,77.5378,74.3348,75.3087,75.5848
763.5,59.5221,63.031,65.9777,70.0753,69.5098,72.8519,69.9739,70.1812,66.5514,63.2944,62.8765,59.2961,58.3278,57.5256,55.8123,54.5344,54.2715,54.9092,55.6102,51.9227,44.0086,35.5383,29.2277,28.2007,29.9644,31.6124,32.9042,35.9631,37.647,41.8989,48.6549,51.632,58.4948,64.1186,71.5766,81.2442,84.1669,89.8763,97.855,101.91,107.615,105.394,110.056,108.309,112.777,111.276,96.3744,79.7577,74.8019,75.0535,75.8596,77.1,77.7082,77.6137,79.1963,79.294,78.342,76.412,72.6502,73.4085,73.8881
764,58.1999,61.1863,64.9629,68.2571,67.6303,71.2507,68.8689,68.7336,65.4689,61.3802,60.8317,57.2789,56.6522,55.8508,54.1085,52.6471,53.0332,53.283,54.1672,50.7469,43.1184,34.6043,28.7811,27.5771,29.086,30.7721,31.6063,34.8352,36.8055,41.3276,47.3657,50.8457,56.8445,63.133,70.0889,79.6728,81.9642,87.663,95.4531,100.196,104.75,101.866,107.54,106.715,110.099,108.658,93.467,77.9307,72.5635,72.9528,74.8459,74.4711,75.9043,75.451,76.8325,77.7647,76.8556,73.9936,70.5476,71.564,72.3006
764.5,56.9262,59.8151,63.7147,65.8313,65.0556,69.3203,67.0923,67.1707,63.7712,59.8084,59.2482,56.0602,55.2417,53.9764,52.8385,50.9866,51.3463,51.7474,52.6495,49.0836,42.2294,33.6229,27.9871,26.5169,28.211,29.9508,30.8583,34.022,36.291,40.6326,45.863,50.1779,55.1031,62.1671,68.5991,77.5032,80.0878,85.824,93.199,97.6037,101.996,100.581,104.274,105.728,107.171,106.418,91.3992,76.2416,71.2042,70.8339,73.7299,72.2941,73.8536,73.5576,75.1602,75.6811,75.6586,71.5092,68.1937,70.2275,70.365
765,55.5983,58.469,61.5583,63.4283,63.578,67.2405,65.7686,65.7784,62.2282,58.4725,57.9146,55.0746,53.6214,52.9818,51.7416,49.4265,50.1116,50.2159,50.8342,47.7573,41.0635,32.7381,27.3765,26.1494,27.5421,29.3697,30.1257,33.6236,35.8169,39.6518,44.4327,48.9386,53.9099,60.8928,67.0193,76.1676,79.0294,83.8109,91.5623,95.4191,99.3806,98.0261,102.159,104.574,105.728,105.246,87.6157,74.8368,70.1496,69.4821,72.0254,70.8417,71.3787,71.9797,73.3472,75.2277,74.993,69.295,67.1926,68.1529,68.7144
765.5,54.4361,57.3663,59.6592,61.2157,61.7727,65.2768,64.0141,63.972,60.3567,56.9506,57.0566,53.9559,52.0133,51.476,50.7595,48.3721,48.9071,49.0995,49.3943,46.0016,39.9894,32.0178,26.4543,25.7138,26.8147,28.3808,29.3166,32.848,35.6138,38.7581,43.1684,47.5519,52.6205,59.4725,65.9478,74.4335,77.1284,82.1162,89.9391,92.877,95.8672,96.4271,99.322,102.445,104.104,102.925,85.9438,72.9789,68.8689,68.1328,69.7856,69.5356,69.7451,70.4355,71.9387,73.5325,74.3079,67.3675,65.883,66.5505,67.162
766,52.6563,56.0308,58.1007,60.5432,61.5637,63.7697,62.1306,62.0368,59.0267,55.4796,55.7308,52.6401,50.6412,50.462,49.6615,47.9042,47.4593,47.9828,48.0937,45.2958,38.3849,31.211,25.7278,24.9976,26.2734,27.8181,28.5776,32.1415,34.518,37.4231,42.0566,46.3801,51.7033,58.4112,64.634,72.8921,75.8502,79.9711,86.9915,90.1631,94.7131,93.5215,97.4652,99.6794,100.676,100.382,84.0075,71.0899,67.7793,67.0121,67.7614,68.6516,67.9373,68.4991,70.1524,72.5309,72.9414,65.7071,64.5563,64.8116,66.3434
766.5,51.5022,54.7467,56.4873,59.4606,60.1452,62.0698,60.5854,59.908,57.4458,54.1861,54.3396,51.2436,49.7297,49.2732,48.4806,46.8168,46.5489,46.5092,46.8684,44.5762,37.2699,30.5221,25.0093,24.4071,25.7532,27.2061,28.1659,31.4224,33.5372,36.4856,41.4277,44.7784,50.816,57.0224,63.5889,71.0872,73.3107,78.1963,84.9359,88.7942,92.2124,90.8609,95.48,96.7581,98.1646,97.88,83.8317,69.1798,65.9379,65.5186,66.0126,67.0447,66.6181,66.2707,68.4558,71.0071,70.7249,64.5624,63.2624,63.1448,65.5474
767,50.5181,53.5942,55.5829,58.0515,57.912,60.9069,58.5294,58.4187,56.2715,53.5349,53.0076,49.8124,48.6808,47.9548,47.6122,45.8628,45.2049,45.6403,45.9891,43.6054,35.9186,29.5724,24.5903,23.773,25.2787,26.6196,27.6912,30.8905,32.3877,35.4183,40.3518,43.9333,50.0643,55.5908,62.7261,69.3124,72.3416,76.2996,81.9623,87.25,90.0697,88.6854,93.0198,94.7844,95.0099,95.0815,82.0596,67.2838,64.3206,63.7918,64.5548,65.6653,65.5809,64.7131,67.2376,69.3535,68.9312,62.3732,61.692,61.9101,63.8404
767.5,49.6226,51.9208,54.6295,57.3345,56.8368,59.7326,57.6569,56.4452,54.9762,51.9149,51.7202,48.1944,47.7077,46.9342,46.4512,44.8747,43.8718,44.7356,45.1507,42.7686,35.0277,28.7116,24.3838,23.1958,24.7061,25.8752,27.3719,30.1389,31.8227,34.4178,39.7767,42.3973,48.7758,54.7571,61.4867,67.9498,70.2307,74.8275,80.2674,85.6705,87.7572,88.6273,91.202,92.4267,92.9354,92.6266,80.1164,65.777,62.2262,62.4398,63.6994,64.3658,64.3444,63.1553,65.4619,67.7207,67.14,60.6733,60.3087,60.5549,62.407
768,48.6561,50.4117,53.7523,56.3554,55.4184,59.0575,56.5301,54.8798,53.9086,50.4583,50.4356,47.1603,46.5568,46.0334,45.1117,43.8139,42.6858,43.8864,44.3046,41.8376,34.6458,27.7223,24.0793,22.6609,24.1215,25.1931,26.8815,29.2764,31.0768,33.5581,38.8925,41.6958,47.7735,53.1152,60.1622,66.3378,68.3917,73.3316,78.2333,84.0385,85.6055,86.9563,88.3238,91.1956,90.2609,90.8136,77.8475,64.0627,60.7434,60.8908,62.1216,63.1521,63.4188,62.1052,63.2125,65.6249,65.1601,60.0684,58.5061,59.1486,60.625
768.5,47.9781,48.7504,52.6863,55.5718,54.8592,57.917,54.9877,53.325,52.6276,49.2754,49.1597,46.7517,46.0362,45.0852,44.2498,42.7087,41.8429,42.9899,43.3251,41.0824,34.2902,27.2017,23.5345,22.1372,23.5823,24.5781,26.3389,28.5164,30.6058,33.1821,38.3567,40.7759,46.3284,51.5114,58.9727,64.917,66.8013,71.5838,76.1826,81.7352,83.3002,85.2156,85.8751,89.2472,88.594,89.0374,76.547,62.8841,59.1355,59.2707,60.4365,61.6868,62.3045,60.1339,61.8615,63.8873,63.6842,59.4082,56.8057,57.5401,59.1669
769,46.9228,47.0431,51.6306,53.8494,53.7332,56.7236,54.3207,52.876,51.7869,48.1473,47.7726,46.2414,45.2806,44.2317,43.5815,41.7475,40.9073,42.1869,42.3654,40.1819,34.2174,26.8522,22.7985,21.8505,23.0205,24.4239,25.7376,27.948,29.9647,32.5171,37.353,39.3648,45.3837,50.2345,57.5029,62.8386,65.4047,69.9744,73.8891,80.0673,81.7969,82.9708,83.1144,87.4368,86.8423,86.7865,74.6774,61.2512,58.0993,57.7188,59.4248,60.3712,60.9197,58.8092,60.6878,62.737,62.8053,58.4485,55.0891,55.8935,57.899
769.5,46.2654,46.2032,50.1272,52.7634,53.4814,55.128,52.9582,52.2399,50.5799,47.3463,46.8163,45.5521,44.1969,43.2059,42.7294,40.9575,40.2658,41.4543,41.1232,39.4303,33.4804,26.4348,22.2891,21.3186,22.5311,23.8846,24.9816,27.1131,29.1457,32.0301,36.4147,38.1946,44.9622,49.1483,55.9865,61.3424,63.6681,67.333,72.5006,77.6986,79.8681,80.4021,81.1947,85.0403,84.7773,85.6732,73.6793,60.4284,56.4404,56.1482,57.6087,58.7223,59.0911,57.4233,58.3881,61.2992,61.6224,57.2756,53.4032,54.2621,56.6505
770,45.1348,45.0947,49.0929,51.4914,52.2134,54.0699,51.7288,52.1905,49.382,46.3313,46.0001,44.0611,43.3513,42.2205,41.9039,40.2002,39.6446,40.6397,40.3672,38.8299,32.8969,26.2628,21.8634,20.7621,21.99,23.5342,24.3864,26.6129,28.2924,31.2828,35.3974,37.1291,43.2451,47.8892,54.7963,59.7558,62.2897,65.4037,70.7915,75.9421,78.0573,77.692,79.2527,82.5838,82.6232,82.9924,71.697,59.0459,55.3321,55.1248,56.4378,57.4028,57.3691,56.3433,57.5993,59.1466,60.2098,55.4048,52.0065,52.9943,55.4408
770.5,44.1105,45.1332,47.8817,50.8042,51.364,52.4401,50.0274,51.5348,48.3912,46.3917,45.319,43.2006,42.5525,41.6505,41.0019,39.4741,38.9285,40.1013,39.26,38.0851,32.4266,25.9801,21.5699,20.459,21.4421,23.0179,23.8813,26.0372,27.6877,30.6937,34.5178,36.3306,41.7155,47.0118,53.6407,58.3236,60.5448,63.7855,70.3335,74.1482,75.841,76.0384,77.4746,80.4428,81.3555,81.4266,69.622,57.1959,53.3655,54.2969,54.9282,55.8093,55.7858,55.6531,56.1736,57.5278,58.3712,54.1999,50.897,51.4778,53.3923
771,42.6356,43.8377,46.7713,49.7357,49.8867,51.4256,48.938,50.375,47.5278,45.3019,44.5695,42.2816,41.8029,40.7941,40.1528,39.0381,38.2704,39.104,38.6505,37.3397,31.7879,25.6147,21.1156,19.9865,20.9571,22.609,23.6548,25.5756,26.8974,29.9088,33.6929,36.2179,40.1755,46.2022,52.1118,56.8932,59.2114,63.286,68.4524,72.2889,73.9169,74.1821,75.3582,77.5566,80.2683,79.0342,67.9169,56.0479,51.644,53.2829,53.7718,54.2762,54.4741,54.148,55.2094,55.8867,56.608,52.9118,49.7022,49.9275,51.8443
771.5,41.5006,43.0316,45.9306,48.7431,48.5608,50.9481,48.4399,49.2576,46.3824,44.3718,43.7368,41.568,40.8695,40.238,39.7185,38.3846,37.5444,38.3686,38.1657,36.9011,31.3085,25.1604,20.6758,19.5219,20.6016,22.1599,23.3943,25.1504,26.4796,29.2456,32.7423,35.4812,39.003,44.5624,50.4373,55.4391,57.9951,61.9911,66.6424,70.5673,72.3153,73.1884,73.0188,75.6005,78.2697,77.0585,66.1741,54.5583,50.635,52.199,52.8215,52.8136,53.5561,53.099,54.3808,54.9356,55.2889,51.4678,48.5652,48.5367,50.1922
772,40.5117,42.0998,44.7855,47.3513,47.601,49.9084,47.5215,48.1537,45.6214,43.6095,42.4937,40.9976,39.4709,39.4831,38.7177,37.8911,36.6961,37.9227,37.4216,36.5241,30.5538,24.6129,20.2457,19.2623,20.2564,21.71,22.9471,24.6722,25.986,28.5403,32.2378,34.4693,38.7581,43.5775,49.2896,53.7245,56.8279,60.3062,64.9083,68.829,70.434,71.409,69.5749,73.6936,75.7109,75.7493,64.7458,53.398,50.0931,51.3316,51.1514,51.8839,52.7362,51.9079,52.6564,53.6732,53.9707,49.8587,47.6459,47.2632,49.52
772.5,39.1159,42.3067,43.6006,46.1716,46.5987,48.7188,47.0053,46.9842,44.2359,43.0302,41.3352,40.1739,38.1838,38.6196,37.8771,37.231,36.2226,37.169,37.0252,35.9835,29.9999,24.0226,19.8056,18.8669,19.6419,21.3822,22.3687,23.9023,25.4686,27.8229,31.5921,33.5118,37.9478,42.4979,48.6254,52.5859,55.436,58.5294,63.3038,66.9101,68.6377,69.4487,68.1673,71.7623,72.6731,73.6861,62.4196,52.2014,49.9459,50.0135,49.6732,50.7008,51.3262,50.7189,51.3132,52.6406,52.8681,48.522,46.7276,46.379,48.1604
773,38.3738,41.491,42.6718,44.8088,45.6917,47.4826,46.3758,45.6531,43.7789,42.4728,40.6871,39.8132,37.5646,37.9058,37.3399,37.0009,35.7162,36.7749,36.669,35.5293,29.4796,23.7372,19.511,18.6902,19.283,21.0319,22.0047,23.4879,24.9879,27.5393,30.9158,32.8892,36.9668,41.8403,47.4673,51.5524,53.3233,56.9971,61.8147,64.941,66.9956,67.5239,66.7722,70.5463,71.0519,71.7332,60.8639,50.8922,49.0087,48.6999,48.387,49.2614,50.0128,49.5293,50.3256,51.4247,51.6401,47.8508,45.3774,45.3191,47.4612
773.5,37.3271,40.6094,41.8961,43.9592,45.0411,46.1873,45.8301,44.7889,43.0539,41.6805,39.8746,39.0821,37.2377,37.0308,37.0633,36.0223,35.5293,36.1959,36.3448,34.9028,28.9813,23.3845,19.3453,18.5227,18.8505,20.9153,21.5083,23.0474,24.2492,26.9445,30.1531,32.479,36.2875,40.4116,46.4199,50.1807,52.299,55.2282,60.6604,63.017,64.8044,65.8681,66.6315,69.0469,69.3871,69.2608,59.2799,49.7976,48.0734,47.3629,47.3545,47.8182,48.7511,48.6436,49.3521,49.8989,50.0648,46.993,43.6327,43.8676,46.0877
774,37.0801,39.8532,41.2118,43.7569,44.0339,45.6216,45.4706,44.1303,42.1686,40.8816,39.2945,38.6148,37.3434,36.625,36.6294,35.6462,35.0606,35.7842,36.0978,34.3058,28.6861,23.1803,19.1321,18.3016,18.7057,20.5683,21.1524,22.4391,23.4922,26.4239,29.5323,31.4868,35.2927,39.4547,45.0245,48.765,51.0194,54.6166,58.894,60.8644,62.9384,63.761,65.6205,67.357,67.4493,67.3954,57.3633,48.8212,47.0836,46.0528,46.5257,46.3746,47.4801,47.4442,48.2744,48.2272,48.9703,46.13,42.1874,42.9375,45.1524
774.5,36.4706,38.9582,40.1638,42.9022,43.1955,44.7975,44.3877,43.7579,41.6975,40.1419,38.8078,37.805,36.6821,36.1017,35.8347,34.9229,34.7694,35.3654,35.5664,33.9305,28.3259,22.8001,18.6234,17.9299,18.4334,20.3312,20.8172,22.2539,22.5831,25.9731,28.6249,31.1037,34.0635,38.5382,43.6918,47.4437,49.7676,53.4494,57.1519,59.8499,61.4534,62.4631,63.8749,66.0435,64.8515,65.6131,55.8727,47.7869,45.9806,44.7328,45.0066,45.1862,46.4307,46.1958,47.1707,46.2447,47.6475,44.9617,41.0446,41.8695,44.125
775,36.141,38.3465,39.2868,42.036,42.6853,43.9631,43.5642,43.1126,41.2632,39.4892,38.2224,37.1755,36.1226,36.132,35.3281,34.4421,34.3394,35.0873,34.6671,33.3711,27.9997,22.4648,18.2929,17.6336,18.1535,20.0186,20.4267,21.7176,22.1211,25.455,28.1246,30.6026,33.2599,37.7344,42.8313,46.0635,48.9717,51.9998,55.7691,58.0231,60.0902,61.2969,62.7139,63.937,63.3467,64.3849,54.4871,46.8295,44.8067,43.3587,43.7307,44.432,44.9982,45.1033,45.5959,45.1187,46.6364,43.7358,40.6823,41.1471,42.8968
775.5,36.1253,37.6654,38.3809,41.1084,41.6011,43.2123,42.8753,42.7507,41.131,38.9471,38.1897,36.5743,35.4086,35.3944,34.5986,34.4266,33.985,34.452,34.0576,32.8218,27.6136,22.1788,18.0556,17.4321,17.9479,19.656,20.1003,21.5455,21.7168,24.9241,27.4853,30.489,32.8319,36.9075,41.7925,44.5848,47.5783,50.9697,54.3231,56.6745,58.8126,60.1376,61.3448,62.7007,62.0772,62.7358,54.1098,45.2514,43.7325,42.4511,42.4409,43.2505,44.0479,43.9963,44.8374,44.3133,45.3855,42.4959,39.946,40.1696,41.8465
776,35.6922,36.9797,38.0426,40.6848,40.7354,42.5861,42.3855,42.3674,40.7475,38.2797,37.648,36.3337,35.4181,34.9378,34.3753,33.8356,33.4894,34.0113,33.6437,32.3568,27.2559,21.9287,17.8964,17.3225,17.7713,19.2611,19.6096,21.0247,21.7424,24.42,27.3027,29.924,32.3505,36.0636,41.0595,43.1889,46.8191,49.5276,53.1952,55.8302,57.5807,59.0923,60.1106,61.1043,61.2562,61.1795,53.2807,43.8407,42.4515,41.3113,41.2337,42.6022,42.7777,43.0816,43.5369,43.5876,44.3853,41.3433,39.0382,39.2633,40.7964
776.5,35.2364,36.4923,37.2124,40.4095,39.9846,41.6609,41.9963,41.8624,40.1498,37.8158,36.8392,36.0434,35.181,34.6537,34.0186,33.3598,32.5952,33.809,33.059,32.0215,27.0506,21.7311,17.8382,17.1781,17.6945,18.9838,19.2512,20.6125,21.4072,23.9309,26.837,29.5847,31.3823,35.1206,40.117,42.3514,45.711,47.9691,51.9636,54.6184,56.3133,57.7799,58.5989,59.9196,60.1403,59.2393,52.0315,42.8302,41.2162,40.0481,40.0379,41.4879,41.8374,42.2792,43.048,42.8871,43.3795,40.4718,38.3309,38.4136,39.9674
777,34.4074,36.2189,36.8906,39.8748,39.7071,41.1781,41.3932,41.2583,39.467,37.3878,36.2975,35.8164,35.1032,34.4416,33.7681,33.0357,32.171,33.6569,33.1198,32.0086,26.9272,21.3629,17.6256,17.0417,17.4672,18.6798,19.0831,20.2182,20.7552,23.486,26.3669,29.0907,30.8638,34.508,39.1543,41.7273,44.6605,47.2396,50.6594,53.1827,55.3024,56.7058,57.1936,58.5252,59.2048,58.1273,50.9144,41.5552,40.449,39.2799,38.9597,40.3862,40.974,41.2737,42.0635,42.1524,43.0543,39.788,37.2976,37.4934,39.2713
777.5,34.1062,35.425,36.5611,39.2685,39.2622,40.4413,40.8497,40.6282,38.9503,36.9808,35.9623,35.5329,34.6288,34.2309,33.5698,32.6396,31.7704,33.4019,32.87,31.9325,26.5444,21.0603,17.5445,16.7224,17.2416,18.3745,18.8548,19.8258,20.447,23.1101,25.8623,28.5006,30.3528,34.0996,38.0787,40.8146,43.6186,46.315,49.4645,51.7756,54.1508,55.4515,55.87,57.4658,57.5541,56.8005,49.7188,40.496,39.3461,38.2618,38.1546,39.5333,40.2624,39.793,41.1525,41.1255,42.2825,39.2601,36.7145,36.2528,38.2966
778,33.7733,34.4766,36.094,38.26,39.243,40.1623,40.5161,39.8522,38.2909,36.292,35.4961,34.8902,34.0084,33.8205,33.4092,32.3813,31.8384,33.0827,32.7495,31.3832,26.0695,20.6576,17.3375,16.4127,16.903,18.1204,18.7732,19.524,20.1805,22.7854,25.3049,28.0369,30.4247,33.6529,37.2825,40.1414,42.5149,45.3044,48.4785,50.579,52.9699,54.0627,54.3089,55.841,56.4843,56.0932,48.7032,39.8414,38.6991,38.3106,37.4481,38.6951,39.3537,39.1545,40.3341,40.3644,41.6257,38.7713,35.8508,35.1917,37.4051
778.5,33.4271,33.4515,35.2861,37.8373,38.4941,39.6267,39.7365,38.9593,37.3995,35.5717,35.0332,34.4592,33.3664,33.1688,33.2363,32.0004,31.6339,32.8125,32.5525,30.9579,25.597,20.2336,17.2765,16.0818,16.8555,17.9548,18.4096,19.3141,20.0517,22.2749,24.5951,27.3983,30.0149,33.0661,36.4016,39.2235,41.452,44.2017,47.2309,49.5318,51.7463,52.4821,52.8123,54.8545,55.6044,55.1081,47.8515,39.3271,37.7992,37.4718,36.9069,38.3572,38.2714,38.1975,39.1567,39.37,40.7457,38.374,35.2825,34.218,36.4735
779,33.1816,32.4663,34.7772,37.1937,37.6116,39.2406,39.0707,38.3564,37.1287,35.2371,34.3301,33.9767,32.8335,32.8674,32.7544,31.7988,31.4645,32.3723,31.8499,30.5354,25.3537,20.1074,17.0785,15.835,16.706,17.5607,18.0915,19.2634,19.6904,22.0133,24.3182,26.7955,29.8968,32.7301,35.302,38.3121,40.1758,43.3305,46.1667,48.2283,50.742,51.1335,51.7807,53.1563,54.5126,53.4314,46.6683,38.9815,36.8453,36.8528,36.4384,37.834,37.3315,37.3525,38.304,38.8388,39.8637,37.6368,34.4315,33.7289,35.6988
779.5,32.6712,31.711,34.3764,36.3945,36.8651,38.8207,38.2647,37.9476,36.6555,34.9865,33.8842,33.6936,32.8634,32.4027,32.3991,31.4698,30.8602,31.9211,31.4831,30.4913,25.4008,19.9559,16.9312,15.7513,16.6478,17.4955,17.8427,19.1104,19.3879,21.5705,23.9576,26.4114,29.295,32.1016,35.0351,37.8876,39.1541,42.2152,44.9433,47.1587,49.6406,50.0197,50.6516,52.1775,53.5634,51.9875,45.8974,38.3715,35.8682,36.2609,35.8234,37.039,36.7282,36.4652,37.2868,37.6222,39.1336,36.909,33.8427,33.5161,34.9446
780,32.0608,31.1712,33.9722,35.7392,36.609,38.3498,37.3908,37.4635,36.1995,34.7064,33.7763,33.2741,32.5486,32.1802,31.9457,31.1884,30.5542,31.2988,31.0308,30.2907,25.2644,20.1391,16.8084,15.6243,16.3892,17.2726,17.4176,18.9313,19.0541,20.7358,23.5733,25.742,28.503,31.6746,34.3551,37.1689,38.4115,41.2264,43.8409,46.0492,48.2696,48.8233,50.0341,51.3661,52.2772,50.7643,44.7912,37.6458,34.9933,35.7203,35.3036,36.2419,36.2134,35.62,36.5943,36.5492,38.5234,36.2308,33.3913,33.0521,34.2059
780.5,31.3018,30.6035,33.8601,35.3743,36.3431,37.9949,36.5712,37.375,35.666,34.1527,33.2752,32.7704,31.9612,31.8783,31.568,30.7512,30.1976,30.9346,30.82,30.1416,25.2808,19.7937,16.5829,15.4071,16.1702,17.0898,17.2478,18.6661,18.9172,20.2658,23.2304,25.2258,27.9715,31.0868,33.9352,36.185,37.7384,39.8785,43.0114,45.3885,47.1863,47.8804,49.647,50.3324,51.3682,49.6727,43.8686,36.7665,34.5055,34.8349,34.7257,35.492,35.8531,34.8432,36.0863,35.9803,38.0038,35.7322,32.5674,32.4538,33.3804
781,30.934,30.1093,33.4422,35.3201,35.6496,37.6177,36.176,36.8313,35.1924,33.5547,32.9771,32.4501,31.4583,31.6221,30.8615,30.5194,30.1588,30.5341,30.7371,29.8657,25.0846,19.6176,16.4276,15.2773,16.0154,16.9227,16.8627,18.3071,18.4389,19.9201,22.9283,24.8318,27.0806,30.4571,32.7093,35.492,37.0969,38.7738,42.286,43.6538,45.7398,46.6923,48.681,49.5439,50.2679,48.7097,42.9207,35.9707,34.0831,34.2106,33.993,34.7258,34.8565,34.2946,35.49,35.1806,37.1948,35.1071,32.208,31.8425,32.2481
781.5,30.695,29.9517,33.1381,34.8532,35.5719,37.3066,36.0316,36.2735,34.6303,33.29,32.2959,32.0254,31.224,31.2629,30.4172,30.055,29.9652,30.2238,30.068,29.5525,24.5716,19.3494,16.2338,15.04,15.7723,16.6894,16.3405,18.0191,18.3277,19.9901,22.7673,24.3254,26.4649,29.8317,32.1613,34.8988,36.3115,37.8479,41.5723,42.7903,44.9623,45.7341,47.8312,48.1134,49.2077,47.8705,41.7029,35.1993,33.6805,33.5297,33.4284,34.1684,34.0672,33.5657,34.7641,35.1495,36.5055,34.5293,31.6515,31.2508,31.4459
782,30.2362,29.4924,32.674,34.4915,34.824,36.9227,35.8105,35.8194,34.2411,32.826,31.8206,31.9201,30.9417,31.1786,30.1453,29.6259,29.6377,29.9903,29.7266,29.332,24.3088,18.8881,16.1388,15.1244,15.568,16.4171,16.0444,17.7929,18.1363,19.7927,22.6789,24.1676,25.9407,29.2009,31.3666,34.7263,35.7562,37.4353,41.0079,41.7534,43.8623,44.6329,46.5231,46.9531,48.2362,47.0118,41.0371,34.5109,33.0341,32.842,32.5593,33.7299,33.2355,33.2586,34.4079,34.2491,35.7538,33.9018,31.1737,30.8437,30.8615
782.5,29.7328,29.102,32.4929,33.9832,34.4473,36.6241,35.5731,35.21,33.7502,32.2944,31.5547,31.7661,30.5018,30.8171,30.1765,29.3062,29.3553,29.8088,29.4106,28.9714,23.9211,18.6318,15.9489,14.9036,15.3528,16.2253,15.7064,17.4985,17.9499,19.7497,22.3886,23.3907,25.548,28.538,31.3009,34.0246,35.2421,37.0352,40.0065,41.3097,43.09,43.9807,45.744,45.9264,47.2094,46.2838,40.3309,33.9673,32.3723,32.3588,31.8746,33.1216,32.5702,32.7468,33.8823,33.7681,35.1826,33.4315,30.6149,30.3897,30.5086
783,29.1989,28.7207,32.3633,33.4638,34.1403,36.1192,35.2461,35.0285,33.5026,32.0237,31.4256,31.5954,30.1888,30.5182,30.2166,29.2263,29.1741,29.4023,29.6737,28.7999,23.9873,18.5321,15.8523,14.7226,15.2382,16.0758,15.943,17.1651,18.0275,19.5949,21.9249,23.2105,25.3939,27.9453,30.9721,33.2847,34.6089,36.6822,39.0987,40.4629,42.4646,43.2964,44.4238,45.2947,46.238,45.5697,40.0656,33.1926,31.8166,31.4688,31.5217,32.4881,31.8879,32.5283,33.313,33.0993,34.3698,32.9635,30.2238,29.9387,30.2599
783.5,28.9201,28.5698,32.1723,33.0598,33.7901,35.5367,34.9147,34.7487,33.2679,31.8215,31.2265,31.3544,30.0659,30.3708,30.1092,29.2274,28.9796,29.079,29.1546,28.5905,23.8888,18.3017,15.7738,14.4882,15.1261,15.978,16.0359,17.0325,17.6253,19.3076,21.3877,22.9045,24.9206,27.2155,30.4468,32.7936,33.9231,35.9605,38.3795,39.8071,41.9533,42.6028,43.3767,44.1672,45.4187,44.6441,39.1532,32.7468,30.9805,30.9547,31.0456,31.7755,31.4284,31.8046,32.8679,32.5309,33.673,32.4461,29.9417,29.4155,29.7691
784,28.5214,28.238,31.9041,32.4203,33.6114,35.0826,34.7412,34.4398,32.7682,32.0205,31.0906,31.0385,29.9135,30.2121,29.9065,28.7678,28.807,28.9732,28.8194,28.3291,23.8563,18.8018,15.6465,14.3963,15.0028,15.7207,15.891,16.8024,17.5394,18.9479,21.197,22.673,24.2804,26.9737,30.0211,32.4064,33.4432,35.4044,37.3837,39.2073,40.9476,42.1353,42.1916,42.2685,44.7974,44.0287,38.5654,32.2921,30.3301,30.4886,30.6399,31.0706,30.8876,31.3816,32.4526,31.7176,33.0858,31.9359,29.7892,29.0406,29.2572
784.5,28.5007,28.4036,31.5281,31.9654,33.167,34.5539,34.2763,34.3166,32.3236,31.8396,31.0793,30.7454,29.1671,29.9467,29.7456,28.7751,28.6011,28.9376,28.6253,27.7719,23.6983,18.5816,15.5006,14.5081,14.8417,15.4438,15.8324,16.6456,17.107,18.448,21.0628,22.478,24.2566,26.5204,29.4913,31.9675,32.5668,34.7262,36.7521,39.3895,40.1386,41.4938,41.6206,41.5721,44.1909,43.2417,37.76,31.9497,29.8699,30.1933,30.4224,30.5835,30.6468,30.6993,31.8166,31.5016,32.5247,31.2541,29.4554,28.4908,28.6185
785,28.1511,27.8503,30.9881,31.3096,32.9485,33.8423,33.8359,34.0181,32.0199,31.6733,30.6658,30.4581,28.8319,29.7727,29.5605,28.3934,28.4268,28.8573,28.5283,27.1454,23.0148,18.5208,15.3597,14.3274,14.6928,15.2552,15.5283,16.502,16.9455,18.1698,20.8258,22.0206,24.0656,26.3834,28.9697,31.5233,32.0203,34.1261,35.8168,38.5638,39.2299,41.0266,40.3922,40.9241,43.3582,42.6196,36.9295,31.5658,29.5096,29.7003,30.1785,30.3002,30.2158,29.8371,31.5302,31.1329,32.044,30.5878,29.1167,27.8735,28.1333
785.5,27.9034,27.403,30.6071,30.7547,32.3573,33.417,33.6166,33.6498,31.7825,31.4601,30.4551,30.1486,28.5773,29.6068,29.5857,27.9802,28.2681,28.4249,28.5242,26.7247,22.6667,18.2156,15.2355,14.2138,14.5809,15.0725,15.4129,16.389,16.561,17.9783,20.3174,21.5159,23.9693,26.1294,28.5001,31.0763,31.4094,33.3999,35.3878,37.5618,38.7229,40.1137,39.8888,40.7808,42.6835,41.901,36.3239,31.0376,29.0359,29.0848,29.703,29.8454,29.5018,29.9102,30.6434,30.9,31.5654,30.0994,28.6073,27.3175,27.8265
786,27.7416,27.1012,30.0513,30.2089,31.9659,33.274,33.3239,33.0336,31.4458,31.1415,30.3122,29.7773,28.6709,29.3861,29.4802,27.9021,28.1576,28.0303,28.3124,26.6397,22.4536,17.9837,15.0186,14.0303,14.5048,15.1775,15.2311,16.1419,16.2773,17.8857,19.7687,21.2671,23.5228,25.776,28.0303,30.7711,30.9103,33.1179,34.9145,36.7156,38.4607,39.213,39.1888,40.2171,42.0391,41.0503,35.5593,30.6098,28.5219,28.9376,29.2168,29.485,28.6355,29.4328,30.3756,30.7523,31.019,29.4712,28.0632,26.5586,27.5803
786.5,27.3336,26.8805,29.6873,30.3515,31.5639,32.8367,33.4179,32.8623,31.0499,30.6775,30.2695,29.3829,28.6614,29.1648,29.4348,27.5471,27.7363,27.8199,28.4859,26.7066,22.6206,17.9817,14.9047,13.9666,14.4256,15.1131,15.1686,15.99,16.02,17.7695,19.5016,21.0637,22.9145,25.6354,27.4976,30.3235,30.5815,32.2421,34.7776,36.145,37.9349,38.4546,38.5513,39.5642,41.2445,40.4513,35.3817,30.0191,28.2285,28.73,28.9501,28.9987,28.2224,28.7818,29.7362,30.6083,30.4989,29.0448,27.6655,26.2745,27.2214
787,27.0453,26.5962,29.4242,30.277,31.5278,32.7517,33.2004,32.4526,30.9694,30.5688,30.3389,29.1379,28.5539,28.9393,29.243,27.6272,27.6122,27.5248,28.6314,26.8318,22.807,17.8987,14.8036,13.7737,14.3533,15.0109,15.069,15.6703,16.0496,17.7864,19.2922,20.9503,22.4632,25.1729,27.1806,29.7685,30.2268,31.507,34.3704,36.1508,37.6342,37.9176,38.3411,38.6829,40.6408,39.358,34.6306,29.4964,27.8959,28.5681,28.7329,28.6084,27.6466,28.5741,29.2956,30.3548,30.0689,28.5701,27.2236,25.8629,26.9875
787.5,26.5814,26.5689,29.1886,30.6828,31.206,32.5101,33.1034,32.3448,30.7835,30.0601,30.2035,28.7791,28.3434,28.8374,28.9191,27.4602,27.1094,27.5002,28.7411,26.609,22.4356,17.9012,14.6541,13.8453,14.2096,14.8313,15.0878,15.7173,15.8759,17.6824,19.3423,20.9481,22.2043,24.7058,26.855,29.3228,29.7627,30.9386,33.8777,35.756,37.1599,37.4923,37.7755,38.3899,39.9151,38.5876,34.3337,29.259,27.4097,28.1242,28.4207,28.357,27.9066,28.1057,28.8893,29.9339,29.8578,28.1865,26.8769,25.6301,26.6709
788,26.138,26.3147,29.1513,30.7773,30.6733,32.4951,32.9617,32.072,30.5362,29.8179,29.9161,28.5018,28.3344,28.727,28.644,27.2439,26.9242,27.3401,28.3436,26.3045,22.2967,17.7421,14.603,13.62,14.0133,14.7614,14.9653,15.535,15.8504,17.3871,19.2124,20.3449,21.8784,24.5264,26.6165,28.8987,29.2685,30.4566,33.3205,35.212,36.57,37.0384,37.038,37.5076,39.3012,37.6378,33.718,28.9003,27.2755,27.6658,27.9781,28.1016,27.7097,28.0104,28.412,29.3585,29.8111,27.8303,26.4116,25.3056,26.3683
788.5,25.691,25.8408,28.7732,30.1608,30.2251,32.2344,32.8536,31.8472,30.4962,29.4957,29.4182,28.1061,27.8096,28.5831,28.3697,27.0037,26.5759,27.1697,27.9372,26.0844,22.1407,17.6428,14.5152,13.4848,13.8357,14.5719,14.8491,15.5154,15.6113,17.0517,19.0953,20.0643,21.6663,24.3186,26.5221,28.5447,29.0273,30.147,32.9745,34.4858,35.9532,36.361,36.3558,37.0311,39.1203,37.3274,33.4927,28.7258,26.9047,27.2772,27.518,27.8246,27.5803,27.6625,28.4255,28.9274,29.581,27.6029,26.0969,24.951,25.9762
789,25.5741,25.6448,28.3567,29.9072,29.9715,31.9503,32.7005,31.8542,29.761,29.4163,28.9953,27.6882,27.7934,28.2419,28.2117,26.836,26.4902,27.0889,27.6977,26.3539,22.1309,17.6017,14.4819,13.0975,13.6814,14.5189,14.7996,15.3866,15.5707,16.7861,18.9197,19.6286,21.5158,24.2861,26.0281,28.0227,28.6222,29.7971,32.3853,34.1723,35.3129,35.6709,35.6303,36.3344,38.4241,37.2482,33.2226,28.4242,26.8447,26.884,27.0128,27.2082,27.2829,27.2971,28.0465,28.3526,29.3276,27.3131,25.6488,24.8077,25.6372
789.5,25.5739,25.5528,27.8932,29.3836,29.7772,31.4512,32.4261,31.5725,29.3878,29.1937,28.8001,27.3518,27.8867,27.8635,28.1028,26.7956,26.4528,26.9025,27.4804,26.2982,22.1307,17.3857,14.4092,12.9495,13.5429,14.2993,14.7078,15.1553,15.3037,16.6861,18.6133,19.3657,21.6546,24.0771,25.6583,27.4307,28.2947,29.5494,32.0206,33.5772,34.7082,35.0688,35.0254,36.2257,38.0621,37.2562,32.7875,27.9542,26.5461,26.7129,26.7347,26.5651,26.824,27.0608,27.529,28.0272,29.077,27.0208,25.2956,24.5856,25.3996
790,25.6311,25.0816,27.5664,29.3201,29.6845,30.9658,32.1339,31.433,28.8715,28.9547,28.6478,27.0321,27.6969,27.4595,27.8497,26.4881,26.2498,26.3543,27.113,26.1647,22.1368,17.3743,14.238,12.7859,13.4806,14.2627,14.5282,15.0243,15.1137,16.7728,18.3758,19.3838,21.3913,23.6481,25.1649,26.8065,28.004,29.1931,31.6017,32.8699,34.3854,34.165,34.7435,35.9043,37.5449,36.8582,32.2632,27.4552,26.1527,26.4251,26.2478,26.1063,26.494,26.82,26.9784,27.6605,28.5727,26.6963,25.1085,24.4213,24.9204
790.5,25.514,25.3047,27.3476,28.9242,29.3116,30.2631,31.7476,31.1205,28.744,28.8015,28.5224,26.89,27.2213,27.0655,27.5969,26.2362,25.8962,26.1552,26.7934,25.708,21.8193,17.0941,14.1201,12.9042,13.3148,14.1398,14.4344,14.775,15.1121,16.6205,17.9277,19.3217,21.2461,23.3866,25.0217,26.3227,27.5026,28.685,30.8689,32.2554,33.7028,33.6436,34.1731,35.4212,37.2756,36.1572,31.853,26.9194,25.8212,26.1046,25.7894,25.8468,26.1032,26.4798,26.4509,27.3291,28.0097,26.356,24.7642,24.1793,24.5033
791,25.1131,24.6835,26.8787,28.4609,29.2314,29.0134,31.2771,30.6598,28.6717,28.5931,28.2553,26.5366,26.7742,26.7903,27.3372,26.1801,25.6022,25.9519,26.3727,25.3551,21.5833,16.889,13.9615,12.9032,13.2011,13.9895,14.1985,14.6265,14.9807,16.4579,17.616,19.1058,20.9478,23.1518,24.6752,25.939,26.9727,28.1738,30.2366,31.6729,33.4806,32.7452,33.5782,35.3054,36.691,35.5714,31.5403,26.6799,25.5303,25.7687,25.4515,25.7487,25.6469,26.3185,26.1323,27.1964,27.4534,26.115,24.7496,24.063,23.9617
791.5,24.8971,24.5956,26.4816,28.2774,28.9713,28.374,30.7739,30.3128,28.807,28.448,28.0858,26.6687,26.5136,26.5792,27.0835,26.1571,25.373,25.8552,26.1445,25.095,21.0781,16.7798,13.8125,12.8435,12.9956,13.7602,14.1237,14.4859,14.9613,16.226,17.2048,18.7293,20.6514,22.8715,24.4272,25.6818,26.414,27.436,29.4644,31.2227,32.8567,32.102,33.3307,34.7241,35.8376,34.8292,31.2355,26.3308,25.1153,25.2157,25.3367,25.6906,25.2383,26.1513,26.1157,26.9914,27.0588,25.8782,24.4714,23.7862,23.7513
792,24.4439,24.3356,26.0913,28.1032,28.7938,28.0523,30.372,29.7372,28.847,28.1564,27.7612,26.4941,26.4824,26.3217,26.9402,26.1058,25.2673,25.7516,25.7935,24.8673,20.9184,16.5928,13.6866,12.693,12.9982,13.5756,13.9827,14.2651,14.7908,16.0569,16.9823,18.6165,20.3094,22.6402,24.1246,25.5913,25.8827,27.085,29.2428,30.9881,32.5012,31.6261,33.2488,34.4333,35.2652,34.39,30.9698,25.9406,24.9977,24.7855,25.1653,25.5954,24.9091,25.8556,26.0066,26.9067,26.7852,25.6868,24.3076,23.717,23.4852
792.5,24.0936,24.3846,25.8533,28.4809,28.4218,28.096,30.372,29.4643,28.663,27.9866,27.3536,26.1939,26.1691,25.9963,26.7158,25.9228,25.1473,25.6976,25.6598,24.6726,20.7521,16.5754,13.5475,12.5381,12.9127,13.4336,13.8658,14.0627,14.7075,15.94,16.8934,18.6467,19.8513,22.3409,23.75,25.2105,25.8468,26.6767,28.7757,30.6665,32.0592,31.2941,32.7907,34.0015,34.4027,33.6167,30.3205,25.5102,24.6247,24.4622,24.6665,25.3122,24.5955,25.6144,25.6369,26.8131,26.7227,25.3719,24.0395,23.3742,23.205
793,23.7611,24.1507,25.805,28.0036,28.1582,28.3172,30.1126,29.0831,28.152,27.7157,26.9704,26.0731,26.0462,25.7063,26.4133,25.5982,25.1058,25.4829,25.4238,24.4602,20.6132,16.3453,13.4871,12.3578,12.8595,13.3648,13.6753,13.8164,14.4793,15.7558,16.7566,18.6945,19.7447,21.9454,23.3536,25.079,25.2121,26.4297,28.8341,30.3741,31.6356,31.0725,32.4823,33.5436,33.8724,33.4896,29.8153,25.1151,24.4541,24.0863,24.1291,25.1023,24.3247,25.3899,25.2175,26.7369,26.4044,24.9481,23.5199,23.0955,23.0219
793.5,23.3643,23.7763,25.6411,27.5966,27.9087,28.4505,29.7216,29.0243,27.7688,27.3872,26.5081,25.8675,25.7955,25.4026,26.0333,25.319,24.7551,25.3661,25.0731,24.1271,20.6651,16.1059,13.3498,12.2019,12.6634,13.1444,13.5457,13.6981,14.2848,15.6186,16.4935,18.6819,19.6973,21.6127,22.9971,24.6792,24.8966,26.2586,28.4718,29.8099,31.168,30.9299,31.9558,33.1006,33.4859,33.1065,29.1251,24.8296,24.2286,23.8343,23.6106,24.816,24.0143,25.0416,24.9079,26.5844,26.0445,24.5777,23.1238,22.828,22.5879
794,23.2233,23.5121,25.4248,27.3539,27.8661,28.3939,29.1819,28.6931,27.4736,27.0774,26.2251,25.4271,25.4191,25.2712,25.8088,25.0915,24.1818,25.0892,24.8552,23.9695,20.2988,15.9428,13.2769,12.0722,12.5432,12.9977,13.355,13.4804,14.0607,15.4239,15.9238,18.1353,19.4129,21.3011,22.5506,24.3131,24.6099,25.8704,28.2941,29.5897,30.6691,30.6748,31.3901,32.2341,32.9713,32.8559,28.6427,24.395,23.9151,23.6562,23.2518,24.3391,23.8061,24.4736,24.6821,26.203,25.5243,24.3383,22.8996,22.5459,22.2447
794.5,23.0676,23.0616,25.0942,27.0504,27.4515,28.2982,28.8089,28.5089,27.3046,26.7504,25.8278,25.1581,25.0588,24.9201,25.5742,24.6111,24.0111,24.5833,24.6488,23.8673,20.1752,15.8304,13.0762,11.8444,12.4412,12.7811,13.1942,13.4023,13.8288,15.1886,15.9457,17.5446,19.3595,21.0353,22.2586,23.9451,24.4337,25.5447,28.2698,29.2453,30.1238,30.2503,30.9949,31.6206,32.686,31.8961,27.7627,24.2564,23.6719,23.3798,23.1127,23.9665,23.6852,24.0234,24.466,25.7432,25.124,23.9954,22.5938,22.1927,21.95
795,22.7684,22.698,24.8195,26.7873,26.552,28.108,28.544,28.1149,26.9383,26.5543,25.4688,24.7546,24.677,24.6621,25.1745,24.2996,23.9061,24.085,24.5514,23.766,19.8245,15.66,13.0088,11.5887,12.3849,12.6435,13.0628,13.2756,13.6108,15.0045,15.9496,17.0131,19.0677,20.7126,21.7604,23.4738,24.2194,25.2155,27.8842,28.9744,29.937,29.9914,30.264,31.095,32.3247,31.2207,27.4403,23.9559,23.1039,23.191,22.977,23.4758,23.4875,23.7998,24.3361,25.3771,24.6131,23.7525,22.3411,21.7362,21.7385
795.5,22.7741,22.3814,24.574,26.5141,26.0986,27.7802,28.1941,27.7937,26.6111,26.398,25.3051,24.5181,24.0612,24.4879,24.7899,23.7088,23.8089,23.7714,24.0699,23.5012,19.4853,15.478,12.8543,11.4477,12.3089,12.4735,12.9619,13.1526,13.4456,14.7119,16.0771,16.9779,18.8733,20.3481,21.5734,23.1662,23.9649,24.9357,27.409,28.4526,29.8085,29.5003,29.6812,31.0178,32.0973,30.8839,26.8382,23.849,22.7231,22.9768,23.0003,23.3335,23.0874,23.4639,24.0607,25.0383,24.3832,23.413,22.0458,21.3678,21.3486
796,22.5983,22.362,24.4151,26.0392,25.5433,27.3252,27.7534,27.3702,26.2707,26.1129,24.9891,24.3994,24.01,24.1403,24.2958,23.4859,23.5021,23.64,23.7342,23.3232,19.2886,15.385,12.7633,11.3832,12.0424,12.5244,12.6594,13.084,13.2652,14.6183,16.0187,16.9713,18.2977,19.956,21.232,22.926,23.6593,24.5615,26.9594,27.9372,29.3557,29.1644,29.2458,30.8586,32.0351,30.7177,26.796,23.6342,22.3831,22.8902,22.749,22.9822,22.819,23.2827,23.6521,24.7508,24.2507,23.056,21.6916,21.0556,21.021
796.5,22.4218,22.0787,24.2752,25.4948,25.1039,27.008,27.1284,27.075,26.0626,25.7217,24.7557,24.1531,23.875,23.9359,23.9848,23.2679,23.1406,23.484,23.3098,23.1484,19.0369,15.2795,12.616,11.4148,11.938,12.4547,12.5862,13.0027,13.1298,14.3433,15.8475,16.7828,18.0048,19.408,21.0257,22.5474,23.2857,24.4164,26.4839,27.3643,28.9122,28.8065,28.9745,30.4251,31.3986,29.8168,26.3406,23.3934,21.8431,22.7781,22.4956,22.9407,22.5647,22.8344,23.1123,24.3689,24.2358,22.8579,21.4834,20.8229,20.5109
797,22.2131,21.8949,24.0204,25.073,24.9436,26.6986,26.39,26.7589,25.7414,25.1793,24.1224,24.0426,23.8568,23.5592,23.8484,23.0881,22.7228,23.4191,23.0822,22.7836,19.0009,15.0409,12.3479,11.3417,11.6915,12.1537,12.4043,12.8859,13.0538,14.1544,15.6503,16.6618,17.665,19.2008,20.8119,22.2911,23.1033,23.9892,25.9894,26.8324,28.4371,28.3351,28.9041,30.034,31.0036,29.5478,26.077,23.0517,21.6351,22.4894,22.2198,22.5968,22.4783,22.5301,22.8677,23.9562,24.027,22.5284,21.1713,20.5457,20.303
797.5,22.0678,21.8582,23.2214,24.493,24.881,26.5813,26.0184,26.4756,25.5578,24.6963,23.7454,23.6296,23.6429,23.1649,23.6108,22.8635,22.5541,23.213,23.1626,22.531,18.7011,14.737,12.2005,11.2539,11.3154,12.009,12.2327,12.6048,12.9405,13.97,15.3762,16.4873,17.4115,19.0216,20.7644,21.9431,22.7102,23.6599,25.6686,26.5908,28.1015,27.9037,28.477,29.7583,30.1806,29.2282,25.3592,22.5855,21.357,22.1463,22.0572,22.1751,22.3025,22.2436,22.4559,23.5351,23.6401,22.3354,21.0297,20.4055,19.9714
798,21.7694,21.7679,23.0353,24.3694,24.6458,26.1583,25.7161,26.2131,25.1515,24.2675,23.6368,23.3243,23.2666,22.9247,23.4896,22.5463,22.2071,22.7907,23.0638,21.9688,18.6094,14.494,11.9205,10.9977,11.219,11.8716,12.106,12.3744,12.7777,13.8371,15.0828,16.2217,17.2336,19.0305,20.5371,21.5988,22.3962,23.0167,25.345,26.1931,27.7541,27.236,28.125,29.1203,29.5345,29.0844,25.3235,22.2321,21.248,21.7381,21.7391,21.7984,22.1244,22.0081,22.4903,23.1995,23.1412,22.0565,20.8096,20.1266,19.8346
798.5,21.3177,21.4918,22.6806,24.0722,24.3299,25.8119,25.2338,25.9112,24.8496,23.9531,23.4025,22.8662,22.939,22.6056,23.0407,22.3143,21.601,22.2742,22.6246,21.5951,18.3027,14.3671,11.8305,10.9549,11.1163,11.787,11.8927,12.2857,12.5706,13.6222,14.8137,16.0576,16.8981,18.6455,20.1657,21.1693,22.0396,22.7624,25.015,25.8856,27.3446,26.6589,27.6564,28.4845,28.965,28.5755,25.2719,21.9686,21.2351,21.3859,21.3708,21.4317,21.8747,21.7524,22.1069,22.8716,22.7105,21.7435,20.5187,19.8043,19.8079
799,20.8971,21.0232,22.5064,23.8537,23.7918,25.4211,25.022,25.736,24.3098,23.6437,23.1174,22.4957,22.6999,22.5164,22.7285,21.987,21.3578,21.9793,22.2003,21.3068,18.039,14.2032,11.7671,10.7697,11.0287,11.7448,11.7512,12.1864,12.4199,13.4853,14.7054,15.7458,16.7677,18.3704,20.0188,20.8919,21.7885,22.3064,24.652,25.7813,26.8119,26.2455,27.2845,27.9444,28.5174,28.0849,25.0899,21.7177,20.8118,21.0857,21.048,21.1084,21.5316,21.2685,21.9368,22.4771,22.343,21.4269,20.1584,19.4768,19.7559
799.5,20.5343,20.4548,22.46,23.6447,23.3735,25.107,24.6625,25.2624,23.888,23.3685,22.7481,22.2816,22.5499,22.2191,22.4252,21.7083,20.8895,21.6719,21.8431,21.1017,17.8143,14.0761,11.5845,10.6882,10.7968,11.5939,11.5123,12.0998,12.1887,13.2559,14.481,15.4957,16.4439,18.1369,19.7766,20.3748,21.3904,22.0633,24.241,25.4775,26.2143,26.094,26.9125,27.661,28.4314,27.4702,24.9818,21.5169,20.506,20.6639,20.6987,20.8968,21.1465,20.9266,21.7468,22.0744,22.2734,21.123,19.7862,19.1067,19.5388
800,20.0821,20.1548,22.0271,23.2993,23.1607,24.8135,24.4472,24.7403,23.4553,23.1898,22.4758,21.8546,22.1492,21.8422,22.0867,21.456,20.5774,21.2647,21.3148,20.6991,17.5264,13.8329,11.4879,10.4867,10.5388,11.4562,11.2625,11.9228,12.0341,13.0435,14.3765,15.0781,16.3308,18.0301,19.4676,20.2164,20.9326,21.7968,23.8389,25.2441,25.6321,26.2207,26.5021,27.2822,28.0803,26.961,24.4982,21.0518,20.1587,20.3695,20.2484,20.4491,20.6247,20.5823,21.511,21.5625,22.0316,20.6951,19.261,18.6821,19.0846
