TITLE,
DATA TYPE,FLUORESCENCE SPECTRUM
ORIGIN,JASCO
OWNER,
DATE,2023/08/04
TIME,14:07:07
SPECTROMETER/DATA SYSTEM,JASCO Corp., FP-8550, Rev. 1.00
DELTAX,0.5
XUNITS,NANOMETERS
YUNITS,INTENSITY
FIRSTX,  500.0000
LASTX,  800.0000
NPOINTS,     601
FIRSTY,    22.17613
MAXY,   436.85345
MINY,     9.46412
XYDATA
,350,355,360,365,370,375,380,385,390,395,400,405,410,415,420,425,430,435,440,445,450,455,460,465,470,475,480,485,490,495,500,505,510,515,520,525,530,535,540,545,550,555,560,565,570,575,580,585,590,595,600,605,610,615,620,625,630,635,640,645,650
500,22.1761,20.9512,20.3477,18.6183,17.3611,15.2754,13.8212,13.3748,12.9573,12.904,13.1039,13.2854,12.7681,11.8615,11.3366,11.0288,10.3812,9.29224,8.18626,8.28339,9.12183,9.4166,9.34719,8.50734,8.56824,10.3394,16.7339,73.7212,296.366,0,0,0,0,0,0,0,0,0,0,0,0,0,0,0,0,0,0,0,0,0,0,0,0,0,0,0,0,0,0,0,0
500.5,21.8653,20.8154,20.3449,18.7237,17.2481,15.19,13.763,13.3423,13.0148,12.9283,13.2324,13.3596,13.0279,11.7636,11.309,10.9267,10.457,9.2782,8.26727,8.21806,9.15585,9.3292,9.35795,8.57207,8.47422,10.233,15.5438,62.5424,271.555,0,0,0,0,0,0,0,0,0,0,0,0,0,0,0,0,0,0,0,0,0,0,0,0,0,0,0,0,0,0,0,0
501,21.6951,20.6911,20.2079,18.7585,17.1854,15.148,13.7052,13.3852,13.0049,12.9946,13.2772,13.3064,12.8481,11.7091,11.2924,11.0187,10.5098,9.2914,8.30446,8.17652,9.19764,9.3279,9.30253,8.63602,8.41196,10.1137,14.4202,52.7953,247.319,0,0,0,0,0,0,0,0,0,0,0,0,0,0,0,0,0,0,0,0,0,0,0,0,0,0,0,0,0,0,0,0
501.5,21.5659,20.5482,20.0922,18.6767,17.1379,15.1769,13.5861,13.3559,13.017,13.0246,13.1987,13.3387,12.6193,11.6422,11.3622,11.0852,10.4837,9.31134,8.29911,8.18658,9.19952,9.36182,9.23333,8.65414,8.33435,10.0151,13.6352,44.9966,224.053,0,0,0,0,0,0,0,0,0,0,0,0,0,0,0,0,0,0,0,0,0,0,0,0,0,0,0,0,0,0,0,0
502,21.4223,20.4824,19.8014,18.6149,17.0797,15.1805,13.5803,13.2941,12.9909,13.0837,13.2283,13.3262,12.3573,11.6235,11.3986,11.2328,10.4699,9.31639,8.32698,8.29605,9.26634,9.3359,9.15148,8.64387,8.24821,9.83232,12.9722,38.4191,202.112,0,0,0,0,0,0,0,0,0,0,0,0,0,0,0,0,0,0,0,0,0,0,0,0,0,0,0,0,0,0,0,0
502.5,21.3883,20.4153,19.7516,18.5268,17.0077,15.1257,13.6404,13.274,12.9607,13.1791,13.2148,13.2129,12.2823,11.7392,11.3831,11.2491,10.3532,9.34978,8.36015,8.44318,9.2707,9.39894,9.09999,8.66566,8.24187,9.6849,12.5046,32.789,178.845,0,0,0,0,0,0,0,0,0,0,0,0,0,0,0,0,0,0,0,0,0,0,0,0,0,0,0,0,0,0,0,0
503,21.3386,20.4938,19.6641,18.4135,16.8789,15.0815,13.7574,13.3064,12.9446,13.1222,13.2894,13.3341,12.3275,11.7112,11.4098,11.3276,10.3348,9.39541,8.43426,8.41659,9.26737,9.4498,9.02629,8.61042,8.1305,9.52543,12.2459,28.2946,157.329,0,0,0,0,0,0,0,0,0,0,0,0,0,0,0,0,0,0,0,0,0,0,0,0,0,0,0,0,0,0,0,0
503.5,21.2602,20.4656,19.6878,18.2111,16.7497,15.009,13.7623,13.3721,12.9709,13.0752,13.1516,13.2282,12.3552,11.7463,11.4514,11.3369,10.3474,9.43616,8.41779,8.45948,9.27796,9.45745,8.97904,8.62746,8.06821,9.41314,11.9496,24.7132,137.274,0,0,0,0,0,0,0,0,0,0,0,0,0,0,0,0,0,0,0,0,0,0,0,0,0,0,0,0,0,0,0,0
504,21.1924,20.3693,19.7509,18.1364,16.5959,14.9416,13.7536,13.3691,13.0115,13.1046,13.1609,13.1884,12.4155,11.7569,11.5063,11.2739,10.4255,9.44001,8.5,8.45011,9.25733,9.56211,8.92772,8.56543,8.06284,9.20896,11.8027,21.868,118.713,0,0,0,0,0,0,0,0,0,0,0,0,0,0,0,0,0,0,0,0,0,0,0,0,0,0,0,0,0,0,0,0
504.5,20.931,20.1101,19.8162,17.9729,16.4759,14.9036,13.6843,13.2847,12.9815,13.1186,13.112,13.1316,12.4865,11.8108,11.4559,11.2577,10.4746,9.41488,8.46709,8.46498,9.24485,9.60982,8.82635,8.52929,8.14156,8.98536,11.5211,19.5849,102.63,0,0,0,0,0,0,0,0,0,0,0,0,0,0,0,0,0,0,0,0,0,0,0,0,0,0,0,0,0,0,0,0
505,20.8128,19.9621,19.5159,17.9522,16.4286,14.7943,13.6255,13.2021,13.0214,13.118,13.1445,13.0129,12.5149,11.8191,11.3602,11.1719,10.5224,9.42614,8.5182,8.50234,9.19033,9.60151,8.7779,8.51638,8.18543,8.7693,11.3352,17.7088,87.8568,296.659,0,0,0,0,0,0,0,0,0,0,0,0,0,0,0,0,0,0,0,0,0,0,0,0,0,0,0,0,0,0,0
505.5,20.6213,19.7839,19.3734,17.9315,16.3626,14.6511,13.6406,13.1684,12.9982,13.0728,13.1196,12.9331,12.4095,11.8211,11.3638,11.1257,10.501,9.37784,8.38431,8.46811,9.17049,9.60477,8.79646,8.49349,8.22789,8.63054,11.1537,16.1928,74.6735,272.356,0,0,0,0,0,0,0,0,0,0,0,0,0,0,0,0,0,0,0,0,0,0,0,0,0,0,0,0,0,0,0
506,20.5139,19.6148,19.1433,17.8661,16.3786,14.5864,13.5888,13.1624,12.9727,13.0361,13.0229,12.8504,12.5316,11.8072,11.3708,11.1015,10.4133,9.37149,8.41869,8.50664,9.1797,9.5487,8.71793,8.40673,8.18828,8.50135,11.0234,14.9484,62.9573,247.579,0,0,0,0,0,0,0,0,0,0,0,0,0,0,0,0,0,0,0,0,0,0,0,0,0,0,0,0,0,0,0
506.5,20.391,19.3365,19.0799,17.765,16.2986,14.7841,13.5705,13.1772,12.9929,13.0579,13.0118,12.7984,12.5989,11.7815,11.4369,11.1501,10.41,9.34092,8.42778,8.54638,9.17169,9.53484,8.62784,8.33638,8.15326,8.4529,10.925,13.9067,53.5262,224.193,0,0,0,0,0,0,0,0,0,0,0,0,0,0,0,0,0,0,0,0,0,0,0,0,0,0,0,0,0,0,0
507,20.201,19.0921,19.0204,17.683,16.2455,15.5719,13.6032,13.1963,13.0131,13.0775,13.0352,12.8374,12.5958,11.8195,11.4391,11.231,10.4124,9.39452,8.48975,8.54107,9.13091,9.44891,8.62392,8.27316,8.15745,8.4259,10.6134,13.122,45.0935,203.704,0,0,0,0,0,0,0,0,0,0,0,0,0,0,0,0,0,0,0,0,0,0,0,0,0,0,0,0,0,0,0
507.5,20.0414,18.8792,18.9007,17.6358,16.2344,16.5851,13.5907,13.193,13.0377,13.0987,13.1989,12.8675,12.5243,11.8899,11.449,11.3756,10.5699,9.46371,8.40836,8.56636,9.11176,9.52933,8.65339,8.2398,8.10652,8.3889,10.3344,12.6917,38.5898,181.915,0,0,0,0,0,0,0,0,0,0,0,0,0,0,0,0,0,0,0,0,0,0,0,0,0,0,0,0,0,0,0
508,19.9188,18.9297,18.7519,17.6003,16.0851,17.3515,13.6566,13.1421,13.0168,13.0611,13.2421,12.9066,12.5262,11.9376,11.468,11.4229,10.6181,9.49384,8.41039,8.51659,9.03587,9.49024,8.70955,8.20374,8.12862,8.34605,10.073,12.1966,33.0226,160.953,0,0,0,0,0,0,0,0,0,0,0,0,0,0,0,0,0,0,0,0,0,0,0,0,0,0,0,0,0,0,0
508.5,19.7616,18.8561,18.6569,17.5868,16.0254,17.457,13.56,13.091,12.984,13.0706,13.1447,12.9421,12.4697,11.9711,11.4886,11.3687,10.6192,9.46324,8.43045,8.5048,9.02236,9.5176,8.7195,8.11966,8.10615,8.20957,9.91291,11.8635,28.2335,140.725,0,0,0,0,0,0,0,0,0,0,0,0,0,0,0,0,0,0,0,0,0,0,0,0,0,0,0,0,0,0,0
509,19.6834,18.9483,18.4602,17.4205,15.8638,17.1414,13.4427,13.0815,12.9882,12.9077,13.1443,12.9875,12.4959,12.0711,11.5177,11.4216,10.6287,9.45348,8.50066,8.53561,9.06277,9.48775,8.75269,8.0401,8.06839,8.07705,9.72394,11.5566,24.597,123.44,0,0,0,0,0,0,0,0,0,0,0,0,0,0,0,0,0,0,0,0,0,0,0,0,0,0,0,0,0,0,0
509.5,19.5242,18.963,18.3024,17.4251,15.729,16.6871,13.3866,13.0092,12.9132,12.9077,13.0377,12.9549,12.4401,12.1082,11.5244,11.3927,10.5642,9.4574,8.52248,8.56829,9.17757,9.53665,8.79866,7.94105,8.02369,8.12412,9.52358,11.4171,21.5392,106.852,0,0,0,0,0,0,0,0,0,0,0,0,0,0,0,0,0,0,0,0,0,0,0,0,0,0,0,0,0,0,0
510,19.4249,19.0065,18.0386,17.1598,15.7641,15.9215,13.3049,13.0271,12.9262,12.8731,12.9205,12.9321,12.4865,12.0937,11.6099,11.3939,10.5395,9.47331,8.59727,8.62526,9.15779,9.57755,8.74725,7.91038,7.99137,8.16728,9.40057,11.2012,19.0844,93.0359,321.194,0,0,0,0,0,0,0,0,0,0,0,0,0,0,0,0,0,0,0,0,0,0,0,0,0,0,0,0,0,0
510.5,19.2999,18.8617,17.8004,17.0942,15.811,15.224,13.3614,12.8895,12.9118,12.8313,12.879,12.901,12.4585,12.0935,11.6634,11.3893,10.5406,9.50864,8.62718,8.6321,9.21809,9.58877,8.72837,7.82319,7.90083,8.19697,9.16997,11.0809,17.1139,79.4781,296.709,0,0,0,0,0,0,0,0,0,0,0,0,0,0,0,0,0,0,0,0,0,0,0,0,0,0,0,0,0,0
511,19.202,18.7754,17.7018,16.8247,15.8036,14.3417,13.3252,12.8464,12.9207,12.826,12.8175,12.9319,12.3722,11.9045,11.7,11.4199,10.5287,9.50851,8.65899,8.75656,9.12135,9.60528,8.68438,7.78983,7.80638,8.22298,8.94944,10.8314,15.6359,67.7705,272.402,0,0,0,0,0,0,0,0,0,0,0,0,0,0,0,0,0,0,0,0,0,0,0,0,0,0,0,0,0,0
511.5,19.1796,18.6576,17.7156,16.8984,15.7198,14.0452,13.2568,12.7575,12.8825,12.706,12.7904,12.955,12.3303,11.9375,11.6351,11.3947,10.4612,9.52967,8.61541,8.7043,9.22603,9.45336,8.75798,7.79993,7.66646,8.2554,8.77888,10.6573,14.5145,57.5027,247.894,0,0,0,0,0,0,0,0,0,0,0,0,0,0,0,0,0,0,0,0,0,0,0,0,0,0,0,0,0,0
512,19.1246,18.5916,17.7134,16.8306,15.6687,13.8449,13.1914,12.7337,12.7914,12.6903,12.7678,12.9844,12.2818,11.8636,11.5394,11.3217,10.4851,9.53424,8.6306,8.73452,9.16657,9.43374,8.75469,7.82226,7.58955,8.17366,8.6785,10.3965,13.6562,48.5848,224.049,0,0,0,0,0,0,0,0,0,0,0,0,0,0,0,0,0,0,0,0,0,0,0,0,0,0,0,0,0,0
512.5,19.024,18.372,17.559,16.7004,15.6128,13.7909,13.2207,12.7091,12.6228,12.7412,12.7503,13.0198,12.1655,11.8716,11.4156,11.2383,10.4553,9.49225,8.62899,8.7546,9.17094,9.37184,8.75747,7.80522,7.48151,8.13231,8.54621,10.2439,12.8882,40.8772,200.69,0,0,0,0,0,0,0,0,0,0,0,0,0,0,0,0,0,0,0,0,0,0,0,0,0,0,0,0,0,0
513,18.7951,18.1463,17.497,16.586,15.5242,13.7241,13.1874,12.7088,12.5616,12.7475,12.709,12.9653,12.158,11.8593,11.336,11.224,10.4913,9.43859,8.5788,8.69577,9.1873,9.48985,8.7282,7.76645,7.35114,8.10064,8.54803,10.0337,12.3611,34.5889,178.407,0,0,0,0,0,0,0,0,0,0,0,0,0,0,0,0,0,0,0,0,0,0,0,0,0,0,0,0,0,0
513.5,18.6248,17.9479,17.4309,16.3598,15.4155,13.7165,13.0964,12.6437,12.4067,12.7545,12.6736,12.8949,12.0819,11.8479,11.3557,11.1726,10.5398,9.38724,8.52765,8.64256,9.19045,9.4425,8.67074,7.73354,7.23279,8.00809,8.49218,9.69895,11.8978,29.2404,157.243,0,0,0,0,0,0,0,0,0,0,0,0,0,0,0,0,0,0,0,0,0,0,0,0,0,0,0,0,0,0
514,18.4533,17.8087,17.2882,16.3392,15.2897,13.6389,12.8793,12.5168,12.2638,12.6615,12.6448,12.816,12.0765,11.7579,11.3592,11.1747,10.6564,9.33932,8.45348,8.64078,9.20824,9.43713,8.66992,7.69417,7.10857,7.93481,8.51746,9.45687,11.6987,24.9601,137.438,0,0,0,0,0,0,0,0,0,0,0,0,0,0,0,0,0,0,0,0,0,0,0,0,0,0,0,0,0,0
514.5,18.2709,17.6676,17.2607,16.1812,15.2285,13.5607,12.8086,12.4093,12.348,12.5647,12.6045,12.7229,12.1704,11.6688,11.3587,11.1767,10.6013,9.28824,8.38839,8.59153,9.20558,9.37289,8.5531,7.68864,7.00158,7.82839,8.45516,9.19736,11.4128,21.4928,119.508,0,0,0,0,0,0,0,0,0,0,0,0,0,0,0,0,0,0,0,0,0,0,0,0,0,0,0,0,0,0
515,18.0872,17.4832,17.0568,16.1154,15.0519,13.5181,12.7666,12.3361,12.3596,12.4916,12.6604,12.6365,12.0581,11.5429,11.4085,11.1967,10.5882,9.28684,8.34612,8.61099,9.16878,9.36562,8.53456,7.6468,6.93776,7.77982,8.42868,9.05723,11.219,18.6958,102.769,335.55,0,0,0,0,0,0,0,0,0,0,0,0,0,0,0,0,0,0,0,0,0,0,0,0,0,0,0,0,0
515.5,17.9538,17.2551,16.9763,16.0113,14.9338,13.5335,12.593,12.2398,12.3797,12.348,12.6268,12.5379,11.9314,11.4946,11.2872,11.1104,10.5196,9.24726,8.33562,8.47605,9.14558,9.36269,8.51052,7.59697,6.86447,7.64803,8.35448,8.87568,10.9791,16.6051,88.9768,307.94,0,0,0,0,0,0,0,0,0,0,0,0,0,0,0,0,0,0,0,0,0,0,0,0,0,0,0,0,0
516,17.8542,16.9479,16.8573,15.8838,14.7912,13.6506,12.4421,12.2055,12.2891,12.2537,12.6248,12.4205,11.8196,11.3057,11.2725,11.0055,10.4531,9.13198,8.30445,8.40442,9.11216,9.36032,8.47208,7.5637,6.76168,7.55226,8.30329,8.72813,10.7737,15.0513,75.6946,279.341,0,0,0,0,0,0,0,0,0,0,0,0,0,0,0,0,0,0,0,0,0,0,0,0,0,0,0,0,0
516.5,17.6854,16.7619,16.6843,15.8236,14.6481,13.6365,12.23,12.1344,12.1297,12.2471,12.4929,12.42,11.6846,11.1981,11.2818,10.8005,10.3784,8.94973,8.28408,8.37707,8.99767,9.24355,8.38226,7.5153,6.74899,7.41484,8.27512,8.58089,10.5216,13.7763,64.0633,252.537,0,0,0,0,0,0,0,0,0,0,0,0,0,0,0,0,0,0,0,0,0,0,0,0,0,0,0,0,0
517,17.485,16.6507,16.4903,15.6974,14.4846,13.5029,12.1172,12.0569,12.0013,12.2521,12.3672,12.3629,11.6727,11.0718,11.2853,10.7946,10.2331,8.85332,8.25001,8.33177,8.92089,9.12597,8.29051,7.39061,6.69846,7.26293,8.24673,8.46505,10.2461,12.7696,54.1791,227.06,0,0,0,0,0,0,0,0,0,0,0,0,0,0,0,0,0,0,0,0,0,0,0,0,0,0,0,0,0
517.5,17.2947,16.6365,16.2073,15.5609,14.3015,13.26,12.042,11.9187,11.8312,12.2698,12.1958,12.262,11.5507,11.0219,11.3505,10.7091,10.1601,8.85518,8.2417,8.32857,8.81706,9.16468,8.23737,7.33951,6.63893,7.17257,8.24142,8.38304,10.0166,11.9282,45.7887,199.753,0,0,0,0,0,0,0,0,0,0,0,0,0,0,0,0,0,0,0,0,0,0,0,0,0,0,0,0,0
518,17.1353,16.3855,15.981,15.3322,14.1461,13.0493,11.9779,11.7716,11.762,12.2108,12.1199,12.1898,11.506,10.9791,11.3678,10.7933,10.0935,8.83981,8.15178,8.25133,8.80775,9.15686,8.19688,7.32226,6.63235,7.03685,8.12461,8.28487,9.70106,11.3287,38.8156,178.38,0,0,0,0,0,0,0,0,0,0,0,0,0,0,0,0,0,0,0,0,0,0,0,0,0,0,0,0,0
518.5,16.9215,16.0225,15.7618,15.0427,13.9969,12.9382,11.9405,11.6041,11.75,12.1301,12.0271,11.9999,11.4191,10.8805,11.336,10.7155,10.0079,8.80167,7.99778,8.18925,8.81703,9.21566,8.15702,7.29217,6.59509,6.80926,7.99261,8.2125,9.45056,10.7921,32.6879,156.177,0,0,0,0,0,0,0,0,0,0,0,0,0,0,0,0,0,0,0,0,0,0,0,0,0,0,0,0,0
519,16.7591,15.8447,15.5782,14.8313,13.7889,12.7779,11.8635,11.4196,11.6127,12.0355,11.9586,11.8486,11.3546,10.7459,11.2275,10.5734,9.94266,8.67846,7.95234,8.13916,8.79216,9.08693,8.10434,7.29165,6.59884,6.66119,7.85395,8.12571,9.18874,10.526,27.7736,139.545,0,0,0,0,0,0,0,0,0,0,0,0,0,0,0,0,0,0,0,0,0,0,0,0,0,0,0,0,0
519.5,16.5822,15.6627,15.3694,14.6991,13.6038,12.6179,11.7825,11.3153,11.4895,11.9403,11.8175,11.7354,11.2581,10.6486,11.0536,10.4938,9.84419,8.6382,7.9144,8.12798,8.72104,8.98053,8.06306,7.23106,6.58212,6.53321,7.72168,8.04811,9.00066,10.3063,23.6708,121.957,0,0,0,0,0,0,0,0,0,0,0,0,0,0,0,0,0,0,0,0,0,0,0,0,0,0,0,0,0
520,16.3793,15.5266,15.1582,14.6282,13.3706,12.4067,11.6235,11.1755,11.3085,11.8288,11.6101,11.5568,11.1174,10.5923,10.9589,10.3693,9.76005,8.5159,7.90782,8.05294,8.59806,8.89241,8.03194,7.16566,6.56075,6.49309,7.67572,7.9601,8.74011,10.0762,20.5965,105.441,326.513,0,0,0,0,0,0,0,0,0,0,0,0,0,0,0,0,0,0,0,0,0,0,0,0,0,0,0,0
520.5,16.0628,15.4314,14.9607,14.3585,13.2349,12.1861,11.5364,11.1015,11.1751,11.6046,11.4488,11.4761,10.9892,10.5441,10.7352,10.2832,9.68669,8.45461,7.93376,7.88143,8.53731,8.79401,7.96519,7.095,6.55247,6.46894,7.49506,7.94773,8.50546,9.97842,17.8942,91.0187,298.597,0,0,0,0,0,0,0,0,0,0,0,0,0,0,0,0,0,0,0,0,0,0,0,0,0,0,0,0
521,15.8201,15.1054,14.7658,14.0925,13.1066,12.0656,11.3757,10.9943,11.0572,11.3257,11.4734,11.2718,10.8592,10.4253,10.5986,10.1608,9.61212,8.36756,7.90589,7.74822,8.47989,8.803,7.9678,7.05914,6.50651,6.41134,7.35877,7.88566,8.29474,9.73597,15.7838,77.8671,276.138,0,0,0,0,0,0,0,0,0,0,0,0,0,0,0,0,0,0,0,0,0,0,0,0,0,0,0,0
521.5,15.5534,14.9633,14.5209,13.8092,12.9393,11.9362,11.1903,10.8748,10.9941,11.1393,11.4008,11.266,10.6569,10.3012,10.4598,10.0857,9.45812,8.31582,7.85103,7.67903,8.54341,8.81739,7.97964,7.01521,6.48846,6.37167,7.17252,7.91992,8.14732,9.51403,14.1348,66.551,250.043,0,0,0,0,0,0,0,0,0,0,0,0,0,0,0,0,0,0,0,0,0,0,0,0,0,0,0,0
522,15.2721,14.7372,14.2524,13.6473,12.7754,11.7954,11.0563,10.7205,10.8441,10.9399,11.418,11.1069,10.506,10.2094,10.3755,10.0066,9.39352,8.22434,7.7748,7.64519,8.39769,8.76736,7.97445,7.00212,6.42337,6.34339,7.02202,7.86388,8.02563,9.29974,12.8601,56.3429,224.731,0,0,0,0,0,0,0,0,0,0,0,0,0,0,0,0,0,0,0,0,0,0,0,0,0,0,0,0
522.5,15.0358,14.5026,14.0189,13.4604,12.5087,11.6397,10.9036,10.4667,10.5876,10.8498,11.3033,11.0348,10.3738,10.0616,10.3588,9.95843,9.28662,8.14173,7.61476,7.53542,8.34268,8.66932,7.86518,6.95155,6.36506,6.28258,6.95915,7.75121,7.89929,9.06528,11.9589,47.6598,199.499,0,0,0,0,0,0,0,0,0,0,0,0,0,0,0,0,0,0,0,0,0,0,0,0,0,0,0,0
523,14.8088,14.1343,13.8698,13.2948,12.356,11.4386,10.7896,10.2545,10.4332,10.6933,11.1634,11.0062,10.299,9.91791,10.3462,9.8472,9.09168,8.03476,7.46999,7.4639,8.20124,8.64331,7.77605,6.90949,6.31451,6.26689,6.84208,7.68393,7.80886,8.87886,11.2705,40.201,174.928,0,0,0,0,0,0,0,0,0,0,0,0,0,0,0,0,0,0,0,0,0,0,0,0,0,0,0,0
523.5,14.6454,13.7986,13.7636,13.1019,12.1714,11.1649,10.685,10.2174,10.4458,10.5201,10.7826,10.9434,10.1777,9.80836,10.2577,9.76786,8.98121,7.94439,7.26636,7.4092,8.08863,8.56847,7.69571,6.8814,6.22883,6.19452,6.68166,7.61236,7.72258,8.67064,10.8168,33.9763,154.138,0,0,0,0,0,0,0,0,0,0,0,0,0,0,0,0,0,0,0,0,0,0,0,0,0,0,0,0
524,14.5029,13.6298,13.5671,12.8885,12.0245,10.9658,10.4957,10.2331,10.3997,10.3065,10.5367,10.7712,10.055,9.6511,10.1544,9.65067,8.89106,7.85949,7.19594,7.36004,8.06775,8.53643,7.59509,6.79819,6.23139,6.15389,6.55284,7.57686,7.67735,8.55126,10.4306,28.5471,134.9,0,0,0,0,0,0,0,0,0,0,0,0,0,0,0,0,0,0,0,0,0,0,0,0,0,0,0,0
524.5,14.2764,13.5055,13.3475,12.6927,11.8367,10.7991,10.3118,10.3036,10.1759,10.175,10.3163,10.611,9.9639,9.576,9.84812,9.59804,8.76562,7.72787,7.08744,7.33943,7.94246,8.47681,7.55054,6.74118,6.20174,6.08357,6.44187,7.4694,7.57056,8.35062,10.0294,24.3104,117.282,0,0,0,0,0,0,0,0,0,0,0,0,0,0,0,0,0,0,0,0,0,0,0,0,0,0,0,0
525,14.0014,13.3912,13.0898,12.5384,11.647,10.6727,10.1017,10.1919,9.9302,10.0699,10.2055,10.4186,9.8096,9.4303,9.5674,9.48573,8.73129,7.5688,7.01265,7.30289,7.98037,8.41094,7.50908,6.68005,6.14526,6.02584,6.38011,7.26066,7.55563,8.17692,9.76386,20.8731,101.056,325.392,0,0,0,0,0,0,0,0,0,0,0,0,0,0,0,0,0,0,0,0,0,0,0,0,0,0,0
525.5,13.7441,13.2203,12.8627,12.3197,11.4934,10.516,9.90801,10.0792,9.64692,9.98688,10.2746,10.3028,9.61908,9.26602,9.25996,9.37456,8.54811,7.50348,6.95128,7.22739,7.91324,8.34229,7.47107,6.61045,6.07304,6.0202,6.42529,7.0735,7.48823,7.98679,9.55958,18.2295,87.4311,297.874,0,0,0,0,0,0,0,0,0,0,0,0,0,0,0,0,0,0,0,0,0,0,0,0,0,0,0
526,13.5801,12.9936,12.6579,12.1638,11.3303,10.3774,9.71036,9.67745,9.55547,9.76845,10.1632,10.1421,9.40517,9.11354,9.11996,9.25625,8.38754,7.50624,6.86751,7.11019,7.86688,8.23348,7.38088,6.58681,6.03912,6.01263,6.39546,6.83567,7.5497,7.75662,9.31898,16.2459,75.5303,271.003,0,0,0,0,0,0,0,0,0,0,0,0,0,0,0,0,0,0,0,0,0,0,0,0,0,0,0
526.5,13.3973,12.8631,12.5059,12.019,11.1454,10.1887,9.60706,9.54179,9.50829,9.60075,10.0574,10.0556,9.2393,8.97132,8.9137,9.15676,8.33572,7.50616,6.7986,7.00777,7.83679,8.15166,7.25776,6.54467,6.0547,6.01724,6.3553,6.71672,7.49769,7.65003,9.16917,14.3847,64.2615,242.353,0,0,0,0,0,0,0,0,0,0,0,0,0,0,0,0,0,0,0,0,0,0,0,0,0,0,0
527,13.2166,12.6457,12.3476,11.8249,10.8878,10.037,9.5435,9.34531,9.42925,9.5174,9.82078,9.88174,9.09181,8.86282,8.86057,9.04,8.20471,7.43971,6.66874,6.92396,7.74956,8.08291,7.20751,6.53037,6.03239,6.01859,6.36534,6.69086,7.4537,7.53626,8.99874,13.1209,55.0972,216.607,0,0,0,0,0,0,0,0,0,0,0,0,0,0,0,0,0,0,0,0,0,0,0,0,0,0,0
527.5,13.0324,12.4314,12.2143,11.688,10.6997,9.87231,9.44267,9.228,9.31731,9.46147,9.72195,9.76321,8.97927,8.77957,8.66002,8.84687,8.16203,7.37697,6.62727,6.95562,7.67592,8.07427,7.12145,6.53594,5.99717,6.02583,6.3398,6.70931,7.32023,7.47029,8.83301,12.1817,46.7847,190.148,0,0,0,0,0,0,0,0,0,0,0,0,0,0,0,0,0,0,0,0,0,0,0,0,0,0,0
528,12.8629,12.2221,12.0861,11.5207,10.5798,9.71894,9.38025,9.07654,9.18207,9.44507,9.60074,9.69581,8.85356,8.64244,8.5325,8.63429,8.13194,7.27298,6.53059,6.87541,7.52429,8.01816,7.17667,6.51188,5.98665,6.00295,6.26978,6.60437,7.27045,7.36537,8.65927,11.5326,39.9989,167.134,0,0,0,0,0,0,0,0,0,0,0,0,0,0,0,0,0,0,0,0,0,0,0,0,0,0,0
528.5,12.6516,12.0965,11.8716,11.3274,10.4428,9.58698,9.17565,9.00188,8.98597,9.34152,9.58858,9.574,8.83662,8.52583,8.37561,8.466,8.12915,7.19249,6.47601,6.79866,7.40237,7.90003,7.174,6.53889,5.96992,5.95503,6.24482,6.54348,7.25343,7.28734,8.60432,11.0763,33.9047,145.987,0,0,0,0,0,0,0,0,0,0,0,0,0,0,0,0,0,0,0,0,0,0,0,0,0,0,0
529,12.5325,11.985,11.6837,11.227,10.3518,9.46471,9.0767,8.98603,8.96435,9.25573,9.51491,9.43018,8.74076,8.43538,8.23076,8.39182,8.11642,7.05419,6.38239,6.68848,7.34649,7.82397,7.14653,6.52213,5.98672,5.92726,6.25593,6.45999,7.22824,7.29172,8.46454,10.6224,29.1193,127.393,0,0,0,0,0,0,0,0,0,0,0,0,0,0,0,0,0,0,0,0,0,0,0,0,0,0,0
529.5,12.3836,11.9964,11.5091,11.0586,10.224,9.38075,8.93574,8.884,8.94061,9.19001,9.36648,9.2059,8.71608,8.38302,8.21859,8.32178,8.08813,6.98653,6.34608,6.62419,7.25644,7.78804,7.11149,6.4801,6.00041,5.94977,6.22897,6.42227,7.24134,7.19249,8.35202,10.325,25.0969,111.763,0,0,0,0,0,0,0,0,0,0,0,0,0,0,0,0,0,0,0,0,0,0,0,0,0,0,0
530,12.3019,11.8678,11.3503,10.9328,10.0999,9.2912,8.89349,8.81797,8.9593,9.09954,9.26228,9.12154,8.60281,8.30251,8.08435,8.23706,7.96476,6.87178,6.33733,6.55181,7.15404,7.7897,7.06503,6.44978,5.98253,5.95174,6.24815,6.45218,7.20748,7.23728,8.16211,10.019,21.9056,97.1639,309.25,0,0,0,0,0,0,0,0,0,0,0,0,0,0,0,0,0,0,0,0,0,0,0,0,0,0
530.5,12.0908,11.7603,11.2254,10.8001,9.96639,9.28912,8.78227,8.76768,8.79778,9.02449,9.1288,9.05416,8.44896,8.24826,7.98991,8.12808,7.87624,6.74692,6.30408,6.48174,7.0636,7.76649,7.11047,6.38737,6.00191,5.97506,6.25848,6.41054,7.18153,7.25606,7.97116,9.75992,19.0921,84.5669,281.038,0,0,0,0,0,0,0,0,0,0,0,0,0,0,0,0,0,0,0,0,0,0,0,0,0,0
531,11.9199,11.6382,11.1118,10.7025,9.79218,9.26685,8.66191,8.6811,8.63379,8.922,9.09482,9.10893,8.29809,8.17118,7.9394,7.9778,7.75226,6.63329,6.21228,6.4487,6.97274,7.71774,7.10963,6.37376,5.99205,5.98947,6.28359,6.45405,7.18126,7.3562,7.91473,9.62986,16.9943,73.5988,255.059,0,0,0,0,0,0,0,0,0,0,0,0,0,0,0,0,0,0,0,0,0,0,0,0,0,0
531.5,11.7815,11.4682,10.9812,10.5805,9.74182,9.14901,8.56201,8.5772,8.50977,8.83534,9.04501,9.0314,8.21385,8.08,7.92076,7.82081,7.66612,6.57546,6.18852,6.43906,6.9775,7.66748,7.10141,6.40901,5.98982,5.91535,6.28027,6.40386,7.17874,7.49959,7.88604,9.38013,15.2288,63.7493,229.949,0,0,0,0,0,0,0,0,0,0,0,0,0,0,0,0,0,0,0,0,0,0,0,0,0,0
532,11.6446,11.2885,10.8797,10.3684,9.67754,9.04081,8.50593,8.39298,8.3991,8.75099,8.95209,8.97828,8.203,7.95258,7.8411,7.69479,7.55801,6.50937,6.15679,6.38513,6.93975,7.59859,7.0695,6.38794,5.96057,5.90924,6.27263,6.42508,7.21603,7.50549,7.86882,9.37994,14.0715,55.0267,206.949,0,0,0,0,0,0,0,0,0,0,0,0,0,0,0,0,0,0,0,0,0,0,0,0,0,0
532.5,11.4225,11.1736,10.7565,10.191,9.59652,8.87808,8.38566,8.34584,8.30045,8.67653,8.86722,8.88346,8.15357,7.84288,7.75825,7.61638,7.46768,6.54464,6.13844,6.36675,6.88633,7.44891,7.02366,6.38702,5.92561,5.92243,6.26035,6.49484,7.19081,7.62874,7.84518,9.20486,13.1898,47.6854,183.684,0,0,0,0,0,0,0,0,0,0,0,0,0,0,0,0,0,0,0,0,0,0,0,0,0,0
533,11.3023,11.0345,10.6024,10.0301,9.49995,8.75673,8.28779,8.25675,8.21697,8.56348,8.7772,8.78096,8.06533,7.67607,7.58068,7.57933,7.38006,6.50697,6.09378,6.29344,6.83085,7.40877,7.04277,6.37893,5.9516,5.96511,6.26011,6.56063,7.13232,7.65977,7.792,9.08622,12.5409,41.3685,163.404,0,0,0,0,0,0,0,0,0,0,0,0,0,0,0,0,0,0,0,0,0,0,0,0,0,0
533.5,11.17,10.9648,10.5269,9.95741,9.35766,8.68287,8.22013,8.24411,8.16773,8.45253,8.71611,8.64853,7.98953,7.64316,7.52905,7.57118,7.28406,6.47277,6.02611,6.20759,6.79837,7.3085,6.99297,6.32567,5.96627,6.05426,6.30747,6.6347,7.1178,7.73248,7.80091,8.99935,12.1226,35.6732,143.513,0,0,0,0,0,0,0,0,0,0,0,0,0,0,0,0,0,0,0,0,0,0,0,0,0,0
534,11.1557,10.847,10.4084,9.86606,9.17192,8.58558,8.15244,8.16098,8.14622,8.35823,8.60908,8.47282,7.89555,7.54217,7.46581,7.52307,7.1995,6.43909,5.93084,6.15597,6.82421,7.24487,6.98113,6.30978,5.98267,6.02309,6.30867,6.63989,7.05277,7.75695,7.84602,8.88784,11.6133,30.7912,127.377,0,0,0,0,0,0,0,0,0,0,0,0,0,0,0,0,0,0,0,0,0,0,0,0,0,0
534.5,10.9114,10.701,10.2859,9.81764,8.90456,8.53258,8.06306,8.03596,8.08261,8.26602,8.50974,8.35696,7.84277,7.46671,7.44024,7.40913,7.11911,6.36958,5.84339,6.13312,6.77795,7.18684,6.93693,6.20698,5.97339,6.0575,6.37132,6.73688,7.07644,7.8217,7.86335,8.89234,11.3276,27.0969,111.845,0,0,0,0,0,0,0,0,0,0,0,0,0,0,0,0,0,0,0,0,0,0,0,0,0,0
535,10.8471,10.626,10.1694,9.71144,8.77186,8.42282,7.9695,7.90344,7.97696,8.17373,8.40169,8.27039,7.72811,7.37579,7.28582,7.31021,7.02486,6.35405,5.7176,6.08849,6.66694,7.17135,6.93125,6.1624,5.96442,6.06489,6.39625,6.768,7.15517,7.81506,7.90926,8.8677,11.1701,23.5954,98.7878,295.915,0,0,0,0,0,0,0,0,0,0,0,0,0,0,0,0,0,0,0,0,0,0,0,0,0
535.5,10.8351,10.457,10.0169,9.54156,8.69721,8.38041,7.91654,7.76711,7.82733,8.06025,8.31355,8.14641,7.72414,7.31387,7.19841,7.18672,6.94655,6.3393,5.64609,6.01277,6.56767,7.10519,6.8772,6.17322,5.93069,6.11815,6.46916,6.77687,7.14981,7.86477,7.97746,8.82864,11.0876,21.0417,86.1269,272.017,0,0,0,0,0,0,0,0,0,0,0,0,0,0,0,0,0,0,0,0,0,0,0,0,0
536,10.8019,10.3246,9.89481,9.38069,8.77281,8.25682,7.8999,7.70334,7.75198,7.99739,8.23431,8.07302,7.62021,7.26083,7.15642,7.13421,6.90001,6.30861,5.63389,5.94432,6.4905,7.04548,6.82675,6.20753,5.99283,6.07241,6.50117,6.77892,7.19349,7.86857,8.07585,8.87306,10.973,18.9488,75.2547,250.523,0,0,0,0,0,0,0,0,0,0,0,0,0,0,0,0,0,0,0,0,0,0,0,0,0
536.5,10.8204,10.2825,9.79682,9.3037,8.85295,8.15851,7.90164,7.62258,7.62162,8.00928,8.1873,8.06894,7.50023,7.22822,7.10569,7.07609,6.82972,6.29936,5.63519,5.89203,6.49113,6.90678,6.80983,6.26698,5.8943,6.08998,6.5346,6.79544,7.12131,7.84812,8.16943,8.88311,10.9396,17.3708,66.3731,227.477,0,0,0,0,0,0,0,0,0,0,0,0,0,0,0,0,0,0,0,0,0,0,0,0,0
537,10.748,10.165,9.79906,9.20557,8.85624,8.04043,7.80918,7.69126,7.59197,7.93051,8.1002,7.98916,7.44615,7.16861,7.07384,6.9611,6.7654,6.24181,5.64482,5.86096,6.42788,6.87514,6.78165,6.28143,5.90404,6.08251,6.50876,6.82388,7.16309,7.89871,8.29133,8.95588,10.8388,16.3105,58.099,204.828,0,0,0,0,0,0,0,0,0,0,0,0,0,0,0,0,0,0,0,0,0,0,0,0,0
537.5,10.6684,10.1289,9.7425,9.09506,8.7529,7.96811,7.78228,7.57741,7.61057,7.88531,8.04193,7.93912,7.36079,7.10038,6.92227,6.95628,6.70458,6.16212,5.60044,5.78998,6.36114,6.86849,6.78568,6.27086,5.86408,6.1081,6.48185,6.96269,7.2528,8.00466,8.40687,9.02558,10.8143,15.4854,50.8687,183.005,0,0,0,0,0,0,0,0,0,0,0,0,0,0,0,0,0,0,0,0,0,0,0,0,0
538,10.6187,10.1386,9.70754,9.10087,8.68382,7.92064,7.71779,7.50597,7.61265,7.79252,8.02684,7.84252,7.27472,7.06163,6.80979,6.94389,6.65932,6.12107,5.54833,5.75623,6.26797,6.96635,6.80014,6.26151,5.89902,6.15768,6.5072,7.09551,7.36472,8.13122,8.55144,9.10359,10.7441,14.876,44.1989,163.27,0,0,0,0,0,0,0,0,0,0,0,0,0,0,0,0,0,0,0,0,0,0,0,0,0
538.5,10.5668,10.0297,9.64236,9.15782,8.61919,7.9026,7.68833,7.45123,7.5569,7.74615,7.92475,7.76723,7.20439,7.02928,6.73729,6.93006,6.63049,6.04804,5.57934,5.6815,6.22961,6.91878,6.78255,6.28117,5.95634,6.16655,6.61924,7.22979,7.42828,8.23687,8.78307,9.19198,10.8633,14.3507,38.5886,144.04,0,0,0,0,0,0,0,0,0,0,0,0,0,0,0,0,0,0,0,0,0,0,0,0,0
539,10.6014,9.9757,9.62576,9.17487,8.56451,7.89828,7.61956,7.46317,7.53176,7.74833,7.86037,7.68264,7.18257,6.91459,6.71265,6.7591,6.57831,6.02391,5.58102,5.62797,6.2473,6.8638,6.75735,6.27865,5.98173,6.21239,6.69559,7.26419,7.45481,8.28927,8.99689,9.32304,10.8367,14.0803,33.9732,127.562,0,0,0,0,0,0,0,0,0,0,0,0,0,0,0,0,0,0,0,0,0,0,0,0,0
539.5,10.589,9.94763,9.54273,9.17265,8.56119,7.90667,7.57468,7.48603,7.4923,7.69735,7.80383,7.64889,7.19177,6.79098,6.6521,6.57176,6.5002,5.97188,5.57903,5.60826,6.24531,6.84291,6.73649,6.32452,6.04135,6.23151,6.74554,7.33865,7.56114,8.36709,9.20938,9.35628,10.8774,14.0482,30.4008,112.502,0,0,0,0,0,0,0,0,0,0,0,0,0,0,0,0,0,0,0,0,0,0,0,0,0
540,10.543,9.89609,9.52096,9.03335,8.50631,7.84044,7.57432,7.4712,7.51652,7.66216,7.75207,7.56117,7.15144,6.69199,6.55436,6.48161,6.41214,5.86972,5.54227,5.58492,6.23717,6.80875,6.71481,6.3138,6.08018,6.31903,6.82832,7.34952,7.64652,8.46406,9.39493,9.5188,10.9789,13.9871,27.2953,99.1094,286.016,0,0,0,0,0,0,0,0,0,0,0,0,0,0,0,0,0,0,0,0,0,0,0,0
540.5,10.4865,9.94738,9.45614,8.97862,8.43882,7.78836,7.50982,7.44516,7.54172,7.60706,7.65549,7.58775,7.07262,6.6023,6.4959,6.43027,6.30656,5.79899,5.4826,5.58921,6.17779,6.83757,6.69738,6.30357,6.09478,6.36634,6.93245,7.41256,7.68585,8.62978,9.49963,9.66755,11.0797,13.9869,24.8464,88.5293,262.144,0,0,0,0,0,0,0,0,0,0,0,0,0,0,0,0,0,0,0,0,0,0,0,0
541,10.417,9.89697,9.44718,8.95891,8.38692,7.81522,7.52192,7.39109,7.53532,7.58482,7.57788,7.51772,6.98163,6.61503,6.43223,6.5357,6.21084,5.72786,5.43942,5.55504,6.11852,6.76512,6.68218,6.34094,6.11179,6.44723,6.97903,7.50515,7.76398,8.77368,9.67752,9.90998,11.2958,14.0351,22.7954,78.8536,240.873,0,0,0,0,0,0,0,0,0,0,0,0,0,0,0,0,0,0,0,0,0,0,0,0
541.5,10.3788,9.87952,9.37571,8.94748,8.33539,7.81673,7.4948,7.35425,7.43337,7.50271,7.49614,7.45055,6.96106,6.64686,6.47364,6.43494,6.13917,5.70986,5.44325,5.48924,6.04196,6.73071,6.68323,6.37442,6.16306,6.41856,7.06473,7.61566,7.8487,8.91136,9.87055,10.1181,11.3865,14.0648,21.3966,69.421,218.519,0,0,0,0,0,0,0,0,0,0,0,0,0,0,0,0,0,0,0,0,0,0,0,0
542,10.3159,9.92757,9.38269,8.98279,8.38068,7.80941,7.45682,7.33211,7.33842,7.46904,7.50929,7.37032,6.88349,6.62153,6.41843,6.36014,6.087,5.65415,5.38477,5.44142,6.07034,6.70163,6.63059,6.4042,6.17857,6.4599,7.1159,7.73369,8.07725,9.06631,10.0771,10.409,11.5662,14.2848,20.3347,61.4009,196.707,0,0,0,0,0,0,0,0,0,0,0,0,0,0,0,0,0,0,0,0,0,0,0,0
542.5,10.1429,9.89983,9.29821,8.94199,8.36109,7.76641,7.4689,7.28825,7.28951,7.42452,7.48736,7.25733,6.78429,6.51854,6.34153,6.28638,6.011,5.60066,5.36649,5.42501,6.11519,6.6691,6.57095,6.37569,6.22861,6.47997,7.16913,7.8784,8.26596,9.18369,10.2298,10.6516,11.7647,14.3666,19.6854,54.7744,177.452,0,0,0,0,0,0,0,0,0,0,0,0,0,0,0,0,0,0,0,0,0,0,0,0
543,10.0985,9.89518,9.27307,8.86104,8.3234,7.72115,7.45309,7.29876,7.27144,7.40445,7.47749,7.21147,6.74062,6.38357,6.26418,6.21452,5.99805,5.51428,5.29878,5.38393,6.07522,6.62369,6.55417,6.40415,6.32292,6.5609,7.28518,8.00387,8.41557,9.31748,10.412,10.9917,12.0573,14.5241,19.2781,48.8546,159.451,0,0,0,0,0,0,0,0,0,0,0,0,0,0,0,0,0,0,0,0,0,0,0,0
543.5,9.98464,9.81856,9.3046,8.7799,8.31898,7.71351,7.44893,7.26069,7.23803,7.39168,7.43378,7.18003,6.73311,6.26488,6.20102,6.14535,5.91591,5.4868,5.27689,5.37313,6.03299,6.56683,6.53423,6.40099,6.37232,6.58399,7.29635,8.13559,8.59259,9.50518,10.5454,11.2136,12.3926,14.6987,19.0686,43.5534,143.171,0,0,0,0,0,0,0,0,0,0,0,0,0,0,0,0,0,0,0,0,0,0,0,0
544,9.85095,9.79563,9.24601,8.67543,8.30094,7.72392,7.40177,7.25354,7.2095,7.3591,7.38037,7.19124,6.65513,6.21403,6.18544,6.11574,5.87515,5.43639,5.22176,5.36746,5.99461,6.50692,6.53874,6.42407,6.44424,6.61148,7.42395,8.18682,8.7595,9.71873,10.754,11.538,12.6467,14.9555,18.8157,39.0304,128.219,0,0,0,0,0,0,0,0,0,0,0,0,0,0,0,0,0,0,0,0,0,0,0,0
544.5,9.82448,9.74889,9.23094,8.68531,8.31837,7.73331,7.38031,7.21856,7.19346,7.30144,7.32288,7.185,6.66441,6.25884,6.17399,6.08012,5.8043,5.41245,5.15866,5.36552,5.9694,6.48075,6.511,6.4118,6.42428,6.68131,7.50611,8.2858,8.84335,9.8598,10.9861,11.8601,12.963,15.0136,18.8973,35.3205,114.768,0,0,0,0,0,0,0,0,0,0,0,0,0,0,0,0,0,0,0,0,0,0,0,0
545,9.70948,9.68827,9.21066,8.70289,8.2665,7.6726,7.32902,7.21663,7.20441,7.22031,7.32769,7.17623,6.6302,6.21548,6.13441,5.97676,5.68727,5.34535,5.10605,5.37291,5.93441,6.44938,6.45346,6.3614,6.48176,6.79497,7.56136,8.36503,8.9965,9.92152,11.1448,12.1462,13.2841,15.0743,18.841,32.4833,102.46,278.23,0,0,0,0,0,0,0,0,0,0,0,0,0,0,0,0,0,0,0,0,0,0,0
545.5,9.87692,9.68745,9.21581,8.76306,8.23765,7.67067,7.29249,7.15763,7.19288,7.15505,7.33392,7.15667,6.62021,6.23613,6.07196,5.90639,5.64436,5.24726,5.05958,5.3347,5.90331,6.4797,6.44612,6.34177,6.47524,6.99095,7.69382,8.4568,9.10384,10.0708,11.3765,12.4725,13.5824,15.2297,19.1454,30.321,91.9909,257.691,0,0,0,0,0,0,0,0,0,0,0,0,0,0,0,0,0,0,0,0,0,0,0
546,9.78713,9.62343,9.179,8.75913,8.21558,7.67264,7.2898,7.14289,7.18321,7.12608,7.30777,7.12453,6.59048,6.1346,6.04507,5.7581,5.58038,5.12164,5.00172,5.34282,5.82431,6.47808,6.41669,6.32081,6.52259,7.00565,7.79354,8.56116,9.17063,10.2752,11.5111,12.7929,13.9128,15.4577,19.1402,28.8638,82.9074,239.387,0,0,0,0,0,0,0,0,0,0,0,0,0,0,0,0,0,0,0,0,0,0,0
546.5,9.71504,9.66764,9.11482,8.74114,8.18149,7.64283,7.33958,7.13329,7.17559,7.11707,7.31484,7.11415,6.56821,6.07533,5.99208,5.77241,5.59776,5.00557,4.92551,5.31264,5.75443,6.44,6.44904,6.27805,6.56826,7.08406,7.93456,8.65272,9.27465,10.5418,11.7228,13.1344,14.2345,15.8477,19.3732,27.4375,74.5926,219.883,0,0,0,0,0,0,0,0,0,0,0,0,0,0,0,0,0,0,0,0,0,0,0
547,9.70062,9.66621,9.07344,8.72943,8.18895,7.60138,7.32607,7.0473,7.16248,7.13568,7.26422,7.08042,6.47527,6.01291,5.95918,5.7424,5.5898,4.96869,4.87165,5.2718,5.70733,6.43098,6.46536,6.26967,6.64294,7.15826,8.03957,8.80133,9.23758,10.6009,11.9592,13.3841,14.6999,16.2734,19.4723,26.6012,67.3062,201.36,0,0,0,0,0,0,0,0,0,0,0,0,0,0,0,0,0,0,0,0,0,0,0
547.5,9.72188,9.68487,9.05248,8.74969,8.23209,7.59587,7.38212,7.04578,7.1321,7.14319,7.25648,7.01287,6.43408,6.0149,5.88102,5.68156,5.5524,4.94473,4.81058,5.24649,5.65614,6.35918,6.46622,6.232,6.67808,7.19719,8.11125,8.93147,9.38087,10.8042,12.1336,13.6588,15.1453,16.635,19.8558,25.9491,60.6922,186.6,0,0,0,0,0,0,0,0,0,0,0,0,0,0,0,0,0,0,0,0,0,0,0
548,9.83485,9.69655,9.07244,8.75661,8.24006,7.60323,7.37261,7.0426,7.10008,7.12214,7.22122,6.99235,6.40343,5.98968,5.81828,5.66602,5.51648,4.9557,4.76491,5.24094,5.65952,6.31279,6.42867,6.23795,6.69163,7.30077,8.19413,9.03741,9.48289,10.9403,12.4196,13.9647,15.5491,17.0013,20.1539,25.4061,55.2661,167.889,0,0,0,0,0,0,0,0,0,0,0,0,0,0,0,0,0,0,0,0,0,0,0
548.5,9.88096,9.69781,9.06194,8.77838,8.29853,7.6682,7.44129,7.10386,7.13833,7.1172,7.16885,6.93064,6.36276,5.96368,5.76167,5.64175,5.41885,4.94571,4.72299,5.21996,5.63313,6.26668,6.35559,6.27167,6.73879,7.36119,8.26589,9.09153,9.73284,11.0885,12.8006,14.2943,15.8631,17.4234,20.4886,25.2605,50.4478,151.708,0,0,0,0,0,0,0,0,0,0,0,0,0,0,0,0,0,0,0,0,0,0,0
549,9.79224,9.74992,9.04815,8.75441,8.27618,7.64317,7.51598,7.18327,7.17386,7.10837,7.14494,6.91841,6.37351,5.93957,5.75155,5.64,5.36248,4.88287,4.67851,5.20405,5.6528,6.27441,6.32451,6.27757,6.70618,7.43425,8.37626,9.1725,10.0934,11.2082,13.0503,14.5654,16.2986,17.767,20.7168,25.2062,46.3332,136.777,0,0,0,0,0,0,0,0,0,0,0,0,0,0,0,0,0,0,0,0,0,0,0
549.5,9.77875,9.74411,9.0681,8.71491,8.29725,7.62504,7.62786,7.193,7.21564,7.17743,7.09221,6.85014,6.35227,5.87825,5.72641,5.62288,5.26276,4.80762,4.65166,5.15849,5.64837,6.2926,6.28811,6.25678,6.75745,7.42617,8.5103,9.29169,10.3393,11.3421,13.3467,15.0328,16.6775,18.309,20.9993,25.3916,42.9286,123.251,0,0,0,0,0,0,0,0,0,0,0,0,0,0,0,0,0,0,0,0,0,0,0
550,9.7232,9.68915,9.09213,8.68782,8.28676,7.6128,7.70758,7.17225,7.21882,7.18193,7.08031,6.80039,6.30125,5.80882,5.66989,5.60564,5.19126,4.78278,4.59368,5.08458,5.61501,6.22141,6.29687,6.22721,6.73921,7.49206,8.67654,9.3553,10.5037,11.6707,13.685,15.4478,17.1906,18.6241,21.3119,25.6236,39.8846,112.334,282.171,0,0,0,0,0,0,0,0,0,0,0,0,0,0,0,0,0,0,0,0,0,0
550.5,9.75416,9.66026,9.13995,8.72449,8.36913,7.6705,7.71546,7.21239,7.19686,7.18202,7.04826,6.75744,6.23956,5.75664,5.56128,5.53497,5.13499,4.76375,4.50258,5.02153,5.55354,6.23593,6.28728,6.19865,6.80055,7.54698,8.74826,9.56622,10.6461,11.9514,13.8139,15.8405,17.5805,19.0704,21.5624,25.8491,37.8165,102.256,263.175,0,0,0,0,0,0,0,0,0,0,0,0,0,0,0,0,0,0,0,0,0,0
551,9.78486,9.62513,9.13133,8.80627,8.32106,7.68599,7.66751,7.23021,7.18948,7.13435,7.04678,6.74715,6.16072,5.65399,5.50263,5.49981,5.08438,4.67153,4.43135,4.96394,5.54507,6.2184,6.29918,6.20397,6.75204,7.62797,8.83839,9.57476,10.7505,12.1491,13.9804,16.1371,18.0343,19.5651,22.08,26.0434,36.3026,92.7023,244.895,0,0,0,0,0,0,0,0,0,0,0,0,0,0,0,0,0,0,0,0,0,0
551.5,9.82552,9.60127,9.15652,8.90395,8.33529,7.74458,7.57554,7.2694,7.21112,7.05091,7.05965,6.68579,6.10158,5.57434,5.44448,5.41813,5.06713,4.61985,4.33977,4.90446,5.45674,6.20462,6.21329,6.15338,6.76228,7.73679,8.91912,9.67326,10.8983,12.3358,14.068,16.4066,18.3936,20.0859,22.4879,26.236,35.3655,84.8096,227.014,0,0,0,0,0,0,0,0,0,0,0,0,0,0,0,0,0,0,0,0,0,0
552,9.8539,9.5459,9.14724,8.85583,8.35983,7.76394,7.50139,7.30282,7.195,7.01243,7.02711,6.67096,6.07242,5.4697,5.40617,5.3687,5.01645,4.53163,4.35252,4.85174,5.49272,6.15244,6.21604,6.22454,6.78417,7.73164,9.04652,9.71917,10.9732,12.3879,14.2727,16.7016,18.8147,20.6322,22.7822,26.3754,34.3097,77.1536,207.74,0,0,0,0,0,0,0,0,0,0,0,0,0,0,0,0,0,0,0,0,0,0
552.5,9.86036,9.56211,9.18764,8.84611,8.43725,7.81061,7.51333,7.29643,7.15663,7.03066,7.01142,6.63161,6.00958,5.44327,5.33849,5.27998,4.96663,4.52105,4.34341,4.78361,5.50717,6.05363,6.1747,6.25609,6.77732,7.803,9.05551,9.90729,11.0601,12.5238,14.5286,17.2075,19.2424,21.0889,23.2098,26.7352,33.6257,70.782,188.984,0,0,0,0,0,0,0,0,0,0,0,0,0,0,0,0,0,0,0,0,0,0
553,9.88611,9.59096,9.17482,8.79612,8.44301,7.7894,7.52583,7.27971,7.1523,7.05957,6.94592,6.63151,5.98313,5.41883,5.25791,5.18891,4.88836,4.479,4.3125,4.75906,5.51115,6.01817,6.16444,6.24477,6.82421,7.83371,9.12226,9.99975,11.0755,12.5842,14.6773,17.4579,19.6623,21.6536,23.4334,26.7884,32.9786,65.4597,172.509,0,0,0,0,0,0,0,0,0,0,0,0,0,0,0,0,0,0,0,0,0,0
553.5,9.81626,9.58289,9.23316,8.84317,8.44271,7.79027,7.51047,7.22919,7.17282,7.08228,6.90926,6.62208,5.92958,5.40815,5.20606,5.14643,4.72653,4.48828,4.27884,4.73913,5.49158,6.04203,6.13251,6.23138,6.86685,7.839,9.17206,10.2764,11.3375,12.8354,14.8809,17.8681,20.051,22.1524,23.8803,26.951,32.8347,60.6212,156.744,0,0,0,0,0,0,0,0,0,0,0,0,0,0,0,0,0,0,0,0,0,0
554,9.7853,9.59354,9.2025,8.87068,8.43488,7.84915,7.52524,7.21999,7.21927,7.04814,6.8487,6.6296,5.9078,5.3699,5.17521,5.1153,4.70886,4.45617,4.20288,4.71931,5.46771,6.02693,6.11898,6.20271,6.84701,7.84554,9.2078,10.484,11.4343,12.9379,15.0231,17.8763,20.4114,22.4284,24.2777,26.9207,32.7689,56.2603,143.255,0,0,0,0,0,0,0,0,0,0,0,0,0,0,0,0,0,0,0,0,0,0
554.5,9.78787,9.59548,9.33587,8.92024,8.42093,7.86311,7.50347,7.21074,7.19068,7.02756,6.81029,6.58965,5.89403,5.31955,5.12217,5.05286,4.70892,4.44745,4.189,4.69486,5.45265,6.00103,6.15667,6.1182,6.84974,7.85123,9.33191,10.6131,11.6148,12.9955,15.1877,18.2235,20.8727,22.8658,24.6338,27.2227,32.5877,52.6924,130.415,0,0,0,0,0,0,0,0,0,0,0,0,0,0,0,0,0,0,0,0,0,0
555,9.76417,9.58217,9.33105,8.94097,8.3967,7.8705,7.48816,7.15297,7.15883,7.02484,6.8256,6.57835,5.87918,5.31835,5.03603,4.99077,4.71049,4.39835,4.20006,4.67558,5.48641,5.93102,6.13284,6.1082,6.78257,7.90969,9.43572,10.7508,11.7372,13.0742,15.252,18.2638,21.1125,22.9079,25.2677,27.5429,32.5335,50.1212,119.013,271.154,0,0,0,0,0,0,0,0,0,0,0,0,0,0,0,0,0,0,0,0,0
555.5,9.76425,9.56551,9.35988,8.91265,8.38359,7.85624,7.47828,7.1838,7.16082,7.04741,6.8766,6.54525,5.84248,5.26553,4.99321,4.94106,4.66342,4.39323,4.19126,4.62388,5.46018,5.90213,6.07074,6.09495,6.73927,7.97976,9.5105,10.7717,11.8704,13.1941,15.3517,18.3778,21.4157,23.265,25.577,27.8472,32.6553,48.2428,109.102,253.517,0,0,0,0,0,0,0,0,0,0,0,0,0,0,0,0,0,0,0,0,0
556,9.76208,9.58022,9.33838,8.98803,8.37011,7.88832,7.50452,7.15654,7.16298,7.07409,6.91853,6.4885,5.77599,5.15186,4.93027,4.89172,4.61805,4.33275,4.15275,4.54371,5.44786,5.90393,6.0414,6.13266,6.72789,8.04397,9.56843,10.7857,12.0046,13.3209,15.3705,18.6267,21.6311,23.3634,25.9281,28.1233,32.6624,46.3657,100.329,235.443,0,0,0,0,0,0,0,0,0,0,0,0,0,0,0,0,0,0,0,0,0
556.5,9.73726,9.52735,9.29248,8.97174,8.35754,7.92828,7.55564,7.17105,7.2084,7.07437,6.91128,6.44765,5.74726,5.12831,4.86583,4.8635,4.54422,4.26274,4.08793,4.43879,5.41367,5.94225,6.02424,6.16208,6.74834,8.07279,9.61668,10.7812,12.1135,13.3796,15.5815,18.8365,21.9831,23.9601,26.2713,28.3923,32.949,44.8002,92.6105,217.472,0,0,0,0,0,0,0,0,0,0,0,0,0,0,0,0,0,0,0,0,0
557,9.73891,9.52835,9.28729,8.99892,8.36432,7.96379,7.62513,7.26618,7.23879,7.04039,6.93619,6.37751,5.68301,5.06121,4.80188,4.80249,4.51868,4.21972,4.04311,4.37917,5.31902,5.91299,6.03389,6.17013,6.76828,8.06716,9.61454,10.8803,12.198,13.4631,15.8616,19.0229,22.4057,24.4291,26.836,28.7421,32.8352,43.6233,84.9849,201.24,0,0,0,0,0,0,0,0,0,0,0,0,0,0,0,0,0,0,0,0,0
557.5,9.62261,9.52289,9.28143,8.99368,8.42793,7.94166,7.65253,7.26778,7.27309,7.04324,6.96539,6.36634,5.65186,5.05545,4.75562,4.75702,4.50733,4.17322,3.99788,4.36242,5.23631,5.88572,6.06662,6.14264,6.74647,7.99202,9.68495,10.9719,12.1961,13.6258,16.0225,19.2715,22.6008,25.1339,27.1664,29.22,32.997,42.8587,78.9023,186.219,0,0,0,0,0,0,0,0,0,0,0,0,0,0,0,0,0,0,0,0,0
558,9.54669,9.48417,9.30084,9.05899,8.50349,7.98172,7.68288,7.2457,7.27599,7.06806,6.95855,6.30968,5.59012,5.06986,4.71517,4.72959,4.45336,4.12993,3.96462,4.36385,5.11366,5.83439,6.03908,6.12632,6.73238,7.99946,9.68111,11.165,12.1926,13.7713,16.1584,19.4754,23.0746,25.9718,27.4871,29.4562,32.997,42.2107,73.3164,170.45,0,0,0,0,0,0,0,0,0,0,0,0,0,0,0,0,0,0,0,0,0
558.5,9.48796,9.50536,9.34944,9.01425,8.54588,8.02643,7.65632,7.30508,7.27463,7.07024,6.95309,6.28366,5.54484,5.01566,4.68689,4.69023,4.36712,4.07646,3.89926,4.36799,5.07441,5.83069,6.04014,6.12368,6.75262,8.00762,9.83372,11.2633,12.2306,13.9648,16.3101,19.6298,23.368,26.2686,27.8137,29.9173,33.3233,41.9263,68.4242,154.848,0,0,0,0,0,0,0,0,0,0,0,0,0,0,0,0,0,0,0,0,0
559,9.46412,9.55134,9.41622,9.07459,8.57119,8.07547,7.55369,7.3677,7.29131,7.09998,6.92056,6.27728,5.54286,4.97204,4.6452,4.64608,4.29305,4.03119,3.81929,4.29984,5.04231,5.86621,6.00099,6.07735,6.75818,8.14039,9.89986,11.4312,12.3205,14.091,16.4942,19.7062,23.5319,26.5219,28.4168,30.2692,33.5508,41.6234,64.4457,142.987,0,0,0,0,0,0,0,0,0,0,0,0,0,0,0,0,0,0,0,0,0
559.5,9.5266,9.56869,9.44658,9.11671,8.68053,8.14037,7.54341,7.50646,7.28602,7.10319,6.9077,6.27836,5.54635,4.91885,4.64616,4.55287,4.22914,3.95796,3.76392,4.27147,5.06886,5.84889,6.02227,6.08636,6.76774,8.24966,10.0111,11.465,12.5906,14.2723,16.6618,19.8106,23.837,26.9811,28.9614,30.8299,33.9594,41.4571,61.1789,131.88,0,0,0,0,0,0,0,0,0,0,0,0,0,0,0,0,0,0,0,0,0
560,9.65417,9.6058,9.54865,9.1212,8.69289,8.19289,7.56809,7.56756,7.31153,7.13603,6.9135,6.3697,5.52518,4.88713,4.58518,4.48436,4.13681,3.91638,3.72482,4.20557,5.0181,5.86397,6.03561,6.0927,6.80899,8.26088,10.0682,11.6966,12.8434,14.4116,16.7959,20.0062,24.1738,27.4725,29.6908,31.4846,34.3167,41.8695,59.08,121.775,257.466,0,0,0,0,0,0,0,0,0,0,0,0,0,0,0,0,0,0,0,0
560.5,9.65859,9.61679,9.5565,9.27742,8.80371,8.28844,7.75882,7.66365,7.37004,7.13361,6.92224,6.39695,5.56645,4.8459,4.50301,4.43876,4.11247,3.8888,3.72196,4.16346,4.99916,5.83402,6.02314,6.12126,6.84306,8.23848,10.0957,11.8087,13.0318,14.6853,17.002,20.3712,24.5375,28.2303,30.602,32.1321,34.8608,42.4418,57.1483,112.401,241.354,0,0,0,0,0,0,0,0,0,0,0,0,0,0,0,0,0,0,0,0
561,9.72147,9.74615,9.6573,9.35904,8.95381,8.39558,7.88064,7.76399,7.50646,7.10561,6.93567,6.39068,5.55193,4.84681,4.46225,4.44605,4.12784,3.88005,3.71201,4.12339,4.91279,5.83978,6.02098,6.12345,6.86033,8.26618,10.3024,12.033,13.2232,14.9088,17.3227,20.809,25.3637,28.924,31.2158,33.0391,35.8367,43.2027,56.445,104.274,224.571,0,0,0,0,0,0,0,0,0,0,0,0,0,0,0,0,0,0,0,0
561.5,9.79547,9.85838,9.73623,9.416,9.08696,8.53719,8.08197,7.90551,7.616,7.19462,7.00139,6.38769,5.5774,4.82491,4.40439,4.40132,4.10134,3.89438,3.67074,4.10057,4.86962,5.83698,5.97467,6.15308,6.88962,8.38048,10.4427,12.3511,13.3616,15.147,17.7213,21.3054,25.7769,29.6855,32.0804,34.0601,37.1215,44.2111,56.1457,97.9764,209.633,0,0,0,0,0,0,0,0,0,0,0,0,0,0,0,0,0,0,0,0
562,9.96188,9.98541,9.86155,9.55743,9.2977,8.7359,8.2491,7.98192,7.75241,7.34973,7.09909,6.40657,5.59343,4.83135,4.40157,4.37399,4.07984,3.87706,3.64357,4.0877,4.84036,5.85995,5.94851,6.2138,6.97262,8.49056,10.6587,12.6502,13.8296,15.5434,18.3136,22.0152,26.3966,30.4295,33.535,35.3435,38.298,45.171,55.7629,93.4154,195.296,0,0,0,0,0,0,0,0,0,0,0,0,0,0,0,0,0,0,0,0
562.5,10.0813,10.1302,10.0769,9.75246,9.51374,8.9559,8.46958,8.10935,7.90903,7.54223,7.22653,6.50466,5.60142,4.82323,4.42944,4.31654,4.05546,3.85596,3.63456,4.10437,4.85763,5.88908,5.98014,6.2995,7.10401,8.61802,10.8771,12.9133,14.1715,16.0156,18.8308,22.5517,27.0624,31.3513,35.0575,36.6792,39.6842,46.2714,56.0312,88.8184,180.925,0,0,0,0,0,0,0,0,0,0,0,0,0,0,0,0,0,0,0,0
563,10.2136,10.2393,10.3372,10.1496,9.81667,9.14773,8.64872,8.24365,8.05451,7.63756,7.39487,6.60409,5.65382,4.83906,4.4281,4.32735,4.01345,3.83821,3.63117,4.11653,4.90004,5.91352,6.05847,6.3519,7.2611,8.77677,10.9847,13.2157,14.6512,16.5826,19.3553,23.2712,27.9872,32.5756,36.4722,38.4663,40.8019,47.5535,56.953,85.8856,169.445,0,0,0,0,0,0,0,0,0,0,0,0,0,0,0,0,0,0,0,0
563.5,10.439,10.4791,10.7095,10.4372,10.2055,9.45247,8.86413,8.49275,8.30029,7.84838,7.52485,6.67494,5.68886,4.86815,4.44065,4.28773,3.98427,3.80955,3.62987,4.0948,4.93045,5.94715,6.20178,6.37522,7.39814,8.99178,11.2848,13.585,15.2007,17.131,20.0387,24.006,28.9427,34.1702,38.1289,40.2665,42.7842,49.448,58.9281,83.2192,158.857,0,0,0,0,0,0,0,0,0,0,0,0,0,0,0,0,0,0,0,0
564,10.7235,10.7454,11.107,10.7893,10.5937,9.81675,9.23215,8.83146,8.53574,8.12657,7.72311,6.80876,5.79,4.93396,4.45043,4.27952,3.99472,3.78916,3.66273,4.07622,4.98972,5.96698,6.34922,6.48777,7.5316,9.1993,11.4341,14.1469,15.6115,17.8434,20.8853,24.9802,30.1529,35.8806,40.0166,42.5469,44.9587,51.6781,61.0012,82.2159,148.629,0,0,0,0,0,0,0,0,0,0,0,0,0,0,0,0,0,0,0,0
564.5,11.1382,11.2319,11.544,11.287,11.0736,10.2677,9.64845,9.19859,8.87338,8.51967,7.94813,7.00378,5.90847,5.03038,4.49477,4.31563,4.02147,3.78979,3.65547,4.07486,4.98356,6.01868,6.50283,6.5905,7.71147,9.50836,11.8564,14.7622,16.2657,18.637,21.7659,25.9919,31.4107,37.8767,42.3742,45.0478,47.8511,54.2902,63.6785,82.6301,140.465,0,0,0,0,0,0,0,0,0,0,0,0,0,0,0,0,0,0,0,0
565,11.5689,11.8149,12.029,11.85,11.5936,10.7815,10.0794,9.65786,9.29048,8.87757,8.29147,7.27044,6.04278,5.13839,4.55979,4.34351,4.07249,3.80903,3.65434,4.09316,5.01367,6.06044,6.65218,6.82367,7.9299,9.73781,12.2922,15.4149,16.9556,19.4624,22.6996,27.2746,33.1692,39.9722,45.0581,47.3625,51.0348,57.6257,66.8922,83.7236,133.531,259.288,0,0,0,0,0,0,0,0,0,0,0,0,0,0,0,0,0,0,0
565.5,12.1274,12.4099,12.6766,12.494,12.2267,11.3094,10.5947,10.1113,9.80342,9.31293,8.65517,7.53764,6.23127,5.21329,4.65527,4.39252,4.05554,3.82635,3.65306,4.12219,5.05693,6.11633,6.83574,6.99674,8.23081,9.97971,12.9745,16.041,18.0131,20.3119,23.9774,28.658,35.1915,42.3305,48.0259,50.8004,54.832,61.44,70.6981,85.5958,129.228,251.298,0,0,0,0,0,0,0,0,0,0,0,0,0,0,0,0,0,0,0
566,12.795,13.1326,13.4051,13.2751,12.9474,11.9249,11.2154,10.536,10.45,9.79172,9.10166,7.83533,6.41756,5.3064,4.72165,4.4429,4.04381,3.85172,3.67077,4.11521,5.13602,6.17857,6.99927,7.22269,8.50189,10.3885,13.4954,16.8478,19.0577,21.5845,25.4419,30.4228,37.3639,44.9661,51.8057,54.4065,59.1322,65.9058,75.2773,88.5082,127.502,240.008,0,0,0,0,0,0,0,0,0,0,0,0,0,0,0,0,0,0,0
566.5,13.4969,13.9673,14.2173,14.1114,13.6947,12.7253,12.0288,11.1298,11.16,10.4364,9.60015,8.1803,6.6513,5.43748,4.79628,4.51553,4.07871,3.87817,3.72829,4.16848,5.25422,6.23887,7.1495,7.44988,8.83135,10.9311,14.243,17.6469,20.3455,23.1657,27.0738,32.3106,39.8353,47.8115,55.9818,59.2748,63.7978,70.3547,80.51,91.9479,127.179,231.406,0,0,0,0,0,0,0,0,0,0,0,0,0,0,0,0,0,0,0
567,14.4024,14.9092,15.1423,15.0931,14.5634,13.6436,12.9502,12.0199,11.8779,11.1448,10.1828,8.65874,6.95129,5.59686,4.87891,4.57808,4.16209,3.91358,3.79572,4.20606,5.36908,6.35933,7.3373,7.82019,9.2462,11.5236,14.9562,18.8361,21.6513,24.9121,29.0391,34.7079,42.5165,50.7608,60.435,64.0997,69.0384,76.023,86.5385,97.1534,127.385,221.693,0,0,0,0,0,0,0,0,0,0,0,0,0,0,0,0,0,0,0
567.5,15.3481,15.9176,16.1496,16.14,15.5678,14.7949,14.0426,12.9625,12.6659,11.7735,10.8277,9.1115,7.20782,5.81518,5.03392,4.66336,4.22021,3.91782,3.82072,4.26467,5.50046,6.49247,7.52668,8.10111,9.64641,12.1791,15.9035,20.0672,23.063,26.7329,30.9826,36.9935,45.3221,54.6924,65.14,69.2807,74.8443,81.9246,92.7983,103.662,129.881,215.203,0,0,0,0,0,0,0,0,0,0,0,0,0,0,0,0,0,0,0
568,16.3638,17.0748,17.446,17.1491,16.8201,16.0545,15.0952,14.1376,13.608,12.5518,11.3872,9.66835,7.55793,6.05462,5.20498,4.74402,4.25945,3.95563,3.83236,4.32318,5.64029,6.66,7.80516,8.4788,10.1981,12.8562,16.7994,21.449,24.7423,28.6071,33.5606,39.9238,48.8267,59.1841,70.4015,74.753,81.149,89.7283,100.874,109.693,133.169,208.726,0,0,0,0,0,0,0,0,0,0,0,0,0,0,0,0,0,0,0
568.5,17.396,18.2288,18.8538,18.5046,18.3527,17.3534,16.2976,15.0568,14.6502,13.3881,12.2012,10.3191,7.97319,6.3147,5.36706,4.82409,4.30064,3.9982,3.89927,4.38623,5.77254,6.90145,8.16582,8.81391,10.8019,13.5934,17.7391,23.0174,26.492,30.743,36.0529,42.9463,52.9061,64.5187,77.1304,82.2493,88.5898,97.7068,109.174,117.993,137.141,206.167,0,0,0,0,0,0,0,0,0,0,0,0,0,0,0,0,0,0,0
569,18.6522,19.6203,20.399,20.1693,19.8447,18.8813,17.5537,16.2403,15.8189,14.5265,13.0355,11.0089,8.43563,6.61024,5.51654,4.96456,4.35934,4.07203,3.98901,4.49591,5.93397,7.14008,8.51691,9.31538,11.478,14.452,19.0984,24.6703,28.5691,33.0547,38.9607,46.4127,57.4093,70.2522,84.3019,91.1547,96.619,107.825,119.195,127.756,143.198,205.007,0,0,0,0,0,0,0,0,0,0,0,0,0,0,0,0,0,0,0
569.5,20.2074,21.2547,22.1026,22.0782,21.7376,20.5268,19.168,17.5852,17.0351,15.8495,14.1429,11.9054,9.04949,6.96273,5.7334,5.11187,4.49981,4.16957,4.09572,4.65848,6.0597,7.44164,8.86412,9.80952,12.2888,15.4002,20.6025,26.6124,30.8387,35.8245,42.2747,50.5071,62.2991,77.2789,92.6485,100.395,105.601,118.977,130.169,140.372,152.352,207.371,0,0,0,0,0,0,0,0,0,0,0,0,0,0,0,0,0,0,0
570,22.0027,23.2063,24.0118,24.0805,23.5054,22.5231,20.9753,19.2328,18.5022,17.1819,15.3566,12.8043,9.69462,7.3646,5.9906,5.27371,4.63177,4.23163,4.24348,4.81413,6.24165,7.78417,9.31076,10.437,13.0849,16.4937,22.4132,28.6927,33.6401,39.0554,46.1719,55.4568,68.4951,84.1048,101.153,111.621,115.975,131.511,143.585,153.272,164.552,213.343,331.581,0,0,0,0,0,0,0,0,0,0,0,0,0,0,0,0,0,0
570.5,24.0202,25.2644,26.4157,26.1867,26.0016,24.7217,23.0817,21.3266,20.1334,18.862,16.7088,13.865,10.389,7.86954,6.30957,5.48938,4.77441,4.35175,4.36217,5.00512,6.52001,8.22431,9.79259,11.1034,13.8896,17.7308,24.3855,30.8505,36.57,42.7717,50.458,61.2516,74.626,92.0652,110.778,124.103,129.25,144.999,157.393,168.241,179.413,220.556,334.451,0,0,0,0,0,0,0,0,0,0,0,0,0,0,0,0,0,0
571,26.2056,27.579,29.1747,28.744,28.5607,27.4307,25.4831,23.6717,22.1749,20.7004,18.2789,15.0857,11.2032,8.36287,6.67863,5.75996,4.94873,4.4873,4.47826,5.23044,6.88705,8.68493,10.4305,11.9055,14.9854,19.2815,26.3772,33.6295,40.3312,47.3076,55.1836,67.3638,81.8205,101.125,122.714,138.117,144.08,160.401,175.08,185.321,196.38,231.459,337.541,0,0,0,0,0,0,0,0,0,0,0,0,0,0,0,0,0,0
571.5,28.64,30.386,32.2394,31.7896,31.8087,30.0533,28.2914,26.3127,24.6065,22.9985,20.2215,16.5711,12.2058,9.04855,7.04258,5.96397,5.11707,4.63345,4.62212,5.48392,7.34185,9.21069,11.2412,12.8067,16.3051,21.2032,28.8214,37.0179,44.3244,51.8147,60.9276,74.1563,90.6389,112.559,135.773,154.371,160.051,177.727,195.28,206.865,216.397,245.518,348.34,0,0,0,0,0,0,0,0,0,0,0,0,0,0,0,0,0,0
572,31.6098,33.7938,35.5258,35.549,35.4772,33.4184,31.5357,29.1805,27.4443,25.4409,22.5448,18.2882,13.3448,9.72818,7.50974,6.29662,5.29386,4.79227,4.76819,5.72461,7.77881,9.70975,12.1195,13.946,17.8455,23.7038,31.7222,41.2576,48.8845,57.5589,67.3341,82.2969,100.877,125.741,150.966,172.819,179.138,197.746,217.56,230.859,239.777,266.435,361.686,0,0,0,0,0,0,0,0,0,0,0,0,0,0,0,0,0,0
572.5,35.079,37.7812,39.186,39.7448,39.6234,37.4015,35.4541,32.8015,30.6787,28.3765,25.1126,20.2114,14.7057,10.6816,8.03499,6.57254,5.50604,4.96943,4.95122,6.00384,8.29086,10.4648,13.0514,15.3237,19.4909,26.2262,34.6391,46.1,54.2527,63.7251,75.3338,91.7555,114.271,140.647,167.864,194.629,202.259,224.058,243.777,262.272,268.961,292.185,382.934,0,0,0,0,0,0,0,0,0,0,0,0,0,0,0,0,0,0
573,39.0241,42.3661,43.8291,44.6641,44.4645,42.3561,40.0192,36.9306,34.3438,31.7793,28.0739,22.4736,16.2502,11.6553,8.69471,6.92228,5.80677,5.20255,5.23806,6.32365,8.86823,11.3052,14.2099,17.0669,21.5131,28.8335,38.7271,51.3895,60.4832,71.8427,84.3385,102.423,128.907,157.621,188.043,218.663,226.261,252.913,272.122,289.733,302.246,322.46,409.339,0,0,0,0,0,0,0,0,0,0,0,0,0,0,0,0,0,0
573.5,43.5048,47.3397,48.8607,50.2022,50.1845,47.6986,45.0713,41.5242,38.5975,35.6533,31.2577,24.9953,18.0057,12.8023,9.41883,7.45568,6.19284,5.50413,5.55464,6.76301,9.51971,12.2844,15.5229,18.7147,23.5934,31.9579,43.1839,57.2755,68.1961,81.0519,94.4896,115.321,145.274,176.293,213.131,246.577,254.759,285.04,306.773,327.312,337.258,356.941,442.822,0,0,0,0,0,0,0,0,0,0,0,0,0,0,0,0,0,0
574,48.6426,52.9811,54.7362,56.9538,56.9969,53.2762,50.6181,46.7737,43.3383,40.2937,34.9029,27.7399,20.0974,14.0394,10.251,7.97601,6.57585,5.86115,5.86671,7.24571,10.2975,13.4338,17.0597,20.7631,26.2151,35.2982,48.5403,63.9201,76.7046,90.6374,106.472,129.77,163.246,200.054,240.733,280.527,290.75,321.483,349.13,365.765,376.422,400.205,483.738,0,0,0,0,0,0,0,0,0,0,0,0,0,0,0,0,0,0
574.5,54.2406,59.3455,61.4237,64.5028,64.4024,60.1565,56.3967,52.425,48.7873,45.0628,39.424,31.2371,22.3741,15.4227,11.2244,8.5984,6.98889,6.2101,6.30337,7.78779,11.271,14.7938,18.7993,23.0876,29.2161,39.1723,54.1365,71.6185,86.9854,101.241,119.71,146.441,183.452,225.374,270.135,315.029,329.98,361.18,395.227,413.409,425.06,450.204,525.5,0,0,0,0,0,0,0,0,0,0,0,0,0,0,0,0,0,0
575,60.1362,66.4992,69.6275,73.0663,72.5806,66.7974,63.2835,58.6593,54.6077,50.4371,44.4324,34.9608,24.7486,16.9298,12.2672,9.29473,7.46231,6.52954,6.7638,8.40234,12.287,16.2251,20.6493,25.4833,32.691,43.755,60.239,80.4655,97.5814,111.766,134.143,163.884,205.846,252.879,305.295,354.518,375.354,408.043,446.53,463.915,481.629,505.67,574.575,739.921,0,0,0,0,0,0,0,0,0,0,0,0,0,0,0,0,0
575.5,67.1773,74.0913,78.9208,81.4856,81.7956,75.0262,70.7883,64.8601,61.0716,56.3513,49.6611,39.0078,27.3853,18.726,13.303,10.0663,7.9644,6.93721,7.27978,9.1284,13.3075,17.7308,22.5812,27.858,36.0397,48.7413,67.2948,89.9828,109.127,124.567,150.108,183.243,230.945,284.45,341.82,396.431,424.862,458.591,503.634,520.205,545.347,563.969,634.131,791.567,0,0,0,0,0,0,0,0,0,0,0,0,0,0,0,0,0
576,74.8435,82.2268,88.2769,90.9691,91.2147,83.5881,78.0725,72.06,68.3212,62.4906,55.1647,43.5931,30.3556,20.7433,14.5231,11.0996,8.55071,7.46502,7.83169,9.95293,14.3754,19.5001,24.8871,30.5789,40.1624,54.2404,75.1096,99.873,121.327,136.919,166.406,205.929,256.393,314.103,383.206,444.225,472.993,508.954,558.833,582.924,610.827,631.212,698.94,861.731,0,0,0,0,0,0,0,0,0,0,0,0,0,0,0,0,0
576.5,82.3237,90.3916,98.4045,100.986,101.4,91.9529,86.242,80.0576,75.2673,69.2087,60.7588,47.9611,33.5019,22.9814,15.6787,11.9973,9.18451,8.00143,8.40163,10.8402,15.4505,21.3656,27.236,33.2379,44.2473,59.9275,82.3229,109.146,132.986,150.373,185.915,230.183,284.443,352.392,426.074,491.874,519.01,563.296,615.647,647.066,679.067,701.368,767.408,916.581,0,0,0,0,0,0,0,0,0,0,0,0,0,0,0,0,0
577,90.8391,99.2924,108.221,111.909,111.967,101.63,94.9159,86.6919,83.3239,76.1715,67.4573,52.7575,36.6771,25.2055,17.0829,12.7635,9.91867,8.63235,8.96268,11.5516,16.6931,23.3821,29.6628,36.5139,48.3015,64.6426,90.3037,117.306,145.109,167.249,205.133,253.532,312.727,389.384,466.502,540.103,560.819,619.57,678.072,719.575,748.028,772.532,837.103,981.542,0,0,0,0,0,0,0,0,0,0,0,0,0,0,0,0,0
577.5,98.2741,108.733,117.697,123.045,122.099,111.759,104.805,96.012,91.3733,82.9997,73.249,57.521,39.5471,27.5395,18.5692,13.6784,10.5769,9.11359,9.5871,12.1924,18.0305,25.3919,31.7437,39.593,52.4452,69.7792,98.665,124.727,156.853,183.757,224.103,277.884,340.922,426.752,506.651,589.31,613.999,678.296,736.231,789.92,820.331,841.12,899.295,1050.69,0,0,0,0,0,0,0,0,0,0,0,0,0,0,0,0,0
578,106.553,118.25,124.357,133.681,132.739,121.449,115.187,104.554,99.9076,90.0191,80.0397,62.4071,42.3632,29.6179,19.9468,14.6528,11.362,9.64967,10.069,12.8992,19.3127,27.0151,33.7645,42.7905,56.5447,75.6445,106.183,135.644,169.678,200.04,242.878,300.482,366.717,455.972,547.705,639.938,669.293,740.066,803.678,851.351,891.793,910.115,958.616,1113.78,0,0,0,0,0,0,0,0,0,0,0,0,0,0,0,0,0
578.5,113.372,127.282,132.497,144.08,143.056,131.74,123.887,113.884,107.844,96.6652,85.8056,66.6833,45.3337,31.5288,21.4111,15.7205,12.0654,10.1826,10.593,13.588,20.5068,28.8354,35.3503,45.47,60.3524,81.1521,113.761,147.703,183.006,215.748,257.097,324.682,395.373,484.29,590.14,685.246,730.598,793.53,870.628,918.632,958.554,973.842,1014.3,1180.11,0,0,0,0,0,0,0,0,0,0,0,0,0,0,0,0,0
579,120.369,135.72,141.888,152.498,152.862,140.327,132.829,122.988,115.074,103.569,91.1474,70.7658,48.5371,33.312,22.6059,16.4325,12.6087,10.7281,11.0313,14.317,21.5541,30.4917,37.5518,48.1011,63.4397,86.9928,120.778,160.93,196.505,229.572,274.758,346.537,423.527,513.243,626.716,728.811,779.497,843.031,920.701,964.786,1022.79,1039.41,1088.77,1234.27,0,0,0,0,0,0,0,0,0,0,0,0,0,0,0,0,0
579.5,127.183,143.406,153.372,159.708,162.181,148.383,140.305,130.747,121.211,109.476,96.1045,74.6594,51.5013,35.1039,23.6627,17.0394,13.2128,11.2935,11.4347,14.9509,22.4679,31.9847,39.9581,50.369,66.8664,91.8969,128.021,170.378,207.536,242.027,290.003,365.563,444.544,545.523,665.094,768.286,823.439,889.462,974.122,1021.74,1065.59,1088.05,1142.16,1276.38,0,0,0,0,0,0,0,0,0,0,0,0,0,0,0,0,0
580,134.711,150.697,161.699,166.91,169.696,157.587,148.003,137.729,127.073,114.813,100.529,78.771,54.4608,36.7823,24.7992,17.7226,13.71,11.7756,11.9027,15.6761,23.4364,33.3145,42.3353,52.838,70.1395,96.9095,134.842,178.245,218.831,256.728,304.146,383.553,468.842,571.14,698.988,803.408,864.227,939.176,1020.27,1075.99,1111.02,1138.88,1219,1327.83,1505.34,0,0,0,0,0,0,0,0,0,0,0,0,0,0,0,0
580.5,139.074,157.347,169.519,173.596,176.282,165.198,154.561,143.651,132.14,119.114,104.787,81.9742,56.8328,38.1258,25.7747,18.4632,14.16,12.171,12.3554,16.1863,24.1109,34.4216,44.0063,54.2713,72.5172,101.648,140.243,182.275,226.272,268.396,316.366,395.65,487.886,597.07,733.255,827.099,895.619,981.795,1047.54,1124.8,1164.44,1174.94,1275.19,1374,1531.5,0,0,0,0,0,0,0,0,0,0,0,0,0,0,0,0
581,145.737,162.821,175.042,180.678,182.738,172.411,159.452,148.425,137.581,122.928,109.428,84.6066,58.9478,39.6731,26.7484,19.3149,14.4431,12.5039,12.7514,16.7072,24.7825,35.5303,45.019,56.3441,75.5304,105.212,145.158,187.023,233.702,276.781,325.388,408.388,503.148,619.093,752.005,860.268,920.488,1014.06,1087.67,1170.93,1199.12,1208.99,1314.74,1413.14,1570.45,0,0,0,0,0,0,0,0,0,0,0,0,0,0,0,0
581.5,150.894,167.394,179.676,184.925,188.685,178.236,164.721,152.484,139.978,126.036,112.718,87.0339,60.2707,40.2295,27.3158,19.9552,14.7311,12.7989,13.0641,17.0943,25.3468,36.3454,46.4515,57.6543,77.7424,109.026,148.554,192.14,239.824,282.459,333.977,416.516,514.991,637.155,765.961,884.96,940.988,1043.75,1116.71,1200.78,1241.92,1249.33,1353.32,1441.36,1586.44,0,0,0,0,0,0,0,0,0,0,0,0,0,0,0,0
582,155.736,171.146,183.59,189.119,194.12,182.771,168.691,155.619,142.987,129.431,115.811,88.957,61.488,41.2981,27.9734,20.362,15.0685,12.9479,13.3213,17.215,25.9309,36.8176,46.9998,59.0583,79.3033,111.688,152.02,199.209,245.531,287.198,338.99,428.708,528.363,652.539,771.295,901.903,951.53,1054.98,1140.28,1226.65,1266.92,1286.92,1376.25,1465.62,1606.33,0,0,0,0,0,0,0,0,0,0,0,0,0,0,0,0
582.5,157.896,172.931,187.267,192.978,198.06,186.792,172.016,158.836,145.15,132.926,117.682,90.3707,62.5845,42.0658,28.2326,20.1985,15.2982,13.0045,13.4534,17.466,26.4452,36.7323,48.0621,60.4869,80.5178,112.671,153.331,204.412,250.112,291.016,346.11,430.763,539.965,660.599,779.091,914.459,969.864,1058.98,1164.11,1241.71,1279.06,1301.48,1395.99,1477.75,1622.44,0,0,0,0,0,0,0,0,0,0,0,0,0,0,0,0
583,159.756,175.323,188.921,196.168,199.975,188.806,173.464,159.017,146.87,134.308,118.834,91.1999,63.863,43.1078,28.3857,19.8187,15.4699,13.1478,13.5547,17.6873,26.7369,36.7462,48.3667,61.364,80.745,113.262,154.923,207.854,252.459,295.373,351.096,437.522,543.192,670.158,791.751,932.465,982.05,1065.63,1182.06,1258.4,1288.78,1319.02,1406,1485.08,1610.69,0,0,0,0,0,0,0,0,0,0,0,0,0,0,0,0
583.5,160.986,176.833,191.317,198.918,201.177,190.277,175.027,161.284,149.531,135.701,119.723,92.2703,63.9843,43.3874,28.4504,19.9149,15.527,13.2003,13.5331,17.853,26.806,36.8102,48.6898,62.0709,80.8799,113.797,155.849,211.088,254.671,296.636,356.293,442.643,550.161,668.87,804.613,934.885,1000.17,1076.18,1192.95,1258.27,1289.3,1317.1,1422.61,1486.35,1606.62,0,0,0,0,0,0,0,0,0,0,0,0,0,0,0,0
584,163.054,177.636,191.58,201.587,200.938,190.807,174.555,161.89,149.904,135.561,120.528,92.8774,63.6025,43.4709,28.6732,19.9179,15.5826,13.3321,13.5208,17.9171,26.8935,37.2234,48.8726,61.8988,79.637,114.485,154.964,211.164,254.445,295.366,358.282,444.771,551.511,670.322,797.729,928.877,992.271,1085.79,1193.59,1257.59,1297.45,1320.31,1413.32,1476.36,1590.14,0,0,0,0,0,0,0,0,0,0,0,0,0,0,0,0
584.5,162.886,179.812,191.829,202.226,200.645,190.221,173.678,162.672,149.991,135.735,120.433,92.3381,63.2777,43.2446,28.9379,20.2995,15.3125,13.2798,13.5254,17.6665,26.8197,37.5336,48.6596,61.914,79.6967,114.036,153.422,210.152,253.889,292.427,356.645,451.555,552.644,668.084,792.76,931.205,980.013,1094.24,1188.56,1247.15,1292.86,1313.97,1411.41,1468.04,1577.09,0,0,0,0,0,0,0,0,0,0,0,0,0,0,0,0
585,162.421,179.509,191.165,201.713,199.453,189.023,172.386,160.347,148.912,134.473,120.33,91.4787,62.7119,42.94,28.9758,20.212,15.0874,13.1293,13.5112,17.4963,26.7716,37.3535,48.4489,61.3054,79.0691,113.431,151.928,208.615,251.154,288.507,353.474,442.986,548.735,661.616,793.682,928.183,967.318,1085.59,1173.39,1236.24,1285.54,1309.57,1402.78,1455.4,1554.39,1616.23,0,0,0,0,0,0,0,0,0,0,0,0,0,0,0
585.5,161.483,178.582,189.677,200.463,197.287,187.386,170.89,158.925,147.892,132.909,117.895,91.0665,61.9827,42.6842,28.5019,20.184,14.906,13.0189,13.5172,17.2157,26.3874,37.1579,48.1613,60.9427,78.0128,112.649,150.561,204.706,248.095,286.675,351.201,435.031,539.01,654.15,792.744,927.142,958.462,1069.28,1154.35,1226.65,1280.34,1297.91,1380.72,1442.15,1529.53,1572.97,0,0,0,0,0,0,0,0,0,0,0,0,0,0,0
586,159.654,176.127,187.12,198.014,194.902,183.54,167.909,157.215,145.709,130.509,115.781,89.4935,61.2265,42.2637,28.039,20.2359,14.7791,12.9239,13.3516,17.1621,26.0097,36.6425,47.5671,59.8765,76.5319,111.078,150.111,200.635,243.406,283.124,345.979,424.864,528.386,651.198,777.025,910.937,947.803,1044.79,1138.2,1206.87,1255.97,1263.18,1362.05,1421.65,1500.44,1549.64,0,0,0,0,0,0,0,0,0,0,0,0,0,0,0
586.5,157.429,173.929,183.833,193.91,190.379,179.955,164.779,154.468,142.935,129.384,113.42,88.2676,60.0199,41.3349,27.3514,20.0799,14.612,12.5431,13.1963,16.7091,25.5232,36.0107,46.9128,58.0596,75.1833,109.495,147.429,197.65,238.207,278.431,341.702,415.922,516.236,638.368,750.833,892.02,939.71,1021.8,1110.28,1176.33,1230.97,1238.18,1340.42,1397.37,1461.46,1507.49,0,0,0,0,0,0,0,0,0,0,0,0,0,0,0
587,154.44,169.23,179.632,190.127,185.658,175.466,162.061,151.116,139.659,127.344,110.292,85.3227,59.1153,40.4056,26.8275,19.6406,14.2748,12.3861,12.9087,16.4644,25.0339,35.5704,45.6736,56.5987,73.6469,106.56,143.544,192.61,231.868,270.112,333.225,404.108,499.015,619.83,726.426,870.401,919.492,998.102,1093.64,1144.06,1203.16,1207.92,1306,1346.06,1417.1,1463.01,0,0,0,0,0,0,0,0,0,0,0,0,0,0,0
587.5,150.907,164.609,175.652,184.386,180.435,170.902,158.231,146.687,135.714,124.51,108.248,82.8259,57.9039,39.0317,26.4576,19.0199,13.8347,12.0984,12.643,15.8569,24.5345,34.987,44.1351,54.8681,73.1403,103.485,139.744,187.774,225.632,262.928,321.126,393.007,483.838,600.485,704.318,837.082,889.281,966.516,1059.83,1106.65,1174.11,1172.06,1258.72,1305.77,1372.8,1425.54,0,0,0,0,0,0,0,0,0,0,0,0,0,0,0
588,146.308,158.941,170.972,178.567,175.091,165.89,152.562,142.392,131.055,121.074,104.586,80.2767,57.1066,38.0091,25.9662,18.5018,13.6061,11.8878,12.2778,15.6087,23.8713,33.8265,42.5848,54.0583,70.776,99.795,134.713,181.486,219.336,253.643,307.799,380.102,468.239,580.244,687.237,797.681,857.012,935.982,1022.79,1061.67,1123.2,1130.39,1207.74,1263.69,1322.69,1371.22,0,0,0,0,0,0,0,0,0,0,0,0,0,0,0
588.5,141.196,154.199,165.678,171.482,169.473,160.341,146.643,136.765,126.662,116.016,101.251,78.0798,55.2777,37.0324,25.157,17.9785,13.4115,11.6012,11.8325,15.151,23.1883,32.8422,40.9008,52.1143,68.5971,95.5261,130.88,174.078,210.432,249.142,295.568,365.464,450.679,560.594,667.284,767.926,824.465,898.37,982.459,1028.63,1073.84,1097.59,1165.82,1210.52,1267.04,1326.16,0,0,0,0,0,0,0,0,0,0,0,0,0,0,0
589,135.632,148.333,160.202,164.352,163.772,155.428,141.009,131.992,121.884,111.561,97.3179,75.2585,53.6371,35.8308,24.2369,17.322,13.1909,11.2643,11.5355,14.758,22.4053,31.5244,39.7538,49.7061,66.1818,92.3813,127.514,168.9,201.571,238.095,285.053,349.511,438.133,535.824,648.517,734.073,798.205,866.178,946.549,988.059,1018.12,1058.82,1129.93,1170.5,1217.99,1266.29,0,0,0,0,0,0,0,0,0,0,0,0,0,0,0
589.5,130.362,142.023,153.652,157.381,158.495,148.929,135.519,126.889,116.959,106.4,94.0654,72.4302,51.4093,34.6376,23.3535,16.6774,12.8198,10.8906,11.2271,14.2693,21.664,30.5156,38.2521,47.8935,63.4239,88.2954,121.582,162.403,191.855,229.098,270.921,332.56,418.559,504.971,620.466,705.982,764.45,828.233,916.77,959.624,970.758,1029.9,1091.29,1124.66,1165.22,1205.76,0,0,0,0,0,0,0,0,0,0,0,0,0,0,0
590,125.21,136.363,146.976,151.019,151.908,142.125,130.468,122.3,110.094,101.637,90.7762,69.5688,49.2184,33.2334,22.5166,16.0429,12.3989,10.5462,10.9776,13.7953,20.7217,29.2219,37.0535,46.0837,60.2382,85.0925,115.934,152.484,184.481,218.759,259.158,319.534,396.787,486.911,592.216,672.737,729.314,799.145,869.033,919.098,933.03,986.538,1048.09,1078.02,1105.13,1133.2,921.711,0,0,0,0,0,0,0,0,0,0,0,0,0,0
590.5,119.391,130.512,140.662,144.808,145.405,135.58,125.407,116.727,104.384,96.5962,86.6409,66.851,46.9207,31.6629,21.8495,15.318,12.0331,10.2686,10.6872,13.3714,19.9686,28.0586,35.7186,44.1465,57.2491,81.6455,110.674,144.898,177.174,207.541,248.708,307.695,383.277,465.502,562.933,635.482,692.145,764.729,830.047,872.422,904.169,940.316,992.232,1031.21,1051.94,1070.6,872.498,0,0,0,0,0,0,0,0,0,0,0,0,0,0
591,114.032,124.827,134.582,137.757,138.594,128.666,119.64,111.304,99.3557,92.4644,81.6401,63.5994,44.8183,30.5069,20.9926,14.9843,11.6033,9.97277,10.3493,12.9688,19.2116,26.7614,34.4305,42.2542,55.1095,77.2257,107.071,137.723,169.402,198.009,240.371,295.404,365.082,445.225,536.389,608.694,656.755,730.509,782.017,832.043,870.824,887.422,941.462,978.32,1007.85,1013.33,829.526,0,0,0,0,0,0,0,0,0,0,0,0,0,0
591.5,108.323,119.977,128.261,131.181,131.279,122.741,114.052,106.506,95.76,88.3077,77.7367,61.0815,42.6742,29.0609,20.102,14.3672,11.2039,9.68488,10.0141,12.5193,18.4193,25.6814,32.9139,40.3072,53.0226,73.992,102.79,131.229,161.831,188.17,230.055,280.344,346.26,427.786,506.402,578.97,629.45,696.401,744.177,791.661,828.885,847.031,889.118,925.742,957.542,959.771,791.286,0,0,0,0,0,0,0,0,0,0,0,0,0,0
592,103.106,114.316,121.792,124.739,122.941,116.287,107.702,101.302,91.2383,84.1775,73.5839,58.3293,40.536,27.7538,19.1491,13.9414,10.7171,9.34395,9.59855,12.0915,17.5249,24.759,31.479,38.8017,50.6603,70.3452,97.2487,125.531,153.647,180.442,217.546,264.955,328.702,405.927,480.053,555.534,599.801,656.978,707.97,752.23,785.408,804.121,846.749,872.112,913.585,912.998,746.235,0,0,0,0,0,0,0,0,0,0,0,0,0,0
592.5,98.3826,108.458,115.58,118.492,116.336,110.401,102.344,96.5717,87.1646,81.0182,70.1997,55.3173,38.5909,26.4333,18.4373,13.4413,10.2467,9.04657,9.23658,11.6346,16.8887,23.5353,30.2277,37.3815,48.6436,67.2869,92.5645,118.894,146.329,173.349,205.562,250.841,313.266,385.771,452.605,529.3,574.131,623.938,673.57,712.385,740.565,775.221,800.841,825.539,869.097,859.574,698.225,0,0,0,0,0,0,0,0,0,0,0,0,0,0
593,93.417,102.611,109.779,112.408,110.422,103.809,97.2834,91.691,83.2113,77.0816,67.1449,52.5626,36.7035,25.2166,17.8362,12.9784,9.9464,8.69559,8.90595,11.1701,16.031,22.6315,29.0846,35.6509,46.4556,64.2511,87.8993,113.917,139.012,165.406,195.283,238.379,298.004,365.552,435.222,502.766,542.487,592.532,641.668,676.994,704.085,739.129,760.417,785.774,824.312,809.537,645.049,0,0,0,0,0,0,0,0,0,0,0,0,0,0
593.5,88.9522,97.2981,104.885,106.906,107.043,98.5555,92.9278,87.3214,78.6879,73.3591,63.6902,49.5714,34.9373,23.9552,17.2782,12.6573,9.70264,8.45479,8.65931,10.7905,15.5889,21.7773,27.9155,34.0458,44.6216,61.0094,84.497,109.345,132.842,157.946,184.567,226.155,283.011,345.586,415.575,476.836,513.784,568.372,612.76,646.401,667.592,701.028,724.176,750.172,779.312,766.326,601.656,0,0,0,0,0,0,0,0,0,0,0,0,0,0
594,84.9813,92.8697,100.332,101.517,102.496,93.8697,88.785,83.455,74.9152,69.4962,60.9135,47.7376,33.3136,22.9852,16.63,12.2578,9.55991,8.19532,8.38959,10.4814,15.1352,20.9906,26.7397,32.5553,42.4942,58.5609,80.7099,104.024,127.641,150.408,176.785,217.683,270.002,329.167,399.104,455.012,486.665,542.09,588.889,619.034,635.543,669.3,689.824,717.278,737.821,729.885,566.741,0,0,0,0,0,0,0,0,0,0,0,0,0,0
594.5,81.3691,89.205,95.8743,96.9785,97.041,90.5068,84.7367,79.2819,71.3181,66.1814,58.4146,45.9354,31.7256,21.9342,15.9713,11.8455,9.33329,7.99314,8.07908,10.1919,14.5797,20.3135,25.4856,31.1909,40.6346,56.2879,76.9865,100.309,122.152,143.266,169.757,206.269,257.131,312.127,383.901,437.743,466.881,516.177,561.639,592.25,604.907,637.093,660.251,687.74,703.906,693.584,534.089,0,0,0,0,0,0,0,0,0,0,0,0,0,0
595,78.0735,85.6731,91.7505,92.8697,92.9342,86.4664,80.787,75.2311,68.7677,63.3084,56.3697,44.249,30.4355,21.3095,15.2638,11.5276,9.03301,7.77467,7.84299,9.97634,14.1836,19.6376,24.5738,29.8062,38.9629,54.0879,73.546,95.6,116.388,136.747,162.768,196.516,246.923,297.8,365.958,418.938,444.867,489.39,534.144,560.588,579.44,606.889,628.834,656.35,669.452,659.971,506.785,439.359,0,0,0,0,0,0,0,0,0,0,0,0,0
595.5,74.8108,82.3094,88.0033,88.8477,88.9783,82.803,77.468,71.5998,65.74,60.975,54.113,42.4073,29.3652,20.728,14.774,11.2359,8.80904,7.61672,7.65127,9.74837,13.6713,18.9831,23.5112,28.7293,37.1739,52.4643,70.6767,91.6354,110.514,131.502,155.527,187.171,236.985,287.866,350.501,400.013,425.534,467.378,508.043,533.83,558.375,575.587,597.96,627.736,639.916,622.96,477.669,413.357,0,0,0,0,0,0,0,0,0,0,0,0,0
596,71.6653,78.8228,84.6503,85.5858,85.4127,79.3137,73.9375,68.5643,63.2068,58.5266,51.4774,40.4238,28.4277,19.9181,14.3086,10.882,8.58324,7.44481,7.50118,9.51564,13.2814,18.354,22.6509,27.7476,35.8503,50.3931,67.6292,87.9276,105.474,126.236,147.569,179.457,225.378,275.07,333.786,377.988,409.85,447.041,485.171,510.468,530.447,545.014,570.103,596.08,613.321,598.01,452.676,385.948,0,0,0,0,0,0,0,0,0,0,0,0,0
596.5,69.1729,75.4608,81.3763,82.0106,82.118,76.288,70.5044,65.9299,60.5438,56.3701,48.7034,38.7514,27.5524,19.1806,13.9037,10.5511,8.40499,7.2365,7.34573,9.26747,12.8323,17.7411,22.1271,26.882,34.4507,48.56,65.1672,84.5965,100.323,121.725,140.76,171.503,216.123,264.883,320.13,360.406,393.427,428.352,462.349,491.215,511.469,522.687,547.633,566.887,588.519,568.692,423.096,361.159,0,0,0,0,0,0,0,0,0,0,0,0,0
597,66.6977,72.761,78.2408,79.0209,78.3085,72.917,66.8958,63.5153,58.1576,53.8638,46.7448,37.5106,26.5887,18.4974,13.457,10.2506,8.24399,7.05731,7.1756,9.00297,12.5035,17.1847,21.5547,25.9049,33.3098,46.6466,62.7196,81.3748,96.7439,116.973,134.42,164.366,206.416,254.873,308.947,346.679,378.826,408.524,443.7,475.593,493.754,504.662,524.838,541.35,565.332,538.204,398.109,335.863,0,0,0,0,0,0,0,0,0,0,0,0,0
597.5,64.4662,70.2879,74.8499,75.5027,75.2093,69.9886,64.2302,61.2971,56.0518,51.4349,44.8243,35.9444,25.4568,17.9725,12.9841,9.86131,8.02001,6.90429,6.98314,8.71853,12.1268,16.6856,21.0773,25.0224,32.2161,44.8444,60.3421,77.9319,93.1354,111.829,127.519,157.553,199.204,243.883,297.311,333.361,361.582,392.908,426.167,453.158,470.371,482.502,499.781,523.806,537.369,513.155,375.763,312.603,0,0,0,0,0,0,0,0,0,0,0,0,0
598,62.0436,68.0014,72.0377,73.1161,72.207,67.6495,61.8734,58.9104,54.136,49.4024,43.4494,34.859,24.6006,17.5778,12.6441,9.70272,7.83619,6.71346,6.81825,8.46381,11.8658,16.2855,20.4208,24.3362,30.9684,43.3384,58.3607,75.0529,90.0819,107.76,124.027,153.744,191.54,234.913,286.036,322.34,343.926,376.608,408.411,435.198,451.78,468.006,483.34,504.571,514.52,487.76,357.194,290.527,0,0,0,0,0,0,0,0,0,0,0,0,0
598.5,60.0379,65.6129,69.3199,70.7959,69.9914,65.9255,60.3417,56.6699,51.969,47.3632,42.0879,33.6292,23.8043,17.0318,12.2855,9.48587,7.62156,6.5834,6.62459,8.23642,11.5262,15.7668,19.7059,23.6754,30.0962,41.911,56.2866,72.2886,87.0096,103.37,119.95,147.782,185.085,226.027,273.345,311.769,330.287,360.672,392.394,420.535,434.907,448.201,460.524,488.163,494.243,463.97,342.266,271.186,0,0,0,0,0,0,0,0,0,0,0,0,0
599,57.796,63.1718,66.5561,68.8738,67.7175,63.7035,58.5727,54.7814,49.9578,45.6915,40.8011,32.7042,23.0705,16.5309,11.9954,9.36242,7.49285,6.50173,6.46065,8.03233,11.2521,15.3701,19.1233,22.8903,29.1472,40.1303,54.3375,69.3165,83.9927,98.9925,115.445,141.949,179.142,219.279,262.047,300.937,315.432,345.83,377.676,402.648,418.887,434.349,444.756,467.5,475.334,449.232,326.906,253.148,0,0,0,0,0,0,0,0,0,0,0,0,0
599.5,56.1727,61.1891,64.621,66.8026,66.1908,61.8678,57.1065,53.0047,48.3573,44.2987,39.7793,31.7285,22.303,16.0221,11.6317,9.25473,7.31462,6.35612,6.37325,7.8097,11.0071,14.857,18.6772,22.1678,28.4456,38.296,52.174,67.6166,81.6239,95.3231,113.261,136.633,173.311,211.768,253.52,289.69,305.701,336.825,364.569,390.478,404.574,419.983,427.415,448.06,460.2,429.718,312.448,237.777,0,0,0,0,0,0,0,0,0,0,0,0,0
600,54.5199,59.1844,62.7094,64.5311,64.4692,59.9276,55.681,51.3552,47.082,43.3755,38.5081,30.8916,21.6048,15.5235,11.2644,9.10773,7.19208,6.28775,6.27232,7.61808,10.7866,14.4191,18.0775,21.4133,27.4928,37.1349,50.3499,65.7456,78.7216,92.213,109.285,132.823,168.378,204.507,244.848,278.988,295.654,323.174,353.097,376.297,388.577,402.689,410.335,429.406,442.451,415.271,296.222,220.87,305.13,0,0,0,0,0,0,0,0,0,0,0,0
600.5,53.1074,57.7695,61.1215,62.6566,62.5959,58.4143,54.1168,49.981,45.8459,42.1226,37.1902,30.0057,21.2192,15.0993,11.0011,8.85918,7.10324,6.20039,6.27603,7.46495,10.5952,14.0495,17.6248,20.8699,26.7138,35.9137,48.9631,63.8962,76.4,90.3601,106.151,129.407,163.63,196.237,238.222,270.712,286.606,314.646,339.64,366.949,375.535,391.151,402.697,415.177,425.971,398.16,283.375,207.843,286.71,0,0,0,0,0,0,0,0,0,0,0,0
601,51.8607,56.2991,59.8365,60.8305,60.9402,56.5283,52.3435,48.4232,44.6595,40.9546,36.0617,29.1334,20.787,14.7551,10.8405,8.67827,6.99805,6.03952,6.20263,7.39438,10.3548,13.8345,16.9938,20.3211,26.0881,35.2775,47.5125,62.2899,73.1577,87.5875,103.135,124.985,158.581,190.013,229.635,262.457,277.56,304.952,330.204,353.623,363.656,378.122,391.838,403.078,415.771,389.012,271.838,196.268,271.607,0,0,0,0,0,0,0,0,0,0,0,0
601.5,50.6791,55.1494,58.3927,59.3365,59.1378,54.982,50.798,47.3372,43.4089,39.7733,35.0876,28.251,20.1685,14.4136,10.7269,8.48941,6.89828,5.95806,6.09695,7.34448,10.1842,13.4715,16.7129,19.9981,25.5599,34.6384,46.348,60.4563,71.1158,85.1806,100.455,120.186,154.326,184.428,222.673,253.587,267.386,297.204,322.662,344.162,349.876,365.898,380.474,394.732,399.509,379.679,262.919,184.67,255.912,0,0,0,0,0,0,0,0,0,0,0,0
602,49.5664,54.0683,56.8948,58.0911,58.0857,53.3163,49.1956,46.051,42.3999,38.7998,34.4048,27.4519,19.7454,14.1268,10.5861,8.3183,6.78606,5.84792,5.95741,7.13743,10.0042,13.3337,16.3218,19.5816,24.8171,33.9601,45.1594,59.3582,69.3964,82.4814,97.3235,117.389,148.884,180.722,215.158,246.731,262.218,287.126,316.643,333.677,340.477,355.254,371.684,385.831,390.579,370.56,254.989,175.232,238.473,0,0,0,0,0,0,0,0,0,0,0,0
602.5,48.5604,53.129,55.6913,56.8448,56.7106,52.0902,47.953,44.3237,41.801,37.8009,33.7512,26.8978,19.2505,13.8716,10.4408,8.12115,6.67462,5.72976,5.8512,6.9605,9.8513,13.1392,15.9188,19.17,24.41,33.3917,44.0272,57.8686,68.5269,79.8828,94.7647,115.377,144.932,175.724,209.826,239.33,255.679,278.782,308.139,325.988,331.25,345.379,361.216,375.05,382.826,359.789,247.679,165.676,220.524,0,0,0,0,0,0,0,0,0,0,0,0
603,47.6966,51.9857,54.3462,55.7844,55.4515,51.0746,46.7485,43.1935,41.215,36.8263,33.0571,26.2921,18.9463,13.6265,10.2212,7.96183,6.5524,5.66668,5.73026,6.86117,9.71371,12.9978,15.7696,18.8638,24.0113,32.3959,43.3546,56.526,67.1573,78.5542,92.1358,113.641,140.707,171.861,204.503,234.387,251.705,271.107,302.222,315.095,321.867,334.585,351.875,364.791,372.542,351.164,241.622,157.615,204.7,0,0,0,0,0,0,0,0,0,0,0,0
603.5,46.7985,50.8336,53.2978,54.5549,54.1748,50.1119,45.8634,41.8759,40.4194,35.995,32.462,25.831,18.4866,13.4435,9.97112,7.79023,6.45158,5.62035,5.65544,6.77949,9.63004,12.8244,15.485,18.478,23.5256,31.6049,42.6331,55.4333,65.3311,76.1976,89.6005,110.974,136.932,166.585,199.947,228.795,244.349,266.599,294.616,307.897,317.529,325.725,340.808,356.053,361.285,341.064,233.595,150.252,189.493,0,0,0,0,0,0,0,0,0,0,0,0
604,45.7073,49.6255,51.7432,52.8826,52.8285,49.0862,44.9087,40.9291,39.4694,35.2239,31.9872,25.1995,18.0907,13.2286,9.71006,7.68299,6.38295,5.50858,5.58951,6.67709,9.41727,12.6034,15.2641,18.2017,23.0951,30.7162,41.8384,53.9972,63.4095,73.706,87.1507,108.053,133.096,162.227,193.393,225.476,239.261,260.889,287.471,300.544,308.612,319.215,332.426,346.787,352.146,331.416,229.043,143.629,176.454,0,0,0,0,0,0,0,0,0,0,0,0
604.5,44.7236,48.7272,50.7575,51.6702,51.8117,47.6857,44.1012,40.3955,38.5561,34.5027,31.4323,24.5716,17.8227,12.9939,9.51174,7.63006,6.2907,5.49891,5.53802,6.57425,9.27273,12.3923,14.9137,17.8461,22.4452,30.0064,40.7816,53.1465,61.8596,71.3817,85.5261,104.414,130.122,159.234,188.371,218.608,233.623,255,281.373,296.337,297.909,311.925,324.076,339.524,342.871,324.358,221.598,137.182,163.457,0,0,0,0,0,0,0,0,0,0,0,0
605,43.9427,47.8563,49.6691,50.6336,50.7243,46.7199,43.2796,39.4311,37.6176,33.9606,30.8704,23.9733,17.5229,12.7109,9.41248,7.5525,6.21362,5.39364,5.46088,6.44183,9.10807,12.0955,14.6663,17.4657,22.0255,29.4681,39.952,51.8448,60.6206,70.4708,83.622,101.019,128.228,156.173,184.658,214.086,227.668,249.125,272.63,291.858,289.068,305.009,316.149,329.757,336.75,318.509,215.886,130.428,151.513,263.337,0,0,0,0,0,0,0,0,0,0,0
605.5,43.1665,47.0607,49.1279,50.0021,49.8434,45.9407,42.5728,39.1827,36.7506,33.5244,30.0419,23.6075,17.2655,12.4605,9.32822,7.50174,6.13247,5.30357,5.37913,6.36876,8.99578,11.8363,14.3322,17.0751,21.6924,29.0609,39.2024,50.9362,59.1372,69.7591,82.2192,98.9162,125.887,152.063,181.561,208.859,221.457,244.091,266.304,286.269,283.113,298.983,309.296,323.19,326.33,314.13,211.06,123.605,140.66,246.285,0,0,0,0,0,0,0,0,0,0,0
606,42.4904,46.0099,48.0996,49.2209,48.9842,45.1824,41.7176,38.3156,36.1132,33.105,29.4869,23.3055,16.9458,12.27,9.27326,7.44336,6.10106,5.24755,5.33533,6.31135,8.86589,11.6123,14.159,16.6951,21.3942,28.6997,38.5947,49.7658,58.2923,69.508,79.9557,98.1871,124.014,148.687,180.546,205.101,216.266,238.051,257.832,280.853,279.624,294.502,301.633,316.767,319.205,308.311,206.078,119.001,129.82,232.387,0,0,0,0,0,0,0,0,0,0,0
606.5,41.7668,44.9425,47.1749,48.4818,48.0655,44.535,40.8467,37.8561,35.6477,32.4414,28.3127,23.0448,16.6821,12.0536,9.15287,7.29023,5.96661,5.22562,5.26052,6.25269,8.72043,11.3313,13.9514,16.3511,21.0128,28.2997,37.8504,48.671,56.7633,68.2421,77.8164,96.5752,120.881,145.453,177.005,201.38,211.703,233.047,252.796,272.272,276.931,291.098,296.291,309.702,311.999,298.616,202.747,115.015,120.078,217.22,0,0,0,0,0,0,0,0,0,0,0
607,41.2672,44.2288,46.2553,47.3395,47.1886,43.67,40.1684,37.2162,35.19,31.7508,27.5571,22.7403,16.3493,11.6303,9.05333,7.18349,5.91255,5.13947,5.21746,6.17366,8.57885,11.2706,13.7944,16.083,20.6865,27.7237,37.2008,47.5147,56.0159,66.632,76.4335,94.9669,118.387,143.917,172.136,198.464,207.957,228.17,248.609,267.105,274.699,285.923,291.442,302.07,308.025,290.084,199.115,111.569,111.884,202.401,0,0,0,0,0,0,0,0,0,0,0
607.5,40.6649,43.2661,45.4955,46.383,46.265,43.0379,39.405,36.4592,34.6729,31.0753,27.0029,22.4011,16.0935,11.3204,8.93416,7.04004,5.82327,5.13202,5.10333,6.10318,8.4529,11.1409,13.5802,16.0053,20.4091,27.2204,36.5403,46.0394,54.87,65.4366,75.173,93.1498,115.509,141.9,166.603,194.876,203.985,224.627,245.672,259.797,270.891,278.016,284.702,296.029,300.801,280.381,195.514,109.338,105.163,189.226,0,0,0,0,0,0,0,0,0,0,0
608,40.0383,42.7065,44.4556,45.387,45.1159,42.3152,38.6661,35.8209,34.0333,30.6794,26.5396,21.7525,15.7193,10.9479,8.81596,6.95353,5.81166,5.0382,5.02782,6.08078,8.27711,10.9904,13.3191,15.7349,20.1267,26.5861,35.89,45.013,53.6056,63.8032,73.6107,90.8087,112.585,138.772,162.673,190.892,201.729,221.031,240.202,254.626,266.524,271.893,278.49,293.122,295.474,274.506,192.068,105.837,99.934,175.496,0,0,0,0,0,0,0,0,0,0,0
608.5,39.3743,41.6276,43.5521,44.586,44.3205,41.6109,37.9341,35.0714,33.2666,30.2124,26.7039,21.0853,15.5151,11.0162,8.62961,6.86419,5.76662,5.01685,4.98022,5.98135,8.18381,10.8355,13.0782,15.4656,19.5555,26.029,35.0286,44.098,52.7705,62.3294,72.2667,89.008,110.296,135.896,159.486,186.011,199.224,217.167,236.655,249.912,261.211,266.603,270.834,287.233,288.883,269.4,186.597,103.277,94.8248,162.195,0,0,0,0,0,0,0,0,0,0,0
609,38.4488,41.1257,42.676,44.0049,43.295,40.6409,37.2658,34.6157,32.5047,29.7135,26.2954,20.6864,15.3417,10.9542,8.37656,6.87731,5.67447,4.961,4.95463,5.91157,7.99516,10.6404,12.819,15.2089,19.1355,25.5247,34.0997,43.4107,51.7429,61.1321,70.7019,86.7709,107.992,133.354,156.748,179.594,196.084,211.234,232.541,245.152,255.032,259.774,266.963,282.107,282.626,264.352,180.855,99.8947,90.7856,151.373,0,0,0,0,0,0,0,0,0,0,0
609.5,37.5521,40.3984,42.1072,43.3655,42.7493,39.9052,36.6822,34.2343,31.8549,29.1392,25.9013,20.1867,15.231,10.9433,8.25525,6.77395,5.59562,4.91199,4.89698,5.8081,7.8644,10.4211,12.6598,14.9527,18.6179,25.0519,33.1516,42.4889,51.2519,59.7726,69.9837,85.4754,105.191,131.306,154.563,175.049,192.221,205.117,228.953,240.591,250.659,253.919,260.419,273.926,277.539,259.692,174.914,98.0594,86.2999,139.303,0,0,0,0,0,0,0,0,0,0,0
610,36.9611,39.8183,41.4443,42.7528,42.0164,38.9548,36.1273,33.5768,31.3409,28.6143,25.4302,19.9997,15.0176,10.8309,8.08062,6.72583,5.53326,4.83173,4.81356,5.73205,7.70579,10.1418,12.4691,14.7198,18.4184,24.5381,32.7861,41.4192,50.3679,58.4699,68.4159,83.4305,104.252,127.837,151.01,171.419,185.708,198.469,222.711,237.214,247.616,247.377,253.421,267.071,272.545,254.619,169.642,94.9037,82.462,128.145,241.659,0,0,0,0,0,0,0,0,0,0
610.5,36.4688,39.2244,40.8643,41.9539,40.9543,38.2541,35.6085,33.1241,30.9002,28.2688,25.0784,19.6508,14.7435,10.6331,7.93338,6.61518,5.45814,4.73251,4.73041,5.65557,7.5814,9.89856,12.2273,14.4093,18.1801,24.1098,32.1827,40.7972,49.6645,57.294,67.3954,82.2023,101.822,126.284,149.56,169.078,181.195,193.67,218.37,231.865,242.137,243.525,247.299,262.468,268.24,249.772,167,93.9308,78.3398,118.405,227.22,0,0,0,0,0,0,0,0,0,0
611,35.9726,38.4013,40.2127,41.0993,40.1555,37.4754,35.0286,32.4629,30.4807,27.8912,24.708,19.2968,14.4425,10.5703,7.90807,6.56885,5.3713,4.69644,4.62978,5.59075,7.56059,9.724,12.0098,14.0933,17.8928,23.5658,31.9175,40.0985,48.1799,55.9987,66.3546,80.8497,99.2564,122.782,145.891,166.307,177.248,189.791,213.62,226.763,238.48,241.364,243.059,258.193,264.295,245.308,163.405,90.7326,75.1378,109.76,211.981,0,0,0,0,0,0,0,0,0,0
611.5,35.4267,37.7464,39.6005,40.3534,39.1113,36.8863,34.2823,32.0884,30.0302,27.5825,24.2059,18.9982,14.1792,10.4224,7.79826,6.47315,5.27981,4.61813,4.55102,5.48337,7.45557,9.57171,11.698,13.8141,17.6615,23.0085,31.5094,39.2451,47.3742,55.2826,65.2935,79.0259,96.8369,120.308,143.015,163.149,173.086,186.544,209.244,222.693,232.443,237.81,240.159,255.464,258.552,238.971,163.606,89.139,71.8297,102.976,197.967,0,0,0,0,0,0,0,0,0,0
612,34.7544,37.1216,38.9375,39.8982,38.6557,36.4041,33.6914,31.6986,29.6064,27.0811,23.7508,18.8238,13.947,10.2801,7.85174,6.39872,5.24433,4.56493,4.51473,5.43219,7.37147,9.50708,11.4966,13.5568,17.33,22.4252,30.9386,38.6595,46.2762,54.8048,64.4223,77.5764,94.2994,116.641,139.416,158.658,170.203,183.652,204.685,218.043,228.21,232.529,235.05,251.174,252.389,232.992,158.353,87.8795,69.691,95.9904,183.493,0,0,0,0,0,0,0,0,0,0
612.5,34.1654,36.65,38.4217,39.2909,37.7396,35.7799,33.09,31.251,29.0908,26.5972,23.4763,18.5471,13.7007,10.0834,7.77451,6.34302,5.14209,4.45742,4.47937,5.33584,7.25127,9.32103,11.3511,13.4026,17.0416,22.0159,30.4576,37.961,45.2114,53.3572,63.2699,75.8852,93.3325,114.13,136.214,154.922,167.155,180.623,200.51,214.532,222.536,228.27,230.688,247.281,247.169,228.702,155.098,85.9279,67.4264,89.9722,174.376,0,0,0,0,0,0,0,0,0,0
613,33.6438,36.3765,37.8306,38.3814,37.5059,35.3689,32.6564,30.7832,28.6772,26.0152,23.1452,18.3129,13.4378,9.93135,7.66815,6.24378,5.12185,4.38869,4.48161,5.28179,7.14081,9.21804,11.1691,13.1994,16.7357,21.8041,29.6981,37.2176,44.5506,52.2352,61.6238,74.1936,91.3876,111.971,133.968,150.929,163.933,177.562,195.921,210.253,218.872,223.218,224.855,243.66,242.339,225.776,151.317,85.2422,65.3847,84.3204,162.743,0,0,0,0,0,0,0,0,0,0
613.5,33.1265,35.9037,37.2669,37.5631,36.4938,34.6326,32.2527,30.1332,28.1139,25.4039,23.0249,18.0775,13.2118,9.90113,7.57898,6.12464,5.06461,4.30534,4.44376,5.22811,7.03147,9.05721,10.9144,12.9224,16.3766,21.5589,29.0494,36.3682,43.8838,51.0205,60.7085,73.2606,90.9733,110.998,132.644,147.542,159.998,173.691,192.975,205.25,214.758,217.104,220.161,239.866,237.267,222.917,148.694,84.2092,63.6724,79.3307,151.934,0,0,0,0,0,0,0,0,0,0
614,32.5825,35.3677,36.7415,36.7728,35.5667,33.8199,31.8261,29.5272,27.5879,24.7348,22.5404,18.0496,12.9904,9.76423,7.45629,6.06768,5.06519,4.30205,4.37464,5.16259,6.86983,8.99789,10.6884,12.7505,16.1606,21.3444,28.509,35.6176,43.2287,50.2791,59.6269,72.3598,89.4267,110.094,130.725,146.224,157.465,171.057,189.342,200.958,210.397,212.67,216.727,234.899,233.066,218.512,147.81,82.7701,61.7706,74.9068,139.358,0,0,0,0,0,0,0,0,0,0
614.5,31.9951,34.6232,36.1771,35.929,35.1956,33.2822,31.4672,29.0136,27.199,24.225,22.1503,17.8903,12.8808,9.66866,7.40465,5.97059,4.94703,4.28207,4.34356,5.05426,6.73745,8.88642,10.5237,12.5086,15.7093,21.1034,27.9986,34.7266,42.5119,49.69,57.9176,71.3641,87.7149,108.628,129.121,145.009,155.826,169.142,186.766,198.335,206.16,209.01,212.369,230.842,230.229,212.202,145.442,81.0941,60.718,70.9259,128.823,0,0,0,0,0,0,0,0,0,0
615,31.6546,33.9614,35.7306,35.3305,34.9239,32.777,30.9818,28.7113,26.8264,23.7453,21.9125,17.7543,12.8083,9.5116,7.33712,5.91861,4.88428,4.2373,4.26052,4.99866,6.66621,8.82207,10.3518,12.3,15.465,20.6703,27.7267,34.7172,41.6534,48.6949,57.2164,69.8179,86.8893,106.516,126.379,143.75,154.23,167.533,184.3,195.124,204.87,207.201,212.762,225.832,228.202,207.641,143.534,79.6425,60.2461,67.5173,117.938,220.647,0,0,0,0,0,0,0,0,0
615.5,31.2186,33.4701,35.1327,34.9713,35.3779,32.6709,30.4755,28.2515,26.5714,23.5355,21.6033,17.4638,12.6891,9.38494,7.25937,5.8595,4.86322,4.22598,4.25368,4.95988,6.58891,8.71033,10.3418,12.2523,15.09,20.1956,27.4082,34.3737,41.1634,47.9533,56.2972,68.7023,85.3034,104.803,124.265,142.875,153.534,165.209,181.473,192.795,202.196,205.029,209.085,222.687,223.553,204.544,140.911,78.3806,59.7124,64.8694,108.927,206.657,0,0,0,0,0,0,0,0,0
616,31.0094,33.0979,34.5217,34.2584,35.2852,32.183,30.1195,27.9698,26.259,23.5315,21.2219,17.1977,12.6618,9.33732,7.23392,5.84183,4.86897,4.20023,4.21052,4.89423,6.54593,8.54417,10.1754,12.0902,14.9357,19.9451,27.0552,34.1391,40.4256,46.8452,56.1835,68.1396,83.7781,103.687,122.825,141.151,150.571,161.675,179.219,190.185,200.123,202.155,208.189,219.805,221.455,204.819,139.507,77.0452,59.1478,61.9676,101.693,198.269,0,0,0,0,0,0,0,0,0
616.5,30.7068,32.7534,33.9876,33.9393,34.9457,31.8945,29.7029,27.6402,25.9959,23.6091,20.9603,16.9992,12.5447,9.31526,7.21351,5.86764,4.88052,4.23264,4.1784,4.85462,6.50353,8.39159,10.0943,11.9485,14.8416,19.8222,26.5209,33.8244,40.1621,46.1404,55.5541,67.5928,82.3857,101.992,120.36,139.829,149.095,159.637,177.028,188.09,196.788,200.36,206.074,217.746,219.55,202.769,137.479,76.6932,58.617,59.4299,93.7899,185.546,0,0,0,0,0,0,0,0,0
617,30.5057,32.4529,33.7151,33.9406,34.5779,31.7631,29.3845,27.5237,25.6939,23.4496,20.5888,16.7693,12.5817,9.33022,7.07095,5.86597,4.84488,4.22062,4.16919,4.7955,6.44348,8.31497,9.99198,11.7394,14.6284,19.4497,26.247,33.0598,39.3991,45.4929,54.7136,67.0205,81.1159,100.473,119.112,137.198,147.455,157.691,174.867,186.138,194.355,198.577,206.096,214.585,216.915,200.503,135.336,76.0699,58.2783,57.8883,87.3316,174.884,0,0,0,0,0,0,0,0,0
617.5,30.1708,32.1918,33.6798,34.2072,33.9943,31.6436,29.1646,27.5232,25.52,23.3142,20.6082,16.7032,12.5169,9.23331,7.0257,5.86594,4.81722,4.21734,4.10788,4.77876,6.38775,8.26514,9.97697,11.595,14.5487,19.2646,26.1028,32.6637,38.9661,45.5457,54.1745,66.3712,80.587,99.6596,118.522,135.237,146.393,155.719,172.733,185.182,192.92,196.665,205.253,212.133,214.021,198.309,134.276,75.7482,57.8755,56.025,82.3939,163.203,0,0,0,0,0,0,0,0,0
618,30.0218,32.1983,33.6217,33.917,33.5441,31.3602,28.8775,27.5072,25.099,23.2271,20.4377,16.5547,12.415,9.14462,6.91327,5.86135,4.81269,4.18069,4.09463,4.776,6.3318,8.24014,9.81108,11.5051,14.3052,19.0815,25.4256,32.1898,38.439,45.4783,53.2624,65.9702,79.4665,98.6356,116.977,132.884,145.141,154.196,171.409,182.728,190.571,197.237,202.956,210.382,213.261,197.29,133.617,74.112,57.5111,54.7717,78.3125,152.032,0,0,0,0,0,0,0,0,0
618.5,29.9058,32.074,33.4637,33.5991,33.6006,31.2252,28.6847,27.1875,24.9262,23.1441,20.5353,16.5134,12.2676,9.09974,6.94191,5.8602,4.80768,4.17322,4.08612,4.74472,6.29814,8.17452,9.77128,11.4291,14.2661,19.011,25.0195,31.7981,37.9389,45.2878,52.5416,65.6121,78.7938,97.7551,117.233,132.542,143.925,152.985,169.479,182.413,188.511,196.356,200.397,207.413,211.682,198.356,133.58,73.59,57.555,54.52,74.7286,141.634,0,0,0,0,0,0,0,0,0
619,29.7308,32.0972,33.2333,33.3313,33.5572,31.0991,28.6122,27.0069,24.8917,23.0062,20.6436,16.4821,12.2303,9.00416,7.00705,5.88177,4.81419,4.16272,4.10683,4.72007,6.29096,8.16971,9.62656,11.3375,14.1962,18.8733,24.5678,31.8034,37.9397,45.3402,52.6175,65.5738,78.1571,96.7367,116.676,132.672,142.779,153.213,168.782,181.325,188.119,194.626,199.85,206.605,210.768,197.29,132.656,73.546,57.7667,54.2216,71.2459,131.115,0,0,0,0,0,0,0,0,0
619.5,29.4884,32.2436,33.2466,33.2768,33.3492,31.2574,28.6379,26.9483,24.9123,22.889,20.7057,16.5342,12.2037,8.93489,7.05007,5.89699,4.82765,4.14595,4.05447,4.69296,6.28238,8.13941,9.62881,11.3101,14.241,18.8034,24.6931,31.7174,37.8643,45.0016,52.9333,65.0898,78.1048,96.1784,116.801,132.063,142.035,152.952,169.001,181.509,188.554,194.352,198.339,206.042,211.326,197.02,132.517,73.799,57.204,54.3865,68.7258,122.66,0,0,0,0,0,0,0,0,0
620,29.3456,32.3858,33.2262,33.7026,33.3562,31.5601,28.7968,27.0534,25.0949,22.8484,20.7826,16.5084,12.3016,8.99031,7.06627,5.85118,4.80939,4.13914,4.05067,4.68081,6.28153,8.13865,9.60277,11.2926,14.228,18.8209,24.7311,31.7827,37.9525,45.1434,53.1684,64.5021,78.3148,96.7276,116.704,132.108,142.418,152.259,168.843,180.3,187.99,194.538,199.33,207.718,210.409,196.572,132.228,73.5009,57.1745,54.4987,66.4416,114.384,213.858,0,0,0,0,0,0,0,0
620.5,30.865,32.6149,34.122,35.5433,35.145,32.0945,28.586,27.0138,24.5237,22.2331,19.8911,15.6358,11.4918,8.37956,6.36693,5.05284,4.03091,3.41532,3.486,4.10784,5.4887,7.31578,8.96598,10.787,13.8265,18.483,24.9871,31.8975,36.8165,44.9454,53.1272,65.0463,79.4453,99.7371,119.642,133.935,143.634,157.104,171.257,184.778,193.145,196.671,205.578,212.222,215.282,201.203,132.284,74.4153,59.8612,55.8219,65.9391,111.939,204.607,0,0,0,0,0,0,0,0
621,31.1045,33.0025,34.6106,35.8076,35.4971,32.3238,29.1264,27.1307,24.578,22.3341,19.9052,15.696,11.4957,8.39838,6.40734,5.09326,4.07892,3.4468,3.45696,4.09735,5.5338,7.38199,9.02747,10.7917,13.839,18.5157,25.0145,31.8211,36.6822,45.0649,53.2202,63.9995,79.695,99.7203,120.399,134.805,144.134,156.926,172.628,184.405,194.305,195.637,206.8,214.986,218.173,200.872,133.058,75.3262,60.2569,56.8281,64.5709,105.22,195.896,0,0,0,0,0,0,0,0
621.5,31.4557,33.4141,34.86,36.0748,35.8228,32.6491,29.4309,27.0441,24.8508,22.426,20.032,15.9268,11.5746,8.50578,6.45384,5.12402,4.11577,3.47728,3.45521,4.1014,5.45348,7.399,9.12205,10.8223,13.8252,18.3923,25.0274,31.9974,37.3263,45.5761,53.2033,63.6993,80.5832,99.5653,120.667,135.69,145.774,157.432,171.917,184.063,195.31,196.681,208.975,216.142,219.871,205.082,135.003,76.7529,60.6688,57.6486,64.6058,99.3578,185.99,0,0,0,0,0,0,0,0
622,31.8764,33.98,35.1711,36.451,36.0134,33.2477,30.0364,27.2591,25.1544,22.6839,20.2714,16.0929,11.8356,8.52406,6.53235,5.14329,4.15283,3.5169,3.46331,4.15056,5.49648,7.36795,9.18099,10.9424,13.8264,18.3167,25.2944,32.1137,37.8253,45.8698,53.3043,64.5499,80.3814,99.5835,121.495,135.629,144.38,158.736,172.834,186.155,197.218,197.242,208.285,218.689,222.694,204.788,137.719,78.5775,61.2779,58.7481,64.4883,95.0308,177.396,0,0,0,0,0,0,0,0
622.5,32.3841,34.5794,35.716,36.8262,36.4355,33.5923,30.4742,27.4473,25.6054,22.9171,20.4718,16.3446,11.9946,8.6084,6.57041,5.22534,4.21331,3.54719,3.5069,4.16668,5.49043,7.3656,9.20791,10.9736,13.9005,18.3179,25.3827,32.5251,38.2295,46.4573,53.5575,65.3178,81.3494,99.0079,121.891,136.49,144.357,160.477,174.548,188.986,196.463,198.925,209.147,220.518,223.285,204.804,140.455,80.3536,62.2445,59.9386,64.741,91.791,170.12,0,0,0,0,0,0,0,0
623,32.9129,35.4067,36.1338,37.3089,36.7447,34.0475,31.034,27.7993,25.9681,23.3089,20.6439,16.4653,12.2336,8.81728,6.60542,5.23229,4.2612,3.54591,3.52218,4.17383,5.52979,7.36088,9.19603,10.9936,14.0008,18.2392,25.4919,32.5816,38.6059,46.8504,54.0418,67.4269,82.5331,98.5106,122.876,137.056,145.305,161.996,175.26,190.831,197.751,203.65,212.254,222.377,226.927,206.412,142.571,82.0591,64.3018,61.8499,65.5304,89.4238,162.301,0,0,0,0,0,0,0,0
623.5,33.5464,35.7287,36.9318,37.8488,37.6763,34.6109,31.3256,28.3254,26.5013,23.71,20.7048,16.5957,12.4023,8.99087,6.6728,5.34901,4.28656,3.58329,3.50126,4.19669,5.58323,7.43032,9.21642,11.0722,14.1934,18.4863,25.8604,32.6094,38.7879,47.1103,54.8865,68.0121,83.411,99.1877,124.149,139.557,147.538,163.328,177.398,193.372,199.589,207.089,216.65,223.865,230.016,206.582,144.832,83.5376,65.9429,63.3374,66.9866,88.2891,154.712,0,0,0,0,0,0,0,0
624,34.269,36.4762,37.7717,38.8266,38.6469,35.3855,31.7174,28.8305,27.0883,24.2679,20.9638,16.8703,12.586,9.22661,6.87176,5.42796,4.33138,3.63745,3.54183,4.22742,5.60408,7.48298,9.22529,11.1086,14.1387,18.556,25.9357,32.6455,39.5662,47.6877,55.4447,68.4619,84.1712,101.205,125.431,141.227,152.193,163.142,180.514,195.614,204.307,211.096,221.282,227.783,233.566,210.689,148.214,85.7639,68.204,65.2896,69.1462,86.9523,147.562,0,0,0,0,0,0,0,0
624.5,35.0058,37.207,38.227,40.0458,40.0059,36.4644,32.4774,29.5047,27.5758,24.8375,21.4515,17.26,12.8122,9.3604,7.00755,5.5363,4.40789,3.70726,3.58792,4.27231,5.72825,7.60669,9.31317,11.3153,14.3606,18.8586,26.2733,33.4945,39.599,48.1028,56.276,69.1399,84.7855,103.518,127.612,143.89,154.329,165.635,183.832,199.755,208.877,214.253,225.09,232.069,237.684,214.758,150.532,89.3706,71.0519,68.0989,71.3695,86.3214,141.171,0,0,0,0,0,0,0,0
625,35.9712,38.5158,39.6465,41.514,41.5445,37.5199,33.52,30.3487,28.0194,25.3604,21.7652,17.841,13.207,9.52265,7.20902,5.70272,4.49602,3.78358,3.70029,4.31655,5.7942,7.70532,9.42511,11.3577,14.5798,19.2095,26.5315,34.2437,39.4499,48.8886,57.6293,69.8598,85.9481,106.688,130.127,146.509,157.818,167.91,186.481,202.315,211.623,217.93,230.383,237.366,242.562,219.37,155.025,92.1906,74.1403,71.6956,73.7856,87.7068,136.861,216.627,0,0,0,0,0,0,0
625.5,36.8546,39.8893,40.9329,42.8146,42.872,38.771,34.6504,31.3034,28.6873,25.9912,22.3918,18.4293,13.5962,9.78861,7.33848,5.8071,4.65134,3.87325,3.77605,4.34488,5.89709,7.8544,9.5947,11.4307,14.9074,19.4762,26.9955,35.2059,40.2085,49.5764,59.0229,72.2296,86.6385,109.908,133.559,148.968,159.518,171.309,189.279,207.982,216.31,222.226,235.47,241.202,247.897,224.396,158.339,96.4229,77.8259,76.0952,76.8782,89.6552,133.299,212.176,0,0,0,0,0,0,0
626,38.1231,41.1867,42.8853,44.4112,44.4794,40.2261,35.683,32.3579,29.5553,26.7666,23.0751,19.0482,14.0956,10.2021,7.5067,6.04257,4.7883,3.96131,3.85594,4.40114,6.01449,8.04112,9.80726,11.6417,15.1852,19.7189,27.7618,35.8002,41.5328,50.5492,60.4529,74.2561,88.0499,111.976,138.585,152.356,164.705,176.285,194.29,211.616,220.621,227.368,240.149,249.333,254.712,229.809,164.325,100.582,82.1639,81.0242,80.7916,92.5143,131.546,209.237,0,0,0,0,0,0,0
626.5,39.6795,42.9677,44.8475,46.2217,46.1032,41.6615,36.9496,33.4154,30.6562,27.776,24.0594,19.7203,14.5609,10.5369,7.77076,6.23549,4.92797,4.0159,3.94911,4.43753,6.15071,8.23456,9.99651,11.8469,15.5027,20.0187,28.3437,36.4072,42.976,51.7005,61.5264,76.2392,90.8116,114.925,142.054,156.06,169.462,182.293,199.067,218.726,226.061,234.429,246.867,253.651,262.358,239.084,169.075,105.527,86.6609,85.6624,85.3814,95.7643,130.825,204.157,0,0,0,0,0,0,0
627,41.5996,44.5683,46.6593,48.3581,48.0753,43.1297,38.2114,34.56,31.9357,28.6896,25.3462,20.5209,15.0888,10.9866,8.10668,6.44709,5.09497,4.07337,4.00585,4.55149,6.21165,8.40094,10.2043,12.4388,15.8328,20.9035,29.4029,37.5253,44.8051,53.4065,63.5194,78.2473,93.6363,118.286,145.448,162.253,174.078,186.575,207.615,226.21,233.478,242.447,254.574,261.439,271.941,252.541,175.66,110.167,91.9429,90.5019,91.6488,98.899,131.665,201.594,0,0,0,0,0,0,0
627.5,43.4469,45.9968,48.6266,50.2811,49.8517,44.9407,39.9776,36.11,33.2818,29.6653,26.5225,21.4471,15.6656,11.3737,8.52546,6.73912,5.26738,4.19824,4.0878,4.70055,6.3875,8.61302,10.491,12.8928,16.308,21.6003,30.4818,38.7781,46.0623,54.6843,65.6548,80.412,96.5825,122.749,148.682,166.928,179.846,192.775,214.654,235.396,241.973,251.374,265.338,270.37,281.393,262.324,182.792,115.619,98.5339,95.9206,98.1359,103.361,134.069,199.908,0,0,0,0,0,0,0
628,45.3199,48.1611,51.0519,52.4873,52.1175,46.7364,41.8995,37.9548,34.5937,31.0593,27.6332,22.3874,16.0614,11.9083,8.97746,6.9928,5.4848,4.36555,4.19265,4.85875,6.55432,8.85649,10.8269,13.3633,16.7417,22.3282,31.679,40.6044,47.7588,56.392,67.9412,83.0093,100.768,126.969,154.509,172.903,185.928,200.654,224.458,244.666,253.106,262.213,274.077,281.128,290.752,273.518,190.852,123.252,104.317,102.146,104.858,110.095,137.36,200.146,0,0,0,0,0,0,0
628.5,47.4557,50.7384,53.3942,54.8649,54.3509,49.3565,43.6097,39.8581,35.8794,32.6391,29.0579,23.3541,16.8315,12.3032,9.34791,7.28405,5.69315,4.60496,4.36827,5.0179,6.76842,9.15259,11.1973,13.6946,17.3549,23.0264,32.6242,41.9513,49.7119,59.025,71.155,86.4986,106.109,132.145,161.982,180.233,193.639,210.494,233.478,254.374,264.019,272.75,285.645,294.73,298.821,279.878,200.13,131.323,111.528,109.946,112.861,117.213,141.519,200.919,0,0,0,0,0,0,0
629,49.8727,53.8115,56.2608,57.3063,56.8065,52.0277,45.7977,41.6346,37.3596,34.3399,30.4813,24.3175,17.5413,12.9369,9.76806,7.56025,5.82774,4.80718,4.52183,5.20121,6.96916,9.4298,11.6197,14.0637,18.007,24.0361,33.7795,43.5444,51.7043,61.4666,74.0556,89.4087,110.402,137.465,167.322,186.001,202.096,218.815,244.86,265.675,273.622,284.943,298.68,306.58,310.878,292.316,210.612,140.23,118.998,118.743,120.713,123.679,145.369,197.907,0,0,0,0,0,0,0
629.5,52.8295,56.9903,58.8237,60.4907,59.312,54.8417,48.6285,43.7806,39.1295,35.8642,32.1306,25.3594,18.5264,13.5856,10.3324,7.95076,6.08058,5.03658,4.69495,5.39519,7.22713,9.71467,12.0618,14.5237,18.9193,25.2256,34.9834,45.2442,53.9919,64.1673,77.0892,93.0121,114.564,145.069,175.705,194.394,211.517,229.446,254.465,277.382,284.271,297.684,312.283,322.758,327.251,306.451,221.626,149.896,128.071,126.839,128.739,130.604,151.038,199.885,0,0,0,0,0,0,0
630,55.6552,60.2826,62.3067,63.7788,62.3592,58.011,51.7913,46.3041,41.1252,37.4748,33.625,26.6586,19.4192,14.455,10.7935,8.40183,6.33394,5.25827,4.88776,5.59413,7.41782,9.98893,12.4742,15.2146,19.6701,26.2034,36.3447,47.0439,56.1003,66.7752,80.2917,96.7463,118.354,151.04,183.19,203.011,220.127,241.383,264.56,291.165,297.664,312.273,326.399,334.974,342.209,319.817,233.188,158.66,137.682,136.072,137.781,138.092,157.246,201.046,284.099,0,0,0,0,0,0
630.5,58.1875,63.1593,65.9542,67.5186,66.4032,60.9138,54.8302,48.9481,43.1343,39.2491,35.1941,28.1202,20.5234,15.4065,11.3549,8.85972,6.61322,5.48375,5.07299,5.84013,7.72428,10.3843,12.9551,15.764,20.5202,27.4459,37.841,49.3644,58.3475,69.9763,83.9983,101.036,125.269,158.067,191.604,214.2,231.571,252.323,277.008,302.273,311.15,325.946,336.761,350.493,361.903,335.223,246.795,170.72,149.122,145.156,147.822,147.027,164.554,204.973,287.883,0,0,0,0,0,0
631,61.1803,66.1702,69.6069,70.2177,70.7246,64.4925,57.6268,51.7108,45.0885,41.5966,36.9929,28.9535,21.7907,16.1472,11.7466,9.26911,6.96744,5.68218,5.27791,6.05811,8.00408,10.7752,13.4997,16.2568,21.2647,28.4409,39.3646,50.9997,60.4651,73.1346,88.1134,106.687,132.002,163.945,200.11,225.735,241.606,265.031,291.258,316.984,324.947,338.8,349.667,367.91,378.44,347.955,261.131,180.039,158.032,154.397,157.877,155.728,172.603,209.319,291.541,0,0,0,0,0,0
631.5,64.3343,69.68,73.1193,73.4077,74.8998,68.1227,60.4763,54.0742,47.2279,43.6092,38.6865,30.4099,23.0431,16.9017,12.3048,9.64129,7.19587,5.85693,5.47955,6.27658,8.36818,11.2716,14.0669,16.9529,22.1009,29.6568,41.3146,53.1527,62.1241,76.597,91.4941,112.088,139.629,171.312,208.953,237.788,252.865,274.998,301.177,330.687,339.019,354.982,367.088,384.572,397.996,368.767,275.378,190.932,167.452,164.169,168.479,166.704,180.5,214.576,296.966,0,0,0,0,0,0
632,67.9418,73.4006,76.6239,76.8329,79.0398,71.8492,63.4415,56.5067,49.7974,45.7002,40.6738,31.7201,24.2262,17.5628,12.8621,10.0643,7.52016,6.11854,5.69324,6.51037,8.5344,11.714,14.6494,17.7876,23.0292,30.9141,43.2746,55.3873,65.1361,79.9858,95.5908,117.543,145.776,180.713,217.784,249.149,266.738,289.251,315.497,344.581,356.278,370.254,386.559,404.059,417.565,386.456,289.681,200.754,177.919,175.505,179.406,176.442,188.693,221.327,300.603,0,0,0,0,0,0
632.5,71.7453,77.9199,80.7009,81.1265,83.1235,75.3958,66.1135,58.6453,52.3769,47.7522,42.397,33.2272,25.0764,18.2466,13.4581,10.4888,7.90065,6.37714,5.92619,6.75913,8.80659,12.1395,15.2335,18.6296,23.9577,31.9834,45.3807,57.4789,67.1953,83.225,99.972,123.778,152.798,188.938,228.209,259.535,279.659,302.505,328.775,361.333,373.545,384.963,409.502,421.621,435.299,407.996,304.688,213.539,187.829,184.103,188.99,188.77,197.254,228.834,302.979,0,0,0,0,0,0
633,75.6626,81.7774,85.4484,85.9001,86.8413,79.1063,69.0905,61.1179,55.4105,50.2883,44.158,35.1162,26.1431,18.9382,14.0082,10.9607,8.24906,6.60204,6.1349,7.00501,9.06954,12.5615,15.7932,19.499,24.9195,33.2609,47.2034,59.4421,70.9481,86.718,104.758,128.121,159.288,195.388,236.818,272.163,292.176,315.066,345.104,375.643,390.921,403.88,428.867,441.835,456.573,426.332,319.23,224.187,199.815,195.399,200.187,199.553,206.191,235.292,304.98,0,0,0,0,0,0
633.5,79.4668,85.5295,89.8747,90.0961,90.4774,82.5872,72.1858,63.9159,58.1312,52.7513,45.7975,36.9053,27.0241,19.7115,14.6657,11.41,8.56795,6.90656,6.33282,7.22576,9.53263,12.8895,16.241,20.2971,26.051,34.4326,48.6447,61.6275,74.3078,90.148,110.186,133.722,166.357,202.614,245.668,281.573,301.77,327.332,362.289,391.237,403.14,423.772,444.005,459.744,473.397,447.41,333.704,235.76,208.865,204.214,209.164,210.95,216.997,245.374,303.852,0,0,0,0,0,0
634,82.9329,89.4347,93.7304,93.6944,94.252,86.3511,75.8054,67.031,60.6712,55.2104,47.2399,37.6399,28.1307,20.5439,15.4309,11.8104,8.87934,7.10993,6.49746,7.4283,9.97635,13.3283,16.8627,21.0733,27.0639,36.0513,49.9601,64.5732,76.6902,93.154,113.946,137.66,172.436,211.047,254.357,292.259,313.174,337.768,374.55,405.918,416.755,442.947,456.996,477.659,495.144,467.78,345.871,246.284,218.886,215.276,221.1,220.741,226.469,252.243,305.128,0,0,0,0,0,0
634.5,85.8406,92.9521,97.2925,97.2452,97.939,89.9656,79.4032,70.0331,63.3894,57.6206,49.2201,39.4825,29.6104,21.3807,15.9925,12.2471,9.36836,7.4386,6.6667,7.60483,10.2525,13.7481,17.4211,21.8021,27.6032,37.4192,51.8248,67.8539,80.328,96.7156,118.111,141.469,179.95,219.309,264.704,303.883,321.908,350.321,390.493,422.631,434.659,459.203,474.165,494.325,513.373,481.348,359.453,257.326,231.006,226.141,229.518,230.419,237.796,258.707,307.752,0,0,0,0,0,0
635,88.3298,96.2356,100.549,100.494,102.244,93.7077,82.0604,73.2692,65.919,59.6221,51.1677,41.0092,30.4334,22.0408,16.6889,12.5886,9.69412,7.65887,6.8592,7.77272,10.5023,14.2019,17.9573,22.5235,28.3294,38.8699,53.8862,70.0353,83.0311,98.8293,121.429,145.663,185.886,228.132,274.371,312.224,333.217,364.222,403.344,438.405,454.05,472.898,493.106,513.021,527.537,503.203,371.139,268.113,243.556,234.448,240.977,239.173,247.362,264.067,315.941,388.14,0,0,0,0,0
635.5,90.9156,99.7922,104.789,104.293,106.238,97.6786,85.4164,76.2429,68.4267,61.677,53.5515,42.603,31.6435,23.0656,17.2002,13.1082,10.1181,7.89794,7.16221,8.07319,10.7713,14.7124,18.4876,23.1047,28.6986,40.2924,56.1699,72.5969,86.2023,102.646,125.411,151.681,191.993,237.124,285.224,322.339,342.19,376.168,420.552,454.257,472.025,489.837,515.809,534.26,551.67,519.326,387.757,281.888,254.872,246.48,250,248.197,254.594,272.367,323.53,391.71,0,0,0,0,0
636,94.1777,104.137,108.721,108.744,110.271,101.219,88.3883,79.2081,70.9555,63.7595,56.1825,44.4844,32.6067,23.8997,17.8981,13.6319,10.3636,8.01927,7.33663,8.36633,11.0716,15.2113,19.0052,23.8531,29.7264,41.3707,58.1647,74.2459,90.0888,106.753,129.378,157.879,199.675,244.79,295.502,330.514,350.834,389.088,434.727,469.108,489.023,505.863,532.819,549.17,569.845,540.442,405.447,293.788,266.655,253.881,260.477,258.59,265.118,282.45,327.075,399.366,0,0,0,0,0
636.5,97.9114,107.973,113.037,112.491,114.453,105.093,91.427,82.0148,73.3859,65.7738,58.549,45.9538,33.885,24.6432,18.4825,14.2938,10.7245,8.09937,7.59351,8.62437,11.4759,15.6866,19.6064,24.4465,30.6951,42.6553,59.6908,76.6812,92.8919,111.215,133.249,165.111,206.204,252.103,301.256,341.948,365.492,402.365,450.737,486.423,505.385,525.45,548.5,565.293,587.218,561.538,421.392,304.428,277.678,264.914,270.926,268.309,274.59,292.822,330.598,404.106,0,0,0,0,0
637,102.388,112.391,116.636,117.315,118.616,109.023,95.5336,84.1459,75.8469,68.601,60.7783,47.5747,35.212,25.8705,19.2006,14.9044,11.0221,8.28964,7.79394,8.91533,11.8091,16.2837,20.1193,25.0901,32.2576,43.7292,61.5593,78.626,96.4566,114.526,137.99,171.896,213.953,260.518,311.426,354.755,377.638,419.287,467.846,500.78,523.536,540.666,566.047,579.729,604.076,582.893,437.831,315.829,288.424,275.555,283.009,280.854,287.27,302.332,336.047,408.917,0,0,0,0,0
637.5,106.501,116.354,121.197,121.973,122.443,113.143,99.2569,86.8214,78.4388,70.4988,62.69,49.2861,36.166,26.8386,19.7622,15.4832,11.3925,8.61062,7.9998,9.08797,12.2712,16.7966,20.6769,25.8201,33.3779,44.9214,63.5645,81.4201,99.719,117.687,142.611,178.408,219.417,269.418,322.061,365.907,396.631,430.621,484.871,518.811,542.189,557.907,582.278,592.259,622.766,602.562,453.563,329.66,297.967,288.373,294.468,293.175,298.895,313.536,343.224,413.495,0,0,0,0,0
638,110.757,120.51,125.791,127.616,126.933,117.56,102.833,89.3651,81.0262,71.6867,64.8925,51.2475,36.3497,27.7117,20.5277,16.0535,11.7742,8.93529,8.31106,9.39246,12.7274,17.1763,21.2857,26.5275,34.5415,46.4206,65.3655,85.152,102.86,121.917,147.687,184.6,225.528,278.796,335.735,380.007,409.948,443.985,500.057,532.992,558.927,573.862,602.11,615.075,646.76,625.719,468.901,345.67,311.371,299.507,306.663,306.902,314.036,319.185,351.349,420.131,0,0,0,0,0
638.5,115.604,125.474,131.45,133.344,131.782,122.527,106.476,92.7724,84.1158,74.5361,67.1491,53.6927,37.6853,28.3542,21.3035,16.6955,12.1814,9.28355,8.60723,9.63517,13.1421,17.7676,22.0163,27.4398,35.8295,48.5934,68.0207,88.5944,106.232,126.864,152.705,190.868,232.807,288.357,347.212,393.264,427.065,460.217,520.108,552.678,578.054,599.936,623.258,632.65,669.416,653.123,492.74,364.29,324.472,314.185,319.808,319.809,328.637,330.563,362.726,430.086,0,0,0,0,0
639,120.606,130.807,136.687,138.969,137.173,127.972,110.394,97.2132,87.4724,77.8602,69.4513,56.1844,39.2545,29.2295,22.1045,17.1265,12.6028,9.66067,8.89046,9.92813,13.5085,18.2977,22.7964,28.3483,37.3012,50.206,70.2301,92.3,110.024,131.264,156.55,195.758,243.371,298.213,358.329,409.635,441.494,472.828,539.381,570.464,599.603,628.33,652.989,664.421,691.029,679.431,514.423,383.518,342.31,328.268,334.194,335.852,345.026,343.795,372.397,438.076,0,0,0,0,0
639.5,125.76,136.35,142.506,144.121,142.492,133.654,115.025,101.682,91.2365,81.7166,71.6608,58.6509,41.7073,30.5637,22.8519,17.7606,13.1087,10.1006,9.18081,10.2429,13.9365,19.0264,23.3949,29.2557,38.9315,51.3143,72.429,95.4545,114.295,136.413,161.216,202.789,250.833,308.778,372.879,428.048,459.647,488.745,558.405,590.166,625.959,658.349,684.749,693.485,719.179,709.736,540.223,399.878,356.868,343.418,352.196,350.61,359.766,357.712,383.65,447.304,0,0,0,0,0
640,130.601,142.802,148.465,150.669,148.726,140.182,119.405,106.304,94.6955,85.2198,73.5933,60.4702,44.012,32.1738,23.7517,18.2665,13.5282,10.522,9.47621,10.584,14.3615,19.7175,24.3009,30.3122,40.2145,52.2527,74.9715,99.2654,118.932,142.761,166.121,210.373,261.174,319.668,384.611,442.668,479.408,511.82,575.855,610.292,647.956,689.64,716.97,730.913,746.998,731.737,570.508,417.47,372.629,361.105,369.963,367.119,377.892,382.881,397.706,458.135,515.826,0,0,0,0
640.5,135.925,149.343,155.61,156.465,154.71,146.144,124.597,110.911,98.5137,88.2011,76.1975,62.6166,46.106,33.6874,24.8874,18.9271,13.9558,10.8884,9.83874,11.0058,14.9231,20.3369,25.1377,31.474,41.5488,54.1634,77.8041,103.585,123.16,148.979,173.027,218.883,272.227,335.978,402.025,463.523,499.239,535.082,596.531,637.11,674.603,718.131,749.644,763.033,782.101,759.368,597.503,439.302,392.529,379.603,389.99,387.448,396.358,396.376,414.733,472.736,531.958,0,0,0,0
641,141.513,156.167,162.713,164.249,162.713,151.529,129.842,115.95,103.003,91.8675,80.005,64.8291,48.6151,34.9086,25.9377,19.655,14.4417,11.2204,10.2523,11.4499,15.4711,21.0995,26.022,32.8039,42.944,56.6239,80.8993,107.392,128.784,155.995,181.14,227.012,284.044,349.074,421.513,481.288,518.304,561.992,619.357,666.719,703.906,747.494,781.994,796.705,824.095,793.474,626.651,465.344,412.453,402.492,415.331,409.307,416.802,419.595,433.596,489.288,543.177,0,0,0,0
641.5,148.012,164.192,170.621,170.915,170.806,157.275,135.891,121.096,108.132,96.1132,83.5397,67.385,50.9302,36.0806,27.1169,20.6603,14.9668,11.6127,10.5585,11.9008,16.1218,21.7119,27.1171,34.1219,44.3761,59.6085,83.9299,111.636,134.592,161.68,190.687,236.35,294.723,362.085,438.871,498.875,534.201,592.068,647.333,695.561,736.945,778.38,815.464,834.375,860.817,826.482,655.286,489.825,434.92,426.491,437.862,434.784,435.53,435.29,454.476,507.522,560.602,0,0,0,0
642,154.397,171.899,179.002,178.64,180.741,163.818,141.066,126.823,112.725,100.772,88.5936,70.5005,52.8922,37.8391,28.2322,21.7379,15.625,12.0572,10.8916,12.3823,16.7992,22.5512,28.0674,35.4593,45.467,62.8814,87.0509,115.576,141.637,167.754,198.356,246.139,302.841,376.906,455.721,521.035,557.634,617.721,676.841,726.156,771.638,808.356,846.145,867.281,895.023,870.672,688.486,515.347,458.532,448.606,456.935,453.773,459.402,455.075,478.507,526.357,578.665,0,0,0,0
642.5,162.359,179.872,186.784,186.534,189.887,172.122,147.407,132.32,116.472,104.615,91.8002,73.6765,54.9942,39.2119,29.3944,22.5442,16.1704,12.3983,11.2851,12.8128,17.3558,23.3716,29.1746,36.5481,46.5197,65.7583,90.761,119.943,148.394,172.708,207.666,256.755,313.441,393.803,476.123,541.267,583.243,645.509,707.104,753.728,799.605,839.898,884.875,908.196,928.323,909.305,722.451,542.125,480.452,469.485,479.168,479.901,483.598,478.458,494.786,548.025,593.58,0,0,0,0
643,170.712,187.054,194.348,194.699,197.486,178.94,153.855,138.221,120.945,108.612,95.1675,76.7044,56.988,41.1522,30.3877,23.4273,16.7739,12.8425,11.7006,13.2746,17.8452,24.087,30.2315,37.5341,47.8999,68.253,94.6731,124.446,152.394,178.639,215.739,266.696,322.426,408.927,494.954,562.752,605.075,668.731,731.881,787.644,835.996,868.724,913.253,940.637,963.046,929.789,757.638,566.832,504.763,487.579,497.479,500.5,508.8,504.488,519.264,564.729,607.267,0,0,0,0
643.5,178.16,193.926,201.975,202.74,204.39,187.157,157.737,143.171,125.761,112.383,98.9309,80.3293,58.5236,42.3897,31.5703,24.0925,17.3328,13.2457,11.9974,13.5894,18.3982,24.9682,31.3098,38.8982,49.8414,70.3397,98.9974,128.288,157.146,182.956,223.273,276.082,336.052,422.948,515.36,585.542,625.858,691.561,752.411,813.881,869.889,895.224,949.958,964.594,997.242,969.771,791.372,590.477,526.069,508.635,518.21,525.092,529.6,530.656,543.499,579.939,619.829,0,0,0,0
644,184.124,200.43,208.338,209.939,210.947,192.835,163.311,147.756,130.734,116.555,101.758,82.8216,59.9818,43.8505,32.3593,24.9087,17.6945,13.5691,12.3516,13.9162,18.6227,25.6288,32.1782,39.9936,52.167,72.4173,102.14,132.386,160.296,188.068,229.782,285.127,348.779,437.561,527.067,600.549,645.581,713.612,775.364,844.464,883.841,924.148,981.975,991.22,1031.02,999.501,817.369,614.937,545.454,527.254,543.451,549.314,551.642,551.047,562.517,592.224,632.581,0,0,0,0
644.5,190.05,205.683,214.053,214.587,216.882,198.051,168.189,151.628,135.194,119.428,104.589,84.879,60.9601,45.3321,33.0525,25.5378,18.1949,13.9935,12.675,14.2888,19.0472,26.2698,32.9733,41.1572,53.8442,74.0465,104.358,134.932,164.638,193.44,234.336,292.154,362.272,451.061,543.515,614.142,662.428,731.733,791.166,872.586,908.329,951.696,1003.3,1009.55,1067.66,1023.06,842.995,640.848,558.879,540.942,571.089,564.102,569.738,562.074,578.816,604.31,641.057,0,0,0,0
645,194.191,211.312,219.761,219.413,221.167,202.398,173.127,155.045,138.419,122.596,106.972,86.6552,62.6312,46.1765,34.0775,26.2701,18.6919,14.2031,13.0215,14.5758,19.4932,26.9943,33.552,41.8328,54.9549,75.7071,105.939,138.48,168.185,197.764,239.388,296.739,370.846,461.29,557.916,626.018,676.541,747.416,818.132,886.304,924.623,965.386,1023.19,1032.34,1090.57,1057.94,860.388,659.092,574.794,562.337,585.409,578.318,591.162,573.784,593.623,610.463,650.949,631.34,0,0,0
645.5,197.951,216.011,224.105,223.709,225.686,205.13,180.322,157.545,141.439,124.716,108.937,88.3607,64.0443,46.7958,34.9456,26.7289,19.2227,14.5732,13.2545,14.849,19.8717,27.1982,33.6087,42.3148,55.7479,77.1313,106.879,141.092,169.887,202.255,244.052,302.572,373.1,471.05,566.437,636.491,686.979,757.01,829.819,902.198,951.4,990.516,1038.77,1053.96,1103.78,1083.98,890.318,678.807,589.268,576.816,599.784,597.43,605.522,582.896,605.609,617.882,656.365,634.821,0,0,0
646,200.374,219.992,228.477,228.277,227.568,208.481,183.181,159.553,143.515,127.155,111.239,89.7509,65.4096,47.5651,35.3291,27.068,19.6738,14.7873,13.3724,15.0697,20.1854,27.2764,33.8154,42.8554,56.0167,78.1872,108.352,143.424,172.306,204.964,249.305,307.762,376.395,478.068,569.749,648.011,698.064,762.887,847.469,910.428,968.56,1000.97,1052.13,1077.64,1121.1,1105.39,898.832,682.572,599.95,593.532,610.032,613.45,611.183,599.272,615.189,627.404,662.093,636.936,0,0,0
646.5,202.892,223.239,231.003,230.959,231.003,210.394,184.266,161.823,145.167,129.236,112.822,91.4891,66.7841,48.3571,35.8615,27.4625,19.9945,15.0974,13.4734,15.2136,20.4656,27.3434,33.9154,43.0783,56.8695,79.407,109.359,144.398,173.268,207.643,252.395,309.902,377.485,480.387,566.935,655.707,705.173,765.759,860.636,910.448,983.959,1008.93,1067.56,1092.03,1133.56,1124.48,910.906,688.239,614.509,599.822,621.118,618.788,620.577,610.899,620.701,642.216,665.841,635.284,0,0,0
647,205.46,223.078,231.952,232.747,232.842,213.073,184.718,163.326,146.336,131.2,113.741,92.2012,68.0893,48.8779,36.2061,27.6087,20.196,15.3569,13.4954,15.3044,20.6914,27.704,34.4784,43.3103,57.2534,80.1652,110.401,146.294,175.355,209.661,250.707,313.994,380.998,483.621,568.109,662.203,708.503,773.097,872.275,918.496,991.955,1027.89,1080.99,1109.83,1131.75,1128.58,914.007,695.034,618.01,607.678,626.145,624.92,624.337,622.135,625.279,633.471,668.68,631.724,0,0,0
647.5,208.007,223.813,233.155,235.064,234.927,214.009,184.367,164.408,147.409,132.347,114.94,92.8382,68.7932,48.9617,36.5218,28.1177,20.4039,15.5453,13.6281,15.4236,20.7936,27.7898,34.8345,43.4635,58.1026,80.9761,110.357,146.543,175.536,212.412,251.74,311.537,386.69,487.286,572.222,663.494,710.183,774.663,877.836,928,992.26,1030.75,1090.05,1117.7,1139.04,1126.15,922.748,700.379,627.673,614.354,632.393,634.078,635.006,629.334,632.252,639.31,670.378,627.161,0,0,0
648,209.427,223.215,235.228,237.299,236.395,215.67,186.462,165.197,148.306,132.974,116.071,92.7214,69.5432,49.2936,36.7767,28.4126,20.5069,15.4257,13.5966,15.6087,20.852,27.9158,35.2267,43.2966,58.0335,81.4211,109.689,144.867,175.982,211.611,252.962,311.82,395.287,485.399,582.314,668.454,718.456,785.332,880.359,938.751,1003,1034.07,1099,1125.63,1149.8,1124.56,933.659,702.71,630.794,624.713,640.083,643.802,639.909,633.407,633.432,639.31,669.382,619.548,0,0,0
648.5,211.862,226.525,238.355,240.747,239.024,217.609,190.036,166.758,149.594,134.277,117.336,92.9687,70.5111,49.2713,37.3555,28.7767,20.8057,15.5957,13.7218,15.7727,20.9419,27.9165,35.5783,43.8623,57.726,81.6579,110.181,146.247,175.964,212.376,255.183,313.798,398.472,490.375,589.409,669.847,720.881,789.9,888.002,951.618,1007.56,1049.21,1111.09,1124.02,1166.1,1129.01,937.067,709.943,642.856,628.65,646.041,657.553,647.127,634.726,644.598,652.132,678.818,622.656,0,0,0
649,213.258,226.822,241.054,243.166,242.162,218.994,193.689,168.042,150.363,135.629,118.799,94.0273,70.5867,49.8147,37.8747,29.0981,20.9278,15.7002,13.8867,15.8474,21.1811,28.3263,35.7533,44.4047,57.8466,81.6863,111.357,148.089,175.216,212.325,258.671,318.449,404.243,494.923,591.94,677.529,731.741,800.426,891.075,968.382,1013.5,1055.35,1114.71,1128.68,1180.56,1142.41,934.343,714.149,641.969,637.129,650.574,660.374,659.038,642.001,651.669,664.918,682.119,624.648,0,0,0
649.5,214.86,231.963,244.564,247.151,245.492,223.856,198.074,169.625,151.473,137.303,119.936,95.0766,70.3359,50.2931,38.6485,29.601,21.1754,16.0625,14.2064,16.1414,21.4671,28.7833,36.0725,45.1511,58.3727,81.8352,113.504,150.265,177.195,214.879,260.056,320.536,407.225,498.687,595.067,690.307,737.82,810.024,902.352,971.315,1024.12,1072.92,1122.62,1145.1,1195.21,1157.29,947.428,726.691,651.931,647.138,666.405,670.768,667.02,649.776,664.459,676.684,686.815,626.44,0,0,0
650,214.875,236.827,250.023,250.363,249.272,227.804,200.978,172.567,154.264,139.537,120.675,96.4514,70.8799,51.2967,39.2802,30.1962,21.582,16.4103,14.5545,16.3389,21.9293,29.4857,36.3673,45.9492,59.8008,82.3251,115.434,152.172,180.362,218.398,263.352,327.24,413.152,508.875,599.165,695.855,758.572,821.838,914.709,989.619,1040.12,1087.41,1133,1157.34,1202.83,1178.76,956.82,737.96,668.172,652.895,682.388,681.315,682.373,654.845,677.504,694.069,692.3,628.681,640.19,0,0
650.5,217.511,244.517,255.686,255.985,253.691,234.375,204.45,176.649,158.01,142.087,122.997,98.3883,72.6338,52.4849,39.9052,30.8474,22.0438,16.6151,14.8401,16.7837,22.1777,30.1895,37.0583,46.5014,61.3532,83.4013,117.847,154.869,184.942,222.404,266.445,332.963,421.468,509.54,608.121,706.014,775.022,836.934,926.715,1009.59,1060.9,1105.61,1152.11,1174.04,1219.8,1201.03,977.494,750.153,685.617,673.394,698.104,698.783,698.89,669.86,686.549,705.829,706.292,639.348,649.929,0,0
651,223.774,250.383,262.58,262.598,259.22,241.431,207.431,182.128,162.57,146.306,126.609,100.72,75.2985,53.9769,40.8389,31.7209,22.8928,17.2918,15.2318,17.1727,22.7853,30.7373,37.785,47.7477,62.6063,85.1323,120.767,157.477,189.595,224.214,272.804,341.963,433.801,517.072,615.984,723.196,789.589,848.503,947.11,1030.28,1081.11,1126.28,1184.46,1199.76,1245.66,1231.66,1005.04,762.816,704.064,689.943,713.327,720.146,713.345,689.339,701.244,717.87,727.478,660.88,659.241,0,0
651.5,234.676,257.019,268.53,271.376,266.648,249.649,214.551,187.187,167.382,151.555,131.171,103.562,78.218,55.5914,42.1584,32.5839,23.6022,17.7643,15.6814,17.7371,23.5574,31.7302,38.5017,48.8838,63.9493,88.256,123.967,162.429,196.389,228.268,278.343,351.075,444.92,532.842,627.96,738.835,811.957,871.088,966.23,1048.69,1103.11,1153,1207.97,1226.22,1278.59,1262.34,1034.15,773.697,726.96,715.341,733.682,739.693,731.253,718.733,725.933,741.926,746.756,683.733,676.084,0,0
652,243.37,266.608,276.439,280.848,275.874,256.866,223.091,193.537,173.036,157.473,137.327,108.013,80.9565,57.7055,43.5221,33.619,24.7386,18.6751,16.1368,18.3733,24.528,32.6011,39.3715,50.1474,65.5131,90.9561,126.522,165.945,203.846,236.411,288.558,362.944,458.793,552.235,653.016,764.072,831.141,897.959,998.98,1085.01,1134.5,1182.22,1248.3,1273.19,1322.92,1299.72,1067.56,796.448,748.096,741.336,757.622,768.506,755.007,739.072,760.326,765.095,774.1,704.465,693.534,0,0
652.5,251.326,275.095,287.435,292.621,287,264.839,233.871,199.9,179.328,162.977,141.523,111.867,83.7564,60.085,45.015,34.7116,25.4225,19.2637,16.8721,19.1063,25.5432,33.6662,41.0367,51.7268,67.1907,94.5867,130.829,172.727,210.402,244.532,300.927,374.548,469.049,576.066,675.086,796.611,854.052,926.045,1034.69,1111.7,1173.56,1216.57,1293.58,1309.47,1365.77,1338.92,1091.67,814.367,783.533,764.06,784.669,792.676,784.234,764.194,790.286,796.862,803.191,729.001,717.405,0,0
653,259.936,285.851,301.3,304.726,298.44,275.173,242.379,207.101,185.537,169.379,146.163,115.401,87.3339,63.1447,46.7753,36.1651,26.6083,19.9411,17.4934,19.7274,26.4211,34.7222,42.3154,53.3504,69.7511,98.121,135.241,178.185,218.053,254.343,311.85,388.537,484.064,598.156,706.93,823.569,880.72,955.04,1069.49,1153.2,1204.11,1265.69,1345.42,1366.37,1425.07,1386.29,1130.61,857.133,814.042,794.87,809.737,826.387,807.064,786.51,821.566,825.488,842.156,755.357,742.763,0,0
653.5,268.746,293.915,315.3,316.751,311.855,286.207,250.199,217.098,192.704,174.39,151.763,121.09,90.7448,66.1831,48.62,37.9141,27.8168,20.7024,18.1532,20.3354,27.3362,36.0948,43.9937,55.34,72.2451,101.803,140.994,186.294,224.096,264.487,325.392,400.958,501.65,613.79,731.258,851.198,915.427,997.17,1109.98,1202.27,1254.33,1314.85,1391.22,1419.47,1463.55,1441.17,1164.04,888.672,844.786,825.217,846.836,855.385,840.589,823.142,849.289,861.465,873.574,784.283,770.436,0,0
654,284.636,304.767,329.729,329.218,324.815,296.027,258.353,227.576,199.245,180.74,158.144,125.625,93.8782,68.2795,51.0164,39.9059,29.0928,21.7329,18.8643,21.0654,28.3435,37.3489,44.9854,57.7274,75.4926,105.32,146.215,193.706,229.301,276.017,331.299,417.043,520.218,638.78,756.659,881.705,952.048,1036.69,1146.39,1245.95,1306.31,1367.7,1437.65,1486.69,1511.6,1486.01,1215.47,917.826,873.254,861.712,881.345,893.337,870.008,859.945,881.641,879.136,903.043,814.567,794.249,0,0
654.5,297.591,315.993,343.105,340.05,337.329,304.101,267.285,236.744,207.608,186.885,164.863,131.433,97.2519,70.2034,53.3671,41.2292,30.2942,22.6158,19.5579,21.5869,29.4236,38.9199,46.1715,59.4884,78.113,108.032,151.038,200.319,233.927,287.873,340.277,426.838,534.931,663.852,786.412,906.873,990.067,1080.92,1176.12,1303.55,1353.07,1422,1481.18,1532.72,1569.78,1542.6,1261.7,950.831,902.702,894.697,923.209,926.714,912.578,892.234,917.047,923.016,938.13,842.513,821.514,0,0
655,309.128,329.719,354.991,353.016,348.313,311.095,277.895,244.053,216.458,193.81,169.703,135.493,100.526,72.0255,55.0961,42.8785,31.3173,23.6339,20.2998,22.3865,30.5376,40.3437,47.8376,61.515,80.7836,110.351,157.48,204.087,241.251,297.837,349.529,442.871,553.215,684.731,817.089,936.045,1022.62,1119.14,1218.07,1342.23,1398.74,1463.57,1531.47,1572.48,1629.27,1597.32,1310.31,982.417,917.313,923.389,955.417,961.482,950.314,929.76,949.295,961.954,968.924,876.438,848.622,884.754,0
655.5,318.357,342.901,367.15,366.249,358.497,318.442,288.447,251.889,225.297,200.432,175.263,139.796,103.808,74.8074,56.6919,44.1715,32.3754,24.338,21.0017,23.2663,31.4839,41.6149,50.0387,63.2075,83.3259,113.938,163.184,208.356,246.865,307.336,364.061,453.563,569.931,701.229,851.623,966.308,1050.19,1144.37,1254.1,1384.78,1446.82,1508.59,1576.75,1623.19,1680.4,1640.19,1351.34,1010.56,952.849,961.29,992.296,989.53,983.878,960.706,990.596,997.553,1002,906.599,876.686,913.866,0
656,326.074,354.312,378.116,378.875,370.326,330.154,297.096,260.177,231.898,206.809,178.915,143.325,106.697,77.08,58.534,45.7425,33.7155,25.1139,21.7249,24.1167,32.318,42.6841,52.0301,65.3995,85.8551,117.685,168.831,211.166,255.755,315.772,375.554,469.445,590.028,718.305,875.618,997.763,1079.99,1179.62,1309.57,1427.16,1485.95,1555.44,1626.38,1668.59,1733.43,1692.43,1392.79,1055.17,983.466,986.869,1030.38,1023.95,1015.18,985.221,1021.5,1037.87,1024.34,931.983,903.167,945.946,0
656.5,336.599,368.399,389.398,389.47,383.47,345.995,306.64,269.828,238.335,211.833,184.119,148.086,109.774,79.4083,59.6673,47.0222,34.7642,26.1665,22.5985,24.5076,32.9686,43.6485,53.9337,66.9019,87.2463,120.338,172.884,219.097,262.851,323.509,381.848,480.231,608.819,736.277,899.666,1024.45,1100.39,1191.1,1341,1457.35,1527.48,1600.18,1665.27,1721.22,1773.49,1724.36,1424.81,1082.66,1015.8,1027.25,1047.11,1054.61,1042.17,1008.59,1031.99,1052.2,1046.51,955.091,922.707,976.945,0
657,346.718,378.48,399.71,395.834,393.685,361.267,313.252,274.87,244.228,216.604,189.081,152.439,112.082,81.3,60.3247,48.4293,35.7895,26.6567,23.162,25.1298,33.6725,44.2364,54.8567,68.6705,88.9642,123.009,175.516,225.376,273.075,329.383,390.872,488.724,618.059,756.566,915.017,1045.86,1126.73,1220.97,1380.7,1487.02,1568.56,1603.37,1700.79,1751.19,1804.85,1753.21,1459.72,1109.68,1042.94,1052.68,1074.05,1089.01,1053.84,1045.14,1055.98,1070.78,1057.09,978.563,931.295,985.788,0
657.5,354.783,388.721,407.365,402.583,404.645,370.276,321.251,277.666,249.55,220.979,193.851,155.33,114.948,83.2812,61.304,49.6305,36.6843,27.4082,23.5582,25.6519,34.151,44.8456,55.3546,69.8435,90.205,124.483,177.82,228.849,280.172,336.143,396.196,495.693,625.503,770.715,931.225,1064.65,1154.59,1229.73,1397.19,1495.27,1587.02,1625.1,1729.11,1773.04,1833.59,1780.57,1481.07,1138.23,1064.77,1073.19,1090.86,1111.64,1077.3,1063.11,1074.79,1094.6,1077.06,996.068,944.602,997.133,0
658,362.778,392.851,414.371,409.501,411.168,376.085,323.246,280.381,253.818,224.892,198.135,157.821,117.179,84.9144,61.5828,50.2463,37.0248,27.843,23.7932,26.0833,34.4282,45.3603,55.3774,70.6269,91.6713,126.728,178.868,233.228,282.306,341.233,404.574,499.702,633.147,780.507,941.242,1087.03,1157.98,1247.27,1405.43,1516.41,1621.27,1618.65,1742.4,1801.2,1865.46,1796.54,1494.64,1156.77,1074.22,1083.85,1105.15,1124.03,1092.66,1073.93,1084.57,1117.13,1097.21,1016.21,956.981,1007.99,0
658.5,366.142,396.926,418.057,414.296,416.182,378.701,327.524,282.308,256.375,227.52,198.794,158.548,118.659,86.9422,62.502,50.4748,37.4089,28.2932,24.0299,26.7689,34.702,46.0713,55.3393,71.3106,92.6645,128.431,180.302,234.369,284.323,342.301,408.502,497.655,636.88,788.18,950.462,1099.07,1156.83,1264.25,1408.53,1530.78,1627.31,1652.64,1755.39,1818.12,1886.81,1825.8,1487.75,1163.1,1081.93,1093.89,1125.42,1138.99,1115.75,1080.12,1101.31,1134.7,1109.63,1021.15,976.225,1013.87,0
659,370.814,400.168,419.704,419.993,417.394,381.261,328.066,285.778,258.276,228.536,199.966,160.503,119.587,87.5719,63.5908,50.7379,37.6001,28.6546,24.4071,26.9487,34.8868,46.5329,54.9907,71.6128,92.7093,129.369,180.637,235.84,283.274,341.647,412.943,499.694,641.868,790.166,952.944,1103.06,1140.59,1266.95,1413.74,1534.52,1611.68,1677.99,1756.51,1816.45,1891.83,1836.38,1489.34,1163.22,1083.55,1106.19,1136.34,1136.29,1131.4,1093.41,1111.74,1145.28,1115.31,1027.4,989.433,1012.84,0
659.5,371.471,402.659,420.947,421.361,419.283,382.712,331.089,288.821,258.872,228.194,199.79,160.124,118.806,87.1413,64.5899,50.6969,37.8261,28.3988,24.6532,26.9715,34.8548,46.6335,54.996,71.4174,92.0338,128.77,180.669,235.755,284.514,338.149,412.668,499.337,637.792,787.226,950.643,1102.65,1141.09,1267.72,1418.55,1524.94,1600.23,1672.62,1755.48,1804.55,1896.93,1831.9,1474.87,1160.56,1082.07,1111.28,1134.95,1139.23,1143.33,1094.21,1122.78,1150.52,1106.47,1023.2,986.036,1005.76,0
660,374.073,403.914,419.984,420.602,418.063,379.492,328.598,289.264,257.803,227.878,199.235,160.2,118.258,86.5929,65.5281,50.4985,37.7973,28.3193,24.8118,26.9717,35.0791,46.3994,54.4314,71.0473,91.7643,126.771,179.318,234.776,282.68,336.558,409.507,495.584,628.067,780.586,937.553,1096.7,1130.35,1250.73,1414.2,1520.74,1580.57,1664.85,1724.85,1790.94,1880.69,1815.32,1473.35,1155.12,1082.67,1104.78,1131.1,1135.41,1131.65,1099.83,1119.47,1142.55,1090.8,1026.51,974.346,996.513,1081.51
660.5,375.137,400.47,419.423,418.479,413.739,376.395,326.859,287.051,255.835,226.366,197.819,158.829,117.133,85.8519,65.2794,50.4855,37.5748,28.2742,24.8474,26.7453,34.7221,46.1374,54.3466,70.3581,91.0141,124.232,176.889,231.616,280.64,332.638,405.76,489.516,622.043,776.034,928.845,1087.03,1127.52,1239.51,1394.99,1512.88,1578.15,1635.63,1699.6,1767.04,1867.74,1789.7,1473.88,1149.43,1081.54,1093.6,1117.31,1127.58,1109.24,1091.39,1099.65,1122.1,1091.14,1017.82,966.603,982.125,1066.12
661,374.711,398.864,414.072,413.241,406.559,370.188,321.683,284.522,253.013,224.169,194.47,156.901,115.52,85.2507,64.9168,50.3125,37.1893,27.75,24.5849,26.3904,34.4688,45.3793,54.1486,69.2816,89.7595,122.007,174.386,230.009,275.756,323.518,402.515,482.628,614.606,768.876,919.303,1071.08,1114.3,1217.35,1386.23,1481.33,1567.5,1634.13,1692.27,1766.63,1829.06,1775.69,1451.08,1128.52,1061.06,1085.23,1105.6,1107.21,1099.48,1076.23,1082.3,1101.92,1080.08,1008.09,955.578,967.851,1042.92
661.5,369.163,394.63,407.942,408.368,399.551,365.521,318.782,278.07,249.372,220.351,191.342,155.217,114.543,84.1901,63.9023,50.1196,36.635,27.3697,24.3605,26.079,33.9607,44.7203,53.9319,68.1125,88.2894,120.244,171.023,226.542,272.704,315.41,394.49,479.662,608.44,757.794,903.507,1052.3,1084.48,1203.53,1357.39,1462.8,1560.1,1611.23,1672.61,1737.79,1789.27,1738.52,1439.86,1114.9,1054.01,1063.86,1086,1084.34,1081.76,1070.51,1059.46,1083.39,1082.31,990.274,948.599,956.281,1026.57
662,358.5,389.751,400.523,399.651,391.23,355.924,314.699,271.283,244.487,214.489,186.707,152.499,111.931,82.0864,62.6566,49.5555,36.0499,26.8464,23.7138,25.7296,33.6907,43.753,53.1067,66.5656,86.0736,118.825,167.504,222.385,268.162,307.155,389.519,470.567,594.414,744.42,890.064,1022.61,1067.34,1172.6,1329.76,1428.05,1530.38,1573.43,1651.82,1705.56,1735.92,1692.31,1421.08,1082.68,1031,1041.91,1066.73,1059.51,1074.35,1050.46,1040.1,1058.24,1059.64,964.146,926.288,940.128,1002
662.5,348.356,383.426,391.522,391.284,384.697,349.15,309.131,265.389,238.798,210.016,182.647,149.638,109.769,80.7801,61.8135,48.5242,35.2461,26.4321,23.3396,25.3136,33.1156,42.8908,52.2665,64.8868,84.1201,117.431,165.222,216.577,263.699,306.704,380.518,462.293,582.733,723.829,864.221,991.762,1052.43,1153.86,1289.55,1390.22,1496.15,1527.23,1606.77,1666.06,1697.78,1648.25,1389.14,1059.47,1006.21,1015.55,1047.14,1038.65,1050.82,1031.45,1015.08,1040.59,1042.13,948.936,908.731,930.951,981.663
663,338.549,373.451,382.522,381.156,374.8,342.281,300.274,260.083,233.088,204.055,177.969,145.091,107.454,78.9598,60.487,47.4998,34.1881,26.3473,22.9813,24.7855,32.1358,41.3605,51.0456,63.3789,81.2917,114.932,162.051,210.101,256.375,300.208,372.212,448.739,557.626,697.655,843.084,962.106,1033.44,1128.02,1263.85,1353.14,1452.46,1475.56,1563.13,1621.08,1651.63,1605.75,1351.21,1030.93,987.58,1000.45,1028.18,1009.67,1027.4,1004.42,1000.08,1015.98,1004.16,932.421,888.042,903.441,952.855
663.5,329.808,363.573,373.262,371.195,368.89,334.166,291.779,254.54,225.997,198.061,174.373,141.002,105.336,78.2127,59.4772,46.2643,33.7698,25.8383,22.7792,24.2043,31.1129,39.7998,49.6962,61.2771,78.9984,112.093,157.446,203.54,248.293,296.985,361.068,440.001,540.345,677.846,818.738,944.147,1010.68,1103.53,1221.73,1314.28,1406.74,1426.27,1520.26,1579.62,1614.59,1588.99,1317.61,1005.61,968.117,974.782,1001.72,992.781,995.86,981.644,978.958,982.603,976.046,910.804,860.621,877.88,918.791
664,322.627,352.681,362.92,360.169,358.836,327.785,282.719,245.079,218.841,192.99,170.016,136.154,103.465,76.9698,57.2954,45.2122,33.0534,25.6786,22.4669,23.8376,30.3128,38.7663,48.2981,59.8002,77.3571,109.43,153.635,197.13,240.776,287.785,352.722,425.754,526.122,657.49,794.364,912.779,965.553,1064.79,1191.17,1275.98,1367.7,1403.36,1486.54,1534.66,1563.91,1533.49,1279.78,981.313,945.933,952.894,968.068,961.207,969.144,951.108,963.601,956.928,948.874,894.721,837.548,848.896,880.722
664.5,313.521,341.142,354.329,349.605,350.167,319.171,273.547,237.333,212.199,187.918,165.382,131.464,100.286,74.1539,55.8475,44.3258,32.8799,25.0968,22.1997,23.3295,29.4312,37.6667,46.9148,57.867,75.6396,106.341,149.184,191.149,232.316,279.292,340.345,409.766,514.977,636.799,758.752,889.085,934.897,1030.78,1148.47,1234.41,1332.1,1360.15,1416.66,1490.74,1515.69,1479.74,1229.09,955.377,915.765,921.506,933.816,934.3,951.374,920.8,935.311,930.126,927.995,865.826,812.527,823.254,855.644
665,306.837,331.101,344.192,337.595,340.597,310.089,266.894,231.194,205.102,183.27,160.305,127.878,97.5023,72.3292,54.2154,43.2975,32.1465,24.7599,21.823,22.9439,28.8097,37.1595,45.7883,56.6182,74.6758,103.148,145.227,186.529,225.297,270.468,330.522,399.283,505.44,616.897,740.746,858.535,906.831,999.417,1114.83,1196.24,1289.75,1325.53,1379.04,1432.52,1472.2,1427.73,1184.63,921.298,883.222,891.03,909.652,901.899,927.431,881.777,911.39,902.521,908.664,843.135,790.247,801.844,833.897
665.5,294.994,322.185,333.955,326.672,330.48,301.626,261.558,226.505,200.51,179.288,155.817,124.134,93.9384,70.2439,53.1176,42.1129,31.3876,24.3178,21.5159,22.2668,28.1004,36.3029,44.5884,54.3843,72.2989,99.6318,140.848,182.823,217.975,258.775,317.291,384.807,491.128,596.652,708.591,838.613,880.192,969.08,1079.84,1163.22,1247.25,1286.17,1332.3,1389.96,1422.18,1376.53,1145.18,896.485,858.637,862.768,877.029,887.862,903.699,851.775,880.289,883.306,886.635,814.807,767.437,784.295,825.093
666,286.668,311.797,323.519,313.895,321.595,294.462,256.122,221.827,194.593,175.227,152.222,121.365,90.7642,68.3195,51.9672,40.8645,30.7262,23.9177,21.0862,21.764,27.383,35.5039,43.4462,52.6216,70.1583,95.7718,136.873,178.326,209.808,252.51,303.644,373.443,474.1,579.102,695.765,812.795,859.657,936.459,1050.71,1126.99,1207.94,1240.31,1298.75,1354.25,1381.46,1340.31,1114.52,864.336,835.834,841.443,848.537,870.375,878.638,831.147,857.093,856.763,860.4,796.038,742.219,760.413,806.834
666.5,278.804,302.881,312.945,303.411,311.362,286.891,250.112,216.605,190.236,170.668,148.799,118.61,88.353,67.1691,51.1115,40.0662,30.0575,23.6299,20.747,21.1629,26.6423,34.2012,42.2204,51.1703,67.6048,92.7449,132.071,172.871,202.613,243.299,294.594,361.902,461.419,561.529,672.122,785.914,828.581,900.835,1025.4,1100.81,1163.34,1210.69,1273.64,1314.36,1338.99,1309.3,1076.87,840.377,812.172,819.192,823.903,847.674,848.886,819.151,824.692,832.546,838.687,774.34,730.148,744.29,783.943
667,272.179,294.168,303.865,297.186,302.59,279.123,243.908,211.271,184.644,165.128,144.542,115.129,86.6813,65.3474,50.042,39.4324,29.8112,23.3112,20.2555,20.7714,25.9818,33.0944,41.2376,49.5446,65.775,89.9091,128.249,167.294,197.703,240.972,287.039,350.138,448.395,542.934,653.371,757.358,805.887,878.486,986.662,1060.74,1126.82,1177.67,1239.63,1277.97,1290.76,1273.47,1042.39,821.283,789.275,796.495,809.861,828.972,827.343,798.771,798.743,813.989,820.622,756.143,705.545,727.165,765.905
667.5,267.458,286.47,295.176,290.22,294.352,272.03,236.049,205.845,180.933,160.028,140.951,112.247,85.9097,63.8794,48.7753,38.9612,29.3717,22.9784,19.9966,20.3066,25.4706,31.8324,40.0538,48.2796,63.9277,87.3736,123.669,162.941,191.609,234.087,281.568,340.591,434.398,529.028,636.097,733.4,779.452,853.059,956.57,1031.61,1097.19,1149.96,1218.68,1236.84,1259.84,1245.89,1002.41,802.729,771.922,777.352,790.633,810.472,794.786,784.561,775.27,789.409,798.381,738.518,688.67,710.899,742.951
668,261.959,277.487,287.29,288.671,288.117,263.647,229.02,200.518,175.232,155.647,137.365,109.251,84.2866,61.6332,47.8976,38.2612,28.7994,22.803,19.9115,19.9451,24.9151,30.7535,38.8432,46.9503,61.9888,85.6663,119.849,158.545,184.56,227.858,274.763,332.914,423.466,515.885,618.27,719.046,763.613,837.376,928.662,1002.49,1064.12,1113.64,1180.58,1199.18,1216.17,1217.36,975.045,781.628,744.738,757.418,775.28,788.735,780.46,757.733,758.893,769.461,778.78,722.709,670.611,698.478,737.438
668.5,258.368,270.384,280.522,285.634,281.917,256.297,223.084,195.832,171.035,152.513,134.378,107.319,82.1492,60.4858,47.3305,37.7588,28.6236,22.5835,19.9621,19.9206,24.5304,30.4092,37.8446,45.9889,60.4502,83.4914,116.459,154.616,180.497,220.74,266.881,325.777,410.513,500.073,605.66,695.774,737.222,819.751,892.871,969.774,1039.4,1078.7,1152.34,1165.55,1190.72,1190.55,961.382,766.89,718.774,739.653,756.046,774.094,755.742,738.528,744.066,749.846,754.752,699.408,656.052,678.836,721.526
669,253.138,265.968,277.734,280.874,276.702,249.993,217.659,192.458,166.187,149.476,131.946,105.476,80.5419,59.3297,46.6977,37.3456,28.2645,22.3426,19.8617,20.0323,23.9751,30.1971,37.157,45.3183,58.7612,82.3242,114.228,149.886,176.233,215.429,259.578,317.856,401.762,486.854,591.965,683.033,717.819,801.469,870.896,949.412,1013.47,1050.61,1121.01,1132.79,1162.38,1161.29,943.289,749.743,699.327,728.357,738.08,756.393,738.101,728.133,726.21,735.562,735.812,687.93,638.742,663.501,708.579
669.5,248.087,262.332,271.661,277.288,269.622,244.469,214.772,187.402,164.5,148.141,129.359,104.311,79.5652,58.3319,46.1473,36.8139,28.2393,22.0869,19.6092,19.976,23.7007,29.8306,36.3453,44.5203,57.2466,80.6782,111.795,146.931,172.266,210.818,252.346,312.313,391.456,476.803,575.375,664.503,702.059,784.055,841.78,922.487,995.231,1042.11,1088.94,1108.65,1141.89,1133.9,924.656,737.929,685.873,713.205,720.84,742.165,728.29,711.052,711.47,720.868,717.385,673.216,630.675,654.591,697.647
670,243.874,260.717,266.976,272.662,259.469,241.488,210.679,183.193,161.781,145.565,126.257,102.743,78.1751,58.084,45.5449,36.2948,28.0721,21.9414,19.5111,20.057,23.5622,29.5949,35.4781,43.708,55.4519,79.3605,109.333,143.944,169.866,206.1,246.021,303.123,384.102,464.579,560.389,650.014,694.718,761.191,828.278,900.669,972.177,1020.97,1061.44,1085.62,1119.21,1097.69,909.173,725.394,667.724,699.244,710.548,731.375,712.569,697.25,706.679,711.939,706.842,661.094,624.878,645.457,686.549
670.5,238.527,257.395,264.08,267.124,255.253,238.693,207.717,180.477,160.308,143.205,124.559,101.545,77.3154,57.8383,44.9245,35.8784,27.7844,22.1752,19.5384,19.9375,23.4603,29.0334,34.8538,42.8373,54.4874,78.2387,107.172,140.819,167.903,201.83,240.376,294.468,375.268,454.711,553.404,639.609,682.209,744.06,816.667,887.432,951.104,1002.77,1039.23,1078.07,1100.09,1079.98,885.575,707.452,659.291,680.249,698.123,718.531,703.554,686.175,698.631,705.716,693.456,652.47,620.256,641.635,675.639
671,234.531,253.327,258.426,262.753,251.233,233.828,204.191,178.857,156.464,140.798,123.075,100.267,75.8714,58.2421,44.5689,35.7807,27.8233,22.1388,19.8959,19.9461,23.3347,28.6948,34.3334,41.8605,53.5344,76.5702,105.349,139.078,164.681,199.088,237.161,288.728,368.42,445.087,543.42,621.596,665.435,729.939,809.075,880.755,924.325,981.043,1020.45,1064.92,1072.13,1053.61,875.93,699.589,649.212,670.21,695.769,707.323,687.949,676.239,686.345,686.384,681.377,640.209,610.205,631.487,669.578
671.5,230.596,249.148,253.583,257.358,250.592,231.066,202.55,176.79,152.878,138.382,122.228,98.8758,74.9591,58.0395,44.5074,35.7396,27.6909,22.4324,20.3224,19.9213,22.9622,28.285,34.155,41.1691,52.7325,75.1564,103.069,135.615,159.525,195.937,233.963,281.753,362.041,435.557,534.516,599.019,652.986,719.004,788.943,866.771,912.388,964.911,992.945,1039.73,1056.22,1047.26,872.358,690.043,645.063,660.868,679.193,696.213,676.332,671.159,673.315,670.516,671.138,632.191,598.318,621.209,657.323
672,226.885,245.478,246.808,254.348,249.915,228.298,200.609,176.366,151.786,135.887,121.521,97.7506,73.6613,57.3877,44.1632,35.5453,27.8368,22.6592,20.503,20.2028,22.6638,28.0002,33.7233,40.4404,51.8518,73.1949,101.358,133.337,157.284,191.64,230.293,279.607,355.544,426.192,525.609,588.866,645.047,717.726,779.332,855.232,898.928,949.685,973.071,1022.92,1031.18,1014,856.262,684.205,639.304,640.361,668.305,680.424,664.709,658.599,662.408,659.171,655.427,621.583,594.077,607.034,647.26
672.5,223.884,241.93,240.104,251.846,245.516,227.45,197.736,175.184,150.624,134.318,119.804,97.2759,72.3947,57.0559,44.2706,35.5492,27.9947,23.1405,20.5911,20.3112,22.4932,27.9096,33.0485,39.613,51.4169,71.9496,99.4329,131.51,154.862,187.077,226.51,278.129,349.32,418.993,519.038,581.395,633.686,701.989,759.791,838.784,881.99,934.894,965.942,992.712,1016.84,1003.6,842.603,675.821,629.844,632.005,660.397,663.823,659.637,649.905,648.659,642.799,645.077,613.224,589.657,596.5,634.408
673,221.857,238.424,239.231,250.367,242.49,225.632,195.35,174.117,149.701,132.908,117.163,96.7353,72.1444,56.5427,44.0602,35.5237,28.37,23.6103,20.9598,20.6445,22.3211,27.6481,32.491,38.9986,50.9184,71.0673,98.2526,129.084,150.231,183.624,223.224,273.578,343.963,415.113,512.195,574.583,619.837,693.822,746.838,822.857,865.769,926.004,950.008,982.906,1005.02,990.8,825.279,658.338,617.284,616.65,658.057,656.572,653.383,637.347,639.058,637.104,636.26,604.874,586.683,591.496,624.498
673.5,219.398,234.281,239.275,246.433,237.262,223.093,193.249,172.703,148.99,132.46,115.295,96.0992,72.7911,56.3728,44.2804,35.9745,28.8567,24.2329,21.425,20.9584,22.4669,27.5223,32.0169,38.5373,50.3239,70.9659,96.5811,127.609,149.034,180.957,218.946,269.46,339.589,408.479,503.123,567.665,610.246,671.971,737.936,807.195,844.948,902.96,936.993,958.589,989.103,984.719,807.041,646.318,605.165,609.428,650.128,650.751,648.693,625.087,624.505,632.492,623.677,596.66,575.586,584.105,615.401
674,217.903,231.021,237.775,242.862,232.989,220.125,191.687,170.98,147.38,131.255,113.191,94.8415,73.5399,56.3889,44.6037,36.4981,29.5114,24.8058,22.1424,21.4002,22.6804,27.141,32.3124,38.6249,50.1746,69.8263,95.6319,124.858,146.662,179.479,216.285,263.538,334.032,407.701,494.547,560.38,600.166,663.846,731.608,790.185,837.162,894.66,922.475,958.199,973.298,971.213,797.968,629.435,598.802,601.867,640.137,645.715,640.718,611.733,622.506,626.991,623.51,589.042,566.362,575.929,605.521
674.5,216.145,228.268,237.38,239.681,230.901,215.752,191.461,169.106,146.657,131.063,113.094,94.2014,72.985,56.9646,45.7743,36.7199,30.0391,25.5836,23.1378,21.9939,23.0807,26.8821,32.136,38.6169,49.6266,68.5798,94.2162,122.282,146.998,178.496,211.453,258.551,330.086,399.292,484.577,550.754,593.846,650.321,722.344,779.411,824.772,876.913,907.047,938.683,960.199,953.504,778.882,621.493,592.436,591.126,627.261,642.686,627.807,604.227,613.707,629.696,621.463,578.026,557.868,566.296,598.77
675,213.129,226.724,235.312,233.548,228.844,213.166,190.112,167.834,144.962,131.059,112.451,94.4824,72.9189,57.3515,46.5883,37.5549,30.708,26.5012,24.2248,22.5722,23.7052,26.726,32.237,38.5728,49.4907,67.2937,92.5285,119.784,145.822,177.063,208.593,254.881,324.982,391.727,477.293,538.302,590.918,646.689,712.192,775.457,815.752,870.103,888.002,914.228,937.611,934.312,770.11,615.271,587.493,583.313,618.997,632.845,621.348,598.114,611.237,618.357,613.813,570.494,548.343,556.737,586.244
675.5,210.415,226.089,233.773,233.143,227.937,210.811,189.01,166.155,143.909,130.477,112.926,94.6565,73.4562,58.326,47.1198,38.7421,31.8282,27.4204,25.7563,23.4297,24.1183,26.8681,32.3253,37.8639,49.1202,66.5961,91.4608,118.317,143.602,173.519,203.573,252.618,321.994,385.657,472.666,534.008,584.209,640.47,698.722,762.884,802.327,856.006,872.728,903.435,923.36,918.694,760.322,614.336,577.499,578.147,609.417,626.596,609.421,590.208,609.311,609.301,609.547,565.952,545.372,551.361,575.847
676,209.359,225.253,233.916,232.53,227.46,210.769,187.79,166.151,143.834,130.821,113.218,95.5487,73.2661,59.7299,48.1697,40.4247,33.3623,29.2538,27.3956,24.5041,24.5182,27.3893,32.4233,37.3637,49.0253,67.293,89.8705,116.224,141.512,171.651,200.964,251.403,319.009,381.561,465.613,526.927,576.328,635.108,689.787,758.286,785.012,840.917,856.877,887.911,907.015,911.024,752.028,606.02,571.489,572.74,595.426,612.684,607.104,583.161,601.945,599.307,600.292,559.097,539.921,541.389,566.977
676.5,209.226,224.838,233.517,235.353,228.845,212.49,188.665,167.04,145.244,131.261,113.654,97.1862,74.6509,61.2388,50.0043,42.4446,35.3514,31.3973,29.245,25.921,25.1618,27.9074,32.4258,36.764,49.3669,67.4284,89.9892,115.845,140.502,168.388,198.54,248.558,315.142,378.668,461.537,524.157,566.378,631.132,679.636,744.411,772.755,827.457,849.016,888.005,903.318,900.843,744.248,599.864,569.655,570.443,593.103,604.167,602.116,583.417,595.731,595.672,599.398,551.672,536.956,536.859,558.877
677,210.561,224.852,232.181,237.744,228.758,212.14,190.464,168.404,144.649,132.156,115.427,99.4213,75.5497,64.1041,52.2721,44.3742,37.5977,34.1718,31.4807,27.4829,25.8311,28.5322,32.7742,37.199,49.8207,67.6878,89.7759,114.495,141.055,168.274,199.243,247.766,313.716,379.1,457.922,523.682,560.677,622.61,677.907,738.388,773.483,816.08,845.54,880.958,908.515,899.606,735.032,595.715,565.82,567.485,592.297,594.2,601.238,578.244,586.036,590.099,597.678,546.577,533.68,531.065,558.446
677.5,211.736,225.597,233.406,239.631,231.237,213.716,191.52,170.222,147.867,134.386,116.518,102,79.4177,66.1928,54.5557,46.3823,40.0108,36.9928,33.7588,29.4594,27.0346,29.1656,33.2629,38.3769,50.366,67.9606,88.8404,114.071,140.582,167.822,197.546,245.172,310.625,378.072,456.932,513.185,555.345,617.329,674.087,734.389,770.693,808.566,848.479,885.409,897.742,901.909,721.444,596.166,561.835,569.471,595.576,594.556,602.094,580.89,586.644,586.427,595.719,546.693,525.156,528.966,558.23
678,211.583,227.277,235.854,241.89,234.034,214.422,192.107,172.04,149.86,137.044,119.586,104.52,82.8513,68.8337,57.5707,49.1588,42.753,40.0395,36.2759,31.8269,28.2671,30.1404,34.079,39.7132,51.3691,68.579,88.8089,114.901,140.172,168.135,199.895,245.273,309.318,376.781,456.145,506.376,546.342,614.593,678.686,730.776,776.512,808.798,840.848,883.407,899.117,893.782,723.448,597.61,558.42,565.254,590.325,592.484,598.716,581.872,580.314,584.511,601.379,550.854,527.305,532.791,559.017
678.5,214.419,229.78,240.02,243.238,237.728,216.066,193.651,175.591,154.615,140.783,123.073,106.553,86.6598,72.2186,60.4861,52.7509,46.4388,43.7942,39.6015,34.5172,29.6245,31.1141,35.4183,40.4724,52.3084,69.3444,90.2438,115.713,141.128,170.424,199.063,246.257,307.935,374.412,452.071,504.678,541.323,612.364,679.276,730.709,774.227,811.849,839.394,875.347,897.139,893.153,719.799,600.188,561.445,568.701,589.463,594.123,598.265,587.319,584.976,589.24,603.29,551.314,524.997,533.286,564.364
679,217.308,232.908,243.838,245.706,242.402,219.037,196.254,179.148,159.374,145.241,126.868,110.332,90.9226,76.125,64.6869,56.5972,50.4213,48.1111,43.5139,37.3991,31.3908,32.3065,36.4749,41.7443,53.3535,70.1587,91.25,119.143,142.652,170.915,200.01,248.01,306.517,376.307,453.491,504.746,546.753,619.397,676.785,729.096,781.031,813.516,850.534,869.554,897.306,891.135,731.083,598.176,561.641,576.245,592.685,603.198,599.424,587.046,589.37,600.081,605.021,557.517,524.126,539.441,557.586
679.5,218.702,236.813,246.394,249.412,243.915,223.653,203.435,182.494,162.596,149.564,131.635,114.801,95.63,80.3943,69.214,61.183,54.8639,52.3876,48.7362,40.4814,33.1927,33.6741,37.6499,42.7801,54.0287,71.3326,92.3734,120.151,143.536,171.773,202.824,249.21,308.278,381.577,457.836,510.721,549.464,622.658,682.557,731.009,774.883,812.76,847.143,868.48,897.853,891.107,733.777,602.842,564.606,577.884,594.439,602.905,600.593,590.35,588.802,605.003,606.743,563.925,525.951,535.074,554.968
680,221.293,241.198,250.299,253.645,249.577,231.713,207.846,187.168,166.805,153.565,135.463,119.803,100.792,84.5144,74.4461,65.6176,59.226,58.1486,54.5913,43.804,35.2248,34.9672,38.448,44.0288,55.1535,72.117,94.5299,121.877,143.721,172.314,204.732,251.533,310.533,380.689,463.791,508.398,554.287,622.991,682.595,727.726,767.656,813.182,859.075,856.01,895.999,894.295,730.03,602.851,564.919,578.164,597.163,606.502,602.286,593.605,589.684,605.807,608.963,567.55,526.512,539.099,556.375
680.5,222.32,243.767,255.518,257.992,253.632,239.478,211.692,193.436,171.043,158.487,141.651,124.268,106.793,90.2273,79.9463,70.5458,64.6408,64.5145,59.8803,47.5917,37.4224,36.6836,40.0723,45.3047,56.8444,72.4929,95.6984,122.73,143.016,172.891,207.484,253.734,312.436,384.306,467.574,504.174,556.679,623.115,683.369,734.157,765.405,816.981,859.2,862.87,899.509,889.928,737.618,607.679,569.201,576.661,599.893,605.085,605.603,602.456,591.017,606.434,613.196,569.764,531.279,543.095,550.511
681,224.24,247.269,261.069,263.011,259.635,246.831,217.794,198.808,176.839,164.064,146.739,130.134,113.307,95.3799,85.4723,75.6496,70.3223,71.9511,65.5277,51.7506,39.3825,38.3976,41.5878,45.8101,58.7189,73.8077,97.4282,123.805,144.489,176.685,209.012,254.269,314.656,383.654,471.369,511.019,558.953,620.999,678.629,736.153,760.951,821.945,855.956,860.789,901.173,893.548,749.283,609.127,560.042,579.559,599.185,602.722,608.442,605.608,596.561,607.936,616.19,571.292,533.412,546.158,554.316
681.5,226.688,250.275,265.134,269.655,265.009,251.021,223.816,205.894,181.621,168.676,153.034,134.746,119.427,101.187,91.131,80.6189,76.4146,78.2043,70.6785,55.5781,41.7986,40.1994,43.5033,46.8521,60.1642,74.9614,98.2881,125.461,147.213,175.401,209.806,255.388,314.696,387.029,467.641,517.266,560.123,616.527,676.275,738.943,764.442,820.976,857.063,863.225,900.935,895.975,749.032,613.632,560.464,584.343,605.431,607.251,611.991,612.314,602.587,617.634,617.03,570.761,532.639,547.731,555.259
682,228.195,254.937,268.619,275.758,269.559,257.119,229.781,209.285,186.69,172.706,157.187,139.806,124.312,107.203,95.5784,84.9544,80.8171,84.0961,75.6602,59.1363,44.0013,41.534,44.7328,47.4153,61.6811,76.1733,99.3428,126.653,149.382,177.599,211.227,256.97,316.151,387.545,465.042,522.928,558.508,615.273,680.77,738.79,771.498,820.678,856.43,869.491,899.97,891.579,756.045,613.789,561.349,593.442,603.423,615.871,611.466,618.136,605.597,621.371,619.052,568.98,541.196,545.14,553.136
682.5,233.506,259.927,270.661,279.361,272.82,259.815,236.296,212.128,190.802,175.298,161.098,142.346,128.426,110.819,100.067,89.7733,85.0983,89.0129,80.3097,61.7279,46.0177,42.9949,45.9785,49.0383,62.903,77.7944,100.845,127.52,150.665,177.277,211.978,259.074,315.384,387.478,465.702,525.426,556.976,613.804,681.87,737.749,769.443,810.26,862.655,874.248,897.296,891.048,753.771,620.846,568.971,593.836,605.488,616.95,608.987,622.285,611.684,627.29,619.612,574.291,538.722,543.431,550.701
683,236.731,261.2,271.759,278.699,274.223,263.367,238.288,214.45,193.892,177.683,163.627,145.431,131.02,114.769,103.116,93.3352,88.0309,92.8286,83.3883,64.0995,47.5896,44.1747,46.9466,49.8507,63.7216,78.8174,101.483,128.115,151.872,176.689,214.627,260.567,314.897,388.55,466.27,528.383,556.033,613.137,680.478,738.744,769.439,808.648,854.579,859.193,898.861,886.11,752.353,618.039,573.866,590.627,605.991,615.09,606.188,621.335,603.289,628.701,626.051,575.309,541.236,542.11,547.262
683.5,237.209,263.547,271.736,278.123,273.069,264.661,240.115,215.634,196.537,180.329,165.034,145.876,133.046,116.667,105.716,96.0422,90.4158,95.1843,86.5209,66.0555,48.4894,45.1076,47.5971,51.1195,64.7225,79.9961,101.631,128.03,152.177,177.807,213.783,259.603,315.702,385.891,464.788,522.56,553.882,609.509,677.387,736.326,763.49,803.006,850.63,853.659,893.521,885.47,748.177,614.744,578.18,577.535,607.231,612.932,605.69,619.349,603.482,624.036,624.437,578.434,540.393,545.647,546.889
684,236.094,261.848,271.224,278.281,271.767,264.485,239.79,215.624,195.337,182.019,164.437,146.708,134.801,117.666,107.233,97.4572,92.0815,96.32,88.1731,67.0168,48.9802,45.7209,47.7477,52.0532,64.38,80.4041,101.651,127.693,151.264,177.102,211.766,255.095,314.728,384.982,463.191,517.311,558.917,605.85,671.285,730.885,756.533,810.244,844.916,834.735,890.269,880.997,738.765,610.191,573.569,576.262,604.379,606.779,603.172,613.501,595.182,616.074,622.198,573.316,538.741,543.685,545.934
684.5,233.256,259.974,270.248,277.814,271.997,263.223,240.488,215.083,194.53,179.387,163.543,146.554,134.641,118.23,106.791,96.3676,91.6943,95.8469,89.1561,67.5246,49.1431,45.6019,47.8905,52.5328,64.0116,80.1383,100.837,127.176,150.023,176.986,208.067,252.895,309.426,381.416,457.302,509.348,558.706,597.653,662.799,723.672,754.542,799.601,828.831,822.439,885.593,878.14,735.613,606.54,569.001,572.395,598.238,599.231,606.917,608.073,596.214,610.83,614.182,570.395,536.158,542.004,542.254
685,230.441,256.805,268.56,273.216,269.746,260.069,237.562,212.386,192.235,176.837,162.149,144.104,134.655,117.947,106.024,94.6013,90.4178,93.5283,88.2668,67.1628,49.0152,44.9189,47.3389,52.1309,63.5999,79.312,98.925,126.628,149.495,176.937,203.698,249.185,308.813,378.798,452.776,504.717,554.857,589.586,655.546,715.538,751.371,786.96,823.972,812.449,877.026,876.784,726.489,596.872,560.709,574.319,591.613,588.261,598.683,596.346,595.02,605.583,606.151,564.83,530.088,535.145,540.183
685.5,227.46,250.075,264.209,266.679,266.173,256.008,232.768,209.148,190.288,173.728,159.898,141.871,131.062,116.023,103.644,92.3925,88.2579,90.8619,86.0834,65.9482,48.4217,43.8696,46.9558,50.7085,62.942,78.2385,97.668,124.568,147.579,176.173,203.039,247.068,305.422,371.583,442.26,496.412,545.902,585.838,650.879,707.254,744.989,774.836,811.31,792.901,864.733,861.058,711.356,588.846,554.753,565.032,582.023,577.326,594.656,581.384,586.975,601.953,600.747,551.449,523.745,527.302,527.159
686,223.737,245.628,259.01,261.528,261.256,250.368,228.016,206.955,188.4,170.718,156.663,138.896,127.463,113.541,102.091,90.362,86.1945,88.7129,83.4178,64.9042,47.3112,42.8914,45.7256,49.8185,61.8804,76.8114,95.7434,123.402,145.409,175.029,201.683,244.441,304.558,365.836,432.395,491.616,537.489,574.27,642.421,696.084,740.196,758.211,805.275,786.914,854.315,847.942,705.626,581.473,550.09,558.371,573.564,576.46,587.502,570.346,578.395,590.266,591.871,543.387,516.462,516.84,514.156
686.5,220.49,238.284,254.113,257.537,255.586,246.756,222.055,202.387,183.344,167.362,153.38,137.159,123.177,110.675,99.5343,89.0583,83.5901,86.1982,80.1018,63.4529,46.28,42.2258,44.7228,49.5073,60.7909,75.4574,94.5422,121.531,142.963,172.399,198.742,240.517,300.61,359.537,425.44,485.205,522.805,564.248,634.338,679.547,723.713,750.782,793.036,777.212,846.635,833.073,696.137,570.205,544.626,548.661,562.872,574.372,576.622,568.019,568.637,576.84,582.969,532.978,504.434,509.876,500.473
687,215.965,229.772,249.127,255.372,252.192,242.066,217.863,198.024,178.313,164.734,151.526,134.067,120.902,106.96,97.4957,86.9519,82.4393,84.9377,77.5155,62.2128,45.7172,41.6375,43.9237,49.2178,59.8304,73.6201,92.9091,119.512,139.966,169.532,194.799,237.461,291.348,351.174,416.975,476.921,509.836,550.813,625.421,673.444,709.713,739.883,776.937,778.328,826.703,810.937,686.911,564.457,532.361,536.645,556.62,572.793,567.494,557.546,560.981,563.925,573.348,525.992,494.548,500.012,494.79
687.5,213.717,226.609,244.524,251.176,247.875,238.781,213.579,196.11,174.837,162.666,149.287,131.166,118.194,104.022,95.4602,84.5117,81.6076,82.7832,76.0541,61.3812,45.1875,41.4199,43.3721,48.5988,59.1942,72.3876,91.4531,117.269,138.513,166.621,190.412,233.69,284.177,345.664,413.34,469.493,501.423,543.278,614.732,654.389,697.29,730.193,759.074,776.313,805.519,788.266,676.43,556.483,528.469,529.564,549.639,556.572,554.289,548.779,547.647,553.636,565.894,516.344,481.761,490.572,484.855
688,211.057,222.479,240.203,247.417,245.182,233.989,210.996,192.697,172.289,161.153,147.876,129.346,117.863,102.414,94.2701,84.0774,81.5548,81.541,76.1886,61.301,45.1322,40.924,42.813,48.7861,58.6181,71.8238,90.9774,115.616,136.665,163.497,188.018,230.142,280.72,338.145,411.254,455.365,496.117,539.172,599.286,646.576,690.751,720.351,753.172,768.637,788.8,779.817,666.181,547.847,520.667,524.653,541.404,546.627,548.752,528.758,542.629,546.127,562.092,512.628,474.682,482.877,484.039
688.5,210.001,220.975,238.097,245.271,243.497,230.987,209.021,191.573,173.1,160.654,146.8,128.758,117.959,103.155,95.0217,84.7654,82.3388,82.0495,77.8635,61.7155,45.5298,41.4545,42.8468,47.7536,58.6298,71.366,90.117,114.893,134.954,161.046,187.223,228.659,279.375,336.086,411.121,445.279,488.76,533.622,590.229,645.842,687.37,711.836,739.125,755.828,769.305,778.188,659.49,544.609,514.611,516.179,532.721,536.952,541.573,526.834,538.908,542.411,549.809,503.709,469.183,478.259,475.026
689,209.406,221.851,237.624,244.109,243.896,229.92,208.444,190.736,172.652,161.46,147.155,129.12,120.021,105.265,95.5133,87.0756,84.4224,84.4621,79.1848,62.8736,45.8412,41.7409,43.2586,47.5758,59.2219,71.3469,90.2847,114.724,133.892,158.381,186.232,227.423,278.749,333.754,406.333,438.855,483.733,526.128,587.113,650.309,683.384,702.266,736.865,753.02,767.484,778.397,661.023,536.907,507.865,515.314,525.766,533.039,526.657,522.097,534.247,539.806,536.677,500.823,470.551,469.772,472.338
689.5,209.237,221.603,237.56,245.046,244.464,230.635,209.511,192.444,174.762,163.114,149.085,129.401,122.423,108.546,97.2978,89.286,86.6036,87.2661,81.6741,64.651,46.6811,42.409,43.7531,47.75,60.2818,72.089,91.064,114.39,133.71,158.386,185.572,226.951,279.245,333.932,407.437,439.962,484.393,518.295,587.798,652.76,674.852,690.474,734.667,748.357,757.92,775.146,660.285,536.419,507.168,514.13,524.672,539.342,523.634,526.568,535.86,537.616,534.161,498.139,467.715,468.487,471.439
690,208.912,225.426,237.455,247.231,245.376,233.902,211.86,193.939,176.525,165.863,151.615,132.535,125.226,112.709,100.708,92.3711,89.3661,89.3659,84.8288,66.4668,48.0556,43.2929,44.7346,48.8515,61.0654,72.6361,92.075,114.505,134.262,159.467,186.51,227.395,280.137,333.43,403.664,442.197,486.039,518.268,586.616,654.513,675.689,682.291,731.724,754.013,753.859,772.067,660.575,534.652,499.915,517.711,526.949,536.018,521.251,529.83,536.235,538.905,529.179,496.932,467.122,464.256,474.361
690.5,209.929,227.869,238.256,248.393,248.072,236.307,216.588,196.317,180.562,168.241,155.832,135.915,128.548,116.907,105.42,95.0584,92.2595,92.5451,88.875,69.0593,49.9261,44.5856,45.5308,50.4377,61.9703,73.9007,92.9519,114.719,135.695,162.298,188.458,227.5,281.591,335.668,403.988,446.181,489.245,521.027,584.194,651.864,669.06,675.633,729.676,754.45,756.379,778.44,664.58,533.313,503.983,516.556,527.867,537.368,525.041,530.232,538.602,542.13,531.329,500.106,465.937,467.838,474.932
691,212.169,232.143,240.963,252.428,251.804,241.382,221.054,200.066,185.916,170.912,159.476,141.042,132.35,120.375,110.392,99.0667,95.7057,96.3341,92.7638,72.5436,51.3226,45.9863,46.6357,51.6427,62.8709,75.3971,93.7186,115.92,136.784,163.762,190.591,230.005,282.333,334.962,404.676,450.938,492.142,525.776,584.342,649.892,676.96,681.654,727.978,762.179,755.871,780.937,666.735,532.468,505.259,511.438,534.534,539.275,535.971,527.815,534.559,544.545,536.179,505.532,470.934,471.178,472.819
691.5,214.487,234.879,245.411,255.437,256.769,245.168,225.585,204.623,191.326,173.952,164.379,144.15,136.71,124.778,114.428,102.614,99.5713,101.239,96.8336,75.4045,52.9387,47.1574,47.1205,52.7596,64.3438,77.3096,95.2245,117.1,138.166,164.204,192.208,231.171,283.85,336.928,404.389,451.165,494.236,529.178,582.309,651.736,680.925,695.142,740.059,768.354,757.93,784.386,669.274,535.174,510.296,510.647,537.416,542.92,538.076,533.059,530.173,550.611,547.18,507.322,473.584,472.403,471.223
692,217.72,237.414,250.21,259.688,259.664,249.674,228.553,210.826,195.725,177.694,167.798,146.449,140.08,128.289,118.008,106.97,103.649,106.658,100.528,78.1774,54.7544,48.2389,48.0868,54.031,65.4656,77.7892,96.3392,118.384,139.964,165.183,193.29,232.133,283.642,337.945,405.381,455.173,498.817,524.156,587.973,652.246,681.026,705.008,741.17,767.439,764.395,781.589,673.074,533.562,515.502,512.079,539.212,548.843,542.969,539.322,535.976,554.796,552.024,511.016,472.975,477.56,472.083
692.5,220.746,238.79,254.95,262.176,262.861,252.248,230.481,214.419,196.97,181.8,170.703,149.956,143.377,132.883,121.005,111.111,107.416,110.758,104.026,80.6156,56.2692,49.4708,48.7618,55.3647,67.0222,78.0748,97.6803,119.262,140.426,165.219,194.627,234.803,283.349,338.934,405.4,455.195,499.942,529.748,585.334,652.508,683.62,709.66,748.707,771.971,771.74,783.143,674.355,541.3,519.355,515.484,539.506,544.247,546.221,545.565,543.905,555.739,557.773,517.945,475.201,476.929,467.978
693,222.817,240.196,257.043,263.784,263.827,254.607,231.295,215.869,199.261,184.315,173.316,152.338,144.953,135.503,123.337,114.295,110.375,113.895,107.069,82.742,57.2846,49.9063,50.2126,56.6807,67.3353,78.559,97.8198,119.64,140.447,166.205,195.123,234.617,282.809,338.634,407.446,453.066,493.806,529.754,586.661,652.15,679.127,705.595,743.744,772.534,778.224,782.594,670.511,541.984,519.126,520.179,532.607,546.063,546.921,546.462,547.175,554.698,552.821,519.41,475.055,472.978,468.013
693.5,224.429,240.271,256.542,264.723,263.627,255.93,231.859,217.653,200.402,186.621,174.178,155.031,146.367,138.402,124.531,116.332,113.158,116.688,109.293,85.1781,58.3903,50.8516,50.4758,57.6059,68.2531,78.8057,98.024,119.564,140.62,166.372,194.028,234.81,279.639,338.417,409.239,452.792,491.151,529.882,585.127,645.822,676.758,694.828,740.156,776.493,786.999,776.426,667.25,539.619,517.615,521.618,532.801,541.946,544.702,540.734,542.908,553.384,548.742,515.176,473.367,472.867,466.419
694,225.095,238.774,254.819,263.428,263.452,256.6,233.624,217.573,202.348,187.378,174.807,157.381,148.15,140.065,126.051,116.75,113.871,117.883,110.094,86.3334,58.9692,51.2778,50.7424,57.4861,68.1972,79.5213,97.2078,119.198,140.449,166.333,193.753,232.758,278.436,334.155,406.444,451.902,487.101,526.794,583.364,633.236,670.097,691.422,733.287,764.507,776.333,769.908,658.004,538.004,515.937,520.836,525.664,537.733,542.011,537.588,538.684,550.094,541.118,509.924,471.447,471.071,463.3
694.5,222.838,237.274,252.635,262.457,262.596,255.246,233.975,217.686,202.537,186.346,172.546,158.464,149.887,140.235,127.356,116.878,114.034,119,111.023,86.7367,59.5624,51.1331,51.1474,57.9447,68.3638,79.177,96.5591,118.269,139.65,165.297,191.555,228.723,272.011,332.324,401.633,447.709,480.023,523.925,573.07,621.395,663.655,685.992,729.422,753.19,769.478,757.006,654.576,533.238,512.1,513.759,526.184,532.002,527.446,531.037,533.163,545.323,538.292,503.151,462.848,467.294,463.622
695,220.136,235.641,250.115,259.842,260.964,252.538,232.097,216.193,200.328,183.718,172.56,157.995,148.421,140.287,127.12,116.146,113.27,119.385,111.588,86.4891,59.0269,50.5799,50.4468,57.4854,67.3267,78.2079,95.1088,117.375,138.575,163.929,188.206,227.679,268.763,328.047,394.077,443.516,477.472,517.985,562.143,618.432,655.319,687.515,719.642,729.65,752.404,738.705,651.478,529.646,503.849,509.279,517.843,524.792,518.27,523.697,529.783,536.297,531.99,494.166,452.02,457.959,458.101
695.5,215.849,233.348,248.069,255.379,258.374,248.17,228.33,211.824,198.101,181.882,169.636,157.32,146.66,137.936,126.153,114.909,112.225,118.883,109.953,85.0926,58.713,49.246,50.3722,57.3013,66.6758,77.9593,93.9569,115.022,136.298,162.134,183.813,221.802,264.835,323.151,388.009,432.89,468.819,507.877,551.195,610.81,644.982,680.984,707.588,714.633,741.237,726.229,642.988,526.648,492.867,493.729,511.412,523.232,511.387,513.312,524.595,528.647,525.543,484.448,444.891,445.196,447.003
696,213.378,229.66,244.811,250.596,254.285,242.824,223.268,208.648,193.881,179.629,168.091,154.638,144.729,134.951,123.774,112.339,111.307,116.982,108.486,83.9994,57.9171,48.745,49.4366,56.6531,65.2941,76.587,92.5549,112.75,133.475,159.442,181.012,218.058,261.788,317.962,382.433,424.038,459.454,495.45,545.32,602.194,633.45,668.662,683.461,702.108,723.79,715.77,634.111,514.407,479.798,481.327,500.138,516.753,504.402,503.428,511.109,518.754,519.555,472.117,438.908,432.709,439.672
696.5,210.335,223.611,240.572,244.617,249.402,238.535,219.023,203.625,190.077,176.87,164.229,150.65,142.1,130.748,121.333,110.276,110.055,114.224,106.283,81.8853,56.9827,48.0911,49.0504,55.336,63.7784,75.587,91.8885,110.707,130.116,156.434,180.175,213.325,259.339,309.239,372.926,414.476,450.539,486.921,529.859,589.45,620.898,653.671,666.133,700.862,712.137,703.116,614.689,505.03,470.261,474.351,493.482,505.796,494.077,491.419,501.961,509.867,508.142,461.728,433.367,420.69,430.062
697,206.702,218.552,234.815,239.762,244.682,232.947,214.675,198.375,185.409,173.512,159.278,146.726,139.759,128.447,118.211,107.676,107.63,110.55,104.227,80.0933,55.9535,47.9198,49.0115,53.944,62.9029,73.78,90.1085,108.764,127.872,153.425,178.446,211.817,255.877,304.071,365.593,407.095,438.512,476.274,522.666,582.071,608.453,643.252,659.579,689.264,701.232,691.797,601.452,491.841,460.845,467.109,480.149,494.497,480.374,479.499,491.863,496.291,499.277,449.166,426.742,413.089,422.136
697.5,203.001,215.012,229.88,236.468,239.423,229.636,211.309,193.832,180.596,169.083,154.87,142.708,134.751,122.357,115.483,104.75,104.64,107.132,101.709,77.6117,54.9542,47.4763,48.1496,52.9512,61.8988,72.3655,88.4898,106.663,125.35,149.799,176.315,207.899,253.144,296.718,357.669,401.533,433.838,468.704,510.202,574.566,601.026,624.768,650.632,674.151,692.562,678.842,587.623,481.779,454.681,458.578,469.641,481.229,470.382,470.47,478.837,486.158,490.161,439.544,417.679,404.852,412.656
698,198.714,212.076,224.722,231.206,235.698,223.798,208.025,190.154,175.902,165.724,151.338,141.207,129.482,117.61,111.789,101.497,101.107,103.851,98.7758,75.4646,54.1481,46.5904,47.3206,52.2553,61.0324,70.9058,86.083,104.21,123.006,145.81,171.388,204.12,250.199,286.715,348.408,396.595,427.873,461.264,505.578,565.791,592.069,614.626,643.767,653.687,678.741,674.709,576.688,468.821,445.994,445.5,457.788,470.675,465.084,461.122,470.757,474.376,480.262,432.186,410.438,401.077,398.828
698.5,194.684,209.604,220.242,226.251,230.646,219.156,203.33,187.429,170.825,161.299,148.462,138.196,125.64,114.745,108.768,96.9935,97.5599,100.259,95.7176,73.6853,52.9945,46.1466,46.4925,51.4233,59.8714,70.2633,84.7196,101.503,120.925,142.811,167.056,200.251,245,283.063,343.771,391.997,419.537,451.487,495.111,551.622,581.835,601.149,624.479,635.143,670.611,661.279,568.559,459.27,440.042,436.928,449.587,462.147,451.461,457.172,456.155,465.419,470.838,422.167,400.185,387.228,388.632
699,190.477,204.452,215.256,220.152,224.856,213.952,197.518,182.223,166.872,156.001,144.393,134.287,121.517,112.098,105.346,93.904,94.9146,97.2002,92.7512,73.0666,51.7828,45.3849,45.2507,50.181,58.8745,68.5849,82.3927,99.9813,117.743,140.727,162.377,195.452,240.005,279.033,340.919,384.529,411.332,442.299,488.796,539.617,568.423,592.578,616.578,626.896,654.516,656.898,563.536,453.164,434.263,430.801,443.35,454.599,442.302,445.615,448.272,453.035,459.714,411.091,390.022,374.8,380.531
699.5,186.558,199.886,210.023,214.894,218.526,208.195,192.464,177.662,163.481,151.687,140.466,129.369,120.056,110.266,102.485,91.3861,92.1817,94.5291,90.4195,72.0259,50.7384,44.4793,44.1695,49.0191,57.6617,66.7892,80.7527,98.3873,115.741,139.342,158.085,192.548,234.92,274.267,335.127,378.844,402.418,436.977,477.001,529.719,557.936,578.626,603.494,615.453,637.988,641.127,549.915,445.552,423.801,426.499,434.562,444.414,430.892,434.945,441.058,445.862,449.479,402.36,381.957,367.461,370.821
700,182.895,194.907,205.72,210.243,213.432,204.397,188.36,172.894,159.808,147.888,138.116,125.804,117.06,108.382,100.624,88.2652,89.9955,91.9979,87.5379,70.795,49.8824,43.829,43.1597,47.9062,56.11,65.3508,80.236,96.7401,113.714,137.711,157.327,189.447,229.097,273.356,332.864,372.498,396.095,429.097,473.523,520.646,546.904,568.612,593.567,607.557,630.477,628.629,539.641,435.805,416.364,422.346,424.579,435.078,422.264,427.142,432.108,437.631,440.901,392.56,373.756,360.27,364.53
700.5,179.287,190.333,200.437,206.461,208.312,198.131,184.524,169.739,156.453,144.646,134.965,122.191,112.153,104.311,98.0833,88.0345,87.3801,89.5786,85.3715,69.3346,49.143,43.1076,42.2619,47.1231,54.8462,64.2349,79.3802,96.3447,112.321,135.261,154.635,188.438,225.97,268.712,324.576,365.994,388.539,423.652,466.182,513.094,533.946,555.285,579.067,597.647,622.254,612.342,526.334,425.814,403.849,414.86,412.751,426.519,417.419,419.099,423.784,429.984,432.231,382.926,368.211,360.169,355.21
701,176.822,185.857,195.893,202.574,203.952,192.966,181.461,166.418,154.035,142.145,133.767,118.838,109.408,101.525,96.2861,86.0825,84.9842,86.9556,82.851,67.7257,48.638,42.3918,41.417,45.6552,54.1327,62.8695,78.7569,95.872,110.797,132.087,153.393,185.011,221.548,262.585,317.78,356.994,381.253,415.599,458.939,499.586,525.744,543.373,568.021,590.254,611.487,598.368,519.805,419.024,398.454,404.089,403.501,416.822,404.628,411.784,411.181,418.859,422.633,376.579,361.427,348.871,344.38
701.5,172.473,182.456,192.068,198.882,198.947,186.661,178.129,163.356,150.616,140.144,130.942,117.21,107.146,99.6182,93.6415,84.6137,82.9789,84.7033,80.6905,66.3648,48.2671,41.9295,41.0181,44.1037,53.4277,62.6394,77.5989,94.9349,109.391,129.574,151.269,181.714,218.415,259.069,311.229,349.946,376.175,406.027,449.417,490.77,516.234,534.173,561.659,579.736,601.623,586.091,511.253,407.179,388.544,394.207,397.498,407.905,394.113,402.714,402.71,410.024,412.245,370.73,352.814,341.057,334.654
702,168.737,178.737,187.57,195.273,195.24,183.603,174.925,161.276,148.278,137.835,126.723,115.395,107.006,99.1028,91.9993,83.5286,81.3003,82.3763,79.861,65.7428,48.1265,41.6791,40.5091,42.9369,52.8227,61.3923,76.0138,93.4391,107.554,126.562,148.408,177.225,213.126,254.704,305.645,342.137,366.448,397.122,436.779,478.629,506.433,525.436,555.911,567.307,588.723,574.266,499.674,396.551,378.841,383.175,393.161,397.059,387.557,389.53,396.153,401.047,402.831,366.584,345.451,333.322,327.217
702.5,164.992,175.939,184.586,192.237,192.458,180.434,171.862,158.728,145.784,134.555,124.931,112.844,105.826,98.2244,90.7503,81.797,80.2491,80.9601,79.1496,65.4537,48.7671,41.6509,40.2235,42.2871,51.8218,61.0015,74.0384,91.3371,105.075,124.213,144.72,174.22,209.586,249.179,301.847,336.162,360.795,392.316,430.551,464.375,494.731,516.727,546.259,559.463,579.796,563.136,488.195,388.895,370.601,376.014,387.958,387.687,377.217,379.261,389.822,390.518,395.833,357.471,335.452,324.305,319.134
703,161.283,172.907,181.075,190.056,189.171,179.839,169.958,156.517,143.608,132.628,123.548,111.746,104.775,96.4615,89.883,81.253,79.3274,79.932,78.7161,65.7216,49.3017,41.7772,40.0955,43.0486,51.3379,60.9113,72.5221,89.5984,102.977,121.413,141.872,171.136,206.764,245.457,296.17,330.41,353.756,384.64,420.239,456.259,485.942,508.056,533.539,547.068,560.334,554.89,477.677,380.235,361.145,366.6,378.466,380.333,372.346,373.557,382.392,386.17,386.028,351.488,329.089,318.068,312.994
703.5,157.935,170.386,178.728,188.028,186.067,178.74,168.413,154.353,142.175,131.082,122.698,111.069,103.393,95.7131,89.5865,80.6494,78.9997,79.8197,78.6297,66.1019,50.0666,42.1276,40.1653,43.5877,50.9272,61.0677,71.895,86.7799,100.728,119.895,139.51,169.414,204.425,239.847,288.029,325.858,347.4,380.316,412.694,444.715,477.713,495.802,524.137,535.273,547.878,543.446,467.666,375.996,356.696,361.266,370.931,370.137,363.428,366.274,374.123,379.549,380.496,344.501,319.937,311.071,306.378
704,155.932,169.215,176.354,186.302,184.271,177.898,166.781,152.489,140.736,130.363,121.775,109.292,103.008,94.8657,88.9069,80.2962,78.873,80.5546,78.9793,66.297,51.0996,42.4503,40.4255,43.948,51.1678,60.6957,71.0964,85.148,99.6141,118.926,138.434,166.849,201.221,236.122,281.869,321.268,341.434,372.675,407.675,435.733,470.061,487.03,516.308,524.091,535.646,535.728,457.548,367.471,349.766,355.637,363.681,365.168,356.516,361.961,363.837,369.068,374.521,334.243,314.495,304.449,296.992
704.5,154.77,167.861,175.844,184.444,184.677,177.303,165.519,152.019,139.881,129.876,121.514,108.622,103.601,94.9787,89.3436,81.6843,79.1148,81.7067,78.706,67.5689,52.5155,42.9998,40.7744,44.4454,51.3106,60.7279,71.7188,84.2972,98.2097,118.009,137.217,162.833,199.26,233.63,276.377,317.217,334.585,365.605,400.427,432.345,463.848,474.276,507.686,512.66,523.561,527.547,448.962,359.221,348.851,350.104,356.406,355.771,352.885,353.966,357.561,362.506,367.35,328.569,310.208,301.823,294.663
705,154.14,167.564,175.56,182.927,183.965,175.969,164.776,151.922,140.061,130.196,122.694,108.161,104.914,96.6293,90.6309,81.7171,80.6738,83.2325,80.5986,69.4316,54.4254,43.7684,41.3978,44.414,51.9598,60.425,71.9023,84.1829,97.2193,117.181,136.145,162.44,195.898,230.706,272.496,312.678,327.572,360.247,394.634,425.061,455.798,469.275,498.536,503.632,519.053,512.955,438.581,352.549,340.265,347.485,352.247,351.368,347.368,351.085,349.573,354.904,361.38,324.673,304.573,297.642,286.83
705.5,155.516,164.993,175.944,180.863,183.359,175.085,165.632,153.875,140.633,132,124.065,109.752,105.652,97.9378,93.3575,83.6714,83.3336,85.0552,82.5907,71.8535,56.7316,45.4477,42.4501,44.9381,52.6682,60.5338,72.6813,84.0701,97.0116,116.052,135.012,160.872,193.981,226.558,268.985,307.887,322.929,355.053,389.312,417.955,449.072,458.962,486.849,497.382,510.512,504.186,434.454,348.932,337.352,342.472,348.389,347.028,344.89,346.436,343.971,349.01,351.832,321.23,299.866,293.245,283.416
706,157.269,165.461,176.421,180.757,184.236,175.618,168.061,155.561,141.466,134.297,125.663,112.457,108.061,101.27,96.9336,86.4796,86.4624,87.2791,86.777,75.097,59.6707,47.8004,43.6268,45.5397,53.4319,61.7896,73.0404,84.9465,97.2108,115.386,133.763,160.31,192.345,222.881,266.118,302.365,319.598,351.31,384.212,413.141,440.53,453.147,479.754,494.783,511.088,499.735,428.467,345.805,331.617,337.202,345.763,343.158,343.089,342.681,339.954,350.319,345.151,315.525,296.686,288.904,280.289
706.5,159.693,167.337,177.231,181.844,185.279,175.551,169.487,157.666,143.84,136.331,128.247,115.085,111.256,103.484,100.698,90.2876,89.8063,90.7674,90.4643,78.5171,63.1037,50.3601,44.8812,47.0388,54.7645,63.3878,74.1229,85.9122,96.8078,114.631,132.797,158.722,192.028,221.055,265.389,297.101,316.173,347.756,377.946,409.12,432.137,446.483,470.576,479.906,503.261,492.357,422.053,346.05,327.541,330.052,343.02,339.857,335.672,339.187,337.512,346.649,339.315,311.561,293.364,287.703,278.54
707,163.539,170.772,179.784,185.017,188.168,178.876,173.061,160.78,147.567,137.431,132.155,118.387,114.574,106.869,104.729,96.6801,93.4912,95.0267,95.2241,82.5714,66.8812,53.0332,46.7644,48.9879,56.424,65.1136,75.5118,88.0693,97.879,113.614,133.127,157.104,193.024,220.71,263.329,293.811,311.402,340.21,370.681,404.862,423.571,443.432,465.272,477.74,493.35,490.649,419.079,340.482,326.911,329.185,338.569,336.494,334.852,333.956,335.005,348.01,338.624,306.603,290.68,286.649,278.785
707.5,167.615,174.413,183.918,189.815,190.487,182.444,176.655,164.854,153.767,141.4,137.283,121.581,118.883,111.88,109.868,101.638,97.8904,100.312,100.326,88.3216,71.239,55.5817,49.0647,51.521,58.3252,66.7558,77.1406,89.7676,98.063,113.081,133.121,157.324,193.027,222.206,264.209,289.624,311.073,334.228,366.728,407.363,418.503,440.322,459.561,471.586,486.659,482.934,417.571,340.253,324.216,325.76,334.601,332.992,335.098,329.485,331.321,344.955,338.194,304.95,291.471,287.225,278.117
708,172.763,178.312,188.525,194.277,194.931,186.334,182.28,170.569,158.359,147.568,142.186,127.596,123.911,117.61,115.399,106.124,103.687,106.409,106.262,94.8543,75.8901,58.7005,51.8149,53.7026,60.2748,69.1418,79.7241,90.5993,99.3669,114.2,134.08,160.155,193.262,222.501,263.836,288.534,306.216,330.393,363.665,405.686,416.439,441.214,459.505,470.273,481.565,478.513,413.186,337.609,321.688,328.343,332.741,327.909,334.118,327.608,329.883,339.872,342.948,307.068,291.661,287.945,276.332
708.5,178.485,183.161,194.24,199.911,199.226,193.826,188.6,177.038,164.379,155.226,148.369,134.613,130.621,125.801,121.128,112.41,110.532,114.18,113.692,102.505,81.7552,62.1644,54.8711,56.095,62.9012,71.6603,82.1508,91.3592,100.184,114.98,137.249,163.818,194.162,222.503,262.906,287.992,304.913,328.096,366.201,402.898,416.368,437.616,460.971,472.494,480.946,472.472,415.123,341.25,320.653,325.992,332.955,329.043,335.778,326.76,327.577,341.174,345.353,307.982,294.787,289.465,277.832
709,184.231,189.765,199.279,206.832,205.243,199.073,195.732,184.808,171.135,164.46,154.915,141.72,139.461,135.323,128.77,119.858,118.793,121.865,121.139,110.019,88.226,66.8905,58.2993,58.8699,65.9857,75.6306,84.7461,93.8866,103.117,116.893,139.507,165.258,193.686,222.7,261.186,286.376,303.811,329.152,365.653,398.908,417.079,436.327,457,466.846,480.191,469.07,412.269,342.307,319.47,326.505,334.624,325.791,336.334,327.577,331.838,344.456,348.436,313.836,295.619,290.617,278.895
709.5,189.17,197.088,206.066,214.117,213.73,205.788,203.711,194.415,181.392,172.253,164.572,150.413,148.059,143.403,137.686,129.519,127.078,128.846,130.566,118.762,94.9592,72.0371,61.6955,62.1829,69.4288,78.9352,88.0416,96.5281,106.455,119.976,143.112,167.12,196.153,223.092,262.472,285.926,303.959,328.468,368.889,396.868,419.756,435.318,454.89,467.218,481.94,468.666,414.115,342.804,323.712,328.28,337.303,330.315,339.561,332.022,336.455,348.379,351.355,319.178,299.736,290.145,280.973
710,195.667,205.269,212.94,221.88,223.61,216.533,213.244,206.033,191.617,181.344,174.816,160.239,157.82,153.999,147.298,140.174,136.929,138.133,140.997,128.223,101.457,77.7783,65.7714,65.8736,73.0075,82.7352,91.482,100.304,109.255,124.692,146.789,170.561,198.977,226.172,263.812,289.722,308.751,329.557,367.695,396.885,420.116,434.506,456.778,467.927,490.068,469.247,415.073,344.066,328.012,330.566,339.514,336.646,342.294,338.642,344.076,354.06,353.848,324.847,305.159,292.96,286.736
710.5,203.368,212.611,220.828,231.037,234.697,227.227,223.5,217.583,201.651,191.756,184.439,170.789,167.561,162.667,159.164,150.596,146.593,148.962,152.401,138.617,109.287,83.2571,70.2244,69.2244,77.0986,86.4236,95.2084,103.492,113.284,129.053,150.742,174.027,204.394,229.419,268.627,292.797,313.269,332.224,369.864,397.226,422.525,438.252,457.052,474.93,493.106,475.218,419.83,344.104,331.278,333.533,342.532,342.934,348.732,344.026,351.94,351.21,359.013,330.188,309.49,298.297,292.066
711,212.528,221.594,230.095,241.295,244.28,240.28,235.328,229.722,212.879,202.033,194.625,181.755,176.441,173.818,170.003,161.305,156.558,163.196,163.774,149.845,116.993,89.3581,75.0169,74.0195,81.6169,90.6875,98.703,107.21,117.535,134.049,155.361,178.87,208.906,235.488,271.4,297.555,314.219,335.587,371.493,399.434,427.51,443.963,463.04,479.328,495.178,480.676,424.304,346.647,337.395,339.487,348.408,351.828,351.56,350.361,357.865,354.598,363.259,337.355,316.278,303.716,301.333
711.5,223.239,231.149,238.751,253.368,254.939,251.715,247.264,240.572,223.644,212.91,204.498,193.553,187.446,184.625,180.122,171.071,165.441,174.455,174.513,159.391,125.76,95.4288,80.0593,78.5614,86.6288,95.8598,103.834,110.004,120.881,137.695,160.553,182.437,212.928,239.871,275.955,299.92,318.326,339.822,373.396,408.658,424.939,451.621,466.596,484.006,498.478,486.832,429.714,352.498,343.139,345.438,352.869,358.508,355.485,357.126,364.62,362.362,370.016,343.475,321.395,309.188,310.437
712,232.997,241.507,249.164,264.015,265.685,262.541,258.886,251.783,235.579,224.051,214.893,203.908,198.932,196.13,192.194,181.357,174.313,186.644,185.313,170.099,135.077,101.57,84.7463,83.1701,90.9505,99.9172,108.775,114.103,124.988,142.026,164.711,186.673,217.348,241.7,278.573,299.177,320.132,350.381,377.361,412.096,433.839,457.775,472.778,490.872,502.89,493.897,436.459,360.422,345.422,354.975,360.639,365.248,360.003,364.604,372.724,371.871,378.216,353.628,330.147,315.064,313.473
712.5,243.889,252.181,260.891,275.401,276.737,272.673,271.52,262.183,246.815,236.286,224.074,214.946,210.289,208.133,203.166,191.821,184.74,196.014,197.055,180.578,144.426,109.296,88.3916,87.1136,96.0228,103.486,113.997,119.115,128.582,146.556,169.347,190.579,221.148,247.213,283.658,304.837,326.841,355.899,381.677,421.713,437.332,462.527,481.838,498.272,512.568,504.079,444.47,371.196,350.644,363.937,372.061,373.061,367.769,371.984,378.909,385.981,388.38,361.081,336.466,325.29,321.737
713,254.08,262.848,271.773,286.108,287.289,284.792,283.08,273.401,257.081,248.407,235.12,225.47,220.582,220.249,214.163,202.395,194.946,204.07,209.645,191.573,152.687,114.986,93.1133,89.3997,100.465,107.86,118.905,123.938,134.058,151.137,172.485,196.374,225.891,250.667,288.231,308.749,329.219,358.153,389.023,426.964,442.321,464.733,488.265,498.823,516.687,510.524,453.667,380.815,358.226,372.918,380.506,383.744,374.499,379.127,385.73,393.028,396.762,369.585,345.449,332.09,327.853
713.5,264.154,273.658,283.859,295.583,299.229,297.839,293.453,285.449,268.661,259.84,244.59,236.575,232.617,230.793,223.842,214.255,206.006,213.491,221.414,203.112,160.537,121.107,97.0131,93.6387,105.962,113.111,123.242,128.748,138.184,154.937,177.644,203.957,233.135,258.845,293.905,317.249,334.992,361.177,394.101,431.722,449.436,474.217,494.271,504.817,526.186,513.105,461.751,387.316,363.988,379.333,386.468,386.728,381.409,384.899,390.699,402.178,401.216,377.287,354.667,338.047,334.214
714,274.099,283.278,293.453,304.991,310.858,311.494,304.739,297.932,277.903,269.27,256.151,246.209,243.316,241.203,235.959,226.783,214.18,222.875,232.891,211.857,167.856,126.275,101.719,97.9022,109.849,118.785,126.878,132.129,142.321,158.815,182.171,208.011,238.657,265.061,298.247,323.41,340.677,366.023,399.579,436.486,454.854,480.209,505.047,509.145,533.858,522.183,469.498,392.024,368.397,384.618,395.723,394.97,389.154,396.292,397.416,407.996,410.071,383.584,359.605,344.398,342.139
714.5,280.826,291.91,304.05,314.184,322.738,322.028,314.549,307.582,289.604,278.322,266.637,256.602,254.889,252.262,243.913,234.148,223.97,233.608,242.786,222.319,175.582,131.107,106.217,101.309,114.099,124.437,129.792,136.487,145.44,163.569,187.272,213.776,243.474,270.502,303.802,325.925,343.028,371.755,406.004,440.012,460.258,486.848,509.671,516.709,542.468,530.168,478.5,398.512,376.836,389.809,400.163,398.168,402.002,402.015,406.21,414.94,417.669,390.59,365.575,350.638,351.47
715,289.131,299.203,313.084,324.948,335.365,328.73,326.552,317.727,300.567,287.325,277.171,267.024,263.298,262.591,254.067,245.918,232.678,245.217,252.23,230.233,183.13,137.279,110.759,106.099,117.723,128.604,134.931,141.253,149.854,168.485,192.056,217.708,249.16,272.876,308.919,333.841,348.211,373.821,414.765,451.052,465.027,497.256,515.02,525.711,550.799,537.386,485.888,405.014,381.342,396.852,406.671,406.936,411.903,410.522,415.64,422.691,424.577,396.839,372.764,359.188,361.626
715.5,297.275,306.928,323.417,336.8,346.526,334.778,338.381,327.358,312.835,298.629,287.533,275.656,272.758,270.063,261.465,253.852,242.516,255.132,261.47,239.891,192.115,142.677,114.813,110.367,121.035,133.308,137.476,144.541,152.909,173.399,197.388,223.313,254.467,274.713,317.792,334.412,351.729,379.465,424.09,458.299,475.006,506.869,516.078,533.55,555.975,550.626,491.558,414.463,390.507,398.306,412.561,411.382,422.418,415.717,429.127,429.988,435.281,405.936,382.901,366.888,369.623
716,306.413,315.534,333.492,347.048,357.644,343,350.155,337.421,324.707,310.282,298.092,285.352,283.515,278.439,272.491,263.593,255.329,262.848,270.91,249.47,199.412,147.996,118.711,115.717,125.356,137.646,144.591,149.528,158.323,178.405,202.293,228.609,260.183,279.235,325.94,338.349,359.355,385.531,429.011,467.021,485.453,513.056,523.727,542.331,561.914,563.128,496.962,422.815,392.925,400.432,418.875,420.953,425.775,428.252,436.791,438.82,447.28,410.346,393.183,374.804,374.134
716.5,317.677,324.146,344.857,354.889,367.507,358.742,359.196,347.036,333.069,322.432,309.152,294.994,292.103,287.892,284.619,274.721,265.268,272.504,279.079,260.546,207.782,153.847,121.772,120.102,129.605,142.318,146.957,153.22,163.164,183.829,207.68,233.358,264.795,282.394,330.462,343.357,363.922,392.075,432.674,470.88,490.393,521.381,531.486,546.101,571.562,572.083,501.411,429.152,403.196,406.463,426.75,425.349,432.022,441.006,443.29,449.93,458.91,417.884,399.241,383.755,377.285
717,326.915,332.121,353.34,364.31,376.759,373.377,368.329,357.857,343.552,332.906,319.585,303.753,299.838,300.537,297.007,283.585,275.509,282.367,288.526,270.027,214.133,158.576,126.219,124.579,134.399,146.149,153.325,157.815,168.876,186.986,210.651,237.584,271.205,290.435,333.704,348.946,368.437,399.199,435.957,480.113,497.724,527.883,542.746,557.778,579.587,579.458,507.799,435.658,412.421,414.013,435.625,435.561,436.759,453.049,448.592,459.266,463.635,426.981,406.145,389.596,384.092
717.5,336.131,342.048,362.081,374.958,384.79,384.598,378.79,369.307,357.019,343.193,330.314,315.317,307.402,313.339,308.126,290.959,287.122,294.167,295.092,279.867,222.281,165.794,130.911,128.12,139.485,151.016,157.93,162.757,172.786,191.408,215.511,239.62,279.238,295.447,339.262,354.039,372.092,405.508,442.518,486.166,501.228,537.161,556.925,568.497,588.608,586.997,515.348,439.842,424.388,423.653,441.881,444.208,445.541,453.9,456.786,464.38,468.314,433.52,414.845,397.852,394.642
718,345.18,351.372,371.176,385.149,394.704,387.52,388.381,380.497,372.323,352.996,342.305,323.619,316.172,326.311,319.207,300.11,295.945,303.306,303.083,291.206,231.233,171.132,135.754,132.859,143.254,155.433,160.443,167.594,177.496,195.893,219.301,245.498,285.46,304.204,346.946,363.468,375.517,412.464,445.784,488.772,503.531,543.843,566.002,581.107,592.693,588.162,522.389,447.067,427.471,433.316,446.197,451.818,453.059,456.219,465.774,468.776,473.694,439.792,424.408,400.844,406.299
718.5,353.563,363.137,380.553,396.952,406.484,396.868,400.641,390.631,382.65,363.537,353.371,331.752,327.698,338.362,323.288,312.256,305.253,310.527,311.904,301.376,239.789,178.833,140.966,137.308,147.703,160.02,165.395,169.807,181.365,200.235,223.658,251.835,290.107,309.308,353.024,367.466,380.708,415.881,450.173,498.954,511.55,548.688,573.172,586.148,603.268,597.471,525.659,452.85,429.662,440.975,455.311,454.063,463.959,462.204,473.371,473.042,479.867,447.794,433.227,409.877,413.624
719,361.762,372.817,384.027,407.102,418.569,404.889,408.316,401.215,393.001,371.924,364.58,336.781,338.812,348.048,333.404,326.594,313.251,318.985,325.23,309.165,249.236,185.306,146.21,140.889,151.727,164.921,167.517,174.727,184.883,204.78,228.473,257.896,294.888,317.663,358.111,371.698,387.813,418.52,455.61,505.019,515.834,550.357,574.395,591.517,608.755,605.993,535.099,459.902,434.956,450.606,461.371,457.614,471.745,471.964,485.028,476.44,489.743,457.181,439.291,418.343,420.749
719.5,372.083,376.502,393.04,417.454,430.384,422.583,419.724,409.136,401.118,380.433,374.497,342.441,349.541,358.463,340.167,336.795,323.361,329.346,335.275,318.882,256.875,192.261,150.509,144.649,155.916,171.06,172.141,178.961,188.762,209.365,232.791,264.539,297.15,322.173,357.665,378.845,392.898,422.333,459.175,508.34,528.408,556.414,574.69,595.796,616.222,618.28,543.068,465.298,439.433,456.949,469.541,465.887,478.431,484.198,488.064,486.693,497.162,465.77,445.845,425.553,426.487
720,381.311,384.094,399.938,428.413,441.124,436.915,430.405,421.643,408.603,391.192,383.791,350.054,359.502,366.875,354.641,347.072,334.445,341.65,348.477,329.589,263.281,197.709,155.527,147.517,160.983,175.524,178.722,185.304,192.441,211.368,234.35,270.447,301.99,324.609,360.4,380.811,396.346,427.397,461.997,514.076,534.541,562.013,582.646,601.362,617.139,627.539,552.606,472.049,445.772,460.833,472.66,476.124,483.66,492.475,494.527,493.877,500.725,471.973,453.036,436.162,432.852
720.5,390.167,392.507,408.87,432.133,451.505,448.48,441.924,433.128,418.427,401.086,393.344,360.238,368.718,377.772,369.217,355.046,346.059,352.856,358.603,341.446,269.493,202.535,159.316,151.893,164.179,177.498,184.508,189.206,196.548,216.104,239.515,275.122,305.57,329.692,363.986,384.982,401.42,433.844,469.81,515.805,540.19,569.798,592.736,600.625,624.42,631.23,560.209,478.83,455.333,466.914,480.785,478.645,490.479,500.787,501.955,510.208,506.845,480.04,457.867,442.372,441.673
721,398.065,402.793,421.019,442.237,461.332,460.795,451.823,445.246,427.131,413.3,401.86,371.863,379.332,385.247,379.037,364.241,354.387,364.341,371.25,352.698,277.742,207.924,163.54,154.199,168.116,179.336,185.712,192.611,200.003,220.572,245.457,280.113,312.464,332.451,370.746,386.573,399.434,436.753,474.454,519.313,544.071,568.9,601.022,611.232,626.294,628.359,566.838,484.582,460.505,470.354,486.885,484.921,494.277,505.099,508.209,515.083,505.815,484.307,461.508,448.405,446.486
721.5,397.559,414.694,431.909,444.794,469.855,469.601,458.236,457.454,435.837,420.561,409.515,383.173,388.89,392.249,386.742,374.83,363.167,371.58,379.797,359.946,287.343,212.119,166.528,158.544,170.806,180.073,187.685,194.458,203.596,225.674,249.168,284.567,316.279,337.352,370.955,391.448,404.427,442.478,477.464,521.135,548.313,569.888,603.94,606.548,630.724,628.365,567.497,486.334,465.097,477.705,489.801,482.795,502.38,511.907,515.948,518.511,510.275,492.468,464.586,453.73,450.83
722,404.51,421.63,441.07,454.274,478.903,478.505,468.774,468.483,444.715,427.978,418.359,393.97,397.542,398.609,393.335,382.635,368.33,380.659,387.886,368.976,294.663,217.395,169.776,163.155,174.016,185.223,188.863,196.392,203.719,227.48,253.199,281.96,319.864,341.885,373.49,394.762,405.558,443.819,486.186,527.035,549.008,568.626,598.551,609.394,640.387,635.913,568.937,491.093,468.883,484.648,493.777,489.09,507.605,514.038,520.871,517.947,520.411,493.548,467.428,460.75,456.677
722.5,410.115,429.152,447.921,461.991,481.599,484.841,476.324,475.638,451.451,435.486,424.394,402.56,404.458,409.516,400.224,389.232,372.986,389.316,396.619,373.949,298.084,221.555,171.904,166.922,178.151,189.337,191.342,198.36,205.27,230.665,254.545,283.922,324.401,345.812,375.941,397.684,409.296,443.041,488.555,525.703,553.364,573.22,600.33,610.029,645.152,637.697,568.888,495.564,465.577,489.638,495.548,495.779,511.419,517.233,522.854,512.114,526.404,495.489,471.949,464.483,457.552
723,417.607,435.389,452.057,470.392,489.926,493.752,483.013,481.975,458.63,445.136,431.653,414.209,405.234,420.967,405.182,395.802,378.194,399.174,404.819,377.522,300.065,224.926,174.845,170.603,180.835,193.746,195.185,200.129,206.495,232.628,256.953,287.613,326.859,348.21,378.589,399.144,414.678,445.005,492.087,525.315,555.968,574.73,601.501,614.463,650.652,638.512,570.823,501.078,470.99,490.641,500.203,500.674,513.865,522.302,526.939,516.246,538.382,499.852,480.034,465.695,458.908
723.5,426.574,440.238,458.618,482.423,492.64,497.731,487.94,486.798,464.757,453.517,435.956,420.208,408.941,427.836,410.157,401.624,382.943,405.683,405.751,378.855,300.862,227.638,178.247,172.505,183.631,194.621,196.717,202.739,208.496,235.589,259.825,292.633,329.106,351.226,380.63,398.628,416.484,443.932,489.838,526.895,558.739,576.431,604.442,619.805,645.661,640.894,575.978,501.988,474.885,489.417,505.199,503.309,514.272,524.101,527.827,523.752,535.654,501.752,481.484,468.988,462.747
724,431.762,444.036,462.302,491.043,497.112,501.92,488.671,490.278,470.488,458.853,440.52,423.837,412.026,434.389,416.741,406.723,387.656,410.525,408.911,381.242,304.966,229.621,180.885,175.338,185.537,194.731,198.165,204.159,212.14,237.07,262.431,297.853,329.422,353.516,380.962,397.628,411.89,444.761,487.395,529.189,556.132,580.428,603.935,621.724,637.233,640.672,574.718,499.489,479.351,491.384,510.062,503.828,513.213,523.556,527.4,528.507,536.258,506.723,485.232,471.859,465.229
724.5,434.885,447.991,467.876,496.435,500.873,501.812,483.784,488.737,476.217,460.712,448.598,428.694,419.318,437.919,423.46,412.45,393.331,414.613,411.918,384.214,306.159,230.598,181.919,177.306,183.909,195.787,199.868,207.589,212.027,239.175,263.315,298.439,329.296,357.236,378.983,398.278,412.997,445.703,487.879,534.704,558.716,579.651,602.884,623.498,635.079,647.718,570.851,499.814,479.569,493.781,506.876,504.403,513.269,527.368,534.279,531.628,534.597,510.019,485.028,470.548,463.809
725,436.014,451.372,470.318,499.783,503.29,505.642,487.656,493.992,477.34,462.852,449.684,433.363,424.52,439.918,428.353,415.825,393.101,416.175,416.625,388.318,308.406,230.512,181.973,178.621,186.177,198.695,202.067,209.568,213.601,240.935,262.207,299.17,329.311,356.728,378.934,401.965,412.781,447.387,487.612,538.182,555.286,576.497,609.564,619.955,631.756,648.025,570.578,496.716,477.777,495.596,504.59,510.554,516.01,525.073,529.822,536.181,537.316,511.705,483.248,469.964,465.209
725.5,435.97,453.001,470.16,497.193,507.308,510.674,492.305,497.246,477.97,464.32,449.489,436.886,427.801,439.231,426.288,416.84,392.746,417.928,417.426,392.775,310.871,232.97,182.065,181.067,185.599,200.115,203.072,212.5,213.291,239.892,262.695,299.679,326.419,355.608,376.543,398.2,414.939,447.117,489.606,533.783,551.527,577.935,610.845,618.387,633.707,641.102,571.59,501.849,477.939,494.017,502.605,509.512,514.36,527.835,529.883,532.624,535.85,510.916,483.749,472.8,468.556
726,436.678,452.161,473.905,493.83,510.338,513.54,500.362,500.644,475.88,466.762,449.504,435.191,432.888,440.35,422.664,418.367,394.09,416.913,419.704,394.396,308.944,233.938,183.406,181.035,188.538,201.828,203.204,213.578,213.048,239.975,263.576,299.24,323.3,353.677,373.328,400.08,412.981,446.637,488.55,530.31,552.273,577.204,608.812,612.631,637.405,632.76,576.09,503.467,476.591,487.309,503.131,510.088,519.188,526.184,530.489,531.907,539.666,511.175,484.811,474.162,473.614
726.5,436.693,450.204,474.973,490.818,511.312,512.815,508.839,504.201,475.834,466.868,450.843,435.708,432.636,440.463,423.358,419.643,397.129,412.336,421.682,395.788,310.088,236.219,183.13,181.242,189.138,200.171,201.413,213.658,213.087,237.881,264.578,298.186,320.763,352.018,369.369,398.163,410.221,444.252,484.214,523.471,549.844,572.618,604.018,609.044,635.035,626.566,570.579,504.491,481.429,484.611,502.907,507.794,512.735,523.591,530.375,528.613,539.824,509.255,488.728,475.943,473.939
727,436.853,447.73,472.994,488.686,510.786,512.489,510.281,500.402,473.337,466.46,453.266,434.726,431.614,439.503,426.727,421.109,399.419,408.272,421.72,394.749,310.141,235.144,184.453,181.182,187.894,198.238,198.389,211.874,212.985,237.278,263.752,296.433,317.682,349.797,368.988,397.32,406.221,441.024,485.62,519.117,550.56,570.157,599.53,602.83,630.019,629.704,571.643,503.552,476.626,484.4,504.592,507.552,508.148,519.782,527.054,529.286,538.177,510.309,488.118,472.478,475.987
727.5,436.107,446.467,472.059,490.463,508.853,511.582,509.481,499.898,476.431,463.776,456.964,434.95,431.296,435.04,432.626,421.591,400.147,405.647,419.791,395.872,311.046,234.894,184.481,180.019,186.961,198.658,198.262,211.102,212.132,235.668,262.682,294.606,318.654,343.091,367.505,389.861,407.128,441.076,479.54,512.964,548.243,566.332,598.934,601.338,624.233,632.179,570.41,498.511,476.661,485.111,503.751,506.577,506.137,519.301,520.338,526.36,532.197,507.398,486.319,475.674,474.308
728,435.358,445.082,466.736,489.08,507.371,508.53,504.851,495.902,470.801,460.766,453.806,431.298,429.297,431.381,432.049,416.005,398.228,400.259,415.945,395.482,312.178,233.762,182.236,178.984,184.845,196.654,199.134,209.753,211.702,234.751,260.666,292.01,315.63,339.74,367.404,385.956,403.417,434.829,476.084,503.623,543.506,558.918,591.71,595.777,622.819,635.768,569.057,494.502,471.108,483.812,498.833,504.016,504.152,511.454,517.669,521.821,526.132,504.273,481.489,471.296,468.871
728.5,429.348,443.194,464.399,483.759,504.638,504.259,500.294,492.129,469.356,456.676,450.792,426.433,427.583,425.85,429.426,412.582,396.093,400.822,412.992,394.347,310.631,231.612,180.843,176.887,183.127,197.622,201.493,207.967,210.171,231.899,257.244,292.02,313.563,336.069,363.889,380.418,401.856,429.706,476.808,500.427,538.585,551.664,590.518,593.814,617.937,629.047,561.9,490.618,465.421,481.61,492.677,497.821,502.564,509.121,515.069,520.021,523.988,497.807,475.522,471.068,465.211
729,426.624,437.278,459.25,478.762,501.954,500.248,495.012,485.804,464.68,452.463,445.217,423.429,422.672,420.234,423.282,407.932,393.951,402.508,413.955,392.277,306.417,231.406,178.643,174.658,181.198,192.551,199.408,206.664,209.563,229.053,257.198,288.176,312.765,335.036,361.967,376.055,398.061,425.238,472.82,495.852,531.686,546.036,583.975,592.29,612.608,622.067,553.468,486.005,464.24,475.453,489.785,490.671,500.063,504.462,510.089,516.407,525.266,492.829,471.053,465.362,458.832
729.5,418.724,431.045,455.15,471.181,496.452,495.72,492.406,480.992,456.296,448.716,439.502,420.42,418.902,416.678,418.931,406.041,391.241,399.426,410.453,387.384,303.338,230.063,176.45,171.905,178.298,189.467,197.064,204.11,208.859,227.504,255.126,286.389,307.67,332.025,358.31,372.977,393.622,420.567,465.179,497.259,529.518,541.727,574.458,590.854,606.689,617.966,544.889,480.05,460.718,468.16,484.991,487.341,496.896,496.419,507.188,516.36,523.241,491.405,464.558,460.603,454.967
730,417.484,423.559,449.079,460.705,488.411,489.527,487.677,477.845,453.522,443.902,433.323,416.512,416.502,413.768,414.645,402.945,389.671,393.926,406.885,382.266,300.83,229.062,175.406,169.562,177.166,188.201,193.08,201.83,206.98,225.126,252.761,280.414,306.471,328.737,355.208,370.163,388.928,417.059,461.218,492.691,524.16,541.817,567.962,586.01,600.043,609.869,538.386,473.286,458.203,460.767,475.581,483.255,492.303,495.884,501.652,513.516,520.57,489.707,463.157,456.837,448.206
730.5,412.682,418.991,443.296,455.603,478.969,484.569,479.852,469.591,449.242,438.649,424.582,411.674,407.631,407.749,406.345,398.309,385.045,384.196,400.744,377.794,296.56,227.847,173.256,167.73,175.047,187.386,189.988,198.408,202.95,221.819,250.275,276.798,299.808,327.039,352.02,367.349,386.272,414.238,455.995,493.846,517.531,535.122,559.595,579.604,591.177,602.44,532.117,467.663,450.503,454.835,467.893,475.057,483.679,490.022,496.399,505.199,515.491,484.416,459.174,447,445.186
731,404.877,415.091,436.511,452.173,470.741,477.336,470.625,462.31,445.708,432.055,415.972,404.044,400.936,406.02,399.254,390.199,380.183,374.174,393.498,372.105,292.257,224.062,171.737,164.968,173,186.052,186.963,196.302,198.349,219.495,247.178,273.033,292.773,324.162,347.915,365.557,381.768,411.347,452.766,485.643,510.821,531.79,555.091,571.848,583.249,593.314,531.697,459.63,442.221,452.477,459.037,468.042,473.69,487.068,489.633,493.124,509.566,475.779,453.449,443.193,439.46
731.5,398.983,409.466,430.174,450.316,461.048,469.308,460.082,451.371,439.437,426.213,409.3,397.21,391.657,400.481,391.319,380.927,374.407,367.859,385.843,365.511,287.634,218.981,169.805,162.117,168.468,183.598,182.917,192.754,195.645,216.022,243.619,268.778,285.727,321.267,343.264,362.17,380.423,407.709,442.024,480.996,503.313,525.985,549.688,562.21,570.937,583.766,522.727,453.11,432.669,448.913,452.121,460.073,461.907,479.917,480.8,484.297,500.024,468.845,444.932,436.506,438.308
732,387.386,404.761,422.342,442.058,454.506,463.145,453.694,443.501,426.567,416.382,404.615,390.562,386.577,394.692,378.523,370.039,363.387,361.537,379.598,353.528,281.029,213.077,166.784,159.979,165.58,179.504,179.476,187.446,192.272,212.621,239.128,263.718,282.193,316.612,338.02,357.663,375.643,403.38,435.056,476.106,494.502,512.091,543.772,555.791,558.602,575.686,515.624,446.784,428.434,437.37,447.329,458.789,453.682,475.152,479.506,473.686,493.213,463.727,440.809,429.375,436.086
732.5,382.069,395.119,414.523,434.177,445.537,453.248,448,433.896,418.248,407.043,399.972,380.87,380.769,384.84,371.76,363.498,357.677,357.339,370.375,342.957,278.357,208.915,163.216,157.366,162.567,176.107,176.087,184.528,187.054,209.594,235.479,258.165,279.542,311.768,332.381,350.848,368.786,397.042,428.204,471.641,490.601,503.419,533.259,548.344,553.598,567.504,505.752,441.68,420.787,430.981,442.345,451.067,448.133,470.36,470.733,469.533,484.874,452.88,431.696,423.824,431.332
733,371.389,387.289,404.846,423.762,437.625,447.382,442.937,427.191,408.97,399.432,391.024,372.631,372.806,373.098,367.372,357.787,349.423,351.994,362.056,333.697,271.832,204.865,159.102,154.574,160.211,172.615,172.661,181.485,183.134,205.431,231.048,254.884,275.117,304.46,327.398,343.692,360.019,392.702,426.037,467.808,480.745,492.075,525.234,543.128,544.804,559.175,498.918,435.03,414.784,426.432,434.37,444.385,445.776,460.866,466.304,464.595,477.912,445.385,425.638,415.956,426.548
733.5,364.753,378.953,398.335,415.915,430.974,436.13,434.477,420.269,405.329,391.814,381.635,364.822,363,364.014,361.931,349.534,341.246,342.138,354.586,328.409,266.987,199.564,155.588,149.711,156.502,168.88,171.008,178.124,177.548,201.856,225.3,250.069,273.251,299.945,321.618,337.132,353.774,384.315,417.64,459.392,468.908,489.951,518.606,535.961,542.53,546.629,493.855,429.541,409.08,417.218,428.392,434.382,443.596,455.294,457.931,453.114,469.784,438.047,416.915,409.073,418.056
734,358.563,371.248,390.721,406.123,423.462,426.892,423.474,411.655,396.691,383.62,372.322,355.09,356.275,354.135,354.032,343.842,334.468,335.797,348.007,322.99,260.9,195.566,151.858,145.236,151.239,164.684,167.797,173.914,172.821,195.631,221.31,243.634,267.614,292.907,315.557,333.135,347.773,374.899,413.203,448.638,459.36,485.401,512.229,527.981,532.803,531.378,487.465,419.794,403.534,411.738,415.217,425.412,435.305,439.667,450.055,447.242,461.006,428.267,409.361,399.038,412.656
734.5,351.01,361.531,380.593,397.983,414.458,412.391,413.956,400.239,387.615,375.056,362.502,348.248,347.981,347.852,344.076,336.114,326.295,327.098,342.103,317.278,253.559,191.233,147.399,141.693,147.688,160.606,163.787,169.293,170.05,191.677,215.395,239.305,262.73,284.755,308.908,326.735,338.391,366.992,407.535,437.82,450.795,477.53,503.162,516.822,525.205,522.047,475.259,410.663,396.001,401.879,407.947,420.91,424.587,431.96,443.904,441.884,451.403,419.819,401.384,391.769,405.389
735,345.466,351.057,370.823,389.519,402.548,402.304,403.893,389.592,378.074,366.731,353.486,339.094,339.684,338.481,334.64,328.823,314.568,319.657,332.185,309.525,243.389,186.407,142.288,139.219,143.685,156.414,160.114,164.662,166.699,188.03,211.681,234.189,257.427,279.237,302.221,321.265,334.457,358.687,399.011,427.509,446.404,469.257,492.538,507.528,517.556,514.226,467.659,401.805,388.877,396.693,400.577,412.705,417.817,418.77,429.224,437.629,446.788,410.931,392.845,386.392,397.802
735.5,338.455,340.196,360.912,380.19,390.974,392.601,394.029,379.574,368.392,359.827,343.179,329.371,331.29,331.055,327.333,318.857,304.634,312.189,322.244,301.891,233.824,181.164,138.36,136.932,141.192,151.49,156.792,161.889,164.619,184.868,205.329,229.322,248.291,273.37,297.582,313.197,328.729,353.667,390.269,419.365,438.223,459.195,482.871,499.797,510.259,507.331,456.997,397.01,379.975,388.552,388.519,406.431,409.942,415.26,418.8,430.715,440.664,402.495,385.931,380.988,386.753
736,330.449,332.945,353.818,368.119,380.964,381.16,381.37,370.409,357.768,348.959,333.226,319.029,321.931,323.986,317.404,306.04,298.156,305.445,312.238,291.792,226.996,175.063,135.039,133.437,136.901,147.591,152.177,159.196,159.75,180.986,200.262,224.835,241.195,265.756,292.757,307.086,324.031,346.009,381.518,410.887,432.401,455.884,473.799,493.08,498.85,500.64,449.881,389.639,374.302,381.578,381.088,397.438,401.26,404.822,408.693,422.183,431.974,393.803,379.71,376.227,377.735
736.5,323.21,323.572,344.053,354.893,372.005,372.997,368.485,362.884,349.535,337.516,324.466,309.583,311.416,314.601,308.275,295.123,288.262,298.439,303.616,282.645,216.801,169.547,132.139,129.58,132.338,143.799,147.277,155.456,155.873,178.161,195.947,219.573,234.68,262.218,288.34,301.766,320.71,338.4,379.159,403.918,426.493,441.573,463.619,477.783,491.051,493.5,442.482,384.4,366.319,373.726,377.014,385.834,396.121,397.893,404.409,411.023,416.921,388.183,369.894,364.955,367.805
737,316.068,315.377,333.812,344.978,361.423,361.811,355.787,351.974,341.357,325.632,316.4,302.394,300.812,303.352,297.501,284.877,278.891,289.529,294.143,272.866,212.804,165.33,129.295,125.497,128.9,140.099,143.876,150.953,152.36,173.169,192.794,213.53,228.903,255.314,282.436,296.385,313.599,330.152,370.416,394.443,416.566,435.085,457.659,467.715,483.054,482.93,435.507,375.716,356.068,366.185,372.176,375.146,388.186,393.753,402.877,401.581,408.6,378.907,362.031,359.027,357.453
737.5,306.72,307.168,323.665,335.591,350.393,352.47,345.777,338.399,332.394,314.13,307.414,293.545,289.498,295.528,286.85,274.534,270.867,279.614,285.986,265.129,207.786,160.128,125.455,121.778,124.909,134.645,139.874,146.247,148.55,168.215,189.707,207.794,225.109,248.211,276.315,288.85,307.72,323.854,367.828,384.174,408.982,427.762,446.168,453.893,472.853,475.169,428.062,366.649,347.762,358.422,367.175,366.752,375.56,389.209,391.333,392.249,398.143,370.189,354.998,350.347,346.348
738,297.261,300.168,313.923,331.002,339.195,342.408,338.733,327.277,321.662,304.526,299.301,285.682,280.552,285.679,279.296,263.403,263.22,270.452,277.094,254.262,204.824,155.041,120.144,117.67,120.399,130.684,135.568,140.625,144.776,162.402,183.539,201.554,221.223,240.315,269.818,280.955,301.908,319.061,357.292,382.929,399.787,419.811,435.996,445.622,463.42,466.755,414.824,356.16,340.036,349.375,357.97,358.269,364.266,380.65,381.772,382.6,387.392,363.506,349.042,345.837,338.1
738.5,288.044,290.479,306.252,320.4,329.158,333.004,330.138,315.1,312.242,295.998,289.208,276.79,269.972,279.059,271.199,252.065,254.823,261.505,268.508,247.312,198.008,149.754,115.571,113.693,116.644,126.729,129.768,135.324,141.611,157.744,178.391,197.205,216.529,235.872,263.764,273.789,296.338,313.834,350.748,372.795,393.391,414.08,425.629,434.294,449.832,458.039,403.957,350.786,333.585,338.144,350.699,352.875,353.977,372.296,370.459,373.403,380.8,357.505,341.896,337.119,333.755
739,279.357,282.79,297.874,309.778,319.209,322.093,319.198,308.377,303.182,286.871,281.067,268.089,262.34,271.899,261.168,245.316,246.112,255.141,258.577,238.762,192.229,146.076,111.748,110.396,112.042,123.209,125.69,130.377,137.551,152.671,173.303,191.34,212.332,231.851,257.033,268.425,288.571,307.183,342.785,366.213,386.422,403.275,419.875,426.237,443.569,447.904,396.252,341.15,325.467,332.858,343.463,342.881,346.76,362.969,361.048,363.543,367.77,351.432,331.971,326.98,329.39
739.5,271.731,274.348,285.189,300.978,310.96,313.295,307.884,300.121,295.684,278.74,271.802,259.383,255.757,264.695,254.628,239.692,237.727,245.903,247.518,231.946,186.013,140.39,108.298,106.648,108.771,118.142,121.596,125.817,134.159,149.858,169.829,185.525,206.141,229.067,252.677,261.367,282.057,300.202,333.826,358.756,376.976,394.918,413.375,416.469,433.122,436.59,388.946,332.486,319.241,326.536,336.036,336.024,335.575,350.455,354.394,352.257,362.415,341.773,323.462,315.684,318.225
740,263.866,264.861,272.175,294.598,302.38,304.567,295.816,289.106,286.516,269.508,264.106,252.306,246.446,256.467,246.239,237.063,229.545,237.426,236.068,224.635,179.662,134.934,105.309,103.052,106.082,113.674,118.97,123.509,130.313,146.949,163.972,179.967,200.669,223.678,245.378,256.512,274.537,291.651,329.704,350.179,369.332,384.211,402.634,409.752,423.38,428.517,379.272,325.851,310.685,321.611,329.521,328.065,331.931,342.062,349.877,341.639,353.205,334.169,316.026,307.451,310.306
740.5,256.241,257.625,258.617,287.799,293.448,296.543,288.64,283.531,277.361,259.713,255.316,243.426,238.88,245.943,241.307,230.272,222.817,228.154,226.269,217.453,173.667,129.858,101.851,98.9921,104.122,110.558,116.14,120.831,126.342,143.093,159.362,176.217,195.4,216.716,240.394,251.113,269.588,286.339,322.997,343.511,360.772,375.501,394.114,399.879,414.344,416.612,369.773,315.825,304.087,315.673,322.741,323.938,325.822,335.189,342.256,335.773,346.64,328.803,310.463,299.016,302.637
741,248.796,250.724,253.269,278.989,286.176,287.889,281.632,273.622,266.551,250.073,245.79,234.647,229.844,237.197,233.459,223.394,216.653,219.42,217.316,207.174,167.455,124.727,99.2303,94.4745,101.472,107.462,113.154,118.546,122.664,138.438,153.044,172.842,187.827,210.28,234.136,246.818,263.292,280.39,315.182,332.883,352.062,368.331,385.309,394.283,407.372,411.221,362.419,310.201,296.984,306.417,311.063,316.133,317.205,327.277,330.278,325.369,340.578,321.998,304.693,290.279,296.237
741.5,241.864,244.569,245.56,269.089,277.582,280.274,273.339,265.695,255.601,241.368,238.221,224.642,220.808,228.39,225.254,215.725,209.548,210.646,209.909,200.27,160.753,121.017,96.3412,91.3867,98.8477,104.607,109.041,115.109,119.178,133.636,149.144,169.432,182.395,205.65,227.348,244.457,258.709,274.779,308.301,325.682,344.345,361.41,380.472,387.835,396.918,401.177,353.563,303.494,287.179,298.571,303.492,310.257,309.952,319.458,322.12,323.98,334.39,314.618,296.959,283.892,291.057
742,233.383,238.275,245.879,260.381,270.067,272.342,266.031,257.746,245.655,233.425,229.39,216.185,214.306,220.87,218.01,208.755,204.724,201.696,203.195,191.844,154.779,116.669,92.6377,87.6401,95.2531,101.136,104.528,111.58,116.371,130.13,145.385,165.845,176.81,202.269,222.551,238.676,254.42,268.119,301.167,318.152,337.235,351.576,372.624,379.066,385.978,393.187,346.745,298.8,279.105,290.517,299.198,300.81,303.218,311.436,310.636,314.525,326.44,307.306,288.597,279.781,284.072
742.5,225.483,230.634,238.02,250.443,259.566,264.208,256.891,247.573,236.604,226.639,220.613,209.643,207.429,211.691,208.729,201.66,197.763,194.596,196.29,186.076,148.904,112.861,89.2694,84.3224,91.9783,98.2885,100.781,108.396,112.828,126.93,142.648,161.472,172.511,198.137,216.697,234.119,246.348,262.261,293.188,312.561,329.175,343.551,361.233,370.2,378.895,379.42,340.415,292.098,270.624,285.206,295.579,295.328,295.191,303.243,303.177,309.428,317.414,296.002,281.126,274.396,280.58
743,218.044,223.271,230.713,241.705,250.479,255.985,244.318,238.385,229.823,217.825,214.386,200.904,202.715,202.846,201.498,194.959,190.628,188.963,189.814,180.045,143.488,108.89,85.957,81.3547,88.5161,94.9749,97.7566,105.051,108.977,123.708,137.762,156.735,167.454,194.302,211.34,229.357,239.664,255.462,288.557,306.256,323.298,335.762,350.258,360.976,371.043,370.684,328.712,280.587,264.697,279.94,286.753,286.784,289.381,297.063,296.25,302.332,309.789,287.864,273.765,267.387,273.006
743.5,210.918,216.488,222.295,233.107,239.429,247.651,232.883,230.016,223.153,211.037,205.694,195.958,196.899,193.759,192.304,186.461,183.627,183.297,185.506,173.567,139.108,105.286,82.7481,77.9347,85.3176,92.0471,95.6131,101.496,105.387,120.351,133.953,152.93,165.057,187.632,205.456,219.596,233.882,250.804,280.897,299.373,314.904,329.821,342.059,350.655,364.144,362.757,324.615,274.624,259.457,271.529,280.524,275.902,283.575,289.695,289.131,297.286,303.114,280.3,268.65,260.252,267.479
744,203.977,210.351,214.58,226.643,232.494,238.706,222.132,224.504,216.23,204.076,200.079,188.863,191.053,186.197,184.44,177.935,175.382,176.941,178.444,168.222,133.639,102.251,80.5972,76.9364,82.7136,88.0974,92.6591,97.8845,102.825,115.531,129.166,148.764,160.257,182.953,199.977,213.355,230.165,246.995,275.47,294.178,308.803,320.351,333.309,341.663,354.634,355.594,314.883,268.365,254.212,263.036,268.402,269.06,275.44,285.58,281.088,290.067,295.515,274.04,262.749,252.793,262.293
744.5,196.08,203.912,204.894,219.651,225.214,230.328,217.44,218.009,208.486,198.714,192.77,183.187,182.42,178.039,178.357,170.8,168.346,169.866,172.974,162.003,128.836,98.7265,77.2363,74.522,79.5442,85.1269,88.1589,94.2184,100.02,110.695,124.936,144.358,156.552,176.262,195.2,207.117,227.114,240.544,270.236,287.667,300.334,312.155,328.43,331.91,343.537,347.979,305.128,263.618,247.743,256.454,262.933,262.831,267.962,277.498,273.017,280.39,287.809,268.342,254.224,247.384,256.779
745,189.212,197.959,199.845,213.341,219.687,222.013,213.102,210.563,200.618,190.219,186.193,177.613,175.619,172.577,170.767,165.352,160.764,163.407,164.628,155.841,124.945,94.6604,74.2428,72.0619,77.0815,82.2752,84.3276,91.6027,96.3254,107.581,121.623,139.958,150.415,171.732,191.857,202.281,220.714,233.177,264.065,281.076,293.49,300.801,321.853,324.728,335.537,341.016,296.246,259.052,243.984,250.229,254.423,258.911,257.904,271.099,265.725,274.582,278.456,262.125,247.456,239.699,251.376
745.5,183.325,191.925,194.003,206.104,213.295,215.111,208.047,203.13,193.184,183.189,177.638,170.623,168.793,167.979,163.668,160.284,153.048,158.038,158.136,149.985,120.337,91.0456,71.7863,69.9487,74.1619,78.8968,81.8075,88.8643,93.0808,103.715,118.395,135.97,147.089,167.636,186.735,198.931,214.889,226.496,257.35,273.436,284.806,296.041,314.668,315.295,326.35,327.986,289.32,250.943,238.748,244.827,247.323,255.022,251.952,262.482,261.94,266.316,271.154,256.283,240.604,233.974,240.985
746,177.297,185.437,190.205,199.377,205.945,207.282,202.456,195.228,187.218,176.97,170.299,163.23,163.469,164.446,157.422,154.32,146.712,152.652,151.016,144.283,115.304,86.6932,69.8338,67.7334,71.6957,75.2728,79.755,86.0114,90.1175,99.3922,114.866,131.679,141.176,161.615,180.72,195.214,208.501,221.346,249.75,266.522,280.121,291.479,306.246,307.545,316.411,323.738,284.357,244.722,232.706,239.952,242.535,248.594,244.285,254.523,254.873,259.909,263.733,249.065,235.82,230.265,236.316
746.5,172.881,178.173,185.192,192.935,199.66,200.753,195.191,190.797,182.112,170.785,164.074,154.509,157.371,157.464,151.251,147.094,141.677,145.388,145.232,139.196,110.388,82.9795,68.4548,65.1522,68.8762,73.4222,77.9447,83.8992,87.6058,96.3155,112.068,128.235,138.946,158.429,174.792,190.484,201.67,216.367,243.622,259.885,275.409,285.989,297.099,304.069,306.505,312.139,279.439,237.504,228.612,233.904,234.396,243.202,238.519,248.332,248.344,253.566,257.303,243.071,231.289,222.839,229.108
747,167.596,171.967,179.551,186.482,193.194,193.626,188.845,184.27,175.526,165.601,157.149,149.221,151.567,152.759,147.193,141.17,137.173,139.503,138.972,133.188,105.766,79.9441,65.8215,62.9151,66.5546,70.2918,75.3377,80.5552,86.0044,93.1549,108.18,123.789,133.436,154.292,170.706,186.547,196.606,211.172,236.857,252.738,269.486,281.98,290.219,299.405,300.574,305.607,273.464,230.947,223.031,227.514,228.813,237.321,231.551,241.825,241.664,246.161,248.15,235.608,226.497,220.617,224.237
747.5,162.512,166.116,173.34,181.86,187.589,187.152,182.69,178.912,168.838,158.34,151.482,144.623,146.825,147.355,142.174,136.109,131.873,134.324,134.065,128.02,102.304,77.4519,63.2451,60.271,64.3054,68.4187,72.3757,78.13,84.1558,91.6107,105.015,119.701,130.886,150.573,167.175,181.387,191.587,204.848,231.841,246.847,263.837,273.718,284.202,294.496,296.611,298.723,264.973,226.319,217.266,221.726,223.831,230.79,227.281,232.58,237.187,240.623,241.577,229.037,219.957,213.755,218.509
748,157.288,161.195,166.324,176.221,181.899,180.579,177.88,172.149,163.167,152.511,146.209,141.379,141.521,142.456,136.615,130.675,128.562,130.096,129.543,122.138,98.2464,75.1372,60.518,58.0367,62.197,66.041,70.2336,74.809,81.7499,89.7408,101.725,116.475,126.16,147.796,160.644,177.677,187.599,199.889,226.247,239.492,255.813,262.93,278.293,285.526,290.423,292.148,258.154,219.57,209.642,216.69,218.571,224.267,223.589,226.501,230.809,235.612,233.156,222.031,214.27,208.189,211.541
748.5,152.095,156.992,160.608,171.693,175.695,174.169,172.245,166.873,157.971,147.842,142.069,135.956,136.652,137.522,133.538,126.459,123.618,126.86,124.719,118.021,95.1096,72.4983,58.0634,55.9159,60.0833,64.2391,68.357,72.3279,79.9449,87.8835,99.343,113.555,122.739,144.321,157.939,173.87,183.008,194.67,220.582,234.151,249.714,254.544,273.759,276.975,282.73,288.115,251.54,213.731,202.917,211.795,211.588,217.345,219.874,219.377,225.543,228.684,229.675,216.505,206.386,202.179,205.793
749,147.56,151.857,155.971,166.361,170.227,168.34,166.24,161.423,152.904,144.985,136.889,130.519,131.893,132.295,127.536,121.011,120.007,122.284,121.305,112.831,91.8356,69.5915,55.7349,54.3674,57.7656,62.2479,66.5265,70.1887,77.1004,85.2428,96.5787,111.125,119.547,141.5,153.818,169.338,178.729,189.814,216.089,228.188,243.211,247.625,266.852,268.279,276.18,280.638,245.091,208.789,198.122,207.675,204.348,212.291,214.218,214.539,218.525,223.034,223.004,212.19,201.623,198.194,199.484
749.5,142.566,146.623,151.489,160.516,165.037,163.239,158.161,156.317,145.784,140.211,131.148,125.212,126.83,127.602,122.572,114.906,115.692,117.268,117.142,108.145,88.8012,66.4305,52.9916,52.5987,55.7757,60.0527,64.1021,67.5012,75.0032,82.9516,94.005,107.637,116.228,136.919,151.107,163.878,172.793,184.515,210.962,223.084,236.737,242.201,259.586,262.025,267.741,271.955,237.549,202.464,194.642,202.461,198.176,205.765,208.291,209.085,214.28,214.757,217.595,207.866,197.088,194.52,193.838
750,137.808,141.855,147.355,155.191,159.424,158,152.171,151.326,140.088,135.672,125.396,120.346,122.418,123.479,117.502,111.407,112.375,112.634,112.897,104.573,85.5069,63.5771,50.9872,51.1409,53.7175,58.7518,61.7842,65.1675,71.9245,80.5065,91.1263,104.124,114.073,131.197,147.269,159.663,170.359,181.861,205.434,217.057,229.989,240.025,252.644,255.83,260.815,264.106,231.614,197.257,192.14,196.883,194.933,200.504,200.88,203.968,206.927,207.402,211.42,202.627,190.836,188.19,189.272
750.5,133.712,136.71,141.815,150.969,154.583,152.856,147.302,145.954,133.743,131.563,122.451,116.946,118.427,118.634,113.629,106.62,108.654,108.31,108.504,101.598,81.6238,61.6203,48.9099,49.5418,51.772,56.8145,59.715,61.956,69.3847,77.4129,88.7163,101.581,112.329,128.051,144.457,156.209,166.337,178.956,199.108,210.875,223.881,233.577,245.297,250.372,254.833,258.332,224.612,193.7,187.636,192.015,190.527,194.75,196.43,197.781,202.915,201.184,207.449,195.69,185.606,183.544,184.826
751,128.845,131.42,137.246,146.38,148.792,148.465,143.303,139.892,129.866,127.037,119.08,113.908,114.866,113.943,109.217,104.067,104.43,103.89,104.637,97.8722,77.9019,59.5464,47.3656,47.9545,50.3352,55.1361,57.685,58.8235,66.994,74.3285,86.7671,98.7708,109.76,123.893,140.043,154.279,162.065,174.024,193.023,205.627,217.726,227.66,239.169,243.757,247.438,251.608,216.366,188.551,182.646,184.761,186.43,189.694,190.864,192.331,195.187,197.014,201.147,189.384,180.109,177.612,180.255
751.5,125.175,126.495,133.004,141.928,143.401,144.621,139.109,134.361,125.786,123.326,117.679,111.077,111.594,109.915,105.471,100.66,100.189,99.531,100.548,94.7591,74.0879,57.4688,45.4389,45.9274,48.8352,52.6878,55.7438,56.8382,64.7205,71.8689,84.6755,96.3046,106.717,120.865,136.671,149.139,157.283,167.903,187.497,200.297,214.156,219.415,232.457,237.443,243.24,245.986,211.539,185.203,178.664,179.927,181.999,186.565,187.543,185.59,189.843,192.114,196.312,183.429,173.643,171.89,174.875
752,121.06,122.332,128.983,137.187,138.659,140.732,135.011,129.717,122.29,119.01,114.669,108.027,107.098,106.316,102.429,97.3866,97.0149,96.1207,97.6932,91.4446,70.7533,55.1587,44.0343,44.0006,46.9026,50.3545,53.382,56.5077,62.381,70.0562,82.58,92.993,104.59,117.724,132.443,143.795,151.186,163.187,183.689,195.021,208.218,215.34,225.654,232.086,236.749,238.296,206.789,179.844,172.721,174.988,176.843,181.99,181.865,181.078,183.658,189.024,192.365,177.188,169.472,168.709,169.665
752.5,117.162,119.077,125.97,132.313,134.06,135.824,130.681,125.429,118.489,115.39,110.853,103.633,102.913,103.26,98.8944,92.9676,93.8608,92.9874,94.4185,88.2604,68.1403,53.0744,42.1801,42.2067,44.7946,48.9313,51.8936,55.0297,60.3205,68.6136,79.7832,90.2233,101.746,114.535,129.555,139.723,146.296,159.629,179.507,188.628,203.768,208.068,220.503,226.419,231.607,231.858,203.528,174.173,167.462,171.425,172.746,177.15,176.753,175.154,178.12,185.284,185.462,172.761,164.78,164.524,167.233
753,113.583,116.824,122.571,127.758,129.537,130.874,126.354,121.206,115.202,111.623,107.259,99.5243,98.9616,100.218,95.8597,88.8737,89.4873,89.4174,91.6857,84.5661,66.0889,50.8058,40.6401,40.9584,42.6657,47.4311,50.5364,54.5446,58.3427,67.0798,77.2057,87.3616,98.2221,111.335,126.585,135.72,142.116,155.745,175.76,184.326,199.527,201.472,214.137,219.756,223.896,225.41,197.293,169.674,162.053,165.004,168.521,171.803,171.121,171.723,173.28,179.532,179.747,168.257,160.795,160.667,162.091
753.5,110.027,113.768,118.579,124.205,125.158,126.18,121.689,117.974,111.658,107.581,103.261,95.655,95.7685,97.3134,92.5062,85.3505,86.2328,86.2396,88.4181,81.5883,64.4722,48.6182,39.1681,39.5989,41.4064,46.0984,49.4222,53.3081,56.7777,65.1187,74.8104,84.5845,95.5452,107.921,123.202,132.836,138.285,150.941,171.518,180.808,193.835,198.114,208.023,213.043,216.79,219.894,191.404,164.376,156.695,160.002,164.494,166.918,165.462,167.87,169.512,174.113,172.851,164.727,157.461,157.179,156.542
754,106.869,110.393,115.483,120.864,121.101,121.158,118.035,114.968,108.283,103.933,100.044,93.0015,92.4211,93.5595,89.5866,82.6689,82.8689,83.2907,85.2664,78.2629,62.1777,46.9321,38.0085,38.1633,39.9646,44.9653,47.467,51.5749,55.2239,63.446,73.1332,82.1895,92.2211,104.932,119.77,129.157,134.798,146.745,167.101,176.347,188.649,192.561,203.215,207.306,212.639,214.01,184.502,159.293,151.352,155.896,160.389,163.038,161.198,163.248,165.657,169.299,168.447,159.986,154.111,152.509,153.048
754.5,103.534,106.958,111.211,117.336,117.366,117.755,114.911,111.703,104.22,100.177,95.9419,89.2225,89.5921,90.1113,86.9594,80.5803,80.2289,80.7318,82.1721,74.9078,59.6062,45.0187,36.6765,37.0533,38.8328,43.2178,46.1408,49.5508,53.821,61.4419,70.9692,79.6915,89.0788,102.976,116.036,125.692,131.707,142.158,162.346,171.196,182.404,187.985,196.904,198.433,207.479,208.624,177.725,154.354,148.074,151.621,157.413,159.156,157.455,158.332,161.691,164.559,163.217,156.006,149.162,148.658,149.457
755,100.307,103.373,107.086,113.355,114.365,113.891,111.944,108.048,100.95,96.2706,92.6222,85.9035,86.3906,86.9353,82.8471,77.8469,78.419,77.4921,78.9182,72.4224,56.981,44.0887,35.8233,35.7226,37.6496,42.0402,44.8566,47.6886,52.1847,59.3344,68.6451,78.2001,85.4522,100.025,112.282,121.16,128.477,139.088,156.533,166.804,176.851,182.664,191.139,194.247,201.631,202.437,172.257,151.099,145.431,146.01,153.183,155.054,154.293,154.681,156.93,160.498,159.539,152.473,144.836,144.814,146.267
755.5,97.0433,99.3951,103.155,109.522,110.464,109.931,108.393,104.193,97.5274,92.9801,89.7166,82.9717,83.1038,83.9761,79.4219,76.0393,75.5063,74.01,76.1701,69.606,54.6805,42.4904,34.6503,34.7,36.4198,40.6134,43.2777,45.8113,50.3224,57.4523,66.0734,76.1191,83.5664,97.4902,108.51,116.93,124.869,135.596,151.252,162.424,171.257,179.053,186.069,189.738,196.93,196.34,168.342,147.762,141.905,141.588,148.356,151.413,149.164,150.512,152.875,155.317,154.139,148.539,139.432,140.614,140.954
756,93.8357,96.5122,99.4845,105.65,106.873,105.912,104.098,100.319,94.7606,89.4696,87.2661,81.0786,80.3538,80.8887,75.4629,73.761,73.438,70.7266,73.0673,66.7975,52.8503,41.483,33.5256,33.4213,35.2036,39.7754,41.7026,44.9364,48.6233,55.9201,63.9486,73.7957,81.5478,94.462,106.043,113.209,122.404,131.668,145.275,157.42,165.882,174.321,181.161,186.404,192.655,189.492,164.875,142.974,138.277,138.918,144.413,147.308,144.325,145.921,147.609,150.875,151.172,143.795,136.421,136.611,137.408
756.5,90.6817,93.6194,96.7869,101.723,103.714,102.301,100.596,97.2499,91.7249,87.1683,84.4273,78.9575,76.5084,77.8993,73.3944,71.0494,70.5301,68.7248,70.0008,64.3881,51.4651,40.0443,32.3466,32.4973,34.2894,38.4079,40.2519,43.677,46.5582,54.278,62.1258,70.637,79.1435,91.449,103.035,110.677,119.176,127.885,140.19,153.616,160.931,170.224,176.59,181.434,186.755,184.857,163.463,137.9,134.245,133.932,139.951,143.213,140.449,142.946,143.624,146.969,147.631,139.715,132.66,132.797,133.448
757,87.7865,90.7958,93.9432,98.428,100.609,98.4182,97.1121,94.202,88.3988,83.7225,81.4377,76.6787,73.9668,75.3431,71.064,68.3623,67.8193,67.0585,66.8396,62.0878,49.444,38.487,31.3475,31.3252,33.0514,36.9977,38.8112,42.4902,45.3538,52.8776,60.4806,68.129,76.9172,88.6023,100.822,109.221,115.573,124.723,136.708,149.633,155.477,165.059,171.351,177.04,182.916,181.2,160.171,134.558,131.035,131.895,136.279,138.836,135.416,138.976,139.996,143.567,144.616,135.224,129.73,127.008,129.991
757.5,84.9696,88.1023,91.7524,95.172,97.7856,95.2886,93.6605,91.7998,85.3864,80.8313,78.3783,74.7209,71.0414,72.3785,69.3678,66.2055,65.4978,65.7217,64.1072,60.4611,47.5988,37.1037,30.4053,30.278,31.8775,35.5623,37.7087,41.2411,44.0981,51.0127,58.6116,65.9823,74.7245,86.3223,96.7209,106.477,113.384,120.91,134.374,145.415,151.556,160.664,165.825,172.971,176.272,176.524,155.791,131.189,127.608,127.945,132.405,134.707,132.409,135.812,134.663,139.903,140.299,131.532,126.171,124.215,125.943
758,82.3287,85.0055,89.049,92.6754,95.0262,92.2598,90.3691,88.9036,82.6259,78.0576,75.164,71.9536,69.536,69.7767,67.1977,63.9947,63.1063,63.7909,62.749,59.0717,45.9595,35.5126,29.5739,29.4054,31.1927,34.4408,36.441,39.923,43.2906,49.3215,56.5776,63.8684,72.8813,83.265,94.2815,103.42,110.312,117.042,132.866,142.571,146.809,154.429,159.732,166.966,171.013,172.446,151.624,128.145,124.188,124.304,128.93,130.664,127.236,131.681,131.142,136.084,136.056,127.744,121.268,120.522,121.911
758.5,79.9189,82.1802,86.4349,89.6139,91.6212,89.8249,87.5365,86.2471,79.2382,75.9558,72.5699,69.0294,67.4734,67.1112,64.276,61.2371,60.7792,61.7279,60.8616,56.9315,44.6189,34.3753,28.4546,28.49,30.2459,33.3677,35.4206,38.7201,42.3911,47.5987,54.9979,61.5159,70.8031,80.3539,91.0759,100.697,106.355,114.673,129.771,138.827,142.978,149.235,154.502,162.452,165.803,166.646,145.527,124.034,121.647,121.033,125.892,126.061,124.913,127.192,127.429,132.624,132.914,123.636,117.753,118.449,118.055
759,77.6619,79.2892,84.118,87.3368,88.8297,87.7725,85.535,83.2637,76.7548,74.1787,70.1232,66.8003,65.9628,65.3396,61.7824,59.2202,58.4046,59.5756,59.6683,54.7874,43.1026,33.2223,27.4061,27.6915,29.6493,32.388,34.6933,37.5029,41.5181,46.3115,53.2563,60.1799,69.4216,77.7425,88.9181,98.3513,102.75,111.789,125.593,134.601,139.902,146.676,149.848,159.021,161.664,163.68,141.823,121.251,118.1,117.007,121.922,122.037,123.511,123.708,123.724,128.642,129.363,120.203,114.573,115.366,115.081
759.5,74.8021,76.7855,81.5398,85.0667,86.4298,85.848,83.572,80.5142,74.7841,72.1717,68.4291,64.686,63.8189,63.3309,60.0638,57.5961,56.4766,58.156,57.8051,53.0347,41.6378,32.1533,26.5533,26.8298,28.6832,31.5796,34.1735,36.2452,40.2504,44.8433,51.66,58.7002,67.7536,76.1016,86.6872,96.3527,99.0133,109.284,122.817,131.019,138.022,144.965,146.727,156.609,158.76,159.004,136.853,118.6,113.95,114.954,119.428,118.659,119.886,120.868,121.759,125.62,125.063,117.339,111.809,112.786,112.14
760,73.0838,74.5069,79.3704,83.1751,83.6655,83.0639,81.3411,77.5821,73.262,69.9027,66.5715,63.157,61.4405,61.6583,58.7688,56.1272,54.9551,56.4261,55.6859,51.3502,40.3086,31.567,25.6447,25.9345,27.8283,30.6341,33.2262,35.1232,38.9827,43.8213,50.6849,57.7305,66.2169,74.7134,85.0828,93.7429,97.057,106.944,119.792,128.037,135.439,142.643,143.283,152.12,155.772,155.576,133.746,115.221,110.614,110.865,115.564,115.779,117.266,118.444,118.079,122.327,121.627,114.081,109.835,110.514,109.923
760.5,71.2898,73.0332,76.8701,81.0393,81.1671,80.1781,79.0181,75.3141,71.5844,68.0014,65.035,61.4801,59.6892,59.6573,57.6942,55.1057,53.527,54.7881,53.7049,50.043,39.3674,30.4981,24.8861,25.0549,27.0056,29.8828,32.2391,33.9974,37.8033,42.281,49.1186,56.1629,64.7722,73.0017,84.0695,90.8805,96.1839,103.993,116.389,124.61,133.003,138.859,140.404,148.822,150.374,152.678,131.208,112.401,107.859,108.805,113.205,113.873,115.045,115.461,115.398,118.955,118.097,111.553,106.927,107.601,106.927
761,69.855,71.575,74.9567,78.6852,79.1476,77.8938,76.8299,72.7793,69.9585,66.6186,63.2515,59.6089,58.4427,58.1162,56.3126,53.4371,52.0201,53.3134,52.06,48.7948,38.361,29.9726,24.0064,24.201,26.1845,28.8089,31.2235,33.4859,36.4527,41.2917,47.54,54.3666,63.1254,71.0951,81.0158,88.3205,94.8012,100.213,113.218,121.635,129.952,134.797,137.357,144.425,145.673,149.172,128.077,109.812,105.779,105.969,109.62,111.133,112.348,113.831,113.611,115.666,116.917,107.69,104.604,105.108,104.287
761.5,68.0629,69.9462,72.9998,76.3085,77.1489,76.2851,74.7927,71.3246,67.6036,65.2692,61.596,57.7126,56.9357,56.6322,55.0966,51.758,50.7857,51.587,51.0092,46.9677,37.5337,28.9598,23.2799,23.4075,25.2835,27.7972,30.105,32.8975,35.6714,40.4316,46.2122,52.6395,61.6374,69.2283,78.0698,86.4498,93.4426,98.9847,108.682,118.653,126.377,131.188,135.127,139.808,141.199,145.795,125.051,106.483,103.878,103.964,106.973,108.214,109.551,109.338,111.105,113.15,113.746,105.944,101.36,101.656,100.245
762,66.3354,67.8839,71.4875,73.978,75.3024,74.6857,72.5287,69.0863,65.6704,63.1561,60.0753,55.4565,54.8495,55.1055,53.5496,50.5145,49.0576,49.9491,49.7259,45.6969,36.4241,28.0374,22.7253,22.834,24.4482,27.0398,29.4888,32.1155,34.9023,39.3721,45.4224,51.4149,59.9613,66.5346,76.2521,84.4829,91.5898,97.2746,105.536,115.998,123.273,126.584,132.572,136.68,138.245,141.073,121.939,103.659,101.14,101.623,105.086,104.865,106.805,107.027,108.247,110.793,110.465,104.178,98.8599,98.9375,97.4339
762.5,64.5232,66.2939,69.8359,71.735,72.4882,73.0144,70.3316,67.5122,64.119,61.0433,58.365,53.7901,52.5271,53.7075,52.254,48.7727,47.74,48.3363,48.2767,44.2092,35.4818,27.028,22.1152,22.0478,23.7139,26.3486,28.5821,31.2976,33.9831,38.5768,44.2978,50.2361,58.8146,65.1968,75.3827,82.3663,89.4992,96.1808,102.959,113.201,119.635,124.677,129.361,135.035,135.684,136.909,119,99.3458,98.9011,99.4576,102.607,102.42,104.093,104.272,105.614,108.722,107.603,101.257,96.1395,96.8856,95.469
763,62.9013,64.5625,68.1623,69.7823,70.5629,71.2374,68.2966,65.8581,62.6547,59.266,56.8608,52.0753,50.7988,52.2231,50.7312,47.1187,46.2018,47.0886,46.5896,43.2552,34.5204,26.0353,21.571,21.5518,23.0705,25.7266,27.5842,30.6724,33.1419,37.1958,43.1574,49.3535,57.3025,63.3706,74.8395,80.1685,86.372,93.8942,102.025,110.445,116.499,121.474,125.431,130.141,134.293,133.263,116.317,97.059,95.7533,96.7993,100.686,99.9219,101.131,101.888,103.29,105.761,105.619,98.731,94.196,94.8689,93.6506
763.5,61.1996,63.2112,66.4858,68.027,68.8064,69.277,66.6254,64.2232,61.3325,57.7639,54.8838,50.5795,49.4089,50.7705,49.3994,45.1984,45.0123,45.8605,45.4166,42.0455,33.5502,25.2256,20.8983,20.9232,22.5533,24.9946,27.1093,30.0131,32.4127,35.8533,41.9261,48.2006,55.1979,62.2059,72.7925,78.0232,83.3386,92.0444,99.5741,107.038,113.925,119.123,122.344,127.364,131.077,130.231,113.809,94.9482,92.9867,94.7167,97.6124,97.0002,97.9308,100.652,101.519,102.969,102.514,95.4661,92.9533,92.9681,91.7363
764,59.5597,61.2711,65.0243,66.6459,67.3084,67.5384,64.8823,62.7088,60.0173,56.2517,53.473,49.3061,48.357,49.0403,47.9974,43.9054,44.0398,44.6826,44.5424,40.9,32.3957,24.577,20.5969,20.4651,22.1066,24.2264,26.2755,29.4892,31.481,35.1559,40.6327,47.1775,53.7489,61.1517,70.5387,75.774,80.6048,89.6361,97.0618,105.021,110.803,116.064,118.85,122.869,127.825,128.179,111.34,93.3847,90.8332,92.4784,95.1102,95.3704,94.9983,98.1468,98.3268,100.463,100.271,93.699,90.7437,91.2702,89.6353
764.5,58.0694,59.3481,63.0768,64.8127,65.4862,65.4345,63.3051,60.9859,58.457,54.5111,51.3943,47.8458,46.9484,47.5396,46.6767,42.875,42.9292,43.3981,43.3052,39.7863,31.4195,24.1328,19.9741,20.0509,21.6675,23.6215,25.7953,28.7388,30.6329,34.23,40.1654,45.8357,52.44,59.6469,68.3962,74.5313,79.1927,87.1694,94.1737,102.919,108.942,113.592,115.512,122.1,125.217,126.18,107.645,91.4389,88.8199,89.8876,92.5386,93.7018,93.1358,95.1554,94.772,98.5183,97.7628,92.0139,88.9327,88.822,88.1696
765,56.5276,57.7058,61.0598,63.4514,63.9259,63.9914,61.6867,59.2973,56.9215,52.9478,50.3237,46.8067,45.54,46.1301,45.1866,41.9034,41.9045,41.9779,42.5076,38.7846,30.5889,23.6094,19.4881,19.4029,21.1279,23.086,25.1387,27.844,29.9829,33.4636,39.0354,45.0406,51.6046,58.6804,66.9425,73.1668,77.5256,84.9039,91.6444,100.997,106.248,112.105,113.815,118.933,122.648,122.946,105.556,90.4661,86.8987,88.3533,89.6704,92.0331,91.1024,93.2192,91.6585,96.0507,95.6078,89.903,86.8281,85.5464,86.1105
765.5,55.2605,56.0979,59.0801,61.8629,62.7523,62.3694,60.1389,57.7705,55.0769,51.4832,48.5414,45.0216,44.0425,45.026,43.8684,40.9542,40.7863,40.7475,41.3233,37.7477,29.937,23.0019,18.8905,18.9088,20.7091,22.6567,24.4296,27.0069,29.0441,32.7305,37.9136,43.8105,50.376,56.9445,65.3913,71.5696,76.4318,82.0374,89.2711,98.8143,104.294,109.294,110.731,117.253,118.682,120.249,102.868,87.6069,84.3399,85.6429,87.7431,89.5359,88.5475,90.6027,89.116,93.4209,93.1521,87.2627,84.4811,83.9142,83.7409
766,53.7159,54.6596,57.0199,60.2968,61.4667,61.0309,58.5565,56.2936,53.1795,50.368,47.7859,44.3354,42.9692,44.068,42.7314,40.4779,39.5777,39.6207,40.1459,36.8612,29.2627,22.3317,18.2495,18.2747,20.0725,22.0417,23.7465,26.1145,28.3851,32.2678,37.0147,42.8622,48.6153,55.3875,63.8165,70.2639,73.9158,79.9824,87.0107,95.577,101.991,107.245,109.059,115.044,116.074,117.149,100.826,85.6728,81.9499,83.9278,85.8785,87.0078,86.049,88.5108,87.7483,90.6815,90.7174,84.6895,82.4568,81.2183,82.1782
766.5,52.4656,53.2222,56.0194,58.6395,60.3148,59.7108,57.4033,54.9399,51.6968,49.061,46.7203,42.9018,41.8477,43.1566,41.6981,39.5079,38.5003,38.5556,39.3042,35.8803,28.5194,21.6292,17.695,17.772,19.5829,21.3886,23.1229,25.3166,27.7702,31.3673,36.13,41.3617,47.4551,53.8942,62.1502,68.157,72.4734,77.5108,85.2596,92.5859,100.257,103.885,106.13,112.362,111.823,113.88,99.1143,83.317,80.2063,80.5165,83.4055,85.3163,84.6495,86.3253,86.3332,88.3241,88.4208,82.9185,79.8132,79.1167,80.2327
767,50.9438,52.1475,54.8163,56.9561,58.4441,58.1602,55.8976,53.6264,50.498,47.4356,46.0822,42.1881,41.0214,41.997,40.7364,38.6066,37.2923,37.7114,38.1139,34.8311,27.8189,20.9504,17.2453,17.3307,19.0673,20.8468,22.4632,24.7924,27.1399,30.5712,35.4745,40.4527,46.1825,52.436,60.1738,66.9012,70.9316,75.4367,84.2207,90.0047,98.1655,101.073,103.319,109.381,108.102,110.793,96.9324,81.434,77.9516,77.7845,81.3483,82.7896,82.4968,83.4313,83.9705,86.5657,86.3032,80.9513,77.112,77.0937,78.2081
767.5,49.4933,51.0896,53.397,55.7382,56.8951,56.9237,54.183,52.1517,49.3276,46.2841,45.059,41.0736,40.3533,41.1098,39.728,37.7803,36.027,36.5368,37.0336,33.892,26.9094,20.6387,16.8421,16.9548,18.6056,20.4504,22.0351,24.3444,26.5828,29.9049,34.6447,39.3822,45.6937,51.0751,58.3806,64.4536,68.6035,73.705,82.8272,87.6375,95.5464,97.2596,101.255,106.294,106.43,108.801,94.2374,79.3831,75.9649,75.3242,79.3629,80.9505,80.68,81.2399,82.7465,84.9683,83.647,78.4027,75.3966,75.6146,76.2744
768,48.1276,49.9277,52.3966,54.7133,55.6453,55.4204,52.7498,50.8369,48.3428,44.9821,44.1816,40.0981,39.5028,40.2096,38.8554,36.6842,35.0559,35.8654,35.9176,33.1776,26.4556,20.1537,16.6315,16.6709,18.1476,20.0437,21.4789,24.0353,25.9344,29.3733,33.7173,38.8574,44.7466,50.2006,56.8993,62.7083,66.9248,72.4333,81.0315,85.6756,91.863,95.3098,98.3498,102.389,103.831,106.56,92.4514,77.036,74.4793,73.9769,77.2336,78.8106,78.7519,79.218,80.1331,82.829,81.6912,76.2597,73.7679,73.5613,74.0293
768.5,47.0561,48.7576,51.1677,53.4296,54.3486,54.1402,51.3513,49.5,47.2267,43.7626,43.1582,39.1887,38.9464,39.2184,38.1879,35.7343,34.3249,35.0223,35.1874,32.5774,25.9046,19.691,16.4239,16.283,17.7698,19.7547,21.167,23.5244,25.3501,28.3908,32.9972,37.6503,43.6408,48.8778,55.929,61.1508,65.3244,70.8061,78.7401,83.4188,87.8943,92.6979,95.8429,98.953,100.963,104.687,89.1259,75.2771,73.2172,72.9861,75.7391,76.8766,76.7653,77.1199,78.1202,80.5193,79.8216,74.8073,71.2865,71.6568,71.6234
769,46.1371,47.604,49.9672,52.0691,53.2195,52.8014,50.2918,48.5886,45.859,43.1741,42.2066,38.063,38.2252,38.4324,37.3612,34.3819,33.9275,34.5486,34.8217,31.7047,25.5672,19.3467,15.9845,16.1336,17.446,19.1702,20.8149,22.81,24.7409,27.4292,32.1604,36.9076,42.5319,47.8097,54.5371,60.4211,63.9493,69.032,76.3961,81.7259,86.0078,91.3325,92.926,96.78,98.9109,101.379,87.2958,72.911,70.9038,71.1062,73.4041,75.2454,75.0988,75.4483,76.0021,78.1267,77.6724,73.4038,70.0281,69.3331,70.0723
769.5,44.6774,46.3261,48.9023,50.8699,51.7014,51.3846,48.6753,47.5639,44.852,42.3393,41.2265,37.4348,37.5389,37.5303,36.6932,33.1616,33.4194,33.7038,34.3524,30.772,25.0059,18.8671,15.7647,15.5841,17.0932,18.6616,20.3843,22.1916,24.0224,26.5501,31.3809,36.1074,41.2558,46.5409,53.0883,58.6646,61.9985,67.0432,74.0174,78.8201,84.0796,89.3637,89.5075,95.0567,96.6454,98.7145,85.3553,71.434,68.8452,69.3199,70.952,73.3002,73.03,73.0286,74.1632,75.8123,75.4236,71.4473,68.4741,67.6536,68.2108
770,43.394,45.0369,47.6541,49.5114,50.1743,50.0733,46.8578,46.4589,43.6179,41.4106,40.348,36.237,36.263,36.6642,35.7835,32.5108,32.7026,33.2874,33.8624,29.9098,24.2148,18.5072,15.4946,15.2719,16.7376,18.2458,20.0699,21.688,23.4136,25.9508,30.751,35.5364,40.517,45.6631,52.2124,57.0629,60.2631,65.734,71.5623,76.6325,82.8017,86.8694,87.1549,93.4943,94.4206,95.8528,83.2738,70.1276,66.8493,67.3699,68.8856,71.3118,71.4574,71.2928,72.408,73.6867,73.3967,69.8895,66.5041,65.9049,66.2597
770.5,42.3376,43.9183,46.613,48.4226,48.7863,48.741,45.9682,44.9459,42.562,40.6078,39.5123,35.9516,35.1661,36.0486,35.0718,31.8091,31.8989,32.5298,32.837,28.9812,23.5676,18.3135,15.2083,15.0117,16.2263,17.9018,19.6989,21.3221,22.7284,25.8874,29.951,34.5329,39.5024,44.6681,50.9236,55.4284,59.0071,63.6363,70.3125,74.6369,81.0077,83.725,84.7798,90.3313,91.9911,93.9617,82.355,68.9342,64.8779,65.8793,67.8081,69.5789,69.6359,69.5152,70.4221,71.2099,71.7836,68.076,65.1443,64.0865,64.6015
771,41.7878,43.1205,45.5341,47.3656,47.7674,47.5819,45.6508,43.9732,41.9407,39.526,38.6369,35.6716,34.5915,35.1411,34.4314,32.0338,30.9996,32.0121,32.1203,28.615,22.6972,17.9051,14.9161,14.7589,15.9402,17.6126,19.3551,20.8696,22.1088,25.3634,29.4198,33.7302,38.4544,43.642,49.8405,54.2036,57.4874,61.9563,68.4858,72.9514,78.881,81.6238,82.1931,87.2472,89.8127,91.61,79.946,67.0324,63.8513,64.5941,66.3312,68.1625,67.8162,68.1172,68.7187,69.7696,70.3821,66.534,63.7007,62.2161,63.0842
771.5,41.1678,42.5104,44.5144,46.5522,46.4229,46.4006,45.4975,42.7823,41.0963,38.874,37.8796,35.1312,33.8797,34.1876,33.7327,31.3576,30.4796,31.3214,31.4473,28.0072,22.2952,17.697,14.6025,14.4131,15.5766,17.2505,18.9835,20.3972,21.588,24.6757,28.718,32.6076,37.2948,42.4004,48.1996,53.4778,56.3706,60.3528,66.9081,72.1658,76.9429,79.2434,81.2107,85.2734,87.3059,88.6165,77.8988,64.6728,62.2346,62.761,64.8948,66.3186,66.055,66.1638,66.689,67.5333,69.0499,65.1712,61.4387,60.1284,61.7588
772,40.2518,41.7859,43.3328,45.3199,45.7546,45.3903,44.4131,41.9729,40.3031,38.2025,37.0576,34.5563,33.3762,33.48,33.0165,30.9593,30.1416,30.771,31.2778,27.6305,22.0069,17.4506,14.2945,14.1196,15.2858,16.9013,18.3978,19.9223,21.2629,23.7208,27.9894,31.7981,36.474,41.2031,46.9222,51.8605,54.5284,59.1031,65.0831,70.2866,74.6583,77.4918,80.0245,83.0326,85.6743,85.4613,75.0994,62.6971,61.1907,60.9817,63.169,64.7523,64.4546,63.9799,65.3577,66.2327,67.3176,63.4004,59.2172,58.5591,60.1509
772.5,39.1583,40.9219,42.2701,44.0478,44.9692,44.533,43.1514,41.4574,39.5087,37.6946,36.3093,33.5258,32.6856,32.8047,32.1311,30.525,29.7985,30.1991,30.6961,27.398,21.6429,17.183,13.9593,13.786,15.0769,16.5394,17.8667,19.4397,20.9392,23.1689,27.1896,30.8852,35.4568,40.3618,45.6165,50.4211,52.7065,57.8085,64.1887,68.5932,72.3821,75.984,78.4733,81.4474,83.3244,82.8853,72.3048,61.1472,59.2825,59.6499,61.4051,62.5776,63.0952,62.0624,63.4328,64.5311,64.9923,61.1736,57.1907,57.1097,58.3904
773,38.273,39.771,41.1017,42.575,44.164,43.6852,42.1374,40.6085,38.4874,37.0595,35.5407,32.6446,32.2673,32.5626,31.5863,29.8741,29.3241,29.7056,30.3553,27.2903,21.473,16.9494,13.7641,13.5443,14.7598,16.0933,17.3702,18.9571,20.4927,22.613,26.4529,29.9328,34.5639,39.6314,44.5613,48.7592,51.0683,55.8611,62.2998,66.8238,70.0835,74.0158,76.775,79.4978,80.9695,80.1294,69.4742,60.6053,57.1936,58.5063,59.8149,60.9393,61.313,60.8018,61.7476,62.7912,62.8886,59.3903,55.5873,55.1411,56.8264
773.5,37.5705,38.9338,40.2012,41.8166,43.0735,42.8557,41.3147,40.0592,37.7822,36.2792,34.7454,32.1404,31.6211,32.1556,31.1145,29.5089,28.6663,29.308,29.8245,26.664,21.2407,16.634,13.4954,13.2725,14.5403,15.7591,16.8557,18.4374,20.0027,22.2989,25.5711,29.2407,33.6063,38.4204,43.5028,47.489,49.461,53.9002,59.9862,64.6629,68.17,71.8152,75.186,76.834,78.8365,77.7634,68.0642,58.2449,55.7404,56.8535,58.3984,59.1692,59.8112,59.488,60.3091,61.5698,61.347,57.9718,54.0775,53.3819,54.7025
774,36.9196,38.0781,39.6782,41.0023,41.8927,42.1972,40.792,39.5782,37.0469,35.6744,34.2258,31.8007,30.805,31.7241,30.6165,29.0594,28.2899,28.9692,29.3947,26.1711,20.9693,16.396,13.2267,12.9788,14.3886,15.5615,16.4901,17.9879,19.4948,22.0628,24.9898,28.5421,32.6361,37.2398,42.3035,46.3949,47.7989,51.7568,57.9347,62.7356,66.7832,69.4663,72.4274,74.3408,75.8669,75.6767,66.5773,56.617,54.4958,55.4548,56.6194,57.1337,58.1887,58.1814,59.128,60.0637,60.5199,56.6267,52.7319,52.2833,52.7542
774.5,36.1074,37.1502,39.0972,40.7807,40.8989,41.4508,39.5982,38.959,36.4718,34.6763,33.6461,31.5401,30.0205,31.3342,29.448,28.5288,27.9296,28.6426,29.003,25.6134,20.6534,16.1538,12.9989,12.7952,14.2603,15.244,16.3092,17.6105,19.1031,21.5526,24.4244,28.1281,31.9044,35.8983,41.0612,44.8502,46.6453,50.3421,56.2409,60.6382,65.0621,67.5828,70.0828,71.862,74.0605,74.4579,65.1513,54.6974,53.2243,53.8502,55.2268,55.5064,57.0437,56.1573,57.5448,58.6066,59.121,54.8058,51.5318,51.1977,50.8769
775,35.2225,36.327,38.6111,39.9208,39.9086,40.7123,38.8455,38.2541,36.0061,33.9862,33.1033,31.1208,29.6374,30.8226,28.8811,28.1358,27.3772,28.2026,28.3038,25.3774,20.0347,16.0172,12.8355,12.6737,14.0183,15.0608,16.0082,17.2489,18.6342,21.0433,23.9622,27.5535,31.2952,35.1133,39.8749,43.663,45.553,49.1196,54.8167,59.3565,63.2754,65.8595,67.4711,70.1163,70.9791,72.917,63.3657,52.7852,51.7725,52.7435,53.8202,54.1634,55.5073,54.7219,55.887,57.1076,57.4057,53.3783,50.2053,49.9341,49.5914
775.5,34.6295,35.5901,37.5607,39.0859,39.4284,39.9912,38.2977,37.3411,35.5324,33.3451,32.6268,30.6697,28.9119,30.2324,28.349,27.6057,26.9087,27.6965,27.8929,25.03,19.8204,15.7001,12.6869,12.4229,13.7765,14.8484,15.9405,16.9042,18.15,20.446,23.3422,26.9866,30.3881,33.9112,38.865,42.5193,44.4079,48.1889,53.7552,57.749,61.5148,64.4907,65.5433,68.6822,69.3717,71.1005,61.9099,50.816,50.2367,51.0067,52.4801,52.8008,53.8343,53.4511,54.9121,55.8858,55.4634,52.1636,49.1579,48.6969,48.5467
776,33.8612,35.1165,36.3805,38.448,39.0351,38.9096,37.9165,36.7404,34.863,33.1067,32.2467,29.9445,28.8566,29.724,28.5749,27.4053,26.5245,27.1703,27.4414,24.9936,19.3997,15.4346,12.5198,12.1904,13.4675,14.5327,15.6984,16.6868,17.7725,20.0327,22.6288,26.1489,29.7172,33.3687,37.9502,41.5262,43.4739,46.7373,52.5601,56.3298,59.689,62.9461,63.4231,66.9234,67.3737,68.7331,60.6281,49.2568,49.1592,49.7675,50.7617,51.8168,52.2843,52.7143,52.6703,54.9019,53.8835,50.971,47.857,47.3633,47.5198
776.5,33.3239,34.6727,35.184,37.5828,38.4232,38.0795,37.5241,36.4288,34.2458,32.8808,31.7699,29.3269,28.6245,29.2133,28.3549,27.0232,26.0366,26.8069,27.1372,24.8768,19.4183,15.2214,12.3422,12.0367,13.3191,14.2934,15.3652,16.4887,17.5147,19.682,22.1779,25.5359,29.0398,32.4461,37.141,40.3557,42.5992,45.5913,50.8677,54.5197,57.8314,61.8152,61.4181,65.1489,66.1819,67.1463,59.6454,48.076,47.8833,48.6349,49.409,50.6239,50.4839,51.6897,51.6131,53.1784,52.6974,49.7041,46.9192,46.0939,46.294
777,32.7079,34.1399,34.2072,36.871,37.6788,37.2628,37.0466,35.8676,33.3783,32.62,31.3664,28.6081,28.502,28.9405,27.9235,26.7685,25.79,26.6484,26.8393,24.781,19.3559,15.0168,12.1594,11.858,13.0326,14.0467,15.0597,16.2396,17.1414,19.2499,21.8338,24.9727,28.3978,31.7443,36.5529,39.187,41.45,44.5447,49.3455,52.9597,56.4606,60.1487,61.0001,63.1266,65.2962,63.8928,58.202,47.7925,46.7453,47.7315,48.2518,49.2779,49.3478,50.0849,50.2954,51.8525,51.5928,48.354,45.9893,45.2299,44.7198
777.5,32.1087,33.5311,33.7839,36.2071,36.9727,36.7812,35.9087,35.4103,32.7798,31.7897,30.6873,28.2495,28.0711,28.5075,27.6176,26.3774,24.9996,26.4241,26.3405,24.4057,19.1992,14.8619,11.9884,11.7711,12.8903,13.9161,14.8171,15.9243,16.8693,18.9033,21.3764,24.5905,27.7241,30.9947,35.8948,38.2398,40.6548,43.5337,47.7258,51.5728,55.4568,58.3274,59.487,61.4834,62.7999,62.3916,56.2002,47.1672,45.5307,46.2785,47.611,47.7054,47.8247,48.7125,49.4025,50.2853,50.5835,47.4237,44.527,44.1933,43.7408
778,31.5672,32.7293,33.1377,35.5443,36.2071,36.0104,35.3073,34.7655,32.4576,30.9482,30.2165,27.8533,27.2308,28.3303,27.512,26.126,24.6556,26.2937,25.8959,24.0638,18.7792,14.704,11.7744,11.5603,12.5926,13.6844,14.3024,15.6508,16.588,18.4288,20.9564,24.2939,27.1596,30.4808,34.9397,37.3397,39.7507,42.5769,46.5974,50.9959,53.823,57.0288,58.8076,59.4071,60.9111,61.3911,54.6274,46.3891,44.2168,45.4967,46.7043,46.0072,46.9736,47.3787,48.3726,49.2588,48.9843,46.3216,43.5273,43.3711,42.4024
778.5,31.0191,31.8834,32.7509,35.0223,35.9386,35.5506,34.7499,34.1549,32.0761,30.1879,29.7962,27.5267,26.7637,28.0437,27.398,25.355,24.0161,26.033,25.4457,23.8013,18.4001,14.4539,11.7356,11.4,12.4266,13.4951,13.9709,15.2954,16.2656,17.971,20.5514,23.7272,26.4727,29.879,34.0114,36.4577,38.7115,41.4361,45.6597,49.6598,52.8454,55.5128,57.6671,57.8205,59.2922,59.622,53.4541,45.2069,43.1199,44.3703,45.8849,44.8486,46.1107,46.3654,47.0198,47.8665,47.2571,44.7007,41.9948,41.981,41.3578
779,30.4384,31.0199,32.4801,34.593,35.4055,35.0105,34.4563,33.7028,31.5447,29.7559,29.3056,27.3296,26.6717,27.5679,27.1382,24.6523,23.7108,25.6033,25.2322,23.5109,18.0354,14.2823,11.571,11.2662,12.2307,13.363,13.5912,15.0422,16.0072,17.7134,20.1957,23.3107,26.0746,29.0951,32.9872,35.6264,37.8554,40.318,44.4907,48.8437,51.3004,53.7204,55.7908,56.436,58.0618,58.1934,51.997,44.2727,42.3435,43.7426,44.9847,43.7507,45.1471,45.7355,46.1835,46.5652,46.14,43.6494,41.3189,41.1244,40.8501
779.5,30.0134,30.2147,32.0986,34.2432,34.8202,34.7092,34.214,33.2053,31.106,29.7533,29.1282,27.2046,26.68,26.9572,26.6484,24.2847,23.51,25.0842,24.9288,23.3387,17.9393,14.1022,11.3902,11.142,12.1132,13.0712,13.3796,14.7745,15.7133,17.3855,19.9405,22.7559,25.6714,28.3275,32.2047,34.9765,36.9718,39.683,43.2776,47.3352,50.1553,52.2025,54.3474,55.7806,57.1103,56.6741,51.4249,43.2606,41.3186,42.6612,43.7735,43.2158,44.1289,45.1382,45.4497,45.6122,45.1009,42.5163,40.0112,40.2434,40.303
780,29.4955,29.8109,31.8979,33.7699,34.281,34.4036,33.7507,32.6402,30.7491,29.6442,28.8045,27.0074,26.4306,26.5938,26.2234,24.2261,23.4879,24.2516,24.6588,23.0763,17.9528,13.8103,11.3054,10.8709,11.9162,12.8373,13.4112,14.4329,15.5231,17.3811,19.4548,22.3573,25.2066,27.7749,31.3657,34.083,35.8901,39.0293,42.4519,46.2001,48.9255,50.6798,52.9103,54.6332,55.2089,56.0174,50.1235,42.6865,40.3654,41.7905,42.5222,42.61,42.9515,44.0537,44.6701,44.6989,44.8143,41.8626,39.3175,38.9289,39.7474
780.5,29.1099,29.4625,31.7746,32.6106,33.539,33.8167,33.304,32.1737,30.4997,29.3861,28.5229,26.5587,26.0904,25.9361,25.8696,24.0107,23.6498,23.8024,24.5806,22.6693,18.0454,13.4439,11.1089,10.7295,11.7637,12.6486,13.3782,14.1938,15.1281,17.0683,19.2833,21.9412,24.7738,27.399,31.0432,33.5211,35.4009,38.2321,41.1129,45.2483,47.7578,49.5443,52.1574,53.6813,53.8279,54.758,49.2721,41.8586,39.7422,40.7326,41.079,41.7528,42.3741,43.3477,43.6097,44.1774,43.9037,41.1216,38.5664,38.4066,38.8585
781,28.6949,29.2672,31.3957,31.7644,33.0141,33.4138,32.9613,31.6414,30.148,28.8655,28.0814,25.8546,25.9351,25.5579,25.5647,23.8756,23.449,23.6662,24.6561,22.6668,17.9929,13.215,10.9301,10.6141,11.5654,12.5007,13.2421,13.8642,14.8369,16.667,19.1095,21.5568,24.3535,27.262,30.3507,32.5595,34.4146,37.4392,40.0397,44.3734,46.4115,48.6236,51.3876,52.3126,52.6933,53.6819,47.9894,41.1029,38.7588,39.838,40.2664,40.2214,41.279,42.5498,42.6983,43.6147,43.4216,40.509,37.8208,37.2918,37.8544
781.5,28.2314,29.0344,30.8594,31.1846,32.4814,32.902,32.5558,31.1361,29.892,28.4465,27.5795,24.9686,25.6541,25.3015,25.232,23.7263,23.3025,23.2397,24.3685,22.3852,17.9515,13.12,10.7381,10.5721,11.2724,12.2899,13.0637,13.6688,14.5413,16.2502,18.8103,21.2721,23.9371,26.7146,29.694,31.625,33.4036,36.588,38.9899,43.4241,45.4226,47.6234,50.1821,51.3059,52.2332,52.8062,46.7823,40.1613,38.2107,39.0026,39.2749,39.4679,40.5361,41.898,41.3486,42.7293,42.4187,39.5197,36.9341,36.717,37.2607
782,27.8373,28.6901,30.3334,30.9424,32.01,32.4418,32.0099,30.8273,29.4683,27.8146,27.1487,24.442,25.3399,25.1279,24.7791,23.6172,22.9865,23.0759,23.9941,22.1118,17.878,13.1716,10.6471,10.4107,11.1895,12.115,12.8915,13.548,14.1846,15.7892,18.5097,20.9929,23.5093,26.238,28.9729,31.0021,32.2833,35.7589,38.6459,42.6493,44.5903,46.7435,49.0278,49.9691,50.7801,51.559,45.6662,39.3857,37.4634,38.303,38.6143,38.4427,39.7716,41.0287,40.6638,41.7599,41.4201,38.7348,36.6792,35.8871,36.2276
782.5,27.5505,28.2409,29.7921,30.5475,31.4415,31.881,31.586,30.4113,29.1028,27.3562,26.8617,24.4185,25.1632,25.0297,24.657,23.179,22.8916,22.7335,23.7021,21.5554,17.8548,13.1482,10.5823,10.3309,11.0691,11.9971,12.4109,13.433,13.9323,15.7436,18.1699,20.6974,23.0934,25.2944,28.3621,30.6131,31.7428,34.7531,37.9185,41.633,43.7378,45.9427,47.7775,48.7263,49.4898,50.5038,44.7099,38.5097,36.961,37.619,37.6254,38.1351,38.8896,40.4835,39.4054,40.7587,40.4679,38.1653,36.2836,35.2414,35.5101
783,27.3654,27.7136,29.4573,30.0979,30.6203,31.1433,31.0434,29.9679,28.6481,27.0888,26.5719,24.3751,24.889,24.8637,24.6411,22.7923,22.6689,22.3903,23.3674,21.2382,17.6405,12.9651,10.4326,10.2065,11.0946,11.9568,12.415,13.3236,13.6687,15.5156,17.7853,20.3335,22.5479,24.7557,27.7518,30.1777,31.1321,34.1047,37.5469,40.8544,43.1536,45.2469,46.8411,48.1447,48.0643,49.8412,44.1861,37.989,36.1304,37.2404,36.7848,37.3895,38.0513,39.4346,38.7537,40.3708,39.8374,37.4472,35.715,34.5075,34.8117
783.5,27.113,27.3013,29.1323,29.9987,30.1727,30.7021,30.654,29.685,28.1673,26.9017,26.2327,24.2318,24.7854,24.4179,24.3193,22.3427,22.2694,22.5441,23.146,21.1169,17.4136,12.7914,10.3193,10.2057,11.0321,11.8822,12.1698,13.0022,13.5681,15.3254,17.6498,20.0303,22.2895,24.5237,27.2294,29.8327,30.5776,33.3901,35.9886,40.2276,42.2293,44.5644,46.0938,47.0671,46.82,48.8521,43.2521,37.3025,35.3312,36.8156,36.1973,36.6773,37.3656,38.7082,38.3229,39.9326,39.185,36.689,35.2316,33.8062,34.433
784,26.7242,26.9771,28.8157,29.7628,29.8767,30.3466,30.2623,29.3877,27.7467,26.7668,25.8126,24.0566,24.6676,24.4028,23.914,22.1565,22.1597,22.5185,22.7094,21.1615,17.2433,12.6749,10.236,10.1017,10.8812,11.73,12.2482,12.8767,13.5,15.2197,17.3878,19.7325,22.079,24.3768,26.8392,28.999,30.1484,32.5789,35.6351,39.3911,41.4023,43.7633,45.3504,46.6427,46.2067,47.9789,42.3221,36.6188,34.4712,36.1278,35.3806,35.4169,36.8554,37.7793,37.6256,38.9925,38.3767,36.0359,34.6197,33.3164,33.6754
784.5,26.3222,26.7374,28.4212,29.7981,29.8277,30.0944,29.7501,28.9173,27.538,26.2188,25.5118,23.9741,24.3685,24.0775,23.5507,22.1454,21.9986,22.4138,22.5831,21.1713,17.1103,12.6883,10.2644,10.0181,10.6651,11.5361,11.9964,12.6596,13.343,15.0068,17.2143,19.538,21.6744,24.1822,26.2687,28.4464,29.8322,31.8074,34.5728,38.4125,40.5909,42.7259,44.5987,45.8305,45.7231,46.8467,41.5346,36.0308,33.9501,35.7569,35.018,34.485,36.0216,36.9315,37.4007,38.2767,38.1355,35.5988,33.6238,32.7977,33.169
785,25.8542,26.457,27.8673,29.4375,29.8434,29.4846,29.4091,28.6434,27.2961,25.9096,25.3149,23.5514,24.0084,24.0038,23.3986,22.4551,21.7384,22.4261,22.331,20.7655,16.9643,12.6052,10.1571,9.88541,10.4302,11.3592,11.912,12.4849,13.1772,14.929,16.9791,19.1474,21.3461,23.7258,25.6903,27.7312,29.4487,31.0443,34.0121,37.6789,39.8985,41.6772,44.0753,45.3691,44.7888,45.4752,40.8579,35.3486,33.3456,35.1267,34.7168,34.444,35.4305,36.2639,36.735,37.5479,37.4327,35.2735,33.2039,32.4604,32.6722
785.5,25.5436,26.3177,27.3885,28.9985,29.4993,29.034,29.0243,28.2274,26.9758,25.6849,25.3478,23.2494,23.4131,23.8143,23.418,22.2624,21.6194,22.1193,22.3146,20.6479,16.848,12.6128,10.0464,9.74116,10.3062,11.2927,11.6542,12.4432,12.9964,14.5926,16.5877,18.8713,20.8823,23.3184,25.4176,27.1421,29.0262,30.8087,33.7642,37.2205,39.0848,40.784,42.9778,44.4751,43.779,44.9931,40.4747,34.7865,32.9585,34.3724,34.2906,34.4413,34.4569,35.5841,35.9223,36.7419,37.0365,34.6768,32.3762,32.2467,32.4566
786,25.2345,26.0832,26.9663,28.5233,29.2875,28.4988,28.7629,27.8354,26.625,25.4492,25.2863,23.0797,22.9106,23.7638,23.3844,22.1142,21.2261,21.9062,22.0402,20.332,16.6733,12.5031,9.94225,9.65794,10.0844,11.0628,11.5958,12.4356,12.7914,14.3557,16.3443,18.5703,20.5172,22.9557,25.1009,26.7643,28.5607,30.472,33.062,36.3801,38.1772,39.946,42.2165,43.5608,43.2506,43.9244,39.663,34.2378,32.7203,33.7226,33.5906,33.9761,34.1121,34.7696,35.0157,35.913,35.8941,33.9932,32.0549,31.3385,31.7351
786.5,25.0013,25.7544,26.5101,28.1196,29.0412,28.2626,28.4467,27.4847,26.1932,25.4817,25.1233,22.6183,22.6701,23.8694,23.1703,21.7832,20.7276,21.7324,21.8136,20.3123,16.6179,12.361,9.85656,9.57251,9.9868,10.9267,11.5227,12.3217,12.7328,14.1612,16.0832,18.3032,20.2598,22.6835,24.9342,26.5035,27.9148,30.2132,32.6496,35.7611,37.5476,39.3575,41.2768,42.5461,42.3267,43.205,39.018,33.4473,32.1032,32.818,33.1802,33.6216,33.4798,34.1041,34.1826,34.8643,35.1175,33.1387,31.4605,31.0072,31.0276
787,24.7785,25.4323,26.2851,27.847,28.3345,28.1598,28.2137,26.9026,25.8685,25.3093,24.8119,22.7473,22.626,23.4096,22.8542,21.4526,20.7069,21.6031,21.5064,20.2531,16.3575,12.2286,9.77448,9.52724,9.9294,10.75,11.5602,12.1671,12.6274,13.9923,15.8979,18.1099,19.9633,22.46,24.5418,26.1451,27.5213,29.7319,32.2116,35.1248,37.0324,38.8754,40.1476,41.265,42.0007,42.4295,38.7011,32.9344,31.0751,32.2476,32.8221,32.6124,33.3773,33.5662,34.0203,34.6888,34.4578,32.188,31.3707,30.3913,30.5625
787.5,24.3948,25.1364,26.0671,27.3143,27.7751,27.7305,27.9725,26.6771,25.5834,25.1428,24.4689,22.4392,22.7723,23.1942,22.6687,21.1728,20.5584,21.2693,21.4094,20.2275,16.1304,12.0888,9.68167,9.45263,9.82536,10.7095,11.3749,11.8841,12.4613,13.964,15.5992,17.7457,19.8027,22.0684,24.0957,25.9178,27.1566,28.9629,31.6201,34.4274,36.3201,38.216,39.5432,40.587,41.5974,42.0966,37.9529,32.1335,30.6219,31.7802,32.3514,32.1392,32.9024,33.1344,33.593,34.402,34.1242,31.9531,30.7403,29.8042,30.1519
788,23.8956,24.8825,25.9431,27.13,27.4225,27.8479,27.7326,26.2893,25.4438,24.8458,24.1046,22.381,22.7877,22.8664,22.5529,21.155,20.5863,21.2246,21.1916,20.1338,15.9909,11.9358,9.64739,9.3972,9.83498,10.619,11.195,11.6365,12.3502,13.8103,15.27,17.5495,19.4914,21.6673,23.749,25.3277,26.8246,28.5056,31.612,34.0966,35.781,37.974,38.6908,40.0442,41.0869,41.8454,37.2231,31.6608,30.181,31.2815,31.842,31.7313,32.5659,33.1177,33.3015,33.9032,33.7115,31.483,30.2535,29.3394,29.7082
788.5,23.6335,24.6548,25.8493,26.7939,27.1692,27.5795,27.6008,25.9721,25.0917,24.591,23.6746,22.3073,22.5952,22.6121,22.2638,21.0404,20.4623,21.025,21.2195,19.9093,16.0402,11.7452,9.51833,9.35452,9.84188,10.5152,11.1018,11.4151,12.1634,13.6393,15.1668,17.1705,19.2599,21.3984,23.6012,24.7851,26.5495,28.0904,30.8233,33.1973,35.1455,37.4498,38.1597,40.0326,40.5293,41.0574,36.3608,31.0247,30.0962,30.6905,31.2207,31.5402,31.9916,32.4721,32.5328,33.4848,33.2072,30.9557,30.0375,28.8327,29.2499
789,23.3727,24.3127,25.5741,26.6638,26.8939,27.2796,27.2924,26.0884,24.6843,24.4256,23.4121,22.3001,22.2661,22.5262,22.1427,20.8762,20.2637,20.9538,21.1235,19.6655,15.9304,11.672,9.47049,9.33839,9.87276,10.3987,11.0004,11.2672,11.9626,13.4343,15.0517,16.8949,18.8862,21.0786,23.1205,24.368,26.08,27.935,30.5697,32.6981,34.3012,36.601,37.7803,39.0104,39.5807,40.4628,35.8776,30.7359,29.8556,30.1962,30.6312,31.1967,31.6883,31.9539,32.1871,33.0656,32.6908,30.8382,29.7569,28.4433,28.7123
789.5,23.2491,23.8797,25.2087,26.5511,26.4982,26.9669,26.9749,25.8942,24.307,24.0549,23.0812,21.9988,21.7214,22.1376,21.9033,20.6092,19.878,20.7709,21.0579,19.3352,15.8962,11.53,9.36798,9.20998,9.78689,10.3334,10.9962,11.141,11.7594,13.2022,14.8178,16.5506,18.6267,20.7523,22.6276,24.1366,25.3366,27.5476,30.3286,32.001,33.6113,35.8942,37.5127,38.6296,39.1579,39.7535,35.1813,30.4861,29.4786,29.8607,30.0616,30.6046,31.0203,31.4919,31.8513,32.7103,31.9525,30.3784,29.2496,27.9993,27.996
790,22.9582,23.4253,24.8026,26.3072,26.4002,26.6476,26.6931,25.7011,23.8998,23.8452,23.0046,21.8044,21.4796,22.0164,21.6899,20.4948,19.642,20.5293,20.9244,19.137,15.7166,11.4909,9.33011,9.13496,9.59978,10.2163,10.8712,11.019,11.6359,12.9114,14.6414,16.2813,18.43,20.5732,22.0685,23.876,24.6397,27.1382,29.8342,31.8163,33.1272,35.225,36.9326,37.8593,38.5304,39.1247,34.7834,29.9745,28.7445,29.4592,29.6609,30.0344,30.5899,31.0805,31.5979,31.8953,31.6374,30.3612,28.7763,27.8336,27.2544
790.5,22.6723,23.0549,24.4747,25.9865,26.0785,26.1296,26.2883,25.4591,23.8621,23.3777,22.6341,21.5369,21.0533,21.7131,21.5517,20.2521,19.413,20.3165,20.6388,19.0347,15.4698,11.5061,9.2382,9.05952,9.38261,10.2305,10.7339,10.9183,11.5512,12.7029,14.3836,16.2138,18.3675,20.143,21.8157,23.5633,24.0782,26.7713,29.4186,31.0162,32.7728,34.6031,36.4301,37.1999,38.3027,38.7673,34.1347,29.0731,28.3831,29.0532,29.3858,29.6305,30.2191,30.8229,30.697,31.2127,31.3723,30.3913,28.3144,27.5823,26.858
791,22.5793,22.7408,24.1713,25.6373,26.1605,25.8542,26.026,25.194,23.5995,23.1507,22.4831,21.3319,20.8233,21.5371,21.1592,20.2195,19.5159,20.133,20.2208,18.7491,15.2344,11.3967,9.09844,9.01913,9.15804,10.2372,10.5501,10.931,11.4022,12.4971,14.2921,16.0644,18.0733,19.8565,21.5619,23.1161,24.0557,26.319,28.8234,30.231,32.4942,33.903,35.6781,36.6765,37.7066,38.202,33.8114,28.5104,27.7681,28.7831,29.1319,29.3773,29.408,30.4915,30.0845,30.8222,31.1811,29.9107,28.0179,27.0299,26.3199
791.5,22.4028,22.681,23.9429,25.2562,25.8861,25.388,25.7042,24.9357,23.5336,22.7137,22.1422,20.9613,20.73,21.1442,20.9218,19.933,19.3977,19.7243,20.0162,18.5525,15.0214,11.2391,8.94062,8.8925,9.09802,10.1047,10.4108,10.8348,11.3265,12.3915,14.0179,15.8898,17.882,19.4344,21.4536,22.7866,23.6727,25.745,28.3979,29.7116,31.9888,33.6456,35.31,36.051,37.0959,37.3179,33.4802,27.8949,27.5441,28.5175,28.6494,29.3323,28.9745,30.2483,29.5888,30.1186,31.0113,29.2822,27.572,26.6325,26.0399
792,22.2261,22.5316,23.7871,24.9926,25.7424,25.1599,25.3589,24.6656,23.3215,22.6472,21.9738,20.5929,20.1268,20.7062,20.6207,19.8239,19.2713,19.5027,19.8577,18.4379,14.8714,11.0702,8.7865,8.85069,9.07408,9.98125,10.2136,10.7369,11.1547,12.2408,13.844,15.7402,17.4741,19.076,21.2372,22.6001,23.4572,25.4893,28.0441,29.2152,31.6904,33.2051,34.715,35.7372,36.4028,36.8332,32.9188,27.8444,27.2747,28.0522,28.5825,28.7966,28.6546,29.9276,29.232,29.7909,30.4818,28.6174,27.3549,26.0905,25.7212
792.5,21.9925,22.3294,23.6631,24.6614,25.337,24.7569,25.0028,24.2653,23.1956,22.4349,21.8323,20.3325,19.8242,20.6201,20.3273,19.6194,19.3173,19.276,19.7209,18.1965,14.9161,10.9859,8.62097,8.6874,9.0308,9.82861,10.1655,10.5869,11.0701,12.2129,13.6664,15.4574,17.0783,18.7468,20.6576,22.3608,23.2486,24.8303,27.5444,29.0703,31.1256,33.2736,34.1804,35.3591,35.7876,36.4165,32.4689,27.3622,26.8364,27.8205,28.3298,28.3068,28.6936,29.46,29.1666,29.5678,30.2989,28.127,26.9325,25.9155,25.7193
793,21.7091,22.0898,23.3096,24.3758,24.8919,24.6568,24.6831,23.9096,23.0463,22.0538,21.7144,20.1689,19.5516,20.3224,20.1471,19.4288,19.156,19.2058,19.588,18.079,14.8642,10.7892,8.53812,8.58043,9.0615,9.8035,10.0778,10.4676,10.904,11.9869,13.4507,15.2834,16.7528,18.4813,20.3914,22.0161,22.9374,24.6475,27.4056,28.9424,30.7299,32.5859,33.6431,34.8972,35.2604,35.7992,31.7974,26.9242,26.7399,27.2681,27.7519,27.7315,28.2712,29.0716,28.3497,29.6239,29.8258,27.8619,26.3666,25.5007,25.6481
793.5,21.3152,21.8536,22.9927,23.9893,24.6039,24.5456,24.6233,23.6395,22.7898,21.8776,21.6248,19.9002,19.6339,20.1724,19.8199,19.0786,18.9348,19.1191,19.385,17.8251,14.757,10.54,8.54489,8.49806,8.98691,9.52872,9.99325,10.3179,10.7828,11.8255,13.2737,15.1977,16.6743,18.3272,20.0291,21.5035,22.6215,24.0924,26.7101,28.5416,30.1496,32.0007,33.0904,34.2585,34.4926,35.4154,31.07,26.9418,26.3292,26.7968,27.3597,27.1973,27.9085,28.5762,28.2683,29.291,29.3739,27.5161,26.2166,25.3156,25.4756
794,21.0229,21.5432,22.588,23.6448,24.25,24.4587,24.2941,23.4194,22.6289,21.6271,21.3935,19.6684,19.5231,19.904,19.6473,18.6761,18.5225,18.8594,19.0638,17.675,14.6297,10.5216,8.4667,8.30322,8.85153,9.40728,9.87183,10.1841,10.6469,11.676,13.1829,15.1742,16.3947,18.1181,19.8649,21.3986,22.2949,23.9091,26.2459,28.2541,29.7939,31.5979,32.1821,33.8274,33.9756,34.6467,30.8438,26.7322,26.2143,26.377,26.7442,26.8048,27.4667,27.9763,27.8532,29.0345,28.6619,27.0199,25.901,25.1688,25.0092
794.5,20.7459,21.3417,22.1313,23.2048,24.0326,24.357,23.9966,22.9966,22.4463,21.5869,21.1508,19.321,19.4397,19.5434,19.3728,18.3969,18.2799,18.4327,18.6973,17.6672,14.4976,10.4107,8.45493,8.20435,8.68599,9.24836,9.7954,10.1473,10.4752,11.537,12.9043,15.1167,16.2499,17.9169,19.7708,20.8472,21.9313,23.4081,25.6718,28.0237,29.4675,31.068,31.732,33.1837,33.1853,34.5444,30.408,26.3942,25.8811,25.885,26.4953,26.5245,26.9773,27.3594,27.8542,28.7217,28.3629,26.4183,25.6906,24.8837,24.8043
795,20.4892,21.1873,21.7407,22.8525,23.7998,24.0968,23.5921,22.8609,22.2028,21.339,20.8331,19.1566,19.1958,19.3268,19.5087,18.3843,18.17,18.071,18.3892,17.5128,14.3422,10.4342,8.25251,8.10366,8.58605,9.15113,9.64606,10.0375,10.283,11.4098,12.8064,14.7345,16.0142,17.7423,19.4349,20.5854,21.7626,23.5258,25.1917,27.581,29.0196,30.4459,31.4404,32.8053,32.7862,34.0613,30.2588,25.9799,25.4074,25.7972,26.225,26.3671,26.7182,27.0505,27.4624,28.1782,28.0232,26.0803,25.4044,24.6602,24.1832
795.5,20.3566,21.0058,21.3698,22.283,23.5145,23.7805,23.3438,22.7934,21.9185,21.1231,20.5403,18.989,19.0489,19.0497,19.3856,18.1179,18.0931,17.9474,18.1082,17.3275,14.0849,10.3877,8.07866,8.03006,8.47705,9.1286,9.53047,9.86294,10.033,11.1662,12.6406,14.4461,15.8475,17.3862,19.1048,20.0747,21.5798,22.9466,24.775,27.3992,28.6326,29.8444,31.3477,32.371,32.0122,33.6883,29.7981,25.4998,25.0411,25.3153,25.9824,26.2574,26.3946,26.7575,27.3888,27.4952,27.9559,25.7758,24.7649,24.2872,23.8175
796,20.0174,20.8133,21.2042,21.9542,23.2669,23.3357,23.0845,22.5468,21.5619,20.8286,20.3643,18.7235,18.9979,18.9802,19.2864,17.9049,17.8521,17.8785,17.8938,17.0823,13.8753,10.2324,8.01022,8.04836,8.40384,9.03549,9.37003,9.73197,9.89719,10.9511,12.5275,14.0943,15.6659,17.0344,18.7352,19.9003,21.2181,22.6725,24.4111,27.2078,28.1273,29.2485,31.0857,31.8709,31.6814,32.9787,29.0151,25.137,24.4393,25.0862,25.6288,25.9688,25.8863,26.4963,26.6083,27.0285,27.7345,25.576,24.2818,23.9777,23.5906
796.5,19.7415,20.4839,20.8842,21.9009,23.0281,22.9535,22.9588,22.2445,21.1615,20.5703,20.1303,18.5627,18.8805,18.7492,18.9621,17.5872,17.6655,18.0186,17.7402,16.8601,13.6913,10.1008,7.91729,7.88337,8.34471,8.77862,9.12722,9.5899,9.78087,10.7777,12.3321,13.9524,15.3203,16.7714,18.3846,19.7562,20.6835,22.2965,24.1076,26.8031,27.416,28.9663,30.6988,31.2089,31.531,32.3864,28.5083,24.7853,24.0364,24.6332,25.1115,25.5633,25.4604,26.0791,26.2485,26.7912,27.2556,25.3847,24.1673,23.5016,23.344
797,19.3894,20.2341,20.7661,21.9152,22.7158,22.5505,22.7376,21.9074,20.6886,20.3611,19.6928,18.4156,18.682,18.5168,18.6282,17.2995,17.4376,17.7375,17.6562,16.5829,13.5779,9.94011,7.73907,7.77213,8.31559,8.65241,8.92093,9.38574,9.76006,10.634,12.1383,13.7504,14.9867,16.3831,18.2285,19.5467,20.3015,22.036,23.8509,26.3874,26.9323,28.4505,30.0523,30.8895,30.706,31.8788,27.9469,24.739,23.5129,24.4605,24.8239,25.2352,25.0924,25.6121,25.7966,26.4748,26.1712,25.0745,23.9969,23.1193,22.9934
797.5,19.1281,19.9247,20.4684,21.7976,22.4265,22.2003,22.4513,21.5774,20.4544,20.2264,19.3574,18.16,18.2657,18.2596,18.0876,17.2104,17.3083,17.4754,17.4379,16.361,13.4313,9.78654,7.60259,7.61449,8.1823,8.43642,8.7936,9.18763,9.61727,10.5278,11.9173,13.6045,14.7798,16.3453,18.1436,19.3605,20.1453,21.848,23.723,25.8686,26.6548,28.1393,29.025,30.3217,30.3047,31.674,27.5554,24.315,22.9153,23.9095,24.521,24.891,24.7218,25.4065,25.5664,26.1699,25.8191,24.8046,23.523,22.7984,22.7282
798,18.9537,19.6359,20.3538,21.3969,21.9776,21.6901,22.2632,21.2071,20.357,19.888,19.025,18.0193,17.907,17.9492,17.7924,17.0483,17.1354,17.1852,17.2818,16.2196,13.3258,9.71576,7.52539,7.55291,8.1086,8.30327,8.81629,9.04616,9.49664,10.4933,11.8099,13.4717,14.5913,16.2055,17.9556,19.0758,20.0327,21.4532,23.4956,25.4336,26.4165,27.6325,28.4409,30.0903,29.8594,31.203,27.0014,23.9722,22.4312,23.4931,24.0744,24.3378,24.4882,25.0201,25.0353,25.707,25.5321,24.4469,23.0866,22.3432,22.4282
798.5,18.6896,19.34,20.0943,21.0508,21.6507,21.3071,21.9843,20.9738,20.0704,19.581,18.7477,17.6911,17.694,17.6403,17.3281,16.9545,17.0403,16.9354,17.1201,16.05,13.2122,9.56631,7.45354,7.42652,7.99208,8.21629,8.86128,9.00052,9.38897,10.3609,11.6505,13.2828,14.4958,16.1035,17.5676,18.8143,19.657,21.0892,23.1858,24.9617,26.1126,27.1218,27.8898,29.5,29.6222,30.3939,26.7426,23.2763,22.3419,22.9487,23.692,23.7342,24.0989,24.6389,24.5094,25.3109,24.9519,24.0347,22.666,22.2104,21.9981
799,18.4531,18.9807,19.8975,20.6908,21.4284,21.1039,21.4942,20.6356,19.8682,19.2426,18.6026,17.4313,17.3468,17.4925,17.1547,16.7942,16.8368,16.7906,16.9302,15.9607,12.9498,9.40438,7.48034,7.35193,7.91897,8.16907,8.75296,8.8579,9.32823,10.2661,11.456,13.1453,14.3419,15.827,17.2186,18.5467,19.2265,20.832,22.8599,24.56,25.8077,26.8589,27.7064,29.2124,29.436,29.8786,26.2857,22.8946,22.1273,22.6398,23.092,23.3197,23.3448,24.1742,24.2052,24.8749,24.6521,23.5216,22.4856,21.9413,21.8262
799.5,18.2191,18.6548,19.6174,20.3866,21.1251,20.9412,21.1102,20.4295,19.5765,18.9373,18.4238,17.1546,17.1157,17.2112,16.8619,16.7392,16.5983,16.4851,16.7267,15.6328,12.7415,9.32362,7.43817,7.2505,7.77431,8.06026,8.58102,8.68494,9.2932,10.1393,11.2492,12.9171,14.2707,15.5849,16.828,18.2301,18.712,20.4655,22.5156,24.2086,25.498,26.3465,27.287,28.647,28.8557,29.3909,26.2817,22.6163,21.9787,22.402,22.9494,22.9052,22.9628,23.6337,24.0291,24.6098,24.1309,23.1303,22.2508,21.5944,21.4349
800,18.0539,18.343,19.4218,20.0839,20.6413,20.6562,20.8498,20.1474,19.2869,18.7281,18.1766,16.9962,16.9078,17.0769,16.717,16.5244,16.3022,16.0405,16.5518,15.4079,12.5222,9.22659,7.36591,7.14443,7.61518,7.99745,8.35971,8.57372,9.10321,9.92532,11.1618,12.6832,14.0683,15.2294,16.6112,17.9956,18.3129,20.3189,22.0401,23.8375,25.0108,26.0285,26.9141,28.2957,28.6816,28.9151,25.8955,22.5935,21.5564,22.0097,22.661,22.71,22.4243,23.1192,23.7028,24.0768,23.9786,22.722,21.8354,21.2792,21.2154
