TITLE,
DATA TYPE,FLUORESCENCE SPECTRUM
ORIGIN,JASCO
OWNER,
DATE,2023/08/04
TIME,10:01:05
SPECTROMETER/DATA SYSTEM,JASCO Corp., FP-8550, Rev. 1.00
DELTAX,0.5
XUNITS,NANOMETERS
YUNITS,INTENSITY
FIRSTX,  500.0000
LASTX,  800.0000
NPOINTS,     601
FIRSTY,    34.90010
MAXY,   587.65900
MINY,    12.29831
XYDATA
,350,355,360,365,370,375,380,385,390,395,400,405,410,415,420,425,430,435,440,445,450,455,460,465,470,475,480,485,490,495,500,505,510,515,520,525,530,535,540,545,550,555,560,565,570,575,580,585,590,595,600,605,610,615,620,625,630,635,640,645,650
500,34.9001,35.3147,33.2615,30.1965,25.1782,20.9991,17.317,14.6295,13.3064,13.6598,13.9643,14.3046,13.3462,13.0057,12.796,12.5858,12.3447,11.3935,9.62473,10.0049,10.7626,11.6613,12.6813,11.9871,11.5274,13.2724,21.811,92.8214,375.078,0,0,0,0,0,0,0,0,0,0,0,0,0,0,0,0,0,0,0,0,0,0,0,0,0,0,0,0,0,0,0,0
500.5,35.1236,35.7826,32.8674,30.0419,24.66,20.7141,17.3778,14.6672,13.3335,13.659,14.0684,13.985,13.3428,12.8997,13,12.4491,12.3225,11.3146,9.76879,9.92598,10.9339,11.6359,12.6524,12.0541,11.3844,13.0956,19.9332,79.1805,344.364,0,0,0,0,0,0,0,0,0,0,0,0,0,0,0,0,0,0,0,0,0,0,0,0,0,0,0,0,0,0,0,0
501,35.2412,35.7475,32.6765,29.5812,24.3649,20.7286,17.3347,14.7141,13.4322,13.5942,13.9604,13.888,13.396,12.8507,12.9578,12.4168,12.3522,11.3356,9.79412,9.9096,11.0476,11.6343,12.7111,11.8969,11.1936,13.0591,18.7106,67.7328,313.365,0,0,0,0,0,0,0,0,0,0,0,0,0,0,0,0,0,0,0,0,0,0,0,0,0,0,0,0,0,0,0,0
501.5,35.0957,35.2852,32.394,29.5539,24.0946,20.6983,17.2082,14.7752,13.5036,13.7091,13.896,13.7497,13.5137,12.8477,12.9577,12.284,12.4414,11.2323,9.84622,9.98439,11.2258,11.918,12.6567,11.9895,11.1347,12.9681,17.7704,58.2213,286.155,0,0,0,0,0,0,0,0,0,0,0,0,0,0,0,0,0,0,0,0,0,0,0,0,0,0,0,0,0,0,0,0
502,34.739,34.951,32.2465,29.3953,24.2542,20.7378,16.9198,14.5952,13.5538,13.6406,13.8926,13.8468,13.7565,13.0251,12.877,12.5113,12.5562,11.301,9.91344,10.0096,11.2087,11.9708,12.5372,11.8095,11.0774,12.7394,16.7538,49.6196,255.248,0,0,0,0,0,0,0,0,0,0,0,0,0,0,0,0,0,0,0,0,0,0,0,0,0,0,0,0,0,0,0,0
502.5,34.4313,34.5317,32.1727,29.113,24.112,20.5623,16.7002,14.725,13.607,13.8985,13.9522,14.1809,13.7451,13.222,12.8332,12.6316,12.4673,11.3786,9.86683,10.1335,11.3191,11.9822,12.4763,11.8897,11.0522,12.5167,16.088,43.1807,226.615,0,0,0,0,0,0,0,0,0,0,0,0,0,0,0,0,0,0,0,0,0,0,0,0,0,0,0,0,0,0,0,0
503,33.9958,34.5227,31.4297,28.734,23.9886,20.3466,16.6565,14.4468,13.4323,13.7697,14.1454,14.0969,13.9661,13.1537,12.8454,12.7458,12.5341,11.5716,10.0089,10.107,11.3183,11.8545,12.5642,11.9516,11.0116,12.3273,15.2802,37.3329,199.142,0,0,0,0,0,0,0,0,0,0,0,0,0,0,0,0,0,0,0,0,0,0,0,0,0,0,0,0,0,0,0,0
503.5,33.4411,34.2357,31.5287,28.5728,23.8867,20.2564,16.559,14.5694,13.4759,13.5904,14.065,14.1748,13.8275,13.4012,12.866,12.898,12.5108,11.6039,10.042,10.189,11.3505,11.8609,12.579,12.0005,11.1208,12.1976,14.6608,32.9897,173.509,0,0,0,0,0,0,0,0,0,0,0,0,0,0,0,0,0,0,0,0,0,0,0,0,0,0,0,0,0,0,0,0
504,33.3375,33.2493,31.2052,28.506,24.0998,20.2925,16.5718,14.3845,13.5179,13.5837,14.1614,14.1538,13.8919,13.4247,12.9323,12.9271,12.5752,11.5513,10.058,10.2449,11.3353,12.0932,12.5655,12.1705,11.1953,11.9964,14.4048,29.2006,149.845,0,0,0,0,0,0,0,0,0,0,0,0,0,0,0,0,0,0,0,0,0,0,0,0,0,0,0,0,0,0,0,0
504.5,33.4865,32.8633,31.5806,28.4203,24.2147,20.3668,16.6568,14.3364,13.6017,13.5961,14.1456,14.2205,13.7118,13.5748,12.8425,12.9196,12.6165,11.6605,10.0789,10.3333,11.2498,12.3786,12.5225,12.2107,11.2234,11.8601,14.0045,26.0576,129.874,0,0,0,0,0,0,0,0,0,0,0,0,0,0,0,0,0,0,0,0,0,0,0,0,0,0,0,0,0,0,0,0
505,33.3852,31.9203,31.7981,27.7525,24.4639,20.4394,16.7993,14.2815,13.6151,13.6947,14.1316,14.1006,13.8214,13.3399,12.9713,12.8422,12.6731,11.6957,10.0621,10.3256,11.2195,12.6302,12.4347,12.2514,11.2811,11.8196,13.8216,23.4816,111.717,378.892,0,0,0,0,0,0,0,0,0,0,0,0,0,0,0,0,0,0,0,0,0,0,0,0,0,0,0,0,0,0,0
505.5,33.2801,32.1418,31.4997,27.9604,24.4006,20.2354,16.938,14.0204,13.5588,13.7351,14.1499,14.0916,13.7711,13.3319,13.0273,12.8801,12.5735,11.5215,10.1038,10.3131,11.082,12.5752,12.4647,12.3135,11.385,11.7821,13.7061,21.4407,96.4879,351.88,0,0,0,0,0,0,0,0,0,0,0,0,0,0,0,0,0,0,0,0,0,0,0,0,0,0,0,0,0,0,0
506,32.8743,31.9829,30.7689,27.8959,23.9721,20.3381,17.0602,13.9768,13.5604,13.7298,14.2427,14.066,13.7886,13.2713,12.9857,13.0339,12.6679,11.5251,9.98632,10.2985,11.1704,12.5424,12.6266,12.2105,11.4995,11.6945,13.7121,19.7447,83.8173,322.379,0,0,0,0,0,0,0,0,0,0,0,0,0,0,0,0,0,0,0,0,0,0,0,0,0,0,0,0,0,0,0
506.5,32.3918,31.9759,30.3743,27.8104,23.8035,20.26,16.9636,14.0735,13.4201,13.838,14.4095,14.0511,13.7697,13.3316,12.9481,13.1544,12.7213,11.601,10.2008,10.4007,11.1155,12.5959,12.5245,12.104,11.4556,11.645,13.4768,18.3402,71.9599,292.553,0,0,0,0,0,0,0,0,0,0,0,0,0,0,0,0,0,0,0,0,0,0,0,0,0,0,0,0,0,0,0
507,32.2366,32.0056,30.523,27.9242,23.8742,19.9763,16.8657,14.0465,13.4069,13.7006,14.4902,14.0212,13.6316,13.3043,12.8816,13.1519,12.7121,11.7538,10.2995,10.4813,11.1136,12.5635,12.3859,11.9834,11.5187,11.6224,13.5185,17.3813,61.4074,261.459,0,0,0,0,0,0,0,0,0,0,0,0,0,0,0,0,0,0,0,0,0,0,0,0,0,0,0,0,0,0,0
507.5,31.8972,32.2871,30.3122,27.9571,23.9437,20.0057,16.6357,14.2872,13.4989,13.6388,14.4835,13.9745,13.604,13.3369,12.9068,13.1437,12.7775,11.7786,10.4441,10.5468,11.1625,12.6745,12.4284,11.9095,11.5591,11.628,13.3347,16.6732,52.0921,232.847,0,0,0,0,0,0,0,0,0,0,0,0,0,0,0,0,0,0,0,0,0,0,0,0,0,0,0,0,0,0,0
508,31.7478,32.4218,30.4953,27.3317,24.1847,19.9171,16.5287,14.2999,13.7009,13.5018,14.3754,13.9891,13.6519,13.337,12.9218,13.0389,12.7477,11.8085,10.5201,10.6333,11.1245,12.6009,12.4265,11.8427,11.5807,11.7821,13.3781,16.1577,45.5178,207.177,0,0,0,0,0,0,0,0,0,0,0,0,0,0,0,0,0,0,0,0,0,0,0,0,0,0,0,0,0,0,0
508.5,31.4729,32.4215,30.3072,27.2619,24.118,19.8834,16.6488,14.492,14.0236,13.5985,14.4622,13.8717,13.6873,13.2426,13.0589,13.19,12.6743,11.7171,10.4223,10.6564,11.2723,12.6732,12.4521,11.7001,11.4634,11.773,13.2631,15.6931,39.2967,182.782,0,0,0,0,0,0,0,0,0,0,0,0,0,0,0,0,0,0,0,0,0,0,0,0,0,0,0,0,0,0,0
509,31.472,32.2259,30.1554,27.1785,23.8096,19.8293,16.5387,14.3747,14.0694,13.4886,14.3763,13.9507,13.6767,13.2778,13.0977,13.2641,12.8227,11.7512,10.5156,10.7226,11.2553,12.6588,12.436,11.5712,11.4277,11.7825,13.0654,15.2483,34.3212,160.682,0,0,0,0,0,0,0,0,0,0,0,0,0,0,0,0,0,0,0,0,0,0,0,0,0,0,0,0,0,0,0
509.5,31.6846,32.6595,30.5606,27.2754,23.688,19.8361,16.4722,14.3889,14.0418,13.6382,14.4989,13.6835,13.8398,13.3623,13.2845,13.2954,12.7647,11.85,10.571,10.825,11.429,12.6571,12.3844,11.5346,11.4629,11.7794,12.9053,14.8044,30.2931,139.303,0,0,0,0,0,0,0,0,0,0,0,0,0,0,0,0,0,0,0,0,0,0,0,0,0,0,0,0,0,0,0
510,31.4929,32.333,30.6974,27.2526,23.7031,19.6542,16.2161,14.2627,13.9653,13.7091,14.4883,13.8756,14.0174,13.5565,13.3412,13.2865,12.9923,12.0158,10.4974,10.9096,11.5798,12.654,12.2929,11.5024,11.5018,11.7979,12.5415,14.4945,26.7455,120.936,407.481,0,0,0,0,0,0,0,0,0,0,0,0,0,0,0,0,0,0,0,0,0,0,0,0,0,0,0,0,0,0
510.5,31.2551,32.2084,30.4849,26.7492,23.4607,19.6242,16.388,14.2655,13.8942,13.8228,14.5972,13.9795,14.2466,13.5616,13.4244,13.1881,13.0236,12.0108,10.4469,10.9279,11.6049,12.8603,12.2792,11.5548,11.4883,11.9233,12.3675,14.3809,24.1243,104.821,377.51,0,0,0,0,0,0,0,0,0,0,0,0,0,0,0,0,0,0,0,0,0,0,0,0,0,0,0,0,0,0
511,30.6969,31.8767,30.4338,27.1126,23.4499,19.3277,16.5247,14.5673,13.7586,13.9403,14.4389,13.936,14.0305,13.6452,13.7059,13.1961,13.1324,12.0301,10.3919,10.8302,11.5922,12.9663,12.3894,11.5964,11.3373,12.0342,12.1103,14.2162,21.7307,90.4511,345.737,0,0,0,0,0,0,0,0,0,0,0,0,0,0,0,0,0,0,0,0,0,0,0,0,0,0,0,0,0,0
511.5,30.3705,31.6344,30.2012,26.9863,23.5218,19.5595,16.6259,14.6408,13.8538,13.8671,14.4956,14.0477,14.1371,13.5051,13.8101,13.3411,13.1104,12.0729,10.5266,10.9076,11.4992,12.9714,12.4602,11.7026,11.2982,12.0598,12.0968,14.1569,20.1825,77.5926,315.287,0,0,0,0,0,0,0,0,0,0,0,0,0,0,0,0,0,0,0,0,0,0,0,0,0,0,0,0,0,0
512,30.8145,32.0124,30.3816,27.2684,23.53,19.4335,16.485,14.6699,13.834,13.8263,14.2837,13.9502,13.9984,13.6206,13.7633,13.4393,13.2371,12.0857,10.7004,10.9542,11.5623,13.0311,12.5114,11.7266,11.1799,12.0604,12.0266,13.8891,18.8429,66.0425,280.478,0,0,0,0,0,0,0,0,0,0,0,0,0,0,0,0,0,0,0,0,0,0,0,0,0,0,0,0,0,0
512.5,30.769,31.7595,29.9222,27.3024,23.4931,19.5315,16.5156,14.7789,14.036,13.7302,14.2319,14.0653,14.1258,13.6631,13.8507,13.6077,13.2252,12.1939,10.857,11.0159,11.7488,13.1076,12.7268,11.7784,11.0867,12.1086,12.0585,13.5762,17.8329,56.7627,245.947,0,0,0,0,0,0,0,0,0,0,0,0,0,0,0,0,0,0,0,0,0,0,0,0,0,0,0,0,0,0
513,31.0951,31.4423,29.8201,26.7485,23.3728,19.555,16.5428,14.7659,13.7735,13.7384,14.2575,14.1869,14.0968,13.595,13.7318,13.6644,13.3792,12.1351,10.9715,11.1279,11.8033,13.1794,12.7564,11.7033,11.0531,12.091,12.0235,13.2417,16.9322,48.6984,217.696,0,0,0,0,0,0,0,0,0,0,0,0,0,0,0,0,0,0,0,0,0,0,0,0,0,0,0,0,0,0
513.5,30.9597,30.7679,29.4638,26.8751,23.0745,19.3168,16.5233,14.7526,13.8392,13.9033,14.3861,14.2719,14.0235,13.685,13.6271,13.6612,13.3802,12.2302,11.0282,11.2267,11.7444,13.2006,12.7755,11.7079,11.0383,12.1008,11.973,12.9254,16.4256,41.8278,193.942,0,0,0,0,0,0,0,0,0,0,0,0,0,0,0,0,0,0,0,0,0,0,0,0,0,0,0,0,0,0
514,31.4001,30.9383,29.8412,26.6143,22.9559,18.9892,16.4983,14.6376,13.8627,13.9096,14.549,14.4749,13.9822,13.6036,13.644,13.7843,13.4134,12.1761,11.1238,11.1868,11.8205,13.1637,12.9507,11.7145,11.0015,11.7637,12.047,12.7496,16.0023,36.1209,173.442,0,0,0,0,0,0,0,0,0,0,0,0,0,0,0,0,0,0,0,0,0,0,0,0,0,0,0,0,0,0
514.5,31.0025,30.9577,29.7475,26.7945,22.858,18.8039,16.447,14.4458,13.9744,14.0628,14.4861,14.2052,14.0818,13.6977,13.6016,13.6401,13.2638,12.1084,11.1003,11.2581,11.8632,13.1635,13.0437,11.7934,10.986,11.5496,11.9771,12.7635,15.9357,31.3278,154.254,0,0,0,0,0,0,0,0,0,0,0,0,0,0,0,0,0,0,0,0,0,0,0,0,0,0,0,0,0,0
515,30.7544,31.2532,29.8977,26.806,22.7877,18.6137,16.7311,14.3314,14.0679,14.0292,14.3058,14.3059,14.0559,13.7033,13.4882,13.5457,13.2029,12.1126,11.0147,11.3018,12.0254,13.3625,13.1419,11.869,10.827,11.4126,11.9737,12.5885,15.5468,27.4322,135.557,437.798,0,0,0,0,0,0,0,0,0,0,0,0,0,0,0,0,0,0,0,0,0,0,0,0,0,0,0,0,0
515.5,30.7255,31.6372,29.8799,27.0149,22.9157,18.7046,16.7265,14.1901,14.0021,14.1025,14.3372,14.1065,14.0649,13.7634,13.5332,13.525,13.1206,11.9954,10.9347,11.3414,12.1151,13.4024,13.1687,11.9659,10.8638,11.1995,11.887,12.4555,15.2073,24.2578,117.74,399.689,0,0,0,0,0,0,0,0,0,0,0,0,0,0,0,0,0,0,0,0,0,0,0,0,0,0,0,0,0
516,30.5857,31.3416,29.8651,27.1068,22.668,18.863,16.6974,14.1734,13.9531,13.9758,14.3172,14.3029,14.0283,13.8377,13.5303,13.3563,13.2302,11.9339,10.8859,11.285,12.0935,13.4273,13.1129,11.8901,10.6981,11.153,11.9882,12.2455,14.8948,21.8349,101.728,370.051,0,0,0,0,0,0,0,0,0,0,0,0,0,0,0,0,0,0,0,0,0,0,0,0,0,0,0,0,0
516.5,30.7812,31.0735,29.662,27.0205,22.171,18.7546,16.544,14.0128,13.9245,13.9675,14.2889,14.1691,13.9895,13.8034,13.5178,13.5224,13.3671,11.9859,10.8066,11.2527,12.1887,13.4033,13.2861,11.8302,10.6272,11.0414,12.0582,12.0483,14.6067,19.8794,86.6721,332.015,0,0,0,0,0,0,0,0,0,0,0,0,0,0,0,0,0,0,0,0,0,0,0,0,0,0,0,0,0
517,30.5915,30.6503,29.5616,26.6997,21.8182,19.0299,16.4869,14.0209,13.7538,13.8351,14.3429,14.1808,13.9953,13.7731,13.5471,13.3243,13.1126,11.9403,10.8545,11.2494,12.2289,13.2043,13.29,11.7459,10.5719,10.9304,12.0137,12.0473,14.1151,18.3396,74.3897,298.805,0,0,0,0,0,0,0,0,0,0,0,0,0,0,0,0,0,0,0,0,0,0,0,0,0,0,0,0,0
517.5,30.4576,30.3776,29.1316,26.3362,21.839,18.9167,16.5353,14.1071,13.6229,13.731,14.3997,14.1777,13.9763,13.6215,13.516,13.2926,13.1207,11.8803,10.8094,11.2179,12.1719,13.0861,13.3743,11.8186,10.5324,10.8801,11.9322,11.9891,13.6941,17.0815,62.5834,266.778,0,0,0,0,0,0,0,0,0,0,0,0,0,0,0,0,0,0,0,0,0,0,0,0,0,0,0,0,0
518,30.5224,30.4449,29.1111,26.231,21.5033,18.8384,16.4562,14.0662,13.4382,13.7232,14.5706,14.1609,14.0002,13.6639,13.4627,13.1482,13.0565,11.9368,10.9005,11.1033,12.183,12.9546,13.311,11.662,10.6813,10.6779,11.8824,11.9016,13.3231,16.1125,53.0472,237.491,0,0,0,0,0,0,0,0,0,0,0,0,0,0,0,0,0,0,0,0,0,0,0,0,0,0,0,0,0
518.5,30.4053,30.1071,28.8954,25.9847,21.4177,18.7218,16.4831,14.163,13.4385,13.7262,14.5135,14.2167,13.904,13.6169,13.5544,13.0493,13.0643,11.9967,10.8495,11.0217,12.2336,12.8772,13.3471,11.5993,10.6475,10.5777,11.7828,11.9587,13.0354,15.4915,45.0833,209.648,0,0,0,0,0,0,0,0,0,0,0,0,0,0,0,0,0,0,0,0,0,0,0,0,0,0,0,0,0
519,30.217,29.984,28.8654,25.9418,21.2186,18.5362,16.3771,14.066,13.4385,13.7117,14.5112,14.0816,13.9101,13.716,13.571,13.0556,13.2737,11.9352,10.8997,10.9156,12.2509,12.9846,13.2826,11.5616,10.7132,10.5167,11.7663,11.9496,12.9144,14.9226,38.4392,183.45,0,0,0,0,0,0,0,0,0,0,0,0,0,0,0,0,0,0,0,0,0,0,0,0,0,0,0,0,0
519.5,29.88,29.8313,28.6032,25.8654,21.3822,18.606,16.2717,14.0738,13.4088,13.4978,14.355,14.1454,13.8413,13.4388,13.6347,13.1818,13.4265,11.8663,10.7725,10.8956,12.1917,12.8535,13.2694,11.5806,10.6227,10.3013,11.5313,11.8634,12.6107,14.54,33.2571,160.717,0,0,0,0,0,0,0,0,0,0,0,0,0,0,0,0,0,0,0,0,0,0,0,0,0,0,0,0,0
520,29.6528,29.9017,27.9658,25.7495,21.3767,18.5695,16.1551,13.8752,13.3521,13.57,14.3473,14.095,13.902,13.2236,13.6634,13.3033,13.603,11.5443,10.7612,10.79,11.9877,12.7125,13.1543,11.632,10.6429,10.2413,11.4645,11.8397,12.2646,14.1726,28.3621,139.651,456.417,0,0,0,0,0,0,0,0,0,0,0,0,0,0,0,0,0,0,0,0,0,0,0,0,0,0,0,0
520.5,29.0709,29.3245,27.5583,25.3887,21.177,18.4087,15.9351,13.6799,13.1019,13.2707,14.3801,14.1515,13.7529,13.1001,13.5661,13.1897,13.3286,11.5283,10.7129,10.8435,11.8681,12.7413,13.0773,11.443,10.6327,10.1031,11.3355,11.807,12.1088,13.9018,24.9034,124.167,418.426,0,0,0,0,0,0,0,0,0,0,0,0,0,0,0,0,0,0,0,0,0,0,0,0,0,0,0,0
521,28.6696,29.0774,27.1037,24.9606,21.0104,18.2268,15.8128,13.5524,13.0472,13.1241,14.3342,14.2026,13.6346,13.1203,13.4244,13.1312,13.1044,11.4585,10.6415,10.8892,11.8337,12.6922,12.9721,11.3948,10.6906,10.0426,11.2474,11.8554,12.0173,13.5721,22.1661,108.103,379.638,0,0,0,0,0,0,0,0,0,0,0,0,0,0,0,0,0,0,0,0,0,0,0,0,0,0,0,0
521.5,28.2021,28.5141,26.8369,24.6413,20.6546,17.7639,15.644,13.4546,12.7508,13.0631,14.2514,14.2589,13.4956,13.056,13.3556,13.1198,12.9975,11.744,10.4837,10.8788,11.5348,12.9329,12.7154,11.3039,10.7397,9.98937,11.1008,11.9086,11.8782,13.2564,19.8657,94.3897,345.051,0,0,0,0,0,0,0,0,0,0,0,0,0,0,0,0,0,0,0,0,0,0,0,0,0,0,0,0
522,28.172,28.0958,26.7697,24.5436,21.0579,17.5323,15.699,13.3926,12.6212,12.9977,14.16,14.1257,13.4915,13.1035,13.3167,13.1752,12.9026,11.8212,10.3881,10.8494,11.5497,13.0844,12.715,11.2514,10.6432,9.80441,10.9594,12.0053,11.7274,13.0473,18.2391,81.2102,312.239,0,0,0,0,0,0,0,0,0,0,0,0,0,0,0,0,0,0,0,0,0,0,0,0,0,0,0,0
522.5,27.8354,27.8981,26.3666,24.6084,20.7178,17.2204,15.5868,13.2944,12.705,13.1272,14.0123,14.0318,13.4847,12.9838,13.1688,13.1446,12.7318,11.7833,10.4322,10.6652,11.6068,12.9054,12.6527,11.1155,10.7642,9.82751,10.6388,11.9969,11.6364,12.9857,16.934,70.2145,279.673,0,0,0,0,0,0,0,0,0,0,0,0,0,0,0,0,0,0,0,0,0,0,0,0,0,0,0,0
523,27.8925,27.8401,26.3206,24.4405,20.6375,17.1773,15.5282,13.3175,12.798,13.0334,13.8699,13.8842,13.3431,13.0048,13.0407,13.0584,12.618,11.7129,10.3491,10.5783,11.6686,12.9572,12.8086,11.0987,10.7247,9.86862,10.5724,11.8701,11.4137,12.7633,16.0573,60.3946,248.608,0,0,0,0,0,0,0,0,0,0,0,0,0,0,0,0,0,0,0,0,0,0,0,0,0,0,0,0
523.5,27.8415,27.3623,25.7344,24.2836,20.2674,17.38,15.4056,13.1967,12.6784,12.9481,13.6716,13.7324,13.3087,12.7782,12.8222,13.0417,12.5897,11.4984,10.4578,10.6246,11.7774,12.8163,12.7816,11.1001,10.6852,9.85184,10.4663,11.8431,11.2772,12.5787,15.3515,51.3278,218.933,0,0,0,0,0,0,0,0,0,0,0,0,0,0,0,0,0,0,0,0,0,0,0,0,0,0,0,0
524,27.5824,27.1644,25.3074,24.2346,19.9333,17.1875,15.2278,13.0411,12.5973,12.7695,13.6801,13.6141,13.1498,12.7295,12.7335,13.1029,12.5753,11.276,10.3146,10.7283,11.6296,12.7602,12.7698,11.1908,10.5725,9.83387,10.5045,11.7676,11.1695,12.3817,14.7584,43.0797,192.435,0,0,0,0,0,0,0,0,0,0,0,0,0,0,0,0,0,0,0,0,0,0,0,0,0,0,0,0
524.5,27.1059,25.9386,24.9953,23.889,19.9454,17.1371,15.1083,12.8808,12.5492,12.6772,13.476,13.307,13.0384,12.4084,12.4682,13.0177,12.525,11.094,10.2537,10.7582,11.512,12.6451,12.7922,11.2245,10.4496,9.73918,10.3778,11.6459,11.0992,12.0201,14.2113,36.3591,167.152,0,0,0,0,0,0,0,0,0,0,0,0,0,0,0,0,0,0,0,0,0,0,0,0,0,0,0,0
525,27.0292,25.5381,24.6352,23.4866,19.5556,17.1718,14.9752,12.7523,12.3774,12.5959,13.2851,13.1435,13.0049,12.2079,12.4185,12.8962,12.4648,10.8737,10.2136,10.598,11.2256,12.721,12.7577,11.2318,10.3226,9.72633,10.1901,11.5421,11.1442,11.8244,13.9565,31.3352,145.071,454.508,0,0,0,0,0,0,0,0,0,0,0,0,0,0,0,0,0,0,0,0,0,0,0,0,0,0,0
525.5,26.5906,25.1499,24.6685,23.0214,19.0867,16.8878,14.7124,12.5403,12.1872,12.5519,13.0125,12.94,12.9734,12.1196,12.2732,12.7399,12.3848,10.9761,10.1248,10.446,11.2176,12.6319,12.659,11.1679,10.1698,9.57979,10.1354,11.4344,11.0979,11.5217,13.573,27.3022,126.936,423.783,0,0,0,0,0,0,0,0,0,0,0,0,0,0,0,0,0,0,0,0,0,0,0,0,0,0,0
526,26.7257,24.9136,24.2906,22.5439,18.7118,16.8643,14.6302,12.5763,11.9704,12.2976,12.5612,12.888,12.8691,12.045,12.3783,12.5025,12.3009,10.7447,10.1606,10.3225,11.2061,12.6743,12.6754,11.1667,10.0648,9.51414,10.054,11.2792,11.1801,11.2368,13.3259,24.0415,109.827,388.219,0,0,0,0,0,0,0,0,0,0,0,0,0,0,0,0,0,0,0,0,0,0,0,0,0,0,0
526.5,26.2407,24.96,24.213,22.3022,18.7393,16.4805,14.4595,12.4571,11.9077,12.1449,12.2677,12.9551,12.8845,11.8805,12.2529,12.3507,12.2595,10.7574,10.0201,10.2345,11.3334,12.6132,12.638,10.9572,10.053,9.50452,10.0016,11.0487,11.1615,10.9935,12.994,21.2278,96.2515,353.433,0,0,0,0,0,0,0,0,0,0,0,0,0,0,0,0,0,0,0,0,0,0,0,0,0,0,0
527,25.7558,24.6738,23.9233,21.9924,18.8175,16.3657,14.3568,12.5511,11.8546,11.9561,12.1196,12.8944,12.8239,11.6534,12.2013,12.1916,12.124,10.6962,9.93145,10.1062,11.258,12.6255,12.4908,10.9474,10.0543,9.54436,9.79345,10.7746,11.1459,10.813,12.6179,19.2568,82.4734,319.499,0,0,0,0,0,0,0,0,0,0,0,0,0,0,0,0,0,0,0,0,0,0,0,0,0,0,0
527.5,25.2532,24.778,23.5769,21.9992,18.805,16.0838,14.1338,12.3738,11.8211,11.7508,12.1566,12.8691,12.5922,11.4416,11.9258,12.0005,12.0156,10.7058,9.89783,10.0268,11.2398,12.6452,12.479,10.7375,10.0587,9.51754,9.73548,10.6236,11.1951,10.6639,12.4377,17.6347,70.2979,281.6,0,0,0,0,0,0,0,0,0,0,0,0,0,0,0,0,0,0,0,0,0,0,0,0,0,0,0
528,24.7974,24.3978,23.1374,21.9159,18.6448,15.9505,13.9104,12.1442,11.5578,11.8456,12.2193,12.6183,12.4059,11.376,11.6911,11.8557,11.936,10.7475,9.86922,9.87372,11.1031,12.5148,12.4443,10.664,10.1638,9.54353,9.68643,10.4645,11.2299,10.4428,12.247,16.4386,60.0523,250.717,0,0,0,0,0,0,0,0,0,0,0,0,0,0,0,0,0,0,0,0,0,0,0,0,0,0,0
528.5,24.4358,24.5502,23.0274,21.5886,18.2646,15.6957,13.8882,11.9446,11.4848,11.7147,12.0722,12.2558,12.1117,11.476,11.5406,11.7916,11.8729,10.6302,9.78103,9.79829,11.024,12.4071,12.493,10.6153,10.1185,9.47409,9.67678,10.3514,11.0618,10.3718,12.1167,15.6806,51.482,218.948,0,0,0,0,0,0,0,0,0,0,0,0,0,0,0,0,0,0,0,0,0,0,0,0,0,0,0
529,24.0181,23.891,22.5737,21.2105,18.289,15.5654,13.7309,11.6784,11.2437,11.6722,11.9796,11.9742,11.9633,11.5523,11.387,11.7116,11.7752,10.4455,9.76127,9.77321,10.8113,12.2054,12.46,10.6134,10.136,9.51671,9.59524,10.2448,10.9699,10.1428,11.9763,15.0547,44.2993,194.427,0,0,0,0,0,0,0,0,0,0,0,0,0,0,0,0,0,0,0,0,0,0,0,0,0,0,0
529.5,24.0546,23.5635,22.5736,20.9585,17.8664,15.4555,13.8115,11.5029,11.1921,11.5349,11.8935,11.7103,11.8099,11.4217,11.2589,11.7525,11.641,10.3371,9.68496,9.84101,10.7288,12.1413,12.2784,10.6731,10.028,9.57538,9.57153,10.0732,10.8334,10.2219,11.7506,14.4605,38.357,170.625,0,0,0,0,0,0,0,0,0,0,0,0,0,0,0,0,0,0,0,0,0,0,0,0,0,0,0
530,23.8176,23.1124,22.1115,20.8101,17.6632,15.4317,13.6344,11.3448,10.9103,11.5765,11.7085,11.8384,11.7877,11.1381,11.2878,11.6301,11.5461,10.2941,9.70202,9.91763,10.4865,12.1172,12.2354,10.7483,10.0427,9.49772,9.55504,10.0135,10.8731,10.1779,11.4947,14.1284,32.9061,149.585,483.275,0,0,0,0,0,0,0,0,0,0,0,0,0,0,0,0,0,0,0,0,0,0,0,0,0,0
530.5,23.7319,23.0065,22.0677,20.6781,17.3608,15.2457,13.4753,11.3376,10.9123,11.2298,11.6353,11.9242,11.6517,10.8866,11.1681,11.4182,11.4659,10.3304,9.55169,9.79199,10.5614,12.0258,12.1964,10.5876,9.9811,9.5556,9.63313,9.93761,10.846,10.3108,11.4252,13.6209,28.3977,129.391,438.082,0,0,0,0,0,0,0,0,0,0,0,0,0,0,0,0,0,0,0,0,0,0,0,0,0,0
531,23.3374,22.2678,21.7758,20.5169,17.4161,15.1852,13.2091,11.3387,10.7329,11.2927,11.3296,11.9662,11.6035,10.7185,11.171,11.2269,11.254,10.1844,9.40642,9.69363,10.4162,11.8035,12.2288,10.6316,10.0222,9.52804,9.61046,9.9203,10.6985,10.4071,11.1276,13.3151,24.9711,112.938,398.079,0,0,0,0,0,0,0,0,0,0,0,0,0,0,0,0,0,0,0,0,0,0,0,0,0,0
531.5,23.3455,22.0698,21.6257,20.421,17.2414,15.1766,12.987,11.043,10.6756,11.1024,11.3923,11.8111,11.4627,10.6699,11.0088,11.0172,11.0944,9.97,9.41367,9.58723,10.252,11.779,12.3268,10.5915,10.039,9.55172,9.591,9.84588,10.6197,10.4754,10.9851,12.983,21.9276,98.9793,359.291,0,0,0,0,0,0,0,0,0,0,0,0,0,0,0,0,0,0,0,0,0,0,0,0,0,0
532,23.205,21.6388,21.487,20.2438,17.11,15.0012,12.726,11.0878,10.6172,11.0315,11.1936,11.5262,11.3612,10.5925,10.9216,10.8243,10.913,9.69822,9.32783,9.54242,10.1287,11.6338,12.1832,10.7543,10.1236,9.55143,9.60326,9.80602,10.5198,10.4484,10.8348,12.7891,19.8578,85.373,325.026,0,0,0,0,0,0,0,0,0,0,0,0,0,0,0,0,0,0,0,0,0,0,0,0,0,0
532.5,22.8717,21.5122,21.1946,20.1112,16.8323,14.9122,12.6024,10.8264,10.437,10.8548,11.0254,11.3009,11.3188,10.4594,10.8245,10.7815,10.9128,9.63184,9.30816,9.55465,10.1222,11.6325,12.091,10.8295,10.0541,9.59035,9.56448,9.79424,10.3351,10.5768,10.7626,12.6775,18.052,74.0654,292.139,0,0,0,0,0,0,0,0,0,0,0,0,0,0,0,0,0,0,0,0,0,0,0,0,0,0
533,22.4195,21.4627,20.8341,19.8712,16.7177,14.6324,12.5151,10.8662,10.4823,10.6649,10.8569,11.1446,11.1584,10.4531,10.6753,10.669,10.7889,9.58467,9.21049,9.47999,10.1943,11.5464,12.0156,10.7213,10.0748,9.59577,9.72875,9.86216,10.3091,10.5697,10.8849,12.5886,16.8723,63.3292,257.175,0,0,0,0,0,0,0,0,0,0,0,0,0,0,0,0,0,0,0,0,0,0,0,0,0,0
533.5,21.9861,21.6284,20.6954,19.4693,16.6042,14.4903,12.2684,10.716,10.3783,10.5164,10.7702,11.0548,11.0172,10.4572,10.5486,10.6582,10.7178,9.70112,9.07761,9.38992,10.0683,11.495,12.0344,10.7016,10.0461,9.66862,9.65578,9.87232,10.2726,10.633,10.842,12.5296,16.2694,54.7558,224.365,0,0,0,0,0,0,0,0,0,0,0,0,0,0,0,0,0,0,0,0,0,0,0,0,0,0
534,21.8798,21.5928,20.3481,19.275,16.3748,14.1935,12.1049,10.5739,10.3235,10.4318,10.729,11.1349,10.9111,10.2253,10.3702,10.6181,10.638,9.70908,8.92697,9.3174,9.9975,11.5719,12.0476,10.5782,10.0583,9.57776,9.72133,9.78849,10.1238,10.7391,10.7419,12.3029,15.6849,46.7353,194.491,0,0,0,0,0,0,0,0,0,0,0,0,0,0,0,0,0,0,0,0,0,0,0,0,0,0
534.5,21.4184,21.4765,20.1322,18.9361,16.3024,13.9556,11.7823,10.5434,10.2152,10.4448,10.7014,10.9895,10.7189,10.0249,10.3444,10.5704,10.4314,9.64632,8.8703,9.18974,9.78558,11.5742,11.9932,10.5043,10.0594,9.54249,9.77045,9.89342,10.1373,10.6707,10.796,12.1017,15.4465,40.3996,172.204,0,0,0,0,0,0,0,0,0,0,0,0,0,0,0,0,0,0,0,0,0,0,0,0,0,0
535,21.0989,20.9933,20.0087,18.5941,16.117,13.7508,11.7642,10.5198,10.1123,10.4919,10.6833,11.0124,10.6294,9.85752,10.328,10.362,10.4932,9.55543,8.62741,9.07992,9.61129,11.5499,11.9707,10.526,9.95664,9.43857,9.72933,9.93696,9.9378,10.7765,10.788,11.9368,14.9616,34.8967,151.459,477.989,0,0,0,0,0,0,0,0,0,0,0,0,0,0,0,0,0,0,0,0,0,0,0,0,0
535.5,20.7905,20.9202,19.7801,18.3909,15.8851,13.5026,11.7068,10.5385,10.0921,10.4226,10.7744,10.9763,10.6015,9.8158,10.2828,10.2932,10.4841,9.43562,8.56318,8.99254,9.66695,11.3876,11.9007,10.5504,9.92031,9.37939,9.82701,10.1404,9.97329,10.7116,10.7483,11.6687,14.7614,30.8409,134.627,439.728,0,0,0,0,0,0,0,0,0,0,0,0,0,0,0,0,0,0,0,0,0,0,0,0,0
536,20.7996,20.6122,19.498,18.1131,15.8608,13.453,11.6978,10.4675,10.0759,10.2643,10.8627,10.9266,10.5713,9.88829,10.1527,10.0909,10.3928,9.29361,8.43255,8.91615,9.68715,11.1996,11.8291,10.6116,9.86433,9.27391,9.9312,10.088,10.0621,10.6732,10.7592,11.6521,14.4164,27.5683,118.946,400.335,0,0,0,0,0,0,0,0,0,0,0,0,0,0,0,0,0,0,0,0,0,0,0,0,0
536.5,20.5829,20.5715,19.1327,17.8784,15.7293,13.3492,11.529,10.2799,9.85468,9.99067,10.7222,10.8851,10.3838,9.8509,10.0369,10.0682,10.2414,9.06837,8.43311,8.89533,9.65463,11.0338,11.6634,10.5923,9.83663,9.1279,9.97139,10.0084,10.2001,10.6453,10.8235,11.6658,14.221,24.8562,105.149,360.361,0,0,0,0,0,0,0,0,0,0,0,0,0,0,0,0,0,0,0,0,0,0,0,0,0
537,20.3618,20.1822,18.9987,17.7387,15.5264,13.2947,11.4657,10.1769,9.81144,9.74695,10.4628,10.7694,10.1978,9.8004,9.94373,10.0219,10.0665,8.97303,8.46182,8.94032,9.49302,11.0437,11.6168,10.5708,9.92063,9.0618,10.0121,10.0066,10.3003,10.6021,10.9519,11.6225,13.9902,22.9053,92.6381,320.636,0,0,0,0,0,0,0,0,0,0,0,0,0,0,0,0,0,0,0,0,0,0,0,0,0
537.5,20.1672,19.9861,18.8378,17.4363,15.2095,13.2603,11.3394,10.023,9.59359,9.80744,10.2454,10.5178,10.1939,9.77063,10.012,9.99848,9.97456,8.83572,8.46433,8.8969,9.3324,11.0888,11.5825,10.5537,9.8966,9.24008,10.0399,10.0006,10.2945,10.6609,11.1141,11.5832,14.157,21.2925,80.4421,283.343,0,0,0,0,0,0,0,0,0,0,0,0,0,0,0,0,0,0,0,0,0,0,0,0,0
538,19.9917,19.5216,18.7769,17.3901,15.002,13.0196,11.1979,10.0386,9.58274,9.77971,10.1013,10.3265,10.0952,9.6345,9.86049,9.90103,9.90644,8.79918,8.4294,8.86557,9.20306,11.2042,11.5706,10.5082,9.893,9.42206,9.99608,9.91992,10.3487,10.6851,11.3533,11.4723,14.0229,20.1759,70.1509,252.022,0,0,0,0,0,0,0,0,0,0,0,0,0,0,0,0,0,0,0,0,0,0,0,0,0
538.5,19.8493,19.4536,18.5502,17.1487,14.7179,12.8455,11.0557,9.94995,9.51316,9.976,9.91593,10.2467,10.1676,9.48146,9.69745,9.69296,9.84088,8.66582,8.34038,8.63431,9.19366,11.2189,11.4952,10.5468,9.87332,9.4694,10.041,9.81519,10.3301,10.7155,11.4089,11.4553,14.1091,19.3219,60.9921,223.158,0,0,0,0,0,0,0,0,0,0,0,0,0,0,0,0,0,0,0,0,0,0,0,0,0
539,19.5692,19.283,18.4743,17.0499,14.757,12.6602,10.9621,9.87313,9.37309,9.78365,9.92736,10.2818,10.018,9.44898,9.48323,9.58956,9.6681,8.61711,8.25337,8.50537,9.13075,11.0653,11.3888,10.5693,9.75893,9.49117,10.0396,9.65691,10.4822,10.6915,11.526,11.3772,14.0045,18.8321,52.9074,200.423,0,0,0,0,0,0,0,0,0,0,0,0,0,0,0,0,0,0,0,0,0,0,0,0,0
539.5,19.4294,19.1258,18.3391,16.9789,14.5473,12.4745,10.8266,9.63212,9.3116,9.71104,9.7318,10.2651,9.9548,9.49692,9.41512,9.54938,9.56279,8.45862,8.08861,8.35782,9.11929,10.8208,11.3502,10.7159,9.68274,9.42903,10.0838,9.70997,10.477,10.7106,11.5906,11.4869,14.0102,18.4548,45.6486,177.776,0,0,0,0,0,0,0,0,0,0,0,0,0,0,0,0,0,0,0,0,0,0,0,0,0
540,19.259,18.9718,17.8738,16.823,14.5039,12.5002,10.788,9.49222,9.26765,9.48975,9.83148,10.3163,9.8255,9.39881,9.31966,9.4641,9.44882,8.53293,7.9701,8.36452,9.07568,10.801,11.2976,10.8576,9.63368,9.45403,10.0256,9.88733,10.5769,10.6351,11.6254,11.6334,14.0312,18.0726,40.5515,156.718,449.84,0,0,0,0,0,0,0,0,0,0,0,0,0,0,0,0,0,0,0,0,0,0,0,0
540.5,19.0673,18.799,17.4947,16.7181,14.302,12.3134,10.7132,9.48296,9.25134,9.46514,9.74001,10.0859,9.70422,9.42294,9.30962,9.40051,9.46397,8.49771,7.82154,8.33284,9.00498,10.614,11.191,10.8661,9.66387,9.46104,10.0515,10.0107,10.5814,10.7448,11.8632,11.6528,14.05,17.8794,35.851,138.11,415.706,0,0,0,0,0,0,0,0,0,0,0,0,0,0,0,0,0,0,0,0,0,0,0,0
541,18.8929,18.7306,17.1483,16.4628,14.2685,12.3293,10.6998,9.41464,9.20469,9.42077,9.74445,9.98268,9.54303,9.23369,9.22605,9.27554,9.36251,8.59959,7.7448,8.27367,8.94235,10.6024,11.0756,10.9033,9.67456,9.44648,10.0181,10.2451,10.5215,10.8116,11.8453,11.8623,14.1698,17.6391,32.5994,122.391,389.764,0,0,0,0,0,0,0,0,0,0,0,0,0,0,0,0,0,0,0,0,0,0,0,0
541.5,18.8316,18.4748,16.9657,16.2966,14.2149,12.2538,10.6947,9.41667,9.11168,9.26552,9.68603,9.83736,9.47318,9.18662,9.22349,9.17564,9.33671,8.5163,7.63795,8.16381,8.93732,10.4585,10.8806,10.8005,9.7513,9.5022,10.1579,10.3843,10.5922,10.9658,11.9491,12.0445,14.346,17.6551,29.9414,107.796,358.446,0,0,0,0,0,0,0,0,0,0,0,0,0,0,0,0,0,0,0,0,0,0,0,0
542,18.563,18.3044,17.1183,16.0221,14.0417,12.2706,10.6766,9.39798,8.89589,9.23394,9.46941,9.6868,9.25064,8.9981,9.13212,9.05311,9.1047,8.27315,7.63803,8.00481,8.84993,10.327,10.7613,10.6359,9.75809,9.56736,10.2088,10.5293,10.7397,11.049,11.861,12.3418,14.6342,17.7353,27.8549,94.7048,324.718,0,0,0,0,0,0,0,0,0,0,0,0,0,0,0,0,0,0,0,0,0,0,0,0
542.5,18.5274,17.9347,17.0498,15.744,14.034,12.2246,10.5625,9.27707,8.79604,9.18256,9.44329,9.55782,9.18733,8.84994,9.0232,9.02003,9.00186,8.15192,7.6983,7.94882,8.76576,10.2647,10.6282,10.4973,9.83911,9.56991,10.3082,10.632,10.8255,11.0071,12.0977,12.7141,14.8144,17.9926,26.3652,84.26,294.864,0,0,0,0,0,0,0,0,0,0,0,0,0,0,0,0,0,0,0,0,0,0,0,0
543,18.3367,17.7972,17.0505,15.579,13.8817,12.1111,10.4309,9.18836,8.6751,9.00125,9.31456,9.29111,9.12474,8.89255,8.91027,8.9299,8.89949,8.04089,7.67251,7.89763,8.76798,10.1844,10.622,10.501,9.81914,9.70346,10.3866,10.6213,11.0462,11.1263,12.2912,13.2031,14.8394,18.2367,25.2817,73.4575,264.78,0,0,0,0,0,0,0,0,0,0,0,0,0,0,0,0,0,0,0,0,0,0,0,0
543.5,18.0509,17.5444,16.9167,15.3537,13.8642,11.9243,10.3727,9.0434,8.73444,8.97886,9.29514,9.08268,9.05301,8.81052,8.84942,9.01598,8.89212,8.04041,7.62335,7.83614,8.7115,10.2982,10.5716,10.3578,9.78891,9.6483,10.4915,10.726,11.014,11.3291,12.5573,13.5445,14.9533,18.2621,24.7263,65.6171,235.287,0,0,0,0,0,0,0,0,0,0,0,0,0,0,0,0,0,0,0,0,0,0,0,0
544,17.9572,17.3224,16.8974,15.4027,13.787,11.8821,10.3042,9.00068,8.80206,8.80638,9.2615,9.12705,9.02289,8.79734,8.64915,8.81577,8.81167,8.01789,7.49131,7.75749,8.57176,10.0245,10.6047,10.2742,9.95064,9.7625,10.561,10.8083,11.1136,11.5537,12.6083,14.0019,14.9469,18.3977,24.3392,58.5355,208.92,0,0,0,0,0,0,0,0,0,0,0,0,0,0,0,0,0,0,0,0,0,0,0,0
544.5,17.8247,17.2257,16.8683,15.4804,13.7454,11.6912,10.294,8.9089,8.79963,8.75792,9.20096,9.20053,8.92164,8.61806,8.52978,8.77123,8.81408,7.94288,7.49284,7.57431,8.44676,9.87132,10.6429,10.1747,10.0013,9.85305,10.5853,10.8988,11.2558,11.8917,12.6431,13.9876,15.2114,18.4045,24.2198,53.0982,184.1,0,0,0,0,0,0,0,0,0,0,0,0,0,0,0,0,0,0,0,0,0,0,0,0
545,17.6973,17.1242,16.7622,15.4609,13.6832,11.7143,10.1943,8.91946,8.64132,8.77787,9.12468,9.10777,8.79453,8.46216,8.37788,8.51091,8.71727,7.84733,7.44315,7.53061,8.5049,9.84314,10.5284,10.1596,10.0797,9.87747,10.6525,10.8775,11.3436,12.0268,12.7293,14.2094,15.4976,18.3609,23.9788,47.6343,163.006,474.865,0,0,0,0,0,0,0,0,0,0,0,0,0,0,0,0,0,0,0,0,0,0,0
545.5,17.4725,17.1856,16.6718,15.3024,13.4958,11.6325,10.1156,8.82409,8.61408,8.78485,9.1407,9.19552,8.67142,8.3019,8.33968,8.47872,8.63723,7.71598,7.20798,7.5085,8.47629,9.79927,10.3945,10.1034,9.96961,10.0627,10.7434,10.8874,11.3054,12.1038,12.8868,14.397,15.6641,18.4547,23.7473,43.519,143.309,439.812,0,0,0,0,0,0,0,0,0,0,0,0,0,0,0,0,0,0,0,0,0,0,0
546,17.2236,16.9505,16.2459,15.1634,13.3775,11.6654,9.9664,8.7406,8.50076,8.74946,9.07943,8.93954,8.51261,8.30937,8.32071,8.30296,8.43266,7.6537,7.14589,7.52242,8.51566,9.86997,10.304,9.98615,9.95484,10.0916,10.8195,10.9941,11.4123,12.1227,13.1595,14.8008,15.9524,19.0268,23.6422,40.1813,128.405,403.683,0,0,0,0,0,0,0,0,0,0,0,0,0,0,0,0,0,0,0,0,0,0,0
546.5,17.1869,16.8583,16.1718,14.9553,13.2814,11.5969,9.93297,8.68229,8.51772,8.71723,9.10924,8.9392,8.45302,8.28543,8.24791,8.28156,8.37011,7.60271,6.98078,7.53307,8.41874,9.79396,10.1836,9.76077,10.1463,10.1864,10.939,11.0735,11.5005,12.2416,13.4003,15.1624,16.2116,19.5602,23.6548,37.5576,113.673,368.433,0,0,0,0,0,0,0,0,0,0,0,0,0,0,0,0,0,0,0,0,0,0,0
547,17.0481,16.8079,15.871,14.8777,13.2302,11.6343,9.62523,8.63056,8.49919,8.66855,8.93656,8.82947,8.38008,8.30116,8.11095,8.22352,8.29959,7.68176,7.01723,7.38736,8.28678,9.70258,10.1495,9.60913,10.1862,10.1462,10.9418,11.1437,11.7375,12.3019,13.5998,15.3541,16.3695,19.5527,23.6231,35.5899,102.786,331.84,0,0,0,0,0,0,0,0,0,0,0,0,0,0,0,0,0,0,0,0,0,0,0
547.5,16.9573,16.4969,15.717,14.8098,13.2238,11.4263,9.56243,8.60665,8.4106,8.55841,8.82843,8.86304,8.35263,8.32137,8.06951,8.1041,8.29137,7.624,6.95953,7.3491,8.14427,9.61437,10.0912,9.60806,10.2523,10.092,10.9774,11.2633,11.8225,12.4636,13.7993,15.3489,16.7868,20.0112,23.6322,33.9368,91.4675,300.102,0,0,0,0,0,0,0,0,0,0,0,0,0,0,0,0,0,0,0,0,0,0,0
548,16.8001,16.2262,15.6666,14.7152,13.0957,11.4058,9.54202,8.50451,8.33698,8.55134,8.63586,8.7864,8.3197,8.20345,7.89605,8.0001,8.20414,7.53365,6.90687,7.36076,8.11501,9.54665,10.1081,9.6316,10.1476,10.1751,10.9755,11.359,12.0249,12.6544,13.8534,15.4733,17.1246,20.0401,23.8024,32.6854,82.9798,267.711,0,0,0,0,0,0,0,0,0,0,0,0,0,0,0,0,0,0,0,0,0,0,0
548.5,16.7941,16.1284,15.8666,14.5765,12.8538,11.25,9.60278,8.54057,8.21735,8.38938,8.60663,8.70742,8.34903,8.06555,7.77216,7.89848,8.04619,7.41543,6.85829,7.24851,8.05963,9.46141,9.9684,9.78129,10.0247,10.0903,11.0326,11.4702,12.0935,12.8372,14.0057,15.6001,17.4896,20.7273,24.1813,32.1546,74.2814,238.241,0,0,0,0,0,0,0,0,0,0,0,0,0,0,0,0,0,0,0,0,0,0,0
549,16.6156,16.1198,15.5979,14.576,12.716,11.2834,9.71329,8.48718,8.09055,8.30136,8.52025,8.67282,8.22287,7.87348,7.68175,7.78869,7.94736,7.34922,6.79446,7.22764,8.0731,9.60266,9.89026,9.81052,9.8683,10.3086,11.1787,11.3885,12.161,13.1071,14.0399,16.0125,17.99,21.1113,24.4712,31.8724,67.4074,212.449,0,0,0,0,0,0,0,0,0,0,0,0,0,0,0,0,0,0,0,0,0,0,0
549.5,16.4596,16.1805,15.5544,14.3071,12.6548,11.2676,9.61649,8.46584,8.13443,8.15399,8.5227,8.57379,8.0438,7.81226,7.56282,7.84319,7.80837,7.24001,6.79868,7.13986,7.89648,9.56812,9.77231,9.83795,9.81463,10.4079,11.2336,11.5252,12.0857,13.1988,14.3951,16.1274,18.3064,21.3884,24.9941,31.904,61.0901,190.318,0,0,0,0,0,0,0,0,0,0,0,0,0,0,0,0,0,0,0,0,0,0,0
550,16.3276,16.1544,15.5229,14.3852,12.7004,11.2064,9.51995,8.42278,8.11056,8.07017,8.47461,8.46387,7.9673,7.74321,7.52851,7.79763,7.73887,7.19121,6.71378,7.1822,7.84095,9.53993,9.71648,9.80298,9.89446,10.4644,11.2714,11.5979,12.0937,13.4495,14.5789,16.3761,18.8394,21.5016,25.4748,32.0435,57.1517,172.115,458.176,0,0,0,0,0,0,0,0,0,0,0,0,0,0,0,0,0,0,0,0,0,0
550.5,16.2758,16.0879,15.4804,14.2421,12.7371,11.1246,9.49414,8.35858,8.0926,7.99746,8.47113,8.3201,7.89264,7.68812,7.51488,7.7279,7.64142,7.06517,6.68249,7.15211,7.77469,9.39337,9.61875,9.61612,9.8292,10.4691,11.1588,11.6996,12.2458,13.4678,14.7834,16.4106,19.4037,21.7442,25.638,31.9029,52.7384,155.555,426.897,0,0,0,0,0,0,0,0,0,0,0,0,0,0,0,0,0,0,0,0,0,0
551,16.247,15.9448,15.4762,14.4265,12.6884,11.0607,9.43114,8.20722,7.94648,8.00475,8.46481,8.12622,7.8702,7.62023,7.46498,7.64913,7.58682,6.97497,6.58827,7.06698,7.67804,9.16621,9.61738,9.53706,9.85655,10.4405,11.0605,11.7513,12.3076,13.4892,14.8628,16.5617,19.6371,22.2465,25.8363,31.9433,48.8128,140.516,394.315,0,0,0,0,0,0,0,0,0,0,0,0,0,0,0,0,0,0,0,0,0,0
551.5,16.1189,15.8686,15.4287,14.3009,12.6228,10.9048,9.46579,8.11213,7.87657,7.99553,8.34043,8.1213,7.73079,7.55366,7.31628,7.52941,7.44389,6.91869,6.45582,6.89819,7.58845,9.02546,9.55012,9.34511,9.6986,10.4715,10.8956,11.7554,12.447,13.5454,14.9059,16.482,19.8609,22.8668,25.9128,31.9505,46.186,126.8,359.815,0,0,0,0,0,0,0,0,0,0,0,0,0,0,0,0,0,0,0,0,0,0
552,15.9131,15.8778,15.3305,14.141,12.4709,10.816,9.31679,8.10761,7.80311,7.96517,8.25702,8.05758,7.62305,7.47969,7.2505,7.46417,7.36673,6.83254,6.3588,6.83415,7.5766,9.00703,9.36502,9.23248,9.77487,10.3226,10.861,11.9587,12.648,13.7333,14.9936,16.6503,19.8602,23.114,26.1908,31.867,43.7099,115.064,328.501,0,0,0,0,0,0,0,0,0,0,0,0,0,0,0,0,0,0,0,0,0,0
552.5,15.6116,15.9463,15.3175,14.0863,12.3195,10.7758,9.29643,8.1358,7.82114,7.88299,8.15586,8.09316,7.46949,7.38948,7.10311,7.42789,7.1523,6.70694,6.24666,6.80212,7.56495,8.90066,9.39383,9.14118,9.6831,10.2288,10.8249,12.1361,12.7861,13.9188,15.1016,16.9463,20.0387,23.6423,26.3783,31.894,42.2375,103.74,295.798,0,0,0,0,0,0,0,0,0,0,0,0,0,0,0,0,0,0,0,0,0,0
553,15.3258,15.8479,15.0048,13.8243,12.1012,10.7318,9.11834,7.99195,7.75046,7.83828,8.08785,7.97316,7.39247,7.17432,7.02572,7.38286,7.01537,6.5956,6.21493,6.75299,7.49325,8.7828,9.37853,9.05461,9.69248,10.2261,10.8139,12.2523,12.8789,13.842,15.2272,17.2042,20.3551,24.0006,26.8538,31.8748,41.1747,94.4624,267.782,0,0,0,0,0,0,0,0,0,0,0,0,0,0,0,0,0,0,0,0,0,0
553.5,15.4431,15.8489,14.7543,13.7255,11.9043,10.6204,9.22934,7.90285,7.70604,7.80838,8.07113,7.93469,7.3388,7.09868,6.99868,7.21807,6.8489,6.61235,6.15954,6.69252,7.42172,8.74307,9.26852,9.10396,9.64459,10.3101,10.8671,12.3366,12.9338,14.0113,15.5064,17.6386,20.5811,24.2997,27.0721,32.2321,40.5209,85.9922,240.558,0,0,0,0,0,0,0,0,0,0,0,0,0,0,0,0,0,0,0,0,0,0
554,15.4045,15.7368,14.5382,13.5853,11.9096,10.4359,9.2316,7.8421,7.72479,7.73155,8.05694,7.86498,7.29625,7.02543,6.97361,7.17451,6.71864,6.57867,6.05692,6.5605,7.34447,8.54759,9.2099,9.02077,9.46118,10.4487,10.996,12.3766,12.9812,13.9486,15.6939,17.8156,20.8699,24.5276,27.5352,32.2403,40.118,78.808,215.883,0,0,0,0,0,0,0,0,0,0,0,0,0,0,0,0,0,0,0,0,0,0
554.5,15.3085,15.5411,14.6557,13.516,11.8643,10.3267,9.28651,7.89837,7.70194,7.73874,8.0153,7.85458,7.24668,7.00161,6.94162,7.09735,6.71745,6.50156,6.00697,6.42659,7.33025,8.53688,9.17678,9.09839,9.35579,10.2409,11.0891,12.4633,13.0283,14.044,15.8117,18.2064,21.0302,24.8006,27.9601,32.4687,39.9353,72.7611,195.874,0,0,0,0,0,0,0,0,0,0,0,0,0,0,0,0,0,0,0,0,0,0
555,15.1144,15.305,14.647,13.5226,11.8569,10.244,9.16189,7.92886,7.65085,7.60808,7.98005,7.80962,7.21685,6.89755,6.7702,6.95815,6.71391,6.50388,5.91159,6.29436,7.29819,8.48918,9.11526,8.97531,9.30065,10.269,11.1219,12.5131,13.1984,14.061,15.755,18.2917,21.5098,25.1743,28.2979,32.5133,39.3321,67.3844,176.371,424.357,0,0,0,0,0,0,0,0,0,0,0,0,0,0,0,0,0,0,0,0,0
555.5,15.0397,15.0239,14.7893,13.3415,11.6595,10.0645,8.9779,7.88981,7.52425,7.48498,7.97608,7.70779,7.15647,6.84218,6.6699,6.86688,6.69098,6.42649,5.86934,6.22484,7.3122,8.32136,9.09632,8.86806,9.2736,10.2135,11.131,12.5047,13.0848,14.2012,15.779,18.1049,21.9121,25.3566,28.558,32.8204,38.8921,63.0271,160.687,392.012,0,0,0,0,0,0,0,0,0,0,0,0,0,0,0,0,0,0,0,0,0
556,14.7861,14.7853,14.5054,13.2151,11.6494,9.9514,9.01865,7.8615,7.51984,7.34188,7.89172,7.67759,7.07954,6.78209,6.54023,6.80828,6.55696,6.29592,5.78237,6.12137,7.24252,8.32208,9.01117,8.72654,9.18622,10.2138,11.1534,12.6097,13.1825,14.2715,15.8635,18.1645,22.0645,25.7004,28.3382,32.8087,38.448,59.78,143.605,361.444,0,0,0,0,0,0,0,0,0,0,0,0,0,0,0,0,0,0,0,0,0
556.5,14.6987,14.6345,14.4348,13.1048,11.4343,9.77606,8.89935,7.81575,7.52621,7.28999,7.81619,7.58092,7.00356,6.7112,6.52164,6.75943,6.46934,6.11788,5.7518,6.04795,7.26615,8.28958,8.99464,8.62787,9.20031,10.2007,11.1062,12.538,13.288,14.4186,16.0277,18.2507,22.1963,25.8386,28.2666,32.6082,38.6409,55.8078,130.524,336.575,0,0,0,0,0,0,0,0,0,0,0,0,0,0,0,0,0,0,0,0,0
557,14.5211,14.6343,14.2229,12.9064,11.3989,9.81841,8.98015,7.66756,7.53086,7.20666,7.63198,7.4487,6.84397,6.62076,6.38602,6.62849,6.42555,5.9477,5.69208,5.91542,7.07055,8.32023,8.93744,8.47266,9.14883,10.1958,11.2048,12.6357,13.4631,14.5588,16.2081,18.585,22.4291,26.2075,28.5114,32.9104,38.6547,53.2264,119.353,305.649,0,0,0,0,0,0,0,0,0,0,0,0,0,0,0,0,0,0,0,0,0
557.5,14.4386,14.7434,14.0357,12.7115,11.2286,9.69972,8.87651,7.65449,7.46199,7.23383,7.57385,7.34335,6.78775,6.57312,6.3347,6.5315,6.34464,5.84413,5.65788,5.89024,6.93433,8.29623,8.84962,8.5529,9.09552,10.3931,11.1786,12.6892,13.5479,14.573,16.2889,18.8509,22.8842,26.422,28.654,32.7917,38.3589,50.788,110.097,278.245,0,0,0,0,0,0,0,0,0,0,0,0,0,0,0,0,0,0,0,0,0
558,14.4008,14.6569,13.9888,12.6785,11.1921,9.72902,8.86257,7.55243,7.3992,7.25233,7.38446,7.27423,6.69415,6.51411,6.18368,6.50172,6.31035,5.76098,5.62134,5.76716,6.77832,8.23914,8.81506,8.51671,8.97357,10.4796,11.2993,12.7035,13.6291,14.613,16.3221,18.8621,22.9371,26.676,28.9636,33.1772,38.2193,50.0859,102.28,251.736,0,0,0,0,0,0,0,0,0,0,0,0,0,0,0,0,0,0,0,0,0
558.5,14.4214,14.4737,13.6769,12.5148,11.1905,9.72661,8.76489,7.64723,7.32436,7.22891,7.32894,7.22133,6.66192,6.45266,6.11649,6.42356,6.16479,5.70801,5.55542,5.77077,6.66095,8.20453,8.71807,8.54282,8.88181,10.3173,11.4408,12.7743,13.5482,14.6176,16.2754,18.9183,23.1843,26.9735,29.4455,33.9159,38.3235,49.2742,93.9471,228.128,0,0,0,0,0,0,0,0,0,0,0,0,0,0,0,0,0,0,0,0,0
559,14.3486,14.3713,13.6825,12.3656,11.1666,9.69044,8.78416,7.63778,7.26744,7.1785,7.24383,7.19184,6.60158,6.40528,5.96599,6.40706,6.09389,5.63546,5.51777,5.62352,6.60991,8.20317,8.54753,8.53544,8.89133,10.2334,11.3561,12.8919,13.5806,14.5676,16.2888,19.0695,23.1731,27.2548,29.4518,34.3822,38.673,49.2524,86.9753,206.945,0,0,0,0,0,0,0,0,0,0,0,0,0,0,0,0,0,0,0,0,0
559.5,14.2591,14.3,13.4373,12.2055,11.1363,9.65607,8.63796,7.61454,7.27803,7.17943,7.33204,7.21251,6.57738,6.28026,5.8855,6.25404,6.06175,5.58701,5.44102,5.59124,6.47339,8.12281,8.5738,8.38828,8.92569,10.1602,11.4026,13.0018,13.6202,14.5391,16.5893,19.0803,23.05,27.9155,30.391,35.2346,38.8759,48.5167,80.5404,186.418,0,0,0,0,0,0,0,0,0,0,0,0,0,0,0,0,0,0,0,0,0
560,14.1502,14.469,13.4952,12.0425,11.2151,9.70214,8.63614,7.44307,7.31639,7.19011,7.25952,7.19119,6.43944,6.21605,5.83647,6.09961,5.98721,5.49775,5.34829,5.53949,6.5433,8.11787,8.58996,8.42867,8.86381,10.1956,11.5406,13.3225,13.8499,14.6673,16.7728,19.1023,23.259,28.3739,30.9361,35.7134,39.3258,48.2535,74.8085,168.818,417.312,0,0,0,0,0,0,0,0,0,0,0,0,0,0,0,0,0,0,0,0
560.5,14.177,14.3409,13.4711,12.2785,11.3157,9.68744,8.57827,7.46703,7.3666,7.24234,7.2794,7.13599,6.38382,6.14346,5.79836,6.03164,5.8602,5.48445,5.23744,5.51997,6.44932,8.0948,8.5399,8.39623,8.7596,10.2108,11.7026,13.4261,14.1647,14.8591,16.9422,19.364,23.5084,29.0438,31.6813,36.6086,40.0312,48.1325,71.2434,155.872,386.872,0,0,0,0,0,0,0,0,0,0,0,0,0,0,0,0,0,0,0,0
561,14.0804,14.2692,13.6155,12.4288,11.3621,9.78017,8.68057,7.58659,7.32226,7.25447,7.2896,7.01175,6.30121,6.05557,5.74619,5.96926,5.83155,5.34658,5.13236,5.44979,6.48625,8.00301,8.43032,8.42163,8.77686,10.1688,11.8095,13.685,14.1912,15.267,17.0616,19.6373,23.6082,29.4367,32.7237,37.4938,40.863,48.6235,68.9322,143.893,355.764,0,0,0,0,0,0,0,0,0,0,0,0,0,0,0,0,0,0,0,0
561.5,13.9871,14.2634,13.5378,12.493,11.3483,9.75482,8.71527,7.65202,7.28675,7.30583,7.23219,6.95665,6.2839,5.93207,5.72231,5.97196,5.78483,5.34666,5.0856,5.41905,6.44676,8.03531,8.30702,8.48711,8.74332,10.126,11.7296,13.8797,14.4897,15.6081,17.3083,20.4246,24.3177,30.3121,33.5272,37.9406,41.368,49.3495,67.0514,134.518,325.555,0,0,0,0,0,0,0,0,0,0,0,0,0,0,0,0,0,0,0,0
562,13.8646,14.2055,13.5961,12.6438,11.3591,9.72338,8.73081,7.72419,7.33448,7.15593,7.2175,6.79697,6.29868,5.85893,5.58424,5.92537,5.75159,5.34864,4.99414,5.42636,6.33097,8.02817,8.3508,8.44458,8.72966,10.1183,11.6824,14.0161,14.7709,15.8354,17.6998,20.9695,24.9526,31.2332,34.7061,38.8029,43.0792,50.3843,65.7844,126.369,293.863,0,0,0,0,0,0,0,0,0,0,0,0,0,0,0,0,0,0,0,0
562.5,13.9207,14.0953,13.7741,12.738,11.6033,9.82459,8.76643,7.78485,7.39655,7.22235,7.18187,6.87233,6.2974,5.715,5.49095,5.83267,5.66531,5.27039,4.9594,5.35385,6.24053,7.89428,8.2646,8.33187,8.64726,10.1264,11.7246,14.206,15.0834,15.8546,18.0852,21.3925,25.9756,32.2633,36.2039,39.8389,44.2609,51.9319,65.4313,118.517,265.322,0,0,0,0,0,0,0,0,0,0,0,0,0,0,0,0,0,0,0,0
563,14.1749,14.2106,14.0832,12.958,11.6471,9.98475,8.89497,7.87221,7.47276,7.24354,7.23197,6.83581,6.30962,5.78426,5.44778,5.74755,5.5968,5.25512,4.87842,5.25548,6.13736,7.78371,8.32568,8.22336,8.50707,10.1961,11.8835,14.342,15.586,16.1964,18.5429,21.8905,26.7968,33.2532,37.9778,40.9773,46.3718,53.3657,66.0567,110.294,241.924,0,0,0,0,0,0,0,0,0,0,0,0,0,0,0,0,0,0,0,0
563.5,14.5286,14.486,14.4812,13.2882,11.96,10.2033,9.13502,7.95783,7.55153,7.33519,7.28062,6.97842,6.33286,5.75643,5.36635,5.68114,5.48019,5.15608,4.83975,5.09091,6.10134,7.68054,8.27566,8.20425,8.61108,10.3226,12.2158,14.6699,15.8704,16.5398,19.2778,22.487,27.6424,34.5191,39.9311,43.2497,48.2876,55.6723,67.4641,105.674,224.689,0,0,0,0,0,0,0,0,0,0,0,0,0,0,0,0,0,0,0,0
564,14.7941,14.7954,14.8781,13.6441,12.1318,10.5685,9.41772,8.06864,7.677,7.48983,7.41173,7.01133,6.35581,5.82576,5.4391,5.60184,5.46422,5.0883,4.80972,5.06507,6.05836,7.5969,8.19645,8.27831,8.79811,10.5517,12.5485,15.0255,16.4278,17.5505,20.0186,23.5188,28.6729,36.1837,42.0977,45.5358,50.9567,58.2839,69.6821,102.54,204.881,0,0,0,0,0,0,0,0,0,0,0,0,0,0,0,0,0,0,0,0
564.5,14.97,15.2317,15.122,14.0174,12.5738,11.0131,9.7013,8.21599,7.85639,7.68526,7.49442,7.08408,6.38871,5.76826,5.42053,5.52844,5.35023,4.97973,4.75853,4.95086,6.04192,7.67416,8.25353,8.4595,8.88448,10.6907,12.8157,15.4029,16.934,18.3735,20.8033,24.5774,30.0792,38.0324,44.2986,48.4726,53.6688,60.6338,72.289,101.379,191.735,0,0,0,0,0,0,0,0,0,0,0,0,0,0,0,0,0,0,0,0
565,15.247,15.6334,15.457,14.3264,12.9041,11.4169,9.99775,8.45019,8.13859,7.93844,7.74019,7.10693,6.42422,5.81329,5.414,5.56074,5.26649,4.9501,4.70132,4.95356,6.0003,7.62682,8.14198,8.62307,9.16816,11.0534,13.132,15.806,17.6921,19.2652,21.7475,25.7308,31.693,40.1884,47.5073,51.8258,57.3232,63.9189,75.6243,99.3162,179.834,396.609,0,0,0,0,0,0,0,0,0,0,0,0,0,0,0,0,0,0,0
565.5,15.7028,15.9968,15.7765,14.6256,13.4902,11.8959,10.3907,8.68012,8.2225,8.19107,7.90975,7.26066,6.45882,5.79963,5.4142,5.50916,5.246,4.94167,4.67826,4.92751,5.97852,7.60952,8.12884,8.74837,9.46524,11.3857,13.3937,16.276,18.5735,20.0088,22.715,26.9373,33.4001,43.0555,50.3315,55.1,61.9664,68.4145,80.1633,100.607,174.448,369.978,0,0,0,0,0,0,0,0,0,0,0,0,0,0,0,0,0,0,0
566,16.2122,16.3875,16.4572,15.1133,14.0329,12.5284,10.7038,9.00345,8.54579,8.50118,8.19076,7.33502,6.51303,5.86676,5.41817,5.53615,5.20999,4.91159,4.66635,4.97761,5.99981,7.59515,8.14259,8.91173,9.68966,11.7603,13.8068,16.8956,19.3506,20.896,23.789,28.3031,35.7043,45.8781,54.2353,59.4453,67.0245,73.307,84.3309,103.424,167.405,348.863,0,0,0,0,0,0,0,0,0,0,0,0,0,0,0,0,0,0,0
566.5,16.7541,17.0355,17.2885,15.5966,14.6315,13.0359,11.2154,9.43275,8.81086,8.78207,8.28974,7.52459,6.6593,5.93249,5.46808,5.47645,5.16372,4.9082,4.65982,4.91132,6.02143,7.75298,8.30227,8.99777,9.98188,12.0973,14.1528,17.7952,20.4739,22.4433,25.1879,29.8512,37.7302,48.2441,58.2738,63.3162,72.0478,77.6313,89.8661,108.683,162.151,323.548,0,0,0,0,0,0,0,0,0,0,0,0,0,0,0,0,0,0,0
567,17.3158,18.0498,18.1209,16.4406,15.38,13.7829,11.5576,9.85015,9.13327,9.13562,8.50921,7.70686,6.80116,6.03154,5.49115,5.44532,5.16011,4.89226,4.6896,4.84838,6.04644,7.72925,8.67011,9.20284,10.1644,12.4953,14.9252,18.578,21.4029,23.7019,26.8216,31.9001,39.7517,51.105,63.2246,68.8224,78.7341,82.9575,95.2818,113.711,157.906,304.099,0,0,0,0,0,0,0,0,0,0,0,0,0,0,0,0,0,0,0
567.5,17.9668,19.0638,19.1337,17.1442,16.2264,14.3913,12.0313,10.432,9.61496,9.52491,8.72981,7.95521,6.93179,6.06973,5.54653,5.44304,5.22319,4.91291,4.64422,4.83918,6.10905,7.73356,8.86911,9.47791,10.527,12.849,15.8147,19.4985,22.3863,25.4495,28.7776,34.3762,41.3257,53.8782,67.6528,74.8421,85.9844,89.6127,101.798,119.962,157.884,289.199,0,0,0,0,0,0,0,0,0,0,0,0,0,0,0,0,0,0,0
568,18.7828,19.7606,20.0637,17.9685,17.1278,14.9679,12.5462,10.8982,10.0726,9.89455,9.23756,8.13252,7.19004,6.14276,5.58261,5.49745,5.27349,4.85969,4.65026,4.94737,6.15381,7.67397,9.28226,9.70166,10.8957,13.4005,16.8407,20.3995,23.6467,26.9416,30.7295,36.9024,43.4316,57.2049,72.4421,81.2996,92.3481,98.308,108.915,126.832,158.54,272.293,0,0,0,0,0,0,0,0,0,0,0,0,0,0,0,0,0,0,0
568.5,19.6364,20.5257,20.9847,18.9494,17.801,15.8496,13.3655,11.4572,10.5726,10.3313,9.59753,8.50546,7.43865,6.2315,5.62898,5.48856,5.28755,4.83478,4.57468,5.01034,6.25882,7.76291,9.50295,9.96497,11.2658,13.9429,17.6895,21.3605,24.6319,28.5318,32.4,39.2871,46.7409,61.3958,77.0496,89.3856,98.8949,105.729,117.459,133.685,160.464,261.565,0,0,0,0,0,0,0,0,0,0,0,0,0,0,0,0,0,0,0
569,20.3134,20.9466,21.8359,20.098,18.6411,16.4294,13.9702,12.0462,11.0166,10.6797,10.0592,8.88233,7.61248,6.3585,5.81547,5.51301,5.25533,4.74635,4.60482,5.03777,6.21931,7.97023,9.72157,10.1682,11.6036,14.3431,18.4183,22.2013,25.8736,30.5759,33.9081,41.7981,51.1802,65.8543,82.3117,95.7567,106.165,112.933,126.306,141.917,165.337,251.657,0,0,0,0,0,0,0,0,0,0,0,0,0,0,0,0,0,0,0
569.5,21.0867,21.8806,23.0714,21.4572,19.6116,17.5409,14.8168,12.7423,11.4666,11.3018,10.527,9.06258,7.82349,6.54472,5.88936,5.55912,5.21257,4.76337,4.57739,5.09975,6.29159,8.24177,9.82381,10.5212,11.9283,14.7162,19.2317,23.3868,27.3853,32.0837,36.1099,43.6146,55.0725,70.4843,88.1681,103.619,113.72,122.177,135.121,150.362,168.234,244.055,0,0,0,0,0,0,0,0,0,0,0,0,0,0,0,0,0,0,0
570,21.9057,23.2504,24.0042,22.2721,20.7955,18.6522,15.1091,13.5521,11.8886,11.788,10.9665,9.3615,8.02417,6.71577,6.01271,5.57382,5.20917,4.77351,4.64538,5.13756,6.25905,8.43799,10.0888,10.8871,12.3616,15.2537,19.891,24.6253,28.8323,33.8926,38.3263,46.0254,58.1651,74.7882,94.8661,110.877,122.146,130.651,143.32,160.836,174.741,239.742,427.82,0,0,0,0,0,0,0,0,0,0,0,0,0,0,0,0,0,0
570.5,23.1394,24.4471,25.2494,23.309,21.809,19.6248,15.6424,14.3026,12.5418,12.435,11.5829,9.92263,8.28341,6.92286,6.02569,5.59981,5.21728,4.84766,4.63271,5.18003,6.36736,8.44778,10.2431,11.2309,12.8845,15.9486,20.7297,26.19,30.4914,35.8959,40.6192,48.0156,61.7583,79.0929,100.701,119.993,130.874,141.741,152.933,171.815,180.951,237.913,411.083,0,0,0,0,0,0,0,0,0,0,0,0,0,0,0,0,0,0
571,24.2276,25.6252,25.9314,24.4585,23.0674,20.5636,16.4338,14.8748,13.1858,13.1637,12.0716,10.3103,8.59804,7.13456,6.07849,5.61629,5.31482,4.87127,4.73222,5.25258,6.49474,8.56433,10.5194,11.5832,13.2439,16.5452,21.5986,27.5058,32.0859,37.9149,42.9692,51.2874,65.1221,83.9993,107.022,128.958,139.458,152.015,161.121,184.955,191.607,238.531,398.746,0,0,0,0,0,0,0,0,0,0,0,0,0,0,0,0,0,0
571.5,25.5208,26.3756,27.0988,25.6742,23.9633,21.5481,17.3315,15.5028,14.1166,13.7617,12.5624,11.0178,8.79432,7.33826,6.04391,5.70688,5.38198,4.84663,4.76641,5.25072,6.65416,8.65747,10.6863,11.9616,13.6364,17.3008,22.7833,29.1286,33.3382,39.8471,44.8258,54.8674,69.977,89.6367,112.364,139.068,148.538,162.309,174.393,196.156,202.797,240.252,391.391,0,0,0,0,0,0,0,0,0,0,0,0,0,0,0,0,0,0
572,26.545,28.1734,28.0574,27.1581,25.5292,22.3354,18.503,16.1969,14.925,14.5083,13.0878,11.3228,9.08221,7.56818,6.13614,5.7447,5.44524,4.92796,4.83144,5.26854,6.67826,8.86158,10.9788,12.3852,14.1925,18.005,23.7113,30.6947,34.9351,41.6146,46.7313,58.6024,73.101,95.3918,119.695,148.325,157.77,175.106,185.069,209.277,215.927,247.347,387.423,0,0,0,0,0,0,0,0,0,0,0,0,0,0,0,0,0,0
572.5,27.662,29.5567,29.7291,28.69,27.115,23.7081,19.4519,17.1977,15.6623,15.1967,13.6388,11.8674,9.23961,7.74173,6.17595,5.81552,5.40552,4.91741,4.80781,5.24193,6.71728,9.10754,11.2292,12.8181,14.8466,18.8284,24.1998,32.2113,36.7677,43.1437,49.742,62.1693,78.1599,101.451,127.977,156.064,170.359,189.578,200.063,223.199,229.205,254.26,383.284,0,0,0,0,0,0,0,0,0,0,0,0,0,0,0,0,0,0
573,28.6976,31.4551,31.6754,30.3337,28.8148,25.0002,20.4748,18.3723,16.5677,16.028,14.288,12.2209,9.55548,7.88381,6.29241,5.87574,5.42001,4.99728,4.82497,5.29563,6.82055,9.25867,11.3939,13.1665,15.5712,19.7045,25.2616,33.8777,39.4611,45.9294,53.2884,66.1529,82.9704,108.291,135.826,165.625,181.665,202.615,212.789,235.354,244.442,262.154,382.044,0,0,0,0,0,0,0,0,0,0,0,0,0,0,0,0,0,0
573.5,29.8956,33.2078,33.6396,32.5193,30.5134,26.4277,21.6464,19.2549,17.5293,16.875,15.0721,12.73,9.94455,7.98804,6.46352,5.96418,5.42495,5.04684,4.83817,5.39501,6.88545,9.32842,11.532,13.7735,16.102,20.4489,26.3134,35.2587,41.6935,48.5462,57.4749,70.1023,87.9601,115.253,143.917,175.306,197.396,213.514,228.817,249.646,259.104,273.771,386.771,0,0,0,0,0,0,0,0,0,0,0,0,0,0,0,0,0,0
574,30.7716,34.7443,35.3329,33.6476,31.8947,27.6827,23.0128,20.1562,18.644,17.7234,15.6665,13.3546,10.4052,8.17535,6.55341,5.98183,5.49132,5.0743,4.89144,5.54867,7.10139,9.63021,11.758,14.2216,16.8054,21.3291,28.0567,37.1354,43.2885,52.3196,61.4579,74.149,93.6251,122.121,153.437,185.286,209.661,225.977,243.65,264.64,274.528,285.497,390.368,0,0,0,0,0,0,0,0,0,0,0,0,0,0,0,0,0,0
574.5,32.1105,36.5727,37.1287,35.4753,33.5315,29.0339,24.1679,20.8966,19.6075,18.3821,16.4809,13.8275,10.8186,8.35784,6.73713,6.10922,5.51812,5.15931,4.91669,5.62415,7.33747,9.91687,12.3359,14.6746,17.1317,21.9379,29.3904,39.176,45.7348,55.1203,64.3471,78.5409,98.5089,128.431,160.427,198.437,223.887,236.917,257.617,280.681,293.134,295.221,395.141,0,0,0,0,0,0,0,0,0,0,0,0,0,0,0,0,0,0
575,33.3884,38.0147,39.3988,37.0686,34.5481,30.3467,25.1658,22.0581,20.4485,19.0056,17.2522,14.4226,11.1112,8.57843,6.95738,6.17532,5.53914,5.22176,4.9976,5.71212,7.44867,10.2226,12.8362,15.1095,17.9015,22.4455,30.7837,40.4601,47.4476,57.6732,67.0677,81.7937,104.518,134.892,171.794,207.543,235.726,250.765,272.155,294.54,306.302,309.039,397.452,581.226,0,0,0,0,0,0,0,0,0,0,0,0,0,0,0,0,0
575.5,34.9846,39.7244,41.255,39.2656,36.2947,31.3273,26.0815,23.0638,21.2187,19.6103,18.1193,14.966,11.4865,8.88552,7.15188,6.18108,5.61526,5.28182,5.07442,5.76989,7.50078,10.4278,13.2454,15.5788,18.4623,23.2201,31.8716,42.2517,50.3624,60.2813,69.5067,85.5511,109.632,140.984,178.945,220.209,247.46,263.849,286.924,306.001,322.718,320.958,404.434,580.853,0,0,0,0,0,0,0,0,0,0,0,0,0,0,0,0,0
576,36.5273,41.0366,42.7746,41.2668,38.0546,32.6593,27.2119,24.4151,22.0474,20.4115,18.8653,15.6367,11.6666,9.01257,7.25049,6.21758,5.70031,5.31668,5.092,5.87311,7.48379,10.5985,13.5472,15.7814,19.0313,24.1019,32.971,43.1243,52.8604,62.4804,72.0716,88.4261,115.386,148.291,186.237,231.786,257.033,275.174,301.462,321.243,334.182,334.271,405.673,583.273,0,0,0,0,0,0,0,0,0,0,0,0,0,0,0,0,0
576.5,37.8667,42.3587,43.7846,42.3901,39.3873,33.6945,28.8069,24.9391,22.6142,21.0327,19.563,16.1601,12.0035,9.29247,7.47043,6.27368,5.75949,5.3164,5.14979,5.86389,7.63283,10.7635,13.7363,16.1472,19.6871,25.2639,34.0816,44.5258,54.8241,64.9993,74.6849,91.5733,119.749,153.622,192.714,239.445,269.417,287.988,317.627,333.117,348.006,350.241,410.052,578.046,0,0,0,0,0,0,0,0,0,0,0,0,0,0,0,0,0
577,38.9831,42.6881,44.8142,43.1767,40.9168,34.5692,29.9933,25.7371,23.1137,21.8329,20.1732,16.4582,12.2616,9.52386,7.51477,6.26446,5.77599,5.35112,5.21416,5.94889,7.63879,10.9458,14.0407,16.4466,20.2353,26.542,34.6714,45.7238,56.2912,66.957,76.6587,95.1602,124.17,157.401,198.171,245.815,277.712,295.335,326.41,342.613,355.114,364.387,413.877,571.665,0,0,0,0,0,0,0,0,0,0,0,0,0,0,0,0,0
577.5,39.8632,43.7812,45.4843,43.3076,41.7479,34.888,30.6063,26.3911,23.6659,22.2645,20.6934,16.5723,12.4001,9.8148,7.63761,6.36607,5.79163,5.27799,5.30201,5.95238,7.77438,11.125,14.2685,16.5773,20.7732,26.7611,35.4286,46.4326,56.8637,68.0295,78.2369,98.1968,126.65,161.361,202.059,248.364,279.028,299.76,335.978,349.999,363.974,374.522,408.967,558.074,0,0,0,0,0,0,0,0,0,0,0,0,0,0,0,0,0
578,39.8411,44.3421,45.9782,43.8998,42.4572,35.5005,30.7539,26.9061,23.9411,22.5256,21.0846,16.8313,12.5993,9.91006,7.75374,6.39174,5.83534,5.27058,5.30862,6.04555,7.87979,11.2653,14.1957,17.0926,20.9918,26.9392,36.2009,46.6978,57.7594,68.7167,79.0545,99.8084,128.171,165.078,204.275,254.079,284.164,306.709,338.653,355.906,366.666,380.854,412.459,545.724,0,0,0,0,0,0,0,0,0,0,0,0,0,0,0,0,0
578.5,40.0261,44.9868,46.7494,44.6167,42.3961,36.6005,31.0435,27.0421,24.1724,22.8153,21.6027,16.8736,12.6795,9.99906,7.77475,6.47274,5.85597,5.2207,5.30858,6.07279,7.8793,11.4175,14.4336,17.2313,21.1272,26.8718,36.568,46.604,56.996,69.5479,80.525,99.5711,130.354,167.436,206.393,256.681,286.113,310.43,345.397,358.898,375.25,381.333,411.795,534.478,0,0,0,0,0,0,0,0,0,0,0,0,0,0,0,0,0
579,39.9974,44.8716,46.9662,45.1456,42.1651,36.9964,31.3086,26.8899,24.2497,22.98,21.7188,16.9981,12.7529,10.0082,7.82221,6.47862,5.85965,5.26571,5.24565,6.06268,7.87688,11.4395,14.475,17.3444,21.2272,27.2495,36.6151,46.6828,56.6918,70.1185,79.6722,98.8656,130.59,167.1,207.145,257.27,291.894,316.097,346.947,362.446,376.797,387.641,414.84,522.596,0,0,0,0,0,0,0,0,0,0,0,0,0,0,0,0,0
579.5,39.5151,44.4231,46.8094,45.2076,41.8171,37.374,31.342,26.7988,24.1505,23.05,21.5241,17.104,12.8275,9.98851,7.66071,6.53401,5.7995,5.17737,5.17372,6.04322,7.76652,11.486,14.672,17.0413,21.4078,27.2206,36.0833,47.1862,56.681,69.9955,78.9879,97.8142,128.336,165.479,206.24,256.918,288.9,314.054,348.466,362.191,377.101,386.496,410.125,505.975,0,0,0,0,0,0,0,0,0,0,0,0,0,0,0,0,0
580,39.4566,43.8927,46.6838,45.0122,41.7392,36.9722,31.5042,26.6294,24.2154,22.7145,21.1025,17.1543,12.8592,9.94836,7.60759,6.45264,5.79311,5.15765,5.09827,5.94588,7.69414,11.4689,14.6362,16.6295,21.1664,27.0692,35.5749,47.0936,56.6811,69.4308,77.5689,97.7131,127.695,160.506,203.239,255.382,285.966,310.246,348.021,360.366,375.355,383.441,403.648,493.472,674.089,0,0,0,0,0,0,0,0,0,0,0,0,0,0,0,0
580.5,38.8251,43.2918,46.1153,44.6788,41.1528,36.703,31.0302,26.1872,24.0549,22.3141,20.581,16.8752,12.5403,9.76138,7.56249,6.38138,5.76659,5.09518,5.04719,5.86204,7.63477,11.2861,14.5629,16.4417,20.6353,26.8587,34.9772,47.2343,56.8759,67.9472,77.2354,95.9511,124.112,158.637,201.253,254.758,278.63,305.24,343.69,356.053,365.115,374.535,393.133,476.691,644.531,0,0,0,0,0,0,0,0,0,0,0,0,0,0,0,0
581,38.5291,42.5396,45.517,43.9476,40.4001,35.9777,30.3538,25.7636,23.51,21.7008,20.1843,16.5314,12.3904,9.60713,7.604,6.26801,5.77286,5.08535,5.01244,5.75205,7.5241,11.0475,14.1201,16.1629,20.4711,26.5748,34.3427,46.5103,55.8529,66.1268,76.9533,93.9823,121.303,156.746,194.605,253.975,278.775,300.036,337.639,353.296,357.43,366.739,384.892,459.664,619.842,0,0,0,0,0,0,0,0,0,0,0,0,0,0,0,0
581.5,37.5721,41.3319,44.2221,43.3438,39.5486,35.4863,29.2797,25.3034,23.0206,21.1029,19.8226,16.2291,12.0284,9.28119,7.45764,6.21782,5.66148,4.99988,4.99256,5.68625,7.48062,10.7256,13.7406,16.0106,20.4439,26.1756,33.4492,45.0914,54.5255,63.4324,75.0187,90.3285,118.575,155.873,189.839,249.839,272.465,294.978,326.803,345.137,346.402,357.554,371.109,440.053,585.14,0,0,0,0,0,0,0,0,0,0,0,0,0,0,0,0
582,37.3822,40.5953,42.8039,41.5044,38.1548,34.6706,28.3607,24.8454,22.4488,20.5143,19.3103,15.9299,11.8964,9.19966,7.31463,6.11633,5.49836,4.90406,4.8389,5.55999,7.37743,10.5501,13.2991,15.7085,20.1236,25.7696,32.5926,43.9284,53.166,62.4058,72.6518,87.4776,117.587,153.288,185.919,243.571,268.402,286.512,315.267,336.316,339.844,345.818,361.263,424.623,554.361,0,0,0,0,0,0,0,0,0,0,0,0,0,0,0,0
582.5,36.3082,38.8309,41.7858,40.3903,37.5614,33.2745,27.4865,24.5185,21.8154,20.0194,19.0646,15.7858,11.7371,9.00755,7.14913,6.06081,5.36872,4.75781,4.70513,5.54029,7.23986,10.3351,12.9304,15.2579,19.6403,25.2255,31.6934,42.653,51.0247,60.7064,71.2516,84.7898,114.783,150.618,181.324,233.85,260.167,278.379,307.467,324.905,330.338,335.251,348.352,410.126,521.743,0,0,0,0,0,0,0,0,0,0,0,0,0,0,0,0
583,35.4487,38.3847,40.5315,39.6255,36.9738,32.3609,27.0033,23.9326,21.3107,19.7917,18.6204,15.2495,11.442,8.93326,7.01509,5.95007,5.26907,4.59852,4.6129,5.44177,7.14477,10.1349,12.6158,14.7923,18.9478,24.424,31.5269,41.4538,49.7842,59.5761,69.6611,83.1827,112.241,145.638,179.252,222.624,250.613,269.83,297.976,312.084,324.989,323.331,333.89,394.177,491.403,0,0,0,0,0,0,0,0,0,0,0,0,0,0,0,0
583.5,34.4199,37.4351,39.4522,38.6797,36.0237,31.0081,26.325,23.2492,20.5545,19.4393,18.1527,14.884,11.2563,8.79938,6.82538,5.77617,5.22028,4.56146,4.52409,5.34647,6.97034,9.90922,12.3408,14.3015,18.4715,23.5681,30.4665,40.1772,48.6426,57.6791,68.835,80.3674,108.367,140.982,173.101,213.925,241.613,259.577,290.561,300.28,314.511,309.52,323.888,375.391,465.434,0,0,0,0,0,0,0,0,0,0,0,0,0,0,0,0
584,33.41,36.6034,38.3584,38.2482,34.5769,30.2498,25.6061,22.4638,20.1249,19.0393,17.5758,14.4744,10.8419,8.66741,6.63988,5.68166,5.12282,4.46577,4.5452,5.15384,6.81521,9.50619,12.13,13.876,17.9071,22.8145,29.7538,39.0387,46.9051,55.9302,66.6012,77.4514,105.233,135.223,169.718,206.65,231.938,251.635,278.753,286.674,304.897,300.794,313.393,357.664,438.377,0,0,0,0,0,0,0,0,0,0,0,0,0,0,0,0
584.5,32.3618,35.4663,37.3602,36.5417,33.5649,29.6841,24.8068,21.5457,19.4044,18.3688,17.0946,14.2303,10.6255,8.39181,6.53184,5.5576,5.00314,4.49579,4.41898,5.01861,6.68371,9.13861,11.7995,13.6536,17.3396,22.0375,28.7254,37.5166,45.327,54.4495,64.3763,74.1343,101.577,130.843,163.584,199.198,222.801,243.101,265.062,273.426,292.119,290.242,305.673,339.357,411.205,0,0,0,0,0,0,0,0,0,0,0,0,0,0,0,0
585,31.2615,34.5264,36.1349,34.6383,32.2842,29.0779,23.9431,20.8064,18.6478,17.6908,16.5828,13.5214,10.3734,8.08004,6.45647,5.49704,4.84845,4.42095,4.32981,4.97794,6.53644,8.90658,11.6063,13.3304,16.8496,21.1974,27.7447,36.6485,43.653,52.9818,61.6032,72.5932,97.1335,126.703,155.965,190.316,215.912,233.619,255.164,266.292,278.785,283.24,295.052,325.775,387.848,496.286,0,0,0,0,0,0,0,0,0,0,0,0,0,0,0
585.5,30.3423,33.4443,35.1716,33.2787,31.313,28.173,22.9755,20.2357,18.2266,17.2469,15.9684,13.1553,10.2457,7.77407,6.3214,5.37315,4.71759,4.39543,4.24072,4.87529,6.39205,8.70736,11.2832,12.9689,16.3515,20.455,26.4601,35.7032,42.1942,51.5491,58.5956,70.2099,94.1139,120.504,149.111,184.523,206.994,227.645,244.775,257.743,268.021,275.134,282.343,312.881,365.326,471.216,0,0,0,0,0,0,0,0,0,0,0,0,0,0,0
586,29.4115,31.9589,33.9917,32.1749,29.8867,27.4519,22.0827,19.8429,17.9002,17.1378,15.31,12.6785,10.014,7.58382,6.17947,5.25536,4.62441,4.25923,4.19081,4.73284,6.28719,8.53768,11.0051,12.7364,15.8761,19.7923,25.5637,34.834,41.1865,49.3475,56.6782,68.1766,89.8736,115.334,143.546,178.21,198.446,216.387,237.378,249.96,255.226,262.61,272.679,297.292,350.909,447.119,0,0,0,0,0,0,0,0,0,0,0,0,0,0,0
586.5,28.7001,31.3176,33.2089,31.1368,28.5649,26.2073,21.6485,19.1966,17.2363,16.7501,14.7164,12.4393,9.66327,7.38864,5.9986,5.13072,4.53275,4.17479,4.14653,4.61122,6.07361,8.41902,10.5305,12.2657,15.2323,19.0241,24.4449,33.9811,39.7724,47.5449,54.0715,65.6495,86.6408,110.703,136.862,171.13,188.424,208.345,228.528,242.223,247.696,252.313,261.435,284.688,331.748,423.517,0,0,0,0,0,0,0,0,0,0,0,0,0,0,0
587,27.8832,30.2208,32.2195,30.386,27.5007,25.1972,20.7893,18.4719,16.6417,16.1657,14.2137,12.0616,9.41763,7.18647,5.77016,5.03364,4.48125,4.1049,4.08379,4.46045,5.85986,8.14025,10.2852,11.8531,14.8265,18.3442,23.7691,32.3908,38.6313,45.5521,52.0625,63.4108,83.2405,104.903,133.476,164.415,181.455,199.008,218.114,231.649,237.836,240.437,252.386,269.671,315.006,399.653,0,0,0,0,0,0,0,0,0,0,0,0,0,0,0
587.5,26.6914,29.2608,31.4487,29.4837,26.2707,24.228,20.1293,17.8603,16.0954,15.4295,13.8242,11.7938,9.09409,7.05557,5.62572,4.90147,4.35372,4.02381,3.99727,4.45173,5.7058,7.88363,9.90372,11.3101,14.2113,17.5852,23.2597,31.2408,36.8396,43.5761,50.0683,60.8203,80.38,101.479,125.433,156.344,173.752,189.85,210.424,220.581,226.179,229.785,241.003,255.277,297.691,372.902,0,0,0,0,0,0,0,0,0,0,0,0,0,0,0
588,25.6721,27.9072,30.1859,28.9767,25.5483,23.223,19.4752,17.2243,15.5301,14.5741,13.331,11.4435,8.9114,6.80664,5.54955,4.80603,4.36772,3.95363,3.90789,4.34557,5.52479,7.69232,9.61272,10.9331,13.7237,17.0159,22.7208,29.6251,34.9225,42.1066,48.8132,58.2683,76.2257,96.0065,119.229,149.449,168.987,180.927,200.69,208.667,214.867,218.839,228.806,244.678,275.767,344.201,0,0,0,0,0,0,0,0,0,0,0,0,0,0,0
588.5,24.8053,27.0183,28.9439,27.832,24.437,22.386,18.9493,16.5288,14.9482,13.9905,12.8628,11.2505,8.57056,6.66888,5.49876,4.71519,4.21874,3.82112,3.80708,4.2558,5.44221,7.56048,9.22375,10.7158,13.238,16.4306,21.8294,28.166,33.1667,40.1984,46.262,55.9614,72.7384,90.9213,114.516,142.815,161.463,172.984,190.202,199.851,203.108,207.543,218.347,234.496,259.81,321.436,0,0,0,0,0,0,0,0,0,0,0,0,0,0,0
589,23.8585,26.1314,27.7814,26.8646,23.6139,21.4855,18.3804,15.9024,14.3096,13.4625,12.3004,10.9145,8.3344,6.47275,5.41015,4.60786,4.14724,3.74881,3.71287,4.1597,5.31007,7.33674,8.91365,10.491,12.8437,15.9963,21.0694,27.1284,31.8601,38.6134,44.8477,53.6371,69.6871,86.708,109.051,135.67,150.539,167.786,179.815,190.799,194.177,198.949,209.294,222.726,243.04,299.046,0,0,0,0,0,0,0,0,0,0,0,0,0,0,0
589.5,23.2356,25.0392,26.4535,25.5817,22.5453,20.6417,17.776,15.1753,13.6681,13.0365,11.8351,10.4928,7.94057,6.25734,5.26538,4.57715,4.07436,3.69266,3.58498,4.04534,5.20429,7.1943,8.66002,10.2188,12.4404,15.2917,19.9933,26.2412,30.5716,36.6225,42.7466,52.2085,66.7113,82.8837,106.505,130.636,143.671,158.602,171.738,184.591,187.499,189.82,198.182,212.219,229.794,283.23,0,0,0,0,0,0,0,0,0,0,0,0,0,0,0
590,22.4348,24.2531,25.6295,24.6217,22.0339,19.9115,16.9886,14.682,13.1546,12.6611,11.4156,10.0563,7.67883,6.04422,5.15007,4.50829,4.01265,3.64691,3.52299,4.00974,5.09473,6.9662,8.50072,9.99039,11.9239,14.7851,19.1883,25.6077,29.342,35.0395,40.9912,50.3633,64.3524,79.3601,101.689,124.906,136.465,152.473,166.081,176.647,180.328,178.914,188.092,201.596,218.794,263.215,317.217,0,0,0,0,0,0,0,0,0,0,0,0,0,0
590.5,21.5353,23.222,24.4153,23.5713,21.2608,18.9212,15.9027,14.1438,12.6216,12.1377,11.0538,9.59273,7.46432,5.88277,5.02566,4.47855,3.96075,3.5969,3.43628,3.91944,5.02668,6.79104,8.28468,9.72626,11.437,14.3604,18.355,24.5889,28.3768,33.2732,39.223,48.5311,61.2836,75.0356,97.4192,118.627,132.494,144.764,160.737,170.742,171.747,171.22,177.714,190.651,207.6,241.04,298.486,0,0,0,0,0,0,0,0,0,0,0,0,0,0
591,20.8384,22.4268,23.5075,22.5331,20.4937,18.2192,15.1451,13.5366,12.2,11.7014,10.6944,9.189,7.1261,5.75452,4.83174,4.40146,3.87447,3.50639,3.39663,3.82004,4.85235,6.63888,8.09205,9.469,10.9366,13.8929,17.782,23.5232,27.2074,31.9369,37.1394,46.6496,58.5187,72.4405,93.4052,112.722,126.829,138.653,155.574,163.258,161.984,162.513,168.323,181.914,195.376,220.2,275.193,0,0,0,0,0,0,0,0,0,0,0,0,0,0
591.5,19.9649,22.056,22.7305,21.4513,19.6509,17.5043,14.5631,13.0462,11.6755,11.2921,10.2484,8.86452,6.95032,5.63329,4.70314,4.31597,3.82811,3.44406,3.38734,3.75696,4.80619,6.53831,7.89337,9.19787,10.5457,13.4542,17.1779,22.497,25.7942,31.0104,35.7201,44.546,56.0609,69.7805,89.8027,107.774,119.853,133.275,148.469,155.983,155.408,155.31,162.93,174.089,185.351,202.66,254.381,0,0,0,0,0,0,0,0,0,0,0,0,0,0
592,19.3365,21.4038,21.8648,20.5736,19.2053,16.875,14.2571,12.5173,11.2327,10.975,9.76152,8.58082,6.70457,5.50834,4.57028,4.16419,3.74152,3.35935,3.30265,3.70656,4.68963,6.41872,7.73069,8.79956,10.2592,13.124,16.6531,21.4285,24.8234,30.0029,33.7916,42.5305,53.395,66.0476,84.5897,103.255,114.252,125.64,142.972,149.013,149.232,149.57,155.511,165.895,174.436,190.495,233.615,0,0,0,0,0,0,0,0,0,0,0,0,0,0
592.5,18.882,20.5402,21.3382,19.7762,18.5457,16.3841,13.7451,12.1012,10.9728,10.6268,9.33954,8.26851,6.59619,5.35385,4.43627,4.09294,3.68942,3.31128,3.19206,3.63661,4.64178,6.29555,7.49211,8.535,10.0502,12.7253,16.2193,20.518,23.9058,28.9367,32.4472,40.6758,51.4699,62.9303,81.0274,99.9414,109.572,119.362,135.579,142.192,143.098,143.062,150.071,158.967,166.754,178.422,215.691,0,0,0,0,0,0,0,0,0,0,0,0,0,0
593,18.4203,19.7793,20.5859,19.2671,17.9616,15.7006,13.283,11.7699,10.7412,10.3308,9.14481,7.85387,6.38644,5.27811,4.35303,3.99038,3.65025,3.28678,3.13184,3.53943,4.56275,6.20887,7.28496,8.31028,9.76232,12.3018,15.7416,19.8675,22.6421,27.6915,31.3527,39.0386,49.4778,59.767,77.0843,94.7628,106.188,114.207,129.219,136.419,136.138,138.183,143.727,154.532,159.028,169.431,200.538,0,0,0,0,0,0,0,0,0,0,0,0,0,0
593.5,17.8711,19.0664,19.9076,18.5774,17.2813,15.3164,12.8893,11.3705,10.4274,9.83527,8.75645,7.63771,6.12824,5.11835,4.25981,4.01766,3.57993,3.24954,3.10597,3.42551,4.48307,6.06382,7.06886,8.15991,9.2711,11.8596,15.3621,19.0096,21.9448,26.3899,29.9769,37.3725,47.4377,58.6144,74.243,90.8318,102.365,108.817,122.928,131.342,130.771,130.754,138.096,148.346,151.906,159.848,180.941,0,0,0,0,0,0,0,0,0,0,0,0,0,0
594,17.4559,18.394,19.0377,18.2704,16.9176,14.8937,12.5085,11.2199,10.172,9.54733,8.65327,7.37359,5.94931,5.03101,4.19915,3.94186,3.61083,3.20969,3.06724,3.3399,4.46181,5.97025,6.94621,7.97082,8.98794,11.4869,14.935,18.8255,21.0985,25.2642,28.855,35.9558,45.1914,56.6015,71.9873,87.4388,97.6906,104.524,118.24,127.886,124.658,125.386,132.037,142.446,144.792,150.649,164.632,0,0,0,0,0,0,0,0,0,0,0,0,0,0
594.5,17.0195,17.9548,18.4493,17.6889,16.3344,14.6186,12.0733,10.8765,9.95401,9.21607,8.44064,7.1474,5.69683,4.93056,4.12079,3.88809,3.55664,3.14415,3.03763,3.28826,4.39056,5.80622,6.75355,7.823,8.67332,11.162,14.6313,18.1009,20.4334,24.3686,27.8958,34.5011,43.3954,54.8925,68.4178,84.0102,93.8051,100.228,114.501,123.057,120.161,119.553,125.974,137.597,139.687,140.722,149.327,0,0,0,0,0,0,0,0,0,0,0,0,0,0
595,16.6775,17.5227,17.9778,17.3571,16.1706,14.1677,11.7818,10.6158,9.64797,8.88052,8.23135,7.08875,5.55877,4.83895,4.03724,3.81319,3.47169,3.11559,3.01281,3.24883,4.31159,5.6972,6.54918,7.65177,8.60242,10.8369,14.3456,17.6426,20.038,23.7223,27.151,33.2557,41.9533,53.1341,66.8766,81.6284,91.6773,97.8708,110.446,117.516,116.156,115.709,120.812,131.797,133.616,132.793,135.867,235.5,0,0,0,0,0,0,0,0,0,0,0,0,0
595.5,16.304,17.2146,17.7681,16.6839,15.8563,13.7586,11.6705,10.2451,9.42982,8.76958,8.08649,6.98684,5.48803,4.72653,3.97725,3.70038,3.4214,3.07255,2.95043,3.2207,4.24019,5.61278,6.36928,7.47473,8.45373,10.5013,14.0584,17.1341,19.2938,22.8805,26.3157,32.0631,40.4898,50.6548,64.0945,79.3017,90.0785,94.4828,106.758,112.632,113.72,113.096,117.153,127.947,128.822,125.892,125.859,219.695,0,0,0,0,0,0,0,0,0,0,0,0,0
596,15.8386,16.8029,17.2428,16.2693,15.609,13.2187,11.3058,9.87108,9.06751,8.5669,7.8994,6.98162,5.50526,4.62719,3.85499,3.65781,3.37616,3.06562,2.92757,3.16762,4.12586,5.49614,6.23244,7.2349,8.32656,10.2134,13.5775,16.898,18.7441,22.1076,25.5729,30.5099,38.792,49.6386,62.3606,76.6437,86.819,90.575,102.164,108.575,111.647,109.959,113.81,123.309,125.611,119.86,115.107,203.655,0,0,0,0,0,0,0,0,0,0,0,0,0
596.5,15.4839,16.4602,16.8435,15.9596,15.1765,12.8127,10.9074,9.43373,8.8319,8.45475,7.64588,6.98397,5.31635,4.56733,3.82912,3.54315,3.36003,3.06164,2.87718,3.12121,4.03673,5.4166,6.17844,6.99159,8.10563,9.97702,12.9852,16.4833,18.3474,21.6172,24.8155,29.4863,37.5006,47.6601,60.4383,73.9472,83.0794,86.3221,99.1565,105.845,107.478,107.549,110.395,119.052,121.661,114.341,105.459,188.113,0,0,0,0,0,0,0,0,0,0,0,0,0
597,15.0534,15.9949,16.4443,15.5874,14.9034,12.4404,10.4967,9.27245,8.60536,8.31503,7.46992,6.8828,5.23634,4.48279,3.76836,3.45921,3.33679,3.02589,2.84935,3.07165,3.93141,5.32335,6.09667,6.77038,7.97135,9.79503,12.4769,15.8764,18.0091,20.9794,23.5814,28.5483,36.2487,46.8535,60.0505,72.0991,80.284,84.221,94.7211,103.692,103.861,104.677,106.187,114.873,118.053,108.675,98.4011,174.334,0,0,0,0,0,0,0,0,0,0,0,0,0
597.5,14.8007,15.421,16.0173,15.608,14.577,12.0942,10.3148,9.04678,8.435,8.10555,7.27163,6.76581,5.1055,4.33716,3.73041,3.43447,3.3207,2.98608,2.8582,3.03417,3.86589,5.20781,6.01991,6.70943,7.79663,9.58822,11.9305,15.4067,17.8284,20.5314,22.6638,28.3719,35.6307,45.6785,58.423,69.2881,77.0893,82.561,92.6731,100.531,99.7457,101.932,102.97,110.506,114.244,103.12,91.1637,159.433,0,0,0,0,0,0,0,0,0,0,0,0,0
598,14.5542,15.0501,15.7685,15.2205,14.3461,11.8542,10.1694,8.98903,8.33005,7.90226,7.12599,6.63586,5.10604,4.26736,3.74138,3.40894,3.27227,2.95865,2.82545,3.00759,3.80318,5.10915,5.95865,6.5497,7.61505,9.31921,11.6572,14.9051,17.3154,20.0288,21.8745,27.6859,34.6186,44.189,56.0934,67.2346,74.4866,81.2414,90.3053,96.3426,97.3714,99.2925,98.6497,106.318,110.467,97.5586,85.0927,145.344,0,0,0,0,0,0,0,0,0,0,0,0,0
598.5,14.2716,14.7026,15.5581,15.1245,14.0221,11.6013,9.87036,8.84517,8.13376,7.73043,7.0501,6.44863,4.93774,4.15627,3.69588,3.39204,3.21655,2.92523,2.77596,3.02488,3.75614,4.9769,5.8423,6.38463,7.53846,9.07816,11.531,14.3135,16.8445,19.4429,21.62,27.3987,34.5128,42.998,54.2667,65.2587,71.5781,79.4094,88.6676,92.3108,95.0026,96.8437,96.4749,103.182,107.599,93.8429,79.4282,130.941,0,0,0,0,0,0,0,0,0,0,0,0,0
599,14.102,14.6376,15.4265,14.9462,13.7451,11.3307,9.68657,8.74756,8.11786,7.44033,6.94173,6.27181,4.91477,4.14184,3.66772,3.3649,3.16148,2.89339,2.67381,2.96192,3.7502,4.85326,5.7808,6.27551,7.38693,8.88188,11.2923,14.0416,16.2521,19.0774,21.2094,26.6095,33.5481,41.4664,52.8649,63.6108,69.8821,76.6582,85.5925,89.7327,92.8471,94.5938,94.6422,99.9781,104.96,91.7152,74.1321,117.948,0,0,0,0,0,0,0,0,0,0,0,0,0
599.5,13.8985,14.3953,15.0623,14.7159,13.4451,11.132,9.60151,8.63398,7.9677,7.33381,6.87673,6.16583,4.86668,4.11032,3.62658,3.36118,3.13989,2.85156,2.6511,2.89742,3.70268,4.8543,5.67167,6.16302,7.16495,8.7009,10.9855,13.7741,15.6534,18.678,20.7443,25.8682,32.7034,40.685,51.4284,63.0391,68.4621,73.3629,83.3121,89.1458,90.9514,91.2442,92.2513,97.3785,102.274,89.1878,69.9318,106.295,0,0,0,0,0,0,0,0,0,0,0,0,0
600,13.7971,13.9784,14.5681,14.5884,13.1326,10.8471,9.38978,8.50782,7.8482,7.31652,6.66254,6.03585,4.87246,4.0874,3.58904,3.3243,3.09132,2.78016,2.65846,2.89628,3.64834,4.77594,5.56241,6.14063,7.02432,8.57602,10.7346,13.5032,15.1892,18.534,20.1805,25.2727,31.7158,39.3153,50.2331,61.3203,67.2432,72.4593,82.5381,87.7127,88.7118,89.2694,90.0867,94.9227,98.8741,87.2214,65.5966,96.03,198.96,0,0,0,0,0,0,0,0,0,0,0,0
600.5,13.6345,13.8711,14.4263,14.2968,13.1504,10.7973,9.27889,8.31064,7.77191,7.34266,6.54334,5.95302,4.92206,4.00628,3.5564,3.28216,3.09499,2.76607,2.63349,2.87067,3.60994,4.76846,5.49752,6.03403,6.91468,8.40576,10.5456,13.3906,14.8081,18.0497,20.1805,24.5575,31.0939,38.6236,48.844,60.2135,65.6684,70.6612,80.9071,86.8173,86.2294,86.9585,87.4837,92.5348,97.3128,85.3094,62.8301,87.9464,184.857,0,0,0,0,0,0,0,0,0,0,0,0
601,13.6522,14.2655,14.0147,14.153,12.8599,10.5319,9.17171,8.18883,7.61668,7.24923,6.58807,5.91752,4.81639,3.98614,3.50328,3.22467,3.02622,2.74056,2.6302,2.84603,3.57424,4.7237,5.43147,5.93661,6.71801,8.32877,10.6211,12.9194,14.7717,17.6855,19.9567,23.9624,30.3552,37.8352,47.4284,59.021,64.0684,69.8087,79.7988,84.9121,84.2057,85.221,86.0522,89.7389,95.8597,83.639,60.2666,80.2083,173.905,0,0,0,0,0,0,0,0,0,0,0,0
601.5,13.4516,14.357,14.1917,14.0091,12.7622,10.4692,9.04456,8.12745,7.54003,7.1842,6.53458,5.86436,4.73447,3.89403,3.43578,3.16691,2.98941,2.71723,2.59672,2.82456,3.55541,4.64471,5.39166,5.86177,6.6625,8.16961,10.424,12.605,14.5456,17.3226,19.557,23.3868,29.3268,37.0429,46.6643,57.5379,62.7787,67.5061,77.4983,83.2053,81.5449,84.0879,83.8018,88.0914,93.6737,81.8763,58.5342,74.2791,163.879,0,0,0,0,0,0,0,0,0,0,0,0
602,13.166,14.2716,14.1077,13.6431,12.7453,10.4598,9.10183,7.99149,7.41301,7.00837,6.60069,5.87358,4.70006,3.78314,3.38216,3.1705,2.9274,2.66738,2.57203,2.79791,3.52189,4.58196,5.31652,5.67988,6.56686,8.09026,10.2678,12.4792,14.4675,16.9358,19.4174,22.7932,28.7353,36.281,45.9852,56.7345,62.0237,66.2656,76.6258,81.344,80.3013,82.3503,83.0368,87.3627,91.8842,79.7297,56.1851,68.0531,151.634,0,0,0,0,0,0,0,0,0,0,0,0
602.5,12.9358,14.021,14.3526,13.5169,12.7791,10.3724,9.03047,7.90673,7.39035,6.88835,6.65433,5.84082,4.77082,3.79131,3.31035,3.14593,2.91523,2.66968,2.54502,2.78583,3.48949,4.49728,5.26343,5.61735,6.58202,8.05051,10.1062,12.2594,14.2015,16.6494,18.9352,22.3802,28.3451,35.1041,44.6326,55.6308,60.8432,65.5571,75.9103,78.4607,79.7246,81.2674,82.1562,86.8095,89.4212,79.358,54.0459,63.1778,140.286,0,0,0,0,0,0,0,0,0,0,0,0
603,12.9488,13.7931,14.402,13.4412,12.7531,10.2798,9.00767,7.73095,7.34253,6.91624,6.66859,5.73182,4.7498,3.76854,3.28474,3.11135,2.87369,2.65255,2.53982,2.72348,3.45695,4.38669,5.18016,5.51901,6.44113,7.91393,9.97712,12.3241,13.9623,16.4506,18.5308,22.047,27.8535,34.5137,44.2138,54.5027,59.3441,65.9892,75.2144,77.9048,78.8417,80.4407,81.3469,85.6646,88.097,77.7023,52.1266,59.0242,128.03,0,0,0,0,0,0,0,0,0,0,0,0
603.5,13.042,13.7026,14.4476,13.5412,12.5389,10.1186,8.96139,7.65801,7.32642,6.98035,6.6205,5.6931,4.63714,3.8058,3.24686,3.08927,2.84729,2.64188,2.52667,2.64704,3.40041,4.26646,5.15633,5.48859,6.35663,7.89333,9.76191,12.0452,13.884,16.0342,18.04,21.7882,27.4907,34.4812,43.47,53.1318,58.6535,65.2451,74.6472,76.9089,77.3888,79.1176,81.1556,84.1371,87.2002,76.5455,50.6429,55.7015,116.123,0,0,0,0,0,0,0,0,0,0,0,0
604,13.0848,13.5266,14.3738,13.4358,12.2791,10.0655,8.84181,7.65914,7.17012,7.00909,6.66107,5.58803,4.58845,3.7402,3.27064,3.02878,2.86225,2.61696,2.48229,2.60443,3.40524,4.14883,5.07253,5.40725,6.30616,7.80984,9.43145,11.9251,13.6773,15.757,17.9899,21.4227,26.9541,34.0693,43.2434,52.1181,57.4569,64.1515,73.4941,76.201,76.541,77.7109,80.1581,82.9807,85.2351,74.8076,49.6349,52.5415,105.486,0,0,0,0,0,0,0,0,0,0,0,0
604.5,13.0909,13.2961,14.1129,13.3709,12.1881,10.051,8.77372,7.67043,7.12779,6.98833,6.55125,5.55211,4.50773,3.71861,3.26855,3.03473,2.86546,2.56803,2.45395,2.59236,3.33877,4.1424,4.99387,5.31657,6.24477,7.67049,9.26398,11.8078,13.5453,15.3658,17.4174,20.9163,26.2853,33.1949,42.9501,51.3428,57.2966,63.3273,72.2918,74.5176,75.9999,76.2837,79.2909,81.5661,84.2271,73.2959,48.7286,49.7492,96.2232,0,0,0,0,0,0,0,0,0,0,0,0
605,13.0556,13.106,14.0712,13.3226,12.2469,9.9939,8.71022,7.60216,7.04905,6.92969,6.54427,5.50294,4.47972,3.73687,3.30053,3.049,2.83601,2.52033,2.45328,2.59181,3.32598,4.10914,4.90479,5.1845,6.18458,7.42097,9.1954,11.6697,13.4573,15.2328,17.5253,20.9148,25.9804,33.1028,41.8418,50.9489,56.9481,61.3119,71.1632,72.8923,75.429,74.7125,78.412,80.1914,82.9945,71.6421,48.1325,46.7966,87.4122,191.08,0,0,0,0,0,0,0,0,0,0,0
605.5,13.1089,13.1881,13.891,13.4134,12.375,10.0801,8.66619,7.56863,7.078,6.84297,6.40293,5.42682,4.42674,3.77455,3.28038,3.05814,2.8368,2.49152,2.41725,2.56016,3.214,4.06663,4.8581,5.13165,6.09217,7.30177,9.28837,11.5185,13.1845,15.0638,17.1331,20.5489,25.5892,32.8257,40.8172,50.5149,56.691,61.0821,69.7879,72.5152,74.5377,74.4199,77.593,79.2312,82.2125,70.4673,47.1223,44.4937,79.4337,180.374,0,0,0,0,0,0,0,0,0,0,0
606,13.1196,13.0517,13.8331,13.4605,12.3569,10.0566,8.50888,7.47313,7.01427,6.78733,6.39883,5.39382,4.39685,3.75042,3.23705,3.01348,2.7855,2.42607,2.40134,2.53182,3.15327,4.03009,4.79248,5.06926,5.98575,7.06885,9.16967,11.1867,13.0305,14.9533,16.9481,20.1934,25.4995,32.9798,40.1349,50.3402,56.0265,59.6866,68.6899,71.7607,73.4922,73.975,77.1717,77.8423,81.6157,69.525,46.9652,42.3952,72.9202,169.991,0,0,0,0,0,0,0,0,0,0,0
606.5,13.052,13.2479,13.773,13.3203,12.3334,10.0076,8.48949,7.49181,6.97148,6.69736,6.23541,5.35835,4.40853,3.67948,3.15118,2.95953,2.75936,2.42931,2.36911,2.48961,3.09841,3.98761,4.69946,5.10835,5.86845,7.08473,9.10977,10.9815,12.7943,14.6316,16.6751,19.9214,25.4431,32.6553,39.7263,49.7581,55.1312,59.2624,67.3014,70.9063,72.0917,73.8704,76.4926,76.9773,80.0194,69.3375,46.5451,40.952,67.4943,159.201,0,0,0,0,0,0,0,0,0,0,0
607,12.7949,13.1887,13.775,13.169,12.2698,9.95299,8.44873,7.48653,6.93066,6.6989,6.20948,5.33986,4.39167,3.63262,3.12774,2.89219,2.75204,2.40069,2.35762,2.48384,3.11426,3.96306,4.64279,5.02929,5.72826,7.06332,8.92509,10.8226,12.7015,14.3538,16.0214,19.6659,25.1244,32.2887,40.0099,48.6379,55.1407,58.9568,65.5223,69.9967,71.2151,73.6849,76.0157,76.1393,79.2613,68.501,46.2271,39.3341,62.074,147.653,0,0,0,0,0,0,0,0,0,0,0
607.5,12.6615,13.123,13.7078,13.0599,12.1412,9.89595,8.51256,7.4252,6.8951,6.56201,6.07544,5.34313,4.399,3.64794,3.1095,2.89445,2.67609,2.40824,2.34921,2.45347,3.11248,3.93005,4.56084,4.98565,5.63203,6.97501,8.92298,10.7346,12.4249,14.3107,15.7193,19.448,24.5268,31.8011,39.963,47.9606,54.0774,58.2811,64.5401,69.5908,70.5829,73.2836,74.571,76.1069,79.0866,67.0229,46.2794,38.0722,57.2517,135.335,0,0,0,0,0,0,0,0,0,0,0
608,12.5751,13.0363,13.8306,13.0012,12.0654,9.94086,8.50111,7.39797,6.77652,6.51045,5.96726,5.3013,4.35014,3.6214,3.10023,2.88014,2.66638,2.37408,2.33381,2.48001,3.0943,3.84314,4.53964,4.92997,5.57009,6.87853,8.77245,10.5847,12.1927,14.188,15.6912,19.4984,24.3887,31.0294,39.2154,47.2232,53.0691,57.7741,63.7515,69.1408,70.6086,72.6919,73.4207,74.6178,77.6479,65.6948,45.7335,37.2603,54.8307,124.015,0,0,0,0,0,0,0,0,0,0,0
608.5,12.7071,12.9508,13.7586,12.8667,11.8757,9.91346,8.41135,7.33447,6.77119,6.43704,6.01098,5.34128,4.36117,3.65096,3.13591,2.91667,2.63389,2.37631,2.31267,2.41726,3.0472,3.85835,4.47453,4.92098,5.54956,6.75224,8.69617,10.4459,12.0942,13.8706,15.5468,19.2698,24.1025,30.8539,38.4409,45.8269,51.0898,57.3125,63.7097,68.9309,70.071,72.0268,71.5405,74.1201,76.613,64.6063,45.1257,36.588,51.7975,112.312,0,0,0,0,0,0,0,0,0,0,0
609,12.7985,12.8019,13.8621,12.9831,11.8296,9.83449,8.431,7.44936,6.72025,6.45955,5.93273,5.31848,4.37422,3.61914,3.12293,2.90374,2.66019,2.36445,2.2807,2.37364,2.96941,3.81575,4.46269,4.85558,5.49154,6.64502,8.60314,10.2159,11.8625,13.5946,15.3914,19.1432,24.1478,30.364,37.6552,45.2084,49.8162,56.5971,63.1036,67.953,69.1806,71.0502,70.9614,72.9013,75.8528,65.0626,44.9566,35.8801,49.6271,102.41,0,0,0,0,0,0,0,0,0,0,0
609.5,12.8062,12.8534,13.6079,12.9271,11.8424,9.74225,8.47618,7.4656,6.73753,6.43131,6.01648,5.31007,4.41673,3.64578,3.16638,2.9095,2.66849,2.32754,2.24172,2.36023,2.9284,3.79568,4.39238,4.80015,5.37505,6.52218,8.54492,10.1805,11.7668,13.1475,15.1932,19.0161,23.8658,30.2209,37.1481,44.4965,48.8706,55.662,62.86,67.4361,68.6031,70.3122,70.201,72.7571,76.0919,64.7994,44.484,35.4137,46.7314,93.4681,0,0,0,0,0,0,0,0,0,0,0
610,12.7793,12.7217,13.5051,12.9515,11.9271,9.7704,8.47363,7.30246,6.67485,6.49094,5.98889,5.3012,4.46245,3.62532,3.14969,2.87381,2.6711,2.31421,2.22283,2.32283,2.88193,3.76732,4.33566,4.77276,5.28636,6.46254,8.40129,10.13,11.5729,12.8123,14.843,18.7482,23.5382,29.9412,36.6115,44.0664,48.4003,55.6307,61.9168,66.6923,67.8365,69.3242,69.4123,72.3432,75.1111,64.4775,44.2107,35.2196,44.4385,86.3228,174.673,0,0,0,0,0,0,0,0,0,0
610.5,12.6863,12.769,13.3337,12.8143,11.8871,9.97397,8.35355,7.19422,6.62151,6.45457,6.03078,5.24997,4.40741,3.60738,3.11738,2.87816,2.62385,2.30157,2.201,2.31415,2.87549,3.70297,4.26982,4.71038,5.21273,6.38976,8.2788,10.0011,11.3208,12.7308,14.8719,18.5812,22.9835,29.5907,36.1692,43.6856,47.876,54.7756,61.101,65.5896,66.3045,68.1162,69.5457,71.334,74.5053,64.0672,43.767,34.9304,42.2155,80.6495,165.239,0,0,0,0,0,0,0,0,0,0
611,12.589,12.7526,13.4022,12.7966,11.8883,10.022,8.39565,7.0864,6.68224,6.519,5.9655,5.29678,4.37438,3.57771,3.09388,2.87946,2.59367,2.29525,2.19183,2.3052,2.8511,3.64885,4.25054,4.64322,5.23683,6.3741,8.18391,9.85498,11.2583,12.603,14.7946,18.3844,22.5948,29.3066,35.9366,43.4674,47.0496,54.1214,60.9328,64.4865,65.6052,66.8703,68.4597,70.7401,73.3805,62.4333,43.2105,34.6766,40.7389,74.616,153.56,0,0,0,0,0,0,0,0,0,0
611.5,12.5817,12.7382,13.3911,12.9413,11.8084,10.0083,8.45115,7.05109,6.61254,6.4607,5.91765,5.28508,4.3348,3.54334,3.07128,2.8754,2.56426,2.2679,2.18529,2.28811,2.86038,3.60652,4.18192,4.57578,5.2216,6.27033,8.09801,9.67288,11.1786,12.7638,14.9015,18.1797,22.3293,29.1075,35.6482,42.5548,46.836,53.1767,60.2505,63.31,65.0443,66.4595,67.3616,70.6838,71.2258,61.2918,42.7752,34.3997,39.2955,69.266,144.168,0,0,0,0,0,0,0,0,0,0
612,12.463,12.7094,13.0084,13.071,11.7384,9.93765,8.57312,7.00621,6.47903,6.46344,5.88093,5.2433,4.26933,3.57405,3.08794,2.84361,2.5618,2.27501,2.17075,2.27064,2.84766,3.57548,4.21703,4.56739,5.20654,6.2376,7.96942,9.72661,11.0821,12.7919,14.6683,17.9303,21.9687,28.6338,35.1373,42.4486,46.4817,52.1506,59.0415,62.3235,65.3787,66.3692,66.7474,70.4883,70.3939,59.8393,42.4987,34.081,38.2229,65.184,135.644,0,0,0,0,0,0,0,0,0,0
612.5,12.4388,12.8157,12.9535,13.0495,11.6463,9.96537,8.49556,7.03511,6.43904,6.39802,5.81069,5.19006,4.26378,3.55949,3.13515,2.83627,2.54339,2.24411,2.13466,2.25123,2.82996,3.55369,4.22058,4.57516,5.23081,6.15065,7.92773,9.43163,10.9692,12.5361,14.2205,17.8214,21.6511,28.2998,34.8797,41.9638,45.6566,52.0553,58.0751,62.3628,64.9289,66.4269,66.7649,70.3471,69.4763,59.1893,41.7567,34.0769,36.8534,60.8443,126.598,0,0,0,0,0,0,0,0,0,0
613,12.4617,12.8871,12.9409,13.093,11.7701,10.0056,8.44592,6.99817,6.39866,6.291,5.81045,5.18972,4.21563,3.55755,3.10759,2.82893,2.55315,2.21073,2.07575,2.2748,2.77927,3.49693,4.19716,4.5181,5.18059,6.12505,7.85793,9.35023,10.6676,12.2643,14.0314,17.5616,21.1844,27.8545,34.1136,41.2917,44.8204,51.5737,57.4758,61.9033,63.7698,67.1371,66.7282,70.9747,69.4251,59.8121,41.1273,33.2562,36.0514,56.8363,119.032,0,0,0,0,0,0,0,0,0,0
613.5,12.3664,12.9737,13.005,12.9101,11.6739,9.98751,8.34026,7.015,6.41628,6.26511,5.90723,5.22532,4.3261,3.55345,3.14027,2.84768,2.55389,2.15305,2.06059,2.25194,2.75528,3.43524,4.14821,4.45519,5.14031,6.14663,7.76137,9.41683,10.4706,11.987,13.7922,17.4417,21.118,27.3183,33.9825,41.1669,44.9163,51.2498,56.777,61.7812,63.3382,66.7866,67.3442,71.12,69.3872,60.3157,40.7854,33.444,35.4178,53.6933,110.046,0,0,0,0,0,0,0,0,0,0
614,12.4599,13.0302,12.9953,12.77,11.6244,9.99143,8.18953,7.04968,6.37486,6.29646,5.91624,5.22022,4.27501,3.57011,3.13797,2.85853,2.54569,2.19494,2.05266,2.25099,2.72245,3.43081,4.10039,4.40115,5.0675,6.10938,7.70806,9.32228,10.3963,11.9222,13.8926,17.2203,20.8773,27.0523,33.3663,40.5488,44.195,51.5343,56.232,61.3921,62.8523,66.1127,66.7159,70.8196,68.8661,59.6517,40.8656,33.5154,34.9434,50.6154,101.155,0,0,0,0,0,0,0,0,0,0
614.5,12.5016,12.8762,12.9754,12.6186,11.7379,9.88132,8.12218,7.06288,6.36003,6.34886,5.98454,5.07964,4.28312,3.58348,3.10383,2.79765,2.52799,2.20064,2.05913,2.23561,2.68698,3.45774,4.03623,4.38634,5.01553,6.09428,7.6218,9.38646,10.3303,11.9313,13.9629,16.95,20.8241,26.6202,33.1933,40.9002,44.1178,51.2221,55.9016,60.9625,62.7578,65.7824,66.7531,69.653,68.8985,59.0428,40.6381,33.6289,35.0596,48.5186,92.8956,0,0,0,0,0,0,0,0,0,0
615,12.4802,12.8678,12.931,12.634,11.8762,9.94219,8.21826,7.06754,6.35739,6.38259,5.96423,5.02638,4.26076,3.59724,3.12301,2.83131,2.53734,2.212,2.03491,2.21812,2.64007,3.48301,3.9342,4.40382,4.95844,6.04468,7.58654,9.27546,10.4533,11.9769,14.0245,17.0054,20.5496,26.6746,32.8599,40.3647,43.7475,51.2689,54.956,59.9262,62.4782,65.6929,65.6395,68.8612,68.1763,59.0081,40.7309,33.6864,34.7554,46.5923,84.7602,160.685,0,0,0,0,0,0,0,0,0
615.5,12.4373,12.925,12.9792,12.7911,11.7653,10.0462,8.25866,7.07428,6.29623,6.28273,5.98937,4.9471,4.32517,3.63533,3.13085,2.84596,2.51172,2.21735,2.05082,2.22616,2.62052,3.46347,3.91895,4.41023,4.91035,5.99615,7.49675,9.15783,10.5097,11.9284,13.8533,16.7196,20.5155,26.1946,32.9813,40.2654,43.7694,50.163,54.7777,59.4662,62.8391,65.3502,66.0125,68.4265,67.4558,59.2311,40.1797,33.4765,34.3144,44.6328,78.6005,152.323,0,0,0,0,0,0,0,0,0
616,12.4044,12.8888,13.0305,12.9326,11.9298,10.2188,8.38976,7.01733,6.3369,6.24248,5.91428,5.05126,4.35336,3.61543,3.21166,2.87313,2.53878,2.19357,2.0427,2.22267,2.60032,3.39711,3.87144,4.40972,4.86093,5.92971,7.42063,9.11241,10.622,11.9542,13.8328,16.6961,20.5054,26.1916,32.1498,39.9169,43.8198,49.8795,55.0378,59.3844,62.5956,65.4051,65.0057,68.2603,67.0303,59.3995,40.5261,33.6378,33.9978,43.5131,73.9196,145.057,0,0,0,0,0,0,0,0,0
616.5,12.3323,13.0111,13.0561,12.8865,12.0182,10.2093,8.53609,6.97575,6.39422,6.2753,5.89961,5.13683,4.29362,3.6119,3.16703,2.86453,2.54798,2.21993,2.02736,2.19719,2.59068,3.36209,3.86292,4.36981,4.91317,5.9199,7.40838,9.02834,10.5319,11.9475,13.728,16.493,20.4765,26.162,32.5692,39.7124,43.7172,49.6393,55.1551,59.3395,61.3233,64.6828,65.4669,68.8984,67.275,59.8537,40.3366,34.2085,33.644,42.1873,68.9863,138.589,0,0,0,0,0,0,0,0,0
617,12.2983,12.9853,13.2491,12.8633,12.163,10.298,8.61571,7.05542,6.50186,6.25622,5.90814,5.21767,4.2665,3.62959,3.15986,2.86379,2.56934,2.19737,2.03159,2.16859,2.57047,3.32957,3.83735,4.30686,4.92398,5.9023,7.32952,9.00248,10.4442,11.8922,13.5254,16.4064,20.3362,26.2464,32.4166,39.748,43.3771,49.2165,55.2919,59.2738,61.5436,64.6586,65.6992,69.1332,67.5236,59.5536,40.8775,34.4339,33.9503,41.3255,65.0938,131.142,0,0,0,0,0,0,0,0,0
617.5,12.3978,13.2218,13.2906,13.0434,12.387,10.2399,8.62032,7.09397,6.53012,6.36948,5.96772,5.30923,4.24097,3.6368,3.16802,2.84619,2.57527,2.24105,2.02287,2.17002,2.51112,3.32443,3.83105,4.31079,4.90176,5.90162,7.35395,8.96481,10.3447,11.7033,13.5384,16.2799,20.4573,26.3346,32.4464,40.0374,43.4461,49.0426,54.9368,59.4323,61.6867,64.2668,65.1436,68.5027,68.0645,59.6157,41.014,34.6421,33.6504,40.1065,61.9479,122.742,0,0,0,0,0,0,0,0,0
618,12.7246,13.2104,13.444,13.2582,12.3474,10.3172,8.67507,7.21414,6.41707,6.39833,5.98691,5.28471,4.37115,3.62964,3.18237,2.8519,2.58369,2.26871,2.03833,2.15305,2.4808,3.29176,3.80585,4.21939,4.88673,5.89442,7.29302,8.85118,10.2488,11.7475,13.4399,16.3394,20.3638,26.4322,32.5455,39.8143,43.529,48.1404,55.0703,59.2135,62.7842,64.8892,65.9508,69.2317,68.6459,59.3556,41.5094,34.7549,33.5167,39.9823,58.6263,112.884,0,0,0,0,0,0,0,0,0
618.5,13.054,13.3648,13.5953,13.6409,12.4493,10.3317,8.6631,7.39394,6.46329,6.51114,5.94575,5.3283,4.39125,3.68468,3.17278,2.84114,2.60443,2.26772,2.04955,2.14588,2.51329,3.24087,3.79694,4.23828,4.83804,5.84975,7.19215,8.73166,10.1649,11.6592,13.3128,16.3558,20.1093,26.4902,32.4268,39.7881,43.8811,48.8906,55.1796,59.4994,63.1804,65.4084,66.3136,69.5207,68.5518,59.3435,41.9099,35.1862,33.8445,39.0662,56.0174,104.391,0,0,0,0,0,0,0,0,0
619,13.248,13.4401,14.0726,13.8346,12.5037,10.591,8.67319,7.41779,6.54797,6.55736,6.02705,5.32133,4.4831,3.76877,3.16504,2.82746,2.64383,2.30321,2.03065,2.146,2.51486,3.20572,3.74818,4.16215,4.77893,5.845,7.16722,8.69344,10.1531,11.8811,13.2972,16.3405,20.139,26.2741,32.8428,39.6518,43.6613,49.2002,55.0264,58.4461,63.1137,65.5998,67.1608,69.7052,69.3637,60.0537,42.0687,35.8101,34.4504,39.2708,54.1789,96.8527,0,0,0,0,0,0,0,0,0
619.5,13.3697,13.6529,14.2835,14.0581,12.5559,10.7535,8.67835,7.53691,6.7034,6.62811,6.1222,5.34638,4.52777,3.8701,3.14766,2.87098,2.67632,2.28856,2.0122,2.15489,2.55164,3.21473,3.69942,4.13798,4.76443,5.87513,7.10975,8.73563,10.0448,11.8103,13.2649,16.3692,20.2307,26.0588,32.8508,39.7039,43.6944,49.3868,55.5186,58.7756,62.7898,65.7324,68.3866,71.0848,69.711,61.6991,42.5879,36.4078,34.6079,39.3471,51.7608,91.2097,0,0,0,0,0,0,0,0,0
620,13.6186,13.9224,14.6826,14.3868,12.6957,11.0289,8.85601,7.65358,6.71952,6.62166,6.25752,5.35639,4.56779,3.92024,3.20306,2.93304,2.70694,2.3197,2.02553,2.16551,2.57054,3.2645,3.67114,4.05593,4.71716,5.8479,7.22583,8.8112,10.0885,11.9003,13.4066,16.4194,20.2551,25.8878,33.2442,40.2107,43.9806,49.3119,56.4038,59.1151,63.1807,65.5994,68.1444,71.3484,69.7272,63.492,43.2563,36.4697,35.1189,39.4197,50.6137,86.0106,159.802,0,0,0,0,0,0,0,0
620.5,14.5212,15.7383,16.1401,15.4154,13.6239,11.4771,9.11379,7.06064,6.18024,5.61344,5.20224,4.48389,3.5528,2.90728,2.49617,2.0308,1.83481,1.53524,1.35449,1.44464,1.75196,2.2264,2.62979,3.16082,3.74156,4.78146,6.03709,7.75963,9.3305,11.2921,13.0821,16.3302,19.8684,25.7497,32.7507,39.2189,44.2237,49.791,54.6206,59.8489,62.5183,66.1047,71.1385,73.9448,72.8921,65.0659,45.2235,37.1733,37.8437,41.3312,51.2968,83.4,152.744,0,0,0,0,0,0,0,0
621,14.59,15.959,16.4748,15.6044,13.9189,11.6438,9.31021,7.20342,6.32203,5.5677,5.2658,4.53662,3.71097,2.94906,2.56909,2.05898,1.861,1.57482,1.37118,1.45705,1.73643,2.23335,2.62397,3.14116,3.76303,4.82729,6.1523,7.77258,9.39494,11.4914,13.2667,16.6483,20.039,26.1083,33.0532,40.0201,44.5028,50.3388,54.3881,60.72,62.8376,67.0061,72.3583,74.959,74.0946,66.1674,46.1485,38.0844,38.7401,41.8779,50.5332,79.914,144.52,0,0,0,0,0,0,0,0
621.5,15.0471,16.0495,16.8079,15.9084,14.2907,11.9676,9.59434,7.35567,6.43408,5.74626,5.33562,4.61874,3.72625,3.06419,2.64505,2.15665,1.9101,1.58581,1.38513,1.45506,1.74112,2.23039,2.63128,3.13775,3.83167,4.81882,6.17342,7.85023,9.43969,11.6691,13.4301,16.8351,20.3249,26.6763,33.3766,40.482,44.9264,50.5174,55.1134,61.5934,63.9917,68.1703,73.2483,76.1171,75.7569,67.3234,47.089,38.9878,39.2374,42.373,50.3186,75.8902,138.102,0,0,0,0,0,0,0,0
622,15.3221,16.5296,17.1996,16.0524,14.7808,12.2965,9.77019,7.54927,6.57917,5.88284,5.43485,4.78071,3.85063,3.16789,2.70998,2.26539,1.95731,1.62582,1.38487,1.48079,1.74227,2.25548,2.65745,3.17066,3.84869,4.78755,6.27152,7.97089,9.63705,11.8164,13.685,16.9331,20.7668,27.0056,34.0983,41.0147,45.4035,51.4089,55.9378,62.8408,64.1779,68.2887,74.2124,77.8628,77.523,68.521,47.9133,39.6514,41.1124,42.9451,50.2135,74.0371,132.836,0,0,0,0,0,0,0,0
622.5,16.0672,17.335,17.8039,16.6593,15.1723,12.7781,10.0779,7.7857,6.781,6.06249,5.57829,4.88265,3.96855,3.24425,2.77928,2.37049,2.00887,1.65077,1.40515,1.49199,1.77286,2.28892,2.66726,3.19475,3.91721,4.78579,6.34038,8.01403,9.78672,11.9073,13.856,17.0721,21.17,27.5158,34.4437,41.3986,46.5811,52.3639,57.6653,63.7907,65.6676,68.968,75.3908,78.8561,78.8023,70.2843,49.2277,41.0599,42.3678,44.3964,50.306,72.2899,127.98,0,0,0,0,0,0,0,0
623,16.7324,18.193,18.3155,17.164,15.534,13.2921,10.3034,8.16772,6.97036,6.37508,5.71703,5.02383,4.10546,3.38968,2.86565,2.44205,2.06539,1.69128,1.40855,1.52873,1.7904,2.3272,2.68937,3.22753,3.90402,4.80053,6.52185,8.1804,10.0149,12.0693,14.2266,16.8552,21.7803,27.9443,35.2916,42.0962,47.2238,53.4966,59.0449,65.1561,67.1652,70.2445,76.4728,81.3467,81.1616,71.7568,50.4073,42.1901,43.6871,45.7363,50.3752,71.0151,124.1,0,0,0,0,0,0,0,0
623.5,17.6259,19.1312,18.9177,17.834,16.1242,13.6852,10.7646,8.35948,7.19766,6.55664,5.93197,5.13038,4.22782,3.50636,2.93337,2.51997,2.12454,1.7395,1.45688,1.55617,1.81811,2.36897,2.74054,3.25787,3.9224,4.87771,6.51172,8.33605,10.1505,12.2443,14.2522,17.1511,22.0026,28.8597,36.1426,42.602,48.3148,54.8999,60.0109,66.8089,68.8895,71.9282,78.4495,83.5325,84.72,73.9304,52.0151,44.2896,45.6899,47.7087,51.5981,70.2925,119.736,0,0,0,0,0,0,0,0
624,18.1511,19.7575,19.493,18.3878,16.9109,14.2598,11.2636,8.6255,7.43363,6.81805,6.07758,5.31445,4.39351,3.5857,3.04683,2.55888,2.13728,1.77834,1.49275,1.58796,1.83764,2.43621,2.81538,3.28889,3.98791,5.02333,6.58333,8.49995,10.1054,12.4182,14.4426,17.5721,22.5414,29.8151,36.6285,43.8646,49.5277,56.2421,62.0509,68.72,71.7637,74.7823,80.6596,86.1467,87.8314,76.1707,54.8738,46.1615,47.5105,49.6631,53.3174,69.0787,114.4,0,0,0,0,0,0,0,0
624.5,18.9461,20.4801,20.4429,19.1748,17.9504,14.8705,11.7724,8.98935,7.61089,6.99602,6.36787,5.60166,4.51716,3.7018,3.15545,2.58519,2.19063,1.82619,1.55243,1.63056,1.88562,2.48454,2.87128,3.35525,4.07728,5.13219,6.71217,8.74868,10.3479,12.7005,14.5768,18.3907,22.9109,30.7641,37.6126,45.3502,50.8004,57.5845,63.1072,69.7397,73.9476,76.6918,82.9146,88.4093,91.5516,78.4069,57.0825,47.9724,49.7766,51.0106,55.7975,69.1507,108.634,0,0,0,0,0,0,0,0
625,19.6871,21.3933,21.8797,19.9003,18.6928,15.3463,12.2991,9.37806,7.88918,7.33119,6.60363,5.85015,4.69689,3.81964,3.26084,2.6292,2.29062,1.88075,1.59667,1.65891,1.95088,2.53427,2.9152,3.40648,4.17306,5.26284,6.85377,8.98762,10.652,12.9875,15.0492,18.9989,23.5684,31.1499,38.461,47.2907,52.9342,59.5105,65.7544,71.7503,75.7464,79.4956,86.3201,91.9299,95.0491,82.0061,60.0996,50.8417,52.3511,53.6074,57.8641,69.8763,104.605,170.625,0,0,0,0,0,0,0
625.5,20.4249,22.2406,23.1584,21.067,19.7231,16.1599,12.7771,9.95997,8.30577,7.5438,6.96648,6.13652,4.96516,4.00085,3.33985,2.76648,2.41484,1.95312,1.65012,1.70628,2.01331,2.63632,2.95648,3.46757,4.29162,5.4534,7.14918,9.24066,11.0501,13.2177,15.67,19.5834,24.2288,31.8069,40.1427,49.1024,55.2047,61.1953,68.2926,74.6681,78.1093,83.247,89.8107,95.7162,98.8972,85.4945,62.6456,53.1636,55.1888,56.8813,59.2003,71.0832,101.585,167.942,0,0,0,0,0,0,0
626,21.5414,23.3941,24.5666,22.2583,20.7055,16.8206,13.4176,10.4173,8.79926,8.01849,7.41077,6.43141,5.29147,4.25722,3.48509,2.94276,2.55974,2.05752,1.70526,1.75872,2.06991,2.68072,3.05836,3.55933,4.44019,5.58814,7.39428,9.60113,11.4292,13.6488,16.4419,20.0338,24.8919,32.6253,42.2737,51.3776,57.4497,63.0086,70.9838,77.9116,81.3165,86.561,94.8195,100.147,104.099,88.9776,66.0281,56.1484,58.2223,60.4599,62.3795,73.4494,99.3601,162.863,0,0,0,0,0,0,0
626.5,22.4353,24.7457,25.884,23.2382,21.8551,18.0687,14.2255,10.9168,9.46902,8.38687,7.75935,6.56039,5.63563,4.5251,3.64556,3.16533,2.68841,2.12799,1.75509,1.83355,2.14023,2.74237,3.14539,3.65157,4.56449,5.62736,7.51711,9.93082,11.6974,14.0472,16.9121,20.9376,25.6379,33.9277,44.2562,53.0528,60.3634,64.475,73.7299,81.5905,85.2703,89.5929,98.2261,104.236,108.942,92.4966,69.7962,59.3947,61.1303,63.2496,65.5602,74.8223,99.3727,158.98,0,0,0,0,0,0,0
627,23.7531,26.2559,27.2511,25.0908,23.08,19.041,14.8551,11.4664,9.9522,8.97379,8.086,6.96004,6.01999,4.80303,3.90956,3.43886,2.81107,2.21568,1.79541,1.88282,2.19539,2.82435,3.26768,3.74946,4.70758,5.75081,7.85872,10.3695,12.0575,14.6222,17.5562,21.7109,26.6917,35.7135,46.4148,54.9721,62.7759,66.5205,77.0809,85.3616,89.3299,93.6049,102.764,109.464,114.318,95.5525,74.6254,62.8159,64.2025,66.8897,71.1369,77.3519,100.167,156.54,0,0,0,0,0,0,0
627.5,24.9613,27.7592,28.7625,26.8378,24.1473,20.2908,15.8286,12.1619,10.5024,9.43171,8.40691,7.33645,6.32474,5.11963,4.18465,3.67835,2.99383,2.32117,1.89252,1.96173,2.27076,2.90055,3.34055,3.88924,4.87289,5.94577,8.16775,10.9028,12.4231,15.1895,18.2953,22.6282,28.0906,37.1515,48.5374,57.2662,64.8122,68.9849,80.3785,88.9126,94.1108,96.7908,107.147,115.646,119.075,100.904,78.1526,67.1936,68.0127,70.2198,75.9341,80.316,101.32,155.318,0,0,0,0,0,0,0
628,26.7597,29.2541,30.2904,28.4385,25.957,21.4507,16.7893,12.9314,10.9847,9.96742,8.89358,7.9658,6.72745,5.44104,4.47552,3.90612,3.1872,2.42016,1.9779,2.02897,2.32466,3.01655,3.41162,4.02309,5.05038,6.17974,8.46127,11.3527,13.0078,15.8571,19.0855,23.5646,29.459,38.8551,50.4861,59.8127,66.8209,73.6608,84.5619,94.456,98.8942,102.491,112.399,121.983,125.762,107.522,82.4702,71.7823,72.9696,75.6836,80.7743,84.6615,103.655,154.237,0,0,0,0,0,0,0
628.5,28.7078,30.8603,32.6851,30.5341,27.7777,22.6906,17.9472,13.8277,11.6526,10.4564,9.39861,8.51826,7.14501,5.85891,4.67359,4.11924,3.41187,2.57924,2.10235,2.1265,2.40137,3.13336,3.5794,4.1727,5.19347,6.48643,8.78574,11.8538,13.6279,16.1732,19.8398,24.6507,31.2167,40.4813,52.34,63.2532,70.3647,77.8392,89.1088,99.0745,102.924,107.464,118.242,129.242,133.758,112.913,87.141,77.3698,78.1137,80.8893,86.3261,89.624,106.668,152.8,0,0,0,0,0,0,0
629,30.747,32.4729,34.7073,32.1145,30.0033,24.1808,19.1279,14.6605,12.2704,10.905,10.0962,9.10171,7.6554,6.23257,4.87123,4.43706,3.58669,2.70861,2.21731,2.24573,2.50944,3.26781,3.77375,4.28622,5.39059,6.87023,9.09333,12.2636,14.2228,17.0551,21.067,26.0184,32.7824,41.6282,54.6403,65.9316,74.8575,81.8334,94.308,103.899,109.161,113.415,124.48,135.893,140.58,120.93,92.4041,82.295,84.1106,86.5509,90.817,94.8175,110.514,152.459,0,0,0,0,0,0,0
629.5,32.9468,35.093,36.9903,34.5024,32.0423,25.8303,20.2286,15.8435,13.2657,11.6046,10.7574,9.69404,8.13631,6.61707,5.1083,4.7674,3.74287,2.86922,2.32231,2.32968,2.61637,3.39618,3.97348,4.43608,5.62783,7.18994,9.33513,12.6805,15.0674,17.9088,22.0103,27.4051,34.6922,43.5869,57.0105,69.6051,79.7517,85.286,100.356,108.832,114.298,120.567,132.292,143.203,147.527,128.49,99.3449,88.0841,90.653,92.7747,96.3893,99.5777,114.554,152.885,0,0,0,0,0,0,0
630,35.4375,37.6431,38.9226,37.3536,34.1237,27.6385,21.6545,16.7293,14.1437,12.3301,11.5489,10.3694,8.65439,6.98044,5.43244,5.1052,3.95108,3.03683,2.45696,2.42771,2.76622,3.55112,4.14281,4.65465,5.78822,7.65279,9.9301,13.2244,15.8514,19.1596,23.1245,28.7502,36.4772,45.6961,60.4154,72.4544,84.7311,90.1543,106.642,114.487,120.74,127.454,139.073,150.605,155.387,138.112,105.028,93.737,96.455,98.6559,101.923,105.026,119.828,155.095,212.669,0,0,0,0,0,0
630.5,38.663,40.207,40.9299,39.5074,36.3846,29.116,23.2126,17.8836,14.9103,13.1732,12.2616,11.0421,9.2087,7.45246,5.76654,5.3764,4.22636,3.21871,2.56544,2.52331,2.87805,3.72171,4.35566,4.83157,6.09382,7.97262,10.4315,13.8673,16.9003,20.2023,24.3765,30.2851,38.0202,48.5408,63.7632,76.1801,89.296,93.9395,111.143,121.823,128.131,135.113,146.144,159.228,163.452,145.935,112.855,100.165,103.454,104.939,109.841,112.458,124.792,156.137,214.959,0,0,0,0,0,0
631,41.3887,43.0765,43.6836,41.6691,38.6942,31.3247,24.924,18.7883,15.9027,14.2144,13.0898,11.7683,9.79349,7.89745,6.22905,5.63271,4.51149,3.40619,2.73415,2.66506,3.00727,3.85751,4.59002,5.08826,6.3289,8.34348,10.9786,14.6873,17.8563,21.1365,25.8799,32.1266,39.9497,50.5755,67.2539,81.2212,94.3658,101.016,118.583,128.349,134.539,142.872,155.648,169.019,173.849,156.154,120.372,108.216,109.611,112.086,118.387,120.396,129.89,159.396,216.496,0,0,0,0,0,0
631.5,44.2022,46.2458,46.6496,44.4292,41.3238,33.6455,26.8196,20.0674,17.0299,15.164,13.9525,12.5128,10.3279,8.46834,6.60781,5.83402,4.80825,3.62395,2.85072,2.7516,3.1621,4.00596,4.84937,5.28191,6.73386,8.66726,11.6044,15.5582,19.0245,21.9329,27.5972,33.788,41.4702,53.9718,70.4577,85.6132,99.342,106.757,125.42,137.25,143.699,151.717,163.713,178.563,184.188,167.891,129.778,116.002,116.652,119.57,126.65,129.883,137.409,163.499,218.696,0,0,0,0,0,0
632,47.3702,49.7492,49.6826,47.1667,44.5188,36.3402,28.2938,21.3508,18.2741,16.2032,14.7439,13.2326,10.7833,8.98977,7.06181,6.14877,5.06512,3.8506,3.01896,2.9133,3.28268,4.15467,5.09279,5.5893,7.08653,8.98609,12.1057,16.4164,19.9566,23.3505,29.1402,35.6055,43.8702,57.773,74.557,91.2602,105.356,115.396,133.081,146.331,152.063,161.242,173.542,189.257,194.029,179.655,138.494,124.938,124.04,129.313,134.63,138.46,143.823,170.687,219.253,0,0,0,0,0,0
632.5,49.8012,53.4935,53.2067,51.116,46.8884,39.1029,30.1192,22.8912,19.4903,17.0388,15.804,14.1289,11.4317,9.49593,7.51218,6.52796,5.31919,4.02595,3.14556,3.03349,3.49219,4.3094,5.32992,5.87257,7.49031,9.47328,12.8717,17.2907,21.0924,25.0891,30.663,37.2909,46.6038,61.8067,78.0692,97.246,111.499,122.124,139.41,154.151,159.815,171.761,184.017,200.698,204.206,192.911,147.183,133.759,133.422,140.162,140.742,147.262,151.36,177.046,225.146,0,0,0,0,0,0
633,53.2091,56.8862,57.145,54.4097,49.8006,41.8552,31.8459,24.3944,20.3883,18.3518,16.9246,15.022,11.8792,10.0554,8.1172,6.98947,5.67862,4.22877,3.36328,3.17225,3.69923,4.52412,5.58186,6.23791,7.82308,9.96695,13.5198,18.1367,22.2382,26.8916,32.0026,39.1352,49.5299,65.7764,82.7922,103.646,118.37,129.675,147.168,163.531,170.806,182.491,195.88,212.921,216.338,209.338,156.976,143.441,145.207,148.773,151.056,158.474,160.248,185.805,230.145,0,0,0,0,0,0
633.5,56.6898,60.4837,61.4232,58.3036,52.911,44.3039,34.1073,25.9062,21.6234,19.2618,18.3293,15.9367,12.7941,10.6942,8.75567,7.50054,6.03747,4.42581,3.56409,3.38599,3.96104,4.71193,5.8195,6.56122,8.08873,10.2817,14.3221,18.9609,23.4661,28.8389,33.5926,40.915,51.826,69.3181,87.1914,109.515,125.658,139.371,156.419,174.371,179.161,191.811,209.015,226.63,228.25,222.82,168.197,154.027,158.103,160.458,163.006,169.867,170.947,192.962,239.545,0,0,0,0,0,0
634,61.7673,65.6362,65.452,62.1985,57.1809,46.5588,36.6149,27.5047,22.9412,20.4508,19.2929,17.0751,13.5698,11.5143,9.22538,7.96945,6.40927,4.77033,3.78465,3.55886,4.14843,4.95031,6.12253,6.92622,8.49393,10.7875,14.9703,19.5531,24.599,30.2223,35.727,43.026,53.9756,72.383,93.4534,115.914,133.431,147.418,168.02,184.95,189.902,199.785,222.079,240.257,245.821,237.687,180.316,166.1,170.599,171.461,177.243,183.209,181.435,202.02,243.198,0,0,0,0,0,0
634.5,65.8377,69.1837,69.6488,66.5611,61.2602,48.9005,39.0018,29.5589,24.8208,21.2281,20.332,18.2503,14.5564,12.2259,9.78277,8.52831,6.79953,5.04455,4.01119,3.80175,4.33353,5.20058,6.47697,7.34396,8.9769,11.3595,15.9238,20.9083,26.3267,31.6692,38.0853,45.0366,57.327,76.3901,99.2058,123.44,140.94,157.818,177.698,195.614,202.906,212.856,235.603,251.985,264.056,249.146,190.953,179.839,182.04,181.657,190.323,195.676,194.546,211.721,249.846,0,0,0,0,0,0
635,70.0269,74.4594,74.0423,69.9147,65.6556,52.0047,42.112,31.5451,26.3432,22.6435,21.5905,19.6154,15.4617,13.0009,10.448,8.97916,7.26655,5.37369,4.15609,4.00981,4.54199,5.44244,6.8375,7.60766,9.58632,11.8022,16.698,22.5553,27.9,33.1814,40.4752,47.4897,61.1975,80.5103,105.693,131.18,147.922,166.955,190.347,206.36,217.295,223.971,251.769,265.524,280.713,265.141,205.446,192.085,193.182,196.172,203.073,207.269,208.198,223.713,259.126,320.3,0,0,0,0,0
635.5,73.8057,79.5234,79.0123,75.2924,68.9186,56.8273,44.9744,33.6518,28.2168,24.024,22.7925,20.8555,16.5178,13.7534,11.0666,9.60409,7.63486,5.6493,4.38008,4.23052,4.75743,5.73035,7.17664,7.95242,10.158,12.6975,17.6089,23.6532,29.5343,34.6944,42.4495,49.9941,64.8443,85.6069,111.688,138.531,155.202,176.857,201.484,219.658,226.655,243.388,268.604,284.165,296.398,278.727,219.186,206.424,208.646,209.162,215.384,217.714,221.702,239.138,269.146,326.419,0,0,0,0,0
636,77.7088,84.6647,85.75,81.5554,72.6365,60.9612,47.95,35.4323,29.4744,26.396,24.283,22.1742,17.5257,14.5851,11.7111,10.2425,8.15296,5.92275,4.5671,4.47426,4.98425,6.0402,7.52793,8.33892,10.6839,13.5768,18.2728,25.295,30.9824,36.6873,44.682,53.3975,69.7265,90.6509,117.572,146.634,164.598,187.046,213.21,233.767,237.928,259.058,282.183,299.401,310.616,295.52,235.19,217.062,225.585,222.19,227.216,231.315,233.458,253.614,282.392,336.634,0,0,0,0,0
636.5,83.305,87.8451,92.2411,87.6057,78.1846,64.0693,50.6814,37.8423,30.8213,27.907,25.851,23.5041,18.3698,15.5978,12.3177,10.9918,8.56603,6.27283,4.82506,4.67568,5.16836,6.40924,7.80603,8.79722,11.2745,14.3438,19.3893,26.6577,32.5652,38.6562,47.2085,56.8508,72.8559,95.9361,122.792,155.625,173.6,198.882,224.523,249.614,248.685,275.776,295.951,318.541,327.736,315.94,251.99,229.625,237.177,235.309,240.979,246.703,248.943,267.751,293.394,341.173,0,0,0,0,0
637,88.4668,92.8186,98.6821,94.0249,82.7457,67.7988,54.383,40.4927,32.8276,29.9945,27.3455,24.4809,19.6528,16.3787,13.0183,11.7585,9.16147,6.6418,5.10321,4.82423,5.38616,6.79108,8.12471,9.41086,11.751,15.1395,20.572,28.2094,34.4112,40.8522,49.6324,60.4327,76.5742,102.003,130.049,165.102,185.745,208.347,238.006,264.771,263.474,292.814,312.274,334.252,347.044,331.233,267.779,239.152,252.477,251.149,256.245,265.939,262.714,279.243,306.471,356.108,0,0,0,0,0
637.5,93.2746,98.757,103.854,99.764,88.1674,71.2409,57.5312,43.0277,35.3975,31.6634,28.825,25.5284,20.6771,17.3858,13.7017,12.4685,9.61441,7.05915,5.3418,5.02077,5.66637,7.18087,8.40413,10.0183,12.3264,15.7353,22.1581,29.627,35.9854,42.839,52.4913,62.6505,80.3604,105.477,136.138,171.893,195.06,220.345,253.338,278.369,279.642,310.625,332.311,351.25,366.924,350,286.403,251.072,264.161,265.739,274.706,284.197,281.757,293.188,320.543,360.287,0,0,0,0,0
638,99.4893,106.083,108.347,103.85,92.5044,76.1862,60.8009,45.6946,37.7177,33.3506,30.4987,26.9672,21.9845,18.1844,14.6164,13.0479,10.1782,7.47468,5.60757,5.28708,6.02493,7.60635,8.84341,10.4671,12.9282,16.4803,23.3174,31.2336,37.3615,44.8599,55.3316,65.8418,84.7167,110.365,145.506,178.835,204.497,228.758,267.307,293.703,295.555,323.129,350.787,370.147,390.987,365.629,306.584,267.121,281.755,282.681,292.175,300.363,300.981,303.368,336.544,374.753,0,0,0,0,0
638.5,106.321,112.621,113.908,107.255,97.1143,80.6727,63.9012,47.8139,40.1821,35.3459,31.9646,28.4003,23.3733,19.1828,15.6208,13.7404,10.6435,7.88711,5.86653,5.52849,6.40097,7.8739,9.28272,11.0676,13.4147,17.2937,24.6132,32.6545,38.9662,46.9467,57.8677,68.6424,89.1906,115.218,151.634,187.196,214.795,239.997,279.765,310.207,314.513,336.927,368.546,390.576,415.36,387.241,323.602,282.785,297.949,295.526,307.954,318.555,318.231,318.553,349.473,388.301,0,0,0,0,0
639,112.87,119.072,121.399,113.033,102.202,86.7413,67.7963,50.8444,42.2965,37.4221,33.6062,30.3691,24.8149,19.8453,16.5135,14.4409,11.19,8.33026,6.07429,5.80332,6.74882,8.19871,9.76708,11.4396,14.1368,18.1985,25.6615,34.1328,40.9395,49.4078,60.8513,72.571,94.1537,120.757,157.579,196.236,227.685,251.946,294.003,321.929,331.806,353.316,383.574,408.217,437.86,398.812,341.839,300.925,314.894,313.833,321.95,334.604,333.444,333.628,365.901,407.758,0,0,0,0,0
639.5,118.913,124.216,127.345,118.579,105.682,92.1405,71.5759,52.4143,45.0497,39.6077,35.5515,32.164,26.6067,20.9051,16.9982,15.4066,11.7204,8.68535,6.43785,6.06429,7.00894,8.34798,10.0942,11.7301,14.591,18.906,26.63,35.6843,43.0749,51.9125,63.088,76.1029,97.6262,127.898,164.587,206.111,240.645,263.259,305.943,334.07,347.253,370.004,403.731,425.989,456.275,419.063,357.527,318.101,329.88,335.743,339.841,354.546,347.106,352.317,379.661,419.589,0,0,0,0,0
640,124.531,130.284,136.095,125.823,112.504,97.2778,75.4036,55.2544,47.0629,41.3471,37.4788,34.1357,27.7742,21.9639,17.3897,16.1663,12.1932,9.12334,6.7082,6.39221,7.26626,8.62112,10.5186,12.1429,15.1417,20.0038,27.8299,36.488,44.5961,54.7126,66.0384,80.2869,102.012,134.269,171.502,219.101,251.223,277.928,323.444,348.79,360.461,387.919,422.267,443.286,479.196,428.919,377.358,339.668,345.412,354.519,353.729,371.188,360.03,369.171,396.545,426.72,470.262,0,0,0,0
640.5,129.583,136.097,142.487,132.693,117.688,103.814,79.694,57.8368,49.3976,43.1995,39.3275,35.7921,28.8792,23.1164,18.1202,16.9245,12.7718,9.44171,7.03269,6.63616,7.50463,8.92594,10.9092,12.5846,15.8405,20.8817,28.8481,37.6647,45.9897,56.6638,68.603,83.7804,108.013,141.224,180.362,228.429,260.295,294.727,333.644,362.029,379.64,398.352,446.176,460.001,496.546,449.436,394.145,352.941,363.762,376.594,371.085,390.184,379.494,383.652,415.995,441.803,488.82,0,0,0,0
641,137.261,143.853,146.757,140.332,124.793,107.383,82.984,60.994,50.5089,44.9124,42.1671,36.9356,29.9337,23.9482,18.9833,17.6017,13.339,9.8081,7.36918,6.88033,7.76856,9.41293,11.4505,13.082,16.7172,21.8943,29.9987,39.5498,47.733,59.277,72.364,87.4571,112.422,147.551,187.653,236.975,272.362,306.349,345.647,378.457,395.924,411.086,464.408,477.886,517.927,473.796,410.441,368.888,376.597,395.918,392.151,409.169,397.152,397.528,433.682,451.479,497.417,0,0,0,0
641.5,143.667,150.508,153.278,146.703,131.668,112.907,86.3557,63.1877,52.6308,48.0257,44.0387,38.7127,31.1266,24.7197,20.2524,18.342,13.9021,10.338,7.68284,7.02943,8.08598,9.71037,12.0318,13.6146,17.1065,22.5594,30.9558,41.6565,50.0871,61.8072,74.4632,90.2272,118.829,151.761,194.941,247.994,283.419,318.399,358.962,391.492,414.026,430.651,481.777,499.39,536.769,502.901,428.468,388.943,398.945,413.615,418.296,424.209,420.064,417.61,451.187,470.34,514.555,0,0,0,0
642,150.001,159.036,160.862,152.507,139.435,117.692,88.7238,66.6103,54.2901,49.1795,46.4044,40.6981,32.3754,25.4821,21.0983,19.025,14.346,10.8524,7.75545,7.34976,8.33166,10.1525,12.4697,14.1787,17.7924,23.5377,32.0553,42.8114,51.7371,64.2168,77.116,92.4966,123.128,156.565,201.853,259.686,295.778,328.849,371.877,409.562,428.889,446.177,501.723,515.707,556.866,526.359,449.248,410.549,419.449,431.298,439.991,440.708,434.452,438.244,467.197,487.793,526.729,0,0,0,0
642.5,156.835,165.688,170.103,158.113,145.689,120.958,91.8766,69.6371,56.7699,51.9713,48.3924,42.5768,34.0466,26.212,22.1619,19.9501,15.04,11.4628,8.10152,7.65276,8.68399,10.6202,12.9647,14.7204,18.4236,24.1624,33.0163,43.7523,53.6383,66.806,79.3974,95.9357,127.935,161.779,211.589,270.686,306.967,339.844,388.637,424.746,441.349,467.721,520.811,536.609,566.971,550.365,463.975,438.914,445.284,450.355,450.941,463.672,452.807,461.018,480.388,506.205,548.956,0,0,0,0
643,161.612,173.694,181.896,166.198,153.232,125.124,96.3435,72.9862,60.3203,53.6818,50.2939,44.3153,35.7949,27.3895,23.3189,20.8167,15.7022,11.9277,8.39657,8.01807,8.9844,11.0871,13.3342,15.0768,19.2423,25.0019,34.2762,44.9331,55.3381,69.1073,81.9527,98.9652,132.042,169.356,218.206,279.688,320.937,355.737,401.277,446.37,457.075,485.783,540.582,552.231,579.567,570.554,481.211,463.549,466.858,468.382,471.732,480.747,470.671,484.234,498.704,522.692,567.645,0,0,0,0
643.5,169.644,182.221,189.825,173.368,159.103,131.537,100.488,75.7843,62.878,55.9746,52.7583,46.0638,36.8927,28.4975,24.6511,21.8044,16.5137,12.3887,8.81503,8.2621,9.28703,11.5873,13.6434,15.5786,20.1114,25.6895,35.0991,47.0972,56.1567,70.8249,85.8796,100.893,135.275,176.097,227.667,289.769,335.334,368.098,418.621,461.495,469.822,511.314,566.376,578.428,599.223,596.819,504.282,482.662,482.944,479.83,490.053,505.872,491.998,500.883,516.742,543.726,582.642,0,0,0,0
644,177.122,188.102,197.787,180.31,166.406,137.588,104.501,78.7963,65.6351,59.1956,55.4244,48.3988,38.3747,30.6288,25.6399,22.6923,17.2586,12.8428,9.31077,8.58112,9.45698,11.8743,14.0517,16.1097,20.7589,25.6505,36.4219,48.7328,57.6247,73.1478,89.434,105.998,140.32,181.555,234.162,298.776,347.113,382.319,426.65,484.341,492.545,537.296,583.938,597.221,620.199,620.472,528.659,492.489,498.022,496.891,515.041,533.262,514.626,523.83,536.111,558.589,599.186,0,0,0,0
644.5,185.843,197.14,205.56,187.868,175.609,144.124,109.48,82.7825,67.506,61.9202,57.9449,50.4208,39.3654,32.3709,26.9858,23.6788,17.7086,13.4248,9.79082,8.88989,9.83702,12.2259,14.5165,16.9053,21.2221,26.6585,37.9552,51.1081,58.8312,75.7734,91.2402,109.674,145.011,186.457,241.822,309.781,356.452,394.533,439.985,496.904,512.726,559.279,607.681,619.02,656.453,639.123,544.813,513.927,513.397,517.865,543.104,556.031,542.539,551.36,567.439,583.276,615.072,0,0,0,0
645,194.337,203.478,212.994,197.139,182.314,149.476,113.386,86.0503,69.9494,64.7802,60.448,51.7782,41.5585,34.3302,27.9459,24.5634,18.0796,13.9242,10.4196,9.3167,10.25,12.7098,15.2222,17.3844,21.9959,27.1154,39.1233,52.8821,60.4488,78.1336,94.4345,115.572,148.221,190.886,252.193,323.035,367.592,407.074,457.517,513.239,539.942,582.785,631.669,640.748,689.61,663.892,576.567,536.604,535.485,546.227,569.369,585.25,566.347,581.237,600.806,614.202,630.678,655.589,0,0,0
645.5,203.843,211.765,222.976,207.372,191.998,154.013,117.59,90.7001,73.7134,66.8945,62.7665,53.1851,43.4532,35.7176,28.8797,25.4747,19.0433,14.4369,10.9595,9.63022,10.7523,13.1643,15.9208,18.3726,22.8965,28.7158,40.829,55.0258,62.959,80.7104,97.2016,119.381,152.886,198.969,261.989,335.454,377.651,418.525,476.022,529.623,568.102,599.307,656.424,657.379,718.523,686.526,601.485,558.977,566.393,576.503,596.328,609.531,593.738,609.091,627.183,639.719,655.861,675.618,0,0,0
646,213.297,218.974,230.938,215.836,199.098,160.631,123.748,94.4281,77.6643,69.0014,65.4246,55.0818,45.9215,36.789,29.5678,26.1878,19.9876,14.9767,11.4982,9.98585,11.178,13.5355,16.6107,18.9501,23.762,29.9217,42.0915,57.1907,65.5604,82.9982,101.89,125.012,156.876,204.237,272.8,345.774,390.08,435.414,497.227,549.056,589.552,625.443,680.733,693.161,740.296,711.917,632.463,581.728,601.272,604.398,619.907,634.515,616.413,637.426,658.515,670.122,679.263,690.427,0,0,0
646.5,221.507,226.646,240.671,228.826,208.069,170.99,128.695,98.0136,80.8613,71.5322,67.6192,57.6867,48.0416,38.1689,30.9407,27.388,21.2961,15.5144,11.965,10.2488,11.6007,13.9066,17.0401,19.5014,24.5408,31.5758,43.0842,58.9902,68.9509,86.1832,106.051,128.708,164.483,213.613,280.29,354.789,404.585,447.354,518.58,576.297,614.159,646.09,706.791,714.555,762.825,746.007,652.776,602.14,619.095,630.539,641.366,662.131,643.845,661.039,684.445,696.979,699.383,715.391,0,0,0
647,231.597,239.46,252.402,238.8,215.095,177.544,134.179,102.096,84.3777,73.6545,70.3617,59.6374,49.0538,39.0645,31.871,28.7489,21.9449,16.2119,12.381,10.6128,12.0645,14.2608,17.5675,20.2528,25.2049,32.8619,44.6907,61.2958,71.2006,89.314,109.6,130.976,168.366,220.16,290.422,365.824,416.441,461.276,536.098,599.537,629.89,670.925,729.837,753.625,779.471,775.841,672.024,630.597,639.203,653.087,672.551,682.932,673.124,691.995,704.772,729.5,732.978,738.789,0,0,0
647.5,243.27,250.368,265.318,249.109,226.233,186.798,139.198,105.207,86.5694,78.4141,74.3919,61.5507,50.8136,40.8897,33.4226,29.9843,22.2557,16.7684,12.7354,11.1365,12.5537,14.798,17.9827,21.0443,26.1409,33.9088,45.8524,62.9565,73.5439,91.9096,113.857,135.457,176.233,225.622,297.818,381.05,433.947,479.213,552.444,615.007,652.969,695.866,754.285,779.612,804.801,807.847,696.607,663.382,665.536,689.211,698.668,707.989,698.219,717.451,732.946,757.638,751.52,778.365,0,0,0
648,252.428,261.673,277.055,258.655,232.601,192.182,144.371,109.976,90.1228,80.6207,77.6587,63.4958,52.3436,42.665,34.1461,31.4768,23.1393,17.286,13.0662,11.3954,12.9788,15.3438,18.3689,21.6497,26.827,34.9013,47.816,63.5361,75.6333,93.4547,114.584,140.134,181.599,230.441,306.573,395.854,446.117,491.66,568.167,636.793,665.067,717.031,777.243,807.829,833.429,832.272,719.588,689.906,685.178,708.286,719.405,742.249,728.86,744.689,761.13,783.48,778.572,801.827,0,0,0
648.5,260.706,264.392,288.901,270.666,245.936,201.569,152.212,114.451,94.862,85.6029,81.7471,66.0881,54.7588,45.3471,35.7741,32.7831,24.0296,17.7424,13.442,11.9078,13.4351,15.874,19.0155,22.3743,27.8749,36.0832,48.7786,65.4538,78.3772,95.8839,117.536,143.667,187.991,238.895,313.872,408.525,457.127,508.009,580.116,657.939,693.639,739.266,801.527,830.373,855.387,854.07,753.326,711.958,722.285,733,751.052,771.756,749.252,771.422,784.637,809.001,799.392,824.824,0,0,0
649,267.614,270.84,297.863,282.215,254.774,206.348,156.011,121.368,99.768,87.1911,85.4194,68.3413,56.6049,47.3704,37.3314,33.4302,25.2144,18.1669,13.8313,12.3475,13.8714,16.5608,19.6642,22.7566,28.9924,36.7964,50.1207,67.12,82.065,99.0469,120.385,147.328,193.662,247.667,323.721,418.995,470.534,523.847,597.732,676.873,708.2,760.773,828.863,858.246,881.489,879.156,789.044,735.781,751.925,758.298,776.559,807.031,787.804,797.627,818.955,831.411,829.956,839.565,0,0,0
649.5,276.525,282.415,307.134,294.167,262.886,211.494,161.195,124.302,104.714,90.1688,88.4076,71.5422,59.356,48.8275,38.9212,34.388,26.636,18.6512,14.3541,12.8917,14.2961,17.0226,20.2435,23.4662,29.6098,37.765,51.458,69.1509,85.1333,102.329,122.358,151.477,196.869,260.101,336.789,432.076,481.914,548.625,623.969,701.64,729.778,779.928,854.181,888.08,911.551,904.305,808.463,771.643,783.839,783.435,815.317,834.484,823.632,825.822,849.504,850.209,862.435,867.621,0,0,0
650,287.682,300.258,312.496,303.267,274.195,219.373,165.23,128.702,106.562,93.0255,91.3866,74.329,61.2827,50.2934,40.627,34.959,27.5904,19.3751,14.8684,13.4898,14.6219,17.4799,20.7524,24.0157,29.7587,38.6197,53.3111,72.4826,87.1086,106.589,127,156.881,203.023,271.715,345.552,442.743,492.71,569.198,642.536,729.093,752.227,809.929,875.436,914.052,947.477,928.46,832.491,811.408,812.193,815.945,858.172,863.302,850.771,850.6,884.739,881.106,890.655,881.053,808.254,0,0
650.5,299.901,312.779,319.497,305.37,284.015,232.09,169.249,132.164,109.048,96.0143,93.0617,77.56,64.2309,51.7471,41.0915,36.2422,28.6527,19.8124,15.3794,14.0085,14.9001,18.1011,21.3294,24.6845,30.2607,40.1023,55.5333,74.8301,90.3652,109.945,130.368,162.518,211.756,277.846,359.782,456.208,507.341,585.472,660.748,754.692,769.957,838.663,898.88,943.662,983.152,955.595,866.08,846.602,834.215,842.129,883.801,892.5,880.505,881.748,923.375,906.423,919.493,895.514,821.815,0,0
651,311.803,324.114,327.406,317.003,290.56,243.195,177.712,135.709,111.308,98.2684,95.1664,80.2133,65.7371,53.6632,42.7441,37.6346,29.7591,20.5678,15.8893,14.408,15.4071,18.8119,22.1384,25.3682,30.8385,41.7493,57.4364,77.0136,93.3042,112.352,133.879,168.56,216.943,285.488,367.006,468.308,523.933,602.781,679.975,774.758,795.187,873.761,920.37,981.315,1004.18,982.696,894.324,864.94,868.199,879.272,921.962,924.327,909.493,904.603,956.569,934.825,944.641,927.03,849.786,0,0
651.5,320.846,335.264,344.533,326.69,298.431,249.961,184.857,141.024,115.846,102.498,98.277,82.6826,67.3724,55.7489,44.008,39.345,30.575,21.2926,16.4499,14.8329,15.9323,19.4583,23.2415,26.0996,32.3432,42.7089,59.1476,78.5039,96.0538,115.574,139.102,174.35,224.904,291.152,378.53,482.045,545.047,617.522,700.671,804.481,821.772,896.79,945.42,1019.86,1033.99,1005.44,931.237,898.395,896.292,904.01,944.108,959.496,936.929,940.619,981.052,959.301,974.786,961.108,859.801,0,0
652,328.083,346.779,359.281,336.616,305.772,260.379,195.231,146.82,121.43,106.577,101.836,85.6511,69.2569,56.6358,46.1867,40.5549,31.0984,22.0354,17.0875,15.2916,16.6925,19.9192,23.6998,26.4874,33.3786,43.9412,60.467,81.2979,99.9126,118.383,142.756,180.26,223.8,301.33,390.771,498.791,564.707,638.142,718.46,831.409,857.714,922.409,975.62,1063.33,1068.68,1029.65,947.389,931.112,932.44,939.235,974.173,988.254,970.502,977.024,997.351,985.017,1002.77,987.406,879.388,0,0
652.5,338.417,355.758,374.352,350.191,319.957,266.094,202.104,152.071,127.275,110.724,105.258,87.9891,71.165,58.8339,47.767,41.4821,32.3318,23.0132,17.8659,15.7905,17.3118,20.5553,24.2954,27.3661,34.413,45.0698,62.6166,83.7645,102.854,122.578,148.435,184.684,227.545,306.813,403.587,515.989,578.367,653.379,745.114,857.413,892.038,950.832,1003.46,1099.1,1090.74,1071.42,977.422,957.532,968.135,976.074,1009.29,1015.45,1005.38,1018.22,1031.38,1019.46,1034.62,1017.63,895.246,0,0
653,351.808,368.596,384.192,363.42,329.953,276.413,210.1,156.26,131.765,114.033,109.242,91.3193,73.5304,60.2002,48.9967,42.3843,33.5789,23.6028,18.4878,16.1856,17.8346,21.2091,24.8495,28.1967,34.6596,46.2202,63.004,85.5259,105.768,127.824,153.128,188.973,235.694,317.614,408.479,527.283,593.644,668.952,763.074,875.565,918.871,969.882,1031.49,1139.06,1134.11,1110.34,1009.55,991.297,1000.87,1015.83,1043.56,1058.41,1044.18,1057.7,1066.32,1060.11,1077.64,1043.57,901.776,0,0
653.5,365.468,378.975,394.065,378.274,341.526,283.011,216.003,160.748,136.096,115.75,113.248,94.4573,75.7969,62.2227,50.5449,43.8332,35.6324,24.9149,19.11,16.635,18.1313,21.6673,25.6317,29.1004,34.8593,47.1772,64.5448,87.3052,108.911,132.894,159.055,194.152,240.094,325.801,414.799,542.104,603.651,695.138,782.125,894.896,943.033,1001.44,1049.55,1179.24,1165.56,1152.78,1043.72,1010.17,1026.83,1052.73,1081.49,1086.54,1075.1,1085.45,1120.16,1108.51,1098.4,1072.56,919.591,0,0
654,380.052,397.886,408.463,395.374,356.497,292.594,220.8,164.92,139.156,120.488,116.403,96.045,78.4645,63.8423,51.6439,44.965,37.2887,25.9605,19.7484,16.8804,18.6832,22.0251,26.5204,29.4867,35.7598,47.8672,65.673,88.4832,111.861,137.332,162.998,197.068,252.19,332.918,423.445,553.305,620.229,711.065,799.83,914.244,976.482,1027.82,1080.56,1195.14,1190.8,1185.11,1083.47,1045.65,1050.69,1091.04,1104.2,1125.63,1107.19,1103.58,1159.4,1152.38,1111.71,1101.83,937.141,0,0
654.5,389.997,404.631,420.546,408.185,369.139,299.713,226.485,171.917,142.834,122.355,118.179,97.7554,80.0917,65.6026,52.0601,47.1238,38.4921,26.4742,20.3551,17.1739,19.4829,22.5846,27.0246,30.0993,36.8118,48.7483,67.291,89.7217,114.658,140.223,168.145,202.233,258.437,341.09,434.031,569.039,632.416,730.308,809.695,943.497,1000.25,1061.6,1112.81,1219.02,1218.79,1203.48,1110.87,1064.79,1064.33,1120.66,1122.59,1157.65,1128.83,1136.72,1188.03,1190.22,1139.71,1131.95,962.968,0,0
655,401.071,406.863,436.69,416.233,374.59,311.602,234.336,176.441,146.458,128.516,119.657,99.6502,81.6424,67.6824,53.8107,48.8848,39.3444,27.1978,20.7836,17.6153,20.1275,23.4094,27.5095,30.972,38.1476,50.3542,69.4028,92.1023,115.642,142.18,170.125,208.377,267.004,348.314,455.98,581.036,647.863,748.006,832.038,960.901,1024.29,1081.22,1149.08,1234.11,1252.65,1252.03,1142.6,1090.06,1068.92,1131.44,1154.48,1185.91,1155.14,1169.1,1222.42,1209.33,1177.29,1156.66,1002.47,988.886,0
655.5,402.402,412.806,436.795,425.279,384.043,324.187,239.498,181.296,149.793,132.015,122.175,103.404,82.4064,68.4741,55.02,51.0761,40.3049,27.6413,21.0502,18.0563,20.407,24.3384,28.1307,31.6091,39.0768,52.1966,71.1419,94.9702,117.438,146.091,174.242,209.529,273.845,358.213,464.232,591.877,665.816,759.077,861.453,981.898,1048.93,1098.97,1173.53,1256.5,1295.61,1274.98,1153.7,1111.85,1090.47,1171.81,1191.58,1230.11,1177.85,1196.11,1246.62,1235.28,1212.32,1175.55,1021.67,1003.92,0
656,414.174,424.386,449.801,434.303,389.169,330.13,243.783,183.63,152.12,135.649,127.165,105.891,84.2083,69.9987,57.1046,51.8713,41.1527,28.5935,21.3504,18.7107,20.6752,24.8873,28.5956,32.2441,38.9878,53.5469,72.8405,97.7334,118.696,147.939,175.599,216.869,279.721,362.206,475.272,599.179,684.206,776.811,886.466,999.731,1066.7,1110.12,1197.76,1280.56,1330.66,1312.33,1184.12,1127.55,1124.92,1194.49,1227.5,1251.83,1215.37,1231.96,1267.66,1243.05,1243.04,1187.93,1044.43,1015.33,0
656.5,418.805,433.577,455.252,445.768,399.783,339.491,247.467,186.222,151.504,138.371,130.929,107.851,86.7135,70.9223,57.875,52.9955,42.4635,28.8317,21.8617,19.2419,21.0773,25.3204,29.3247,32.6511,39.968,54.4666,74.0809,98.4532,119.327,150.169,176.808,222.329,281.409,363.254,482.092,609.937,696.99,786.729,910.197,1009.83,1085.74,1112.22,1213.85,1302.16,1346.49,1340.03,1201.72,1152.21,1180.28,1223.64,1249.67,1280.58,1243.07,1257.07,1277.65,1262.84,1263.94,1202.3,1045.03,1025.17,0
657,428.933,444.573,461.681,451.975,404.306,342.673,253.752,189.172,153.501,137.995,132.764,107.837,88.0012,72.4276,59.0742,53.1009,43.0484,29.1284,22.1942,19.6876,21.9734,25.6096,29.6484,33.1744,40.4746,54.9337,74.8599,99.8043,120.636,152.365,179.384,223.263,286.073,372.262,486.826,615.217,697.583,791.635,915.983,1024.21,1099.41,1144.93,1221.51,1296.98,1360.76,1369.76,1212.93,1170.65,1217.95,1238.59,1274.43,1291.3,1265.56,1278.17,1296.19,1273.77,1277.73,1213.8,1044.58,1037.9,0
657.5,437.609,450.406,466.66,457.658,405.165,350.573,255.558,192.023,155.159,139.905,134.108,109.048,89.0789,73.7967,59.3148,53.6624,43.4518,29.2544,22.3998,20.1327,22.2455,26.0163,29.8927,33.5659,41.6312,54.8401,75.0383,100.228,120.811,151.726,176.538,228.689,286.919,365.717,489.086,622.362,696.831,796.701,915.398,1016.04,1105.97,1161.12,1233.59,1301.79,1353.41,1372.41,1222.93,1170.78,1225.63,1231.7,1282.28,1296.86,1284.28,1283.5,1303.07,1293.5,1293.58,1216.33,1063.72,1056.55,0
658,441.965,454.708,473.166,459.845,405.144,351.626,257.626,193.407,158.177,142.183,135.275,109.189,89.1773,73.9165,59.8066,53.8826,43.4436,29.6024,22.4857,20.2125,22.5424,26.2389,30.1581,33.6091,42.2992,55.1917,74.7829,101.223,121.484,153.111,175.665,228.852,291.766,369.367,490.706,618.509,691.335,799.625,915.958,1022.7,1099.23,1168.44,1231.09,1294.85,1356.17,1377.68,1224.39,1172.93,1219.6,1235.88,1290.15,1318.93,1295.52,1288.47,1326.16,1301.7,1304.05,1224.07,1052.04,1050.41,0
658.5,439.978,454.786,468.104,453.879,409.017,351.858,261.379,191.677,160.423,143.131,133.922,111.294,89.8143,73.8009,59.9364,53.1048,43.367,29.8465,22.6876,20.2459,22.286,26.3302,29.8392,33.4231,42.1953,55.058,74.4417,101.673,119.749,152.732,176.004,228.805,293.108,366.334,493.518,614.54,699.709,806.623,902.074,1019.08,1092.49,1168.47,1228.88,1297.05,1331.91,1386.33,1240.42,1165.26,1206.77,1255.73,1290.84,1312.95,1295.92,1297.03,1328.02,1309.15,1302.1,1216.33,1061.79,1049.59,0
659,439.663,455.544,464.838,450.059,410.326,348.599,258.251,190.245,159.992,143.219,134.559,111.656,91.6417,73.8153,59.6609,52.2246,43.1905,30.1558,22.7795,20.3619,22.1798,26.1948,29.7701,33.2226,41.5313,55.1283,74.802,101.62,119.075,149.38,176.549,227.286,290.984,366.605,496.263,610.426,695.704,805.951,889.488,1007.04,1086.23,1161.12,1228.19,1300.17,1298.28,1380.83,1227.74,1147.96,1198.83,1245.57,1283.74,1313.89,1278.03,1292.3,1312.09,1294.67,1301.94,1227.28,1068.67,1032.25,0
659.5,436.333,459.507,460.446,445.192,409.215,344.634,256.724,190.639,157.22,142.093,133.245,109.496,91.6637,73.2077,59.2526,51.2856,42.4004,30.4467,22.6354,20.2283,22.0004,26.1293,29.3419,33.0824,40.9528,54.5318,74.8207,100.757,116.444,148.187,177.502,224.747,288.978,371.117,487.577,603.742,680.808,797.248,877.31,1001.45,1080.41,1143.69,1216.15,1287.74,1292.17,1339.74,1208.3,1139.43,1192.79,1249.38,1276.92,1299.62,1265.98,1291.24,1285.92,1293.61,1296.82,1204.2,1061.95,1019.71,0
660,433.057,457.059,454.344,436.237,403.798,341.938,254.213,189.222,155.076,140.278,132.497,109,90.5079,72.2644,58.6829,51.0342,42.4356,30.2298,22.5879,20.0844,21.6868,25.8054,29.035,33.2053,40.0659,53.6096,74.3444,99.7033,115.142,143.506,173.512,222.08,280.735,367.597,472.979,601.253,664.484,783.478,862.747,976.474,1076.52,1138.15,1218.19,1285.94,1282.38,1299.32,1191.98,1133.43,1169.68,1242.94,1260.73,1293.35,1257.56,1270.04,1258.82,1282.88,1307.91,1188.45,1073.12,1014.23,1026.5
660.5,424.67,451.795,450.466,434.811,398.794,333.655,253.816,186.174,153.828,138.323,131.372,107.244,87.1212,71.6069,58.0868,51.2535,41.3133,30.1579,22.2302,19.8415,21.6409,25.6744,29.0725,32.6322,39.6134,52.6635,72.8716,97.9405,113.989,143.258,169.003,216.642,276.122,367.718,461.992,595.799,657.095,773.455,854.226,974.397,1051.41,1115,1208.21,1262.51,1278.12,1270.53,1164.3,1126.87,1147.95,1238.73,1244.2,1274.07,1235.34,1251.26,1231.66,1286.36,1286.7,1181.18,1059.11,994.271,1008
661,413.711,435.133,443.335,423.021,394.064,327.623,253.19,184.586,152.673,136.762,128.083,104.546,85.5107,70.969,57.4939,50.7658,41.0189,29.77,22.012,19.5531,21.1347,24.8947,28.8574,31.6815,38.9622,51.3885,70.6807,95.5035,113.238,140.542,163.556,213.292,267.264,357.667,453.952,578.188,648.637,760.373,835.263,959.871,1022.35,1086.44,1185.5,1238.17,1249.94,1259.76,1133.6,1102.93,1121.68,1218.95,1221.24,1251.88,1225.9,1221.81,1211.77,1255.33,1257.72,1155.33,1049.46,967.315,985.712
661.5,406.091,418.059,434.574,415.01,388.61,319.598,248.237,183.342,151.88,134.82,126.502,102.266,82.4591,70.0972,57.4331,50.2956,40.3696,29.2383,21.6921,19.3079,20.6892,24.4172,28.2532,30.9665,37.8003,50.1899,68.5229,92.619,111.624,136.908,161.811,207.778,264.028,347.728,446.712,560.838,636.278,743.348,819.327,936.63,995.736,1055.28,1156.27,1210.98,1219.9,1256.38,1126.86,1087.48,1099.62,1183.13,1201.59,1227.74,1198.56,1199.44,1197.92,1224.01,1222.62,1149.17,1016.56,934.152,968.883
662,395.69,415.058,426.149,396.811,377.116,308.113,239.659,182.335,148.474,130.29,123.045,100.382,80.5545,69.5141,56.8321,49.2704,39.9568,28.3933,21.5553,19.0299,20.1569,24.0314,27.1543,30.3299,36.8848,48.7792,66.4339,88.8166,107.715,133.631,158.475,202.343,259.492,334.902,439.248,542.687,618.086,717.58,796.855,919.497,955.996,1023.41,1115.48,1173.44,1192.75,1232.57,1111.22,1059.74,1072.07,1152,1178.29,1200.93,1161.06,1168.75,1175.69,1177.9,1187.38,1118.6,996.428,896.949,943.058
662.5,384.466,408.209,416.958,386.817,365.611,304.21,233.064,176.674,146.573,127.724,119.683,97.529,79.8101,68.2812,56.161,48.1123,38.8384,27.8068,21.3624,18.6536,19.6015,23.3231,26.5512,29.8411,35.5606,46.8782,64.1346,86.4352,104.713,130.214,153.787,195.412,250.316,324.376,427.914,528.19,605.268,690.527,783.36,888.849,921.724,990.29,1082.06,1135.99,1146.8,1188.67,1106.63,1030.49,1042.9,1103.19,1148.62,1167.12,1124.98,1142.13,1144.73,1140.13,1158.25,1090.11,949.454,875.642,916.793
663,369.019,401.305,399.266,367.876,355.35,295.164,222.602,171.146,143.128,123.038,114.552,95.2512,77.4298,66.9424,54.371,46.7395,37.9456,27.3137,21.1758,18.4036,19.025,22.6153,25.8357,29.0005,34.3888,45.5162,61.1799,84.225,101.24,125.672,149.29,188.184,238.733,315.583,412.492,514.48,582.915,667.202,759.216,867.499,898.793,978.302,1047.64,1117.51,1129.81,1154.04,1073.16,1010.76,1021.45,1081.82,1121.37,1128.11,1094.61,1117.17,1117.38,1113.97,1126.24,1066.13,924.567,855.292,890.692
663.5,363.024,390.35,389.36,361.457,347.039,288.236,215.759,164.024,139.494,118.006,110.907,92.9336,75.4985,65.5171,52.5285,45.8153,36.595,27.1348,20.7695,17.8761,18.5452,21.5806,25.2589,28.1155,33.5882,44.5223,58.8632,81.879,97.7655,122.49,144.273,181.977,228.917,307.448,398.863,498.883,558.739,652.027,735.632,837.368,871.597,946.487,1018.49,1080.17,1089.01,1119.37,1030.02,977.9,991.381,1040.31,1087.38,1094.68,1068.75,1085.71,1079.98,1088.61,1101.01,1044.18,899.33,831.63,860.456
664,354.044,380.667,375.235,351.346,337.017,278.613,207.523,159.383,133.127,114.172,105.785,89.662,73.8354,63.6903,50.8159,43.6959,35.5045,26.537,20.2528,17.6229,17.9705,20.7666,24.5938,27.2004,32.5433,43.5204,57.1169,80.148,94.3082,117.459,139.584,176.086,217.56,302.315,380.663,481.595,533.826,638.389,709.439,809.781,858.245,928.202,986.817,1045.37,1066.49,1074.54,984.807,946.119,976.607,1011.98,1052.7,1068.13,1045.32,1058.84,1061.11,1050.94,1058.99,1019.84,878.206,818.332,840.67
664.5,344.571,373.028,360.106,346.109,327.716,269.786,200.78,154.558,128.432,110.128,102.939,87.6227,71.6954,61.9064,49.2348,42.8515,34.7383,26.2878,19.9199,16.9085,17.4334,20.1747,23.9149,26.6142,31.5052,42.0199,56.2235,77.3241,89.3529,113.209,136.853,169.472,211.114,291.438,364.055,464.521,517.887,615.372,677.331,781.803,825.115,900.585,947.557,994.154,1026.17,1042.34,935.715,912.987,940.633,959.824,1015.76,1042.69,1025.17,1023.86,1012.59,1023.37,1022.42,994.953,860.737,790.757,803.909
665,332.468,356.642,343.762,341.181,318.851,262.068,195.763,150.451,124.024,108.126,99.4169,85.2261,70.2172,60.0874,48.0211,41.6084,34.05,25.5544,19.4149,16.5475,16.9467,19.391,23.2118,25.8714,30.8326,40.3176,55.0407,74.8989,86.3368,109.01,131.604,163.232,204.402,282.083,352.188,446.236,506.627,592.689,656.864,753.565,797.528,866.352,905.498,962.012,1003.42,999.744,901.782,861.865,912.07,931.894,988.1,1003.23,989.733,989.763,980.099,991.795,983.609,950.865,836.208,757.184,773.78
665.5,321.005,340.117,335.698,332.079,307.209,252.009,189.324,146.309,120.371,105.562,97.5237,82.9714,68.3216,57.8728,46.1916,40.7014,33.2825,24.9003,18.9712,16.0812,16.4657,18.768,22.3898,24.3381,30.1033,38.826,53.1699,71.7953,83.6077,105.116,128.502,158.668,201.9,268.577,337.25,430.84,492.192,566.278,633.726,725.416,769.56,837.542,873.759,928.562,970.606,961.251,878.495,842.717,891.944,911.648,938.007,963.693,951.315,952.252,939.509,952.875,945.724,915.656,809.443,727.067,744.132
666,316.154,327.294,326.918,324.557,297.201,246.041,184.593,139.69,116.083,100.731,94.3056,81.1154,66.4945,56.4892,44.7475,39.8864,32.2509,24.1669,18.4337,15.6899,16.1054,18.3525,21.582,23.4662,29.146,37.3979,50.3891,69.1109,80.1891,101.393,123.55,153.993,196.334,258.331,326.836,413.933,472.589,547.414,615.897,701.737,741.193,801.727,839.648,897.316,934.147,933.418,857.826,819.874,856.329,875.003,903.454,922.038,916.213,922.476,908.69,918.937,921.097,879.203,777.213,692.829,727.515
666.5,308.193,317.519,322.716,310.916,284.078,238.801,179.749,135.519,112.658,98.5797,91.3512,79.2611,64.651,53.5825,43.9269,38.2232,31.5068,23.6923,17.917,15.3691,15.6021,17.634,20.8674,22.6981,28.2998,35.683,48.5357,66.4415,78.1419,98.7257,118.965,150.287,188.14,248.421,319.558,392.789,451.576,525.017,594.901,675.939,708.515,775.116,821.316,872.825,903.107,895.694,827.787,808.279,835.582,861.644,874.87,894.704,898.828,890.654,879.999,884.368,891.995,849.165,747.754,666.762,712.591
667,294.703,305.117,311.399,301.99,276.208,231.449,173.917,131.569,107.882,95.659,88.4603,75.8635,62.8666,52.0199,43.0949,36.9772,30.5767,23.184,17.5887,14.88,15.2824,17.4328,20.3553,21.8405,27.2858,34.6173,47.0693,64.0192,75.4673,96.3807,114.257,146.448,181.534,239.498,310.879,374.797,433.306,509.543,576.747,654.455,687.336,747.077,797.812,853.775,874.05,870.44,788.186,789.786,805.357,825.865,854.729,866.1,870.332,858.211,847.744,858.898,866.936,830.083,730.417,645.404,695.044
667.5,285.283,296.15,307.03,291.573,265.312,223.676,167.778,130.261,104.793,92.8649,85.7509,73.0027,60.7675,50.6337,42.1419,35.7894,30.2193,22.4955,17.4734,14.6261,14.9071,17.0261,19.8275,21.2886,26.4544,33.5645,45.997,61.5217,73.463,92.7474,110.415,139.284,175.952,230.745,300.948,364.293,418.857,493.107,557.074,633.154,663.922,733.389,775.782,844.907,849.328,838.409,754.155,767.659,776.999,804.991,843.654,839.703,851.571,839.248,824.886,841.007,836.142,797.365,706.447,625.345,670.5
668,276.407,285.688,292.89,281.673,251.956,217.207,163.374,127.836,102.036,91.2815,83.2461,70.4934,58.7923,49.8861,41.2318,35.0833,29.5225,22.1345,17.4947,14.187,14.5969,16.8337,19.4251,20.6198,25.6097,32.5831,45.0902,59.5257,71.3426,89.2387,107.391,134.999,169.44,220.955,288.619,351.635,407.104,482.789,538.917,615.491,649.895,708.334,753.347,825.695,833.649,814.216,734.394,743.089,745.397,794.684,819.373,824.822,825.426,808.575,808.634,819.876,810.483,777.471,686.035,618.179,651.518
668.5,269.882,277.028,282.446,271.152,240.54,213.133,158.607,123.851,100.554,88.6634,81.4891,68.6987,56.5798,48.8066,39.9613,34.8403,28.5154,21.4874,17.3171,14.0958,14.33,16.4169,18.8718,20.0695,25.0716,31.6634,43.8023,58.0344,69.2159,86.9321,104.87,129.516,162.973,213.001,279.366,341.868,395.945,469.166,520.007,595.991,633.144,671.573,733.474,793.426,809.692,791.459,717.019,726.79,727.301,764.129,795.869,801.908,798.235,788.372,784.479,801.593,788.298,754.646,665.114,612.85,634.092
669,262.724,267.898,279.305,263.319,232.829,208.71,152.724,120.311,98.0579,86.6424,80.1972,68.4037,55.7,47.5829,38.9053,34.0904,27.265,21.3246,17.0279,14.0377,14.0637,16.0752,18.2372,19.648,24.2425,30.733,42.6806,56.3349,67.0788,85.2653,101.911,125.155,157.968,207.059,273.125,334.799,381.871,455.134,508.318,574.915,612.293,646.722,705.137,772.848,775.081,776.216,712,693.884,710.455,753.889,772.847,782.513,771.19,766.825,762.998,774.728,769.229,730.512,642.34,602.238,621.775
669.5,254.749,262.762,273.242,256.184,228.26,204.182,147.815,116.031,94.9439,83.9791,78.0036,67.2496,55.1853,46.1192,37.758,33.3886,26.5739,21.0884,16.8352,13.9397,13.9184,15.6732,17.7099,19.004,23.6421,30.0753,41.3539,55.141,64.8122,83.5891,98.7665,122.705,153.183,204.661,265.467,326.773,372.514,445.443,492.325,562.1,592.308,627.926,674.486,742.867,753.673,749.464,691.303,668.165,694.714,727.636,751.161,762.131,749.495,744.796,737.749,747.619,754.525,716.411,620.762,587.854,607.601
670,249.03,258.116,270.353,250.728,226.912,199.178,143.213,113.886,92.0655,81.6602,76.3869,64.8717,55.0734,44.8025,36.8752,32.3625,26.0041,21.2559,16.523,13.8439,13.8912,15.4227,17.0818,18.5907,22.8602,29.7474,40.3679,53.647,63.5662,80.8878,95.6603,119.518,149.589,199.018,258.048,320.623,362.158,430.291,484.773,540.92,574.413,613.702,650.516,713.722,727.236,730.33,675.267,644.674,679.338,713.359,731.291,739.254,732.8,732.381,716.903,715.528,724.433,693.556,613.675,573.35,592.527
670.5,239.742,253.642,259.617,245.417,225.605,192.459,137.651,109.921,89.2694,79.1146,74.1681,63.0184,54.33,43.8324,35.9177,31.0702,25.7924,20.9787,16.5104,13.8054,13.6338,15.0688,16.6617,17.9597,22.0094,28.7963,39.0222,51.7894,62.3062,77.8829,92.5227,117.437,146.183,197.245,250.438,312.623,348.145,416.833,470.848,524.321,558.106,602.339,629.508,691.289,710.137,707.97,650.996,630.34,652.631,698.807,710.322,719.365,715.008,712.653,709.728,692.663,698.148,670.482,605.337,559.74,576.653
671,235.853,249.829,254.055,239.282,221.131,186.878,135.33,107.489,87.0451,77.2006,72.0224,60.3714,53.066,42.7789,34.9862,30.5992,24.9694,20.9464,16.2615,13.6932,13.3885,14.7029,16.3505,17.7044,21.2809,27.8996,38.1044,50.4098,60.8303,76.1803,89.3046,114.562,141.663,190.689,245.713,302.155,337.146,401.115,460.822,508.757,546.055,586.713,616.803,668.2,695.787,694.451,633.66,622.441,639.745,680.153,692.8,705.8,706.534,698.811,696.674,675.673,669.549,660.19,596.647,538.617,566.462
671.5,229.918,241.577,245.312,230.865,214.896,181.17,133.169,104.902,85.5815,76.418,70.2481,60.6373,51.6679,41.3163,34.3597,30.1637,24.6642,20.3818,16.1223,13.4423,12.9497,14.3851,16.0773,17.1858,20.8249,26.9834,37.069,49.4791,59.3837,73.9057,86.1354,110.377,137.034,187.291,240.485,293.061,326.723,390.153,448.833,491.543,530.116,577.268,601.893,653.478,672.109,680.96,613.433,609.462,615.761,668.901,675.174,687.949,689.807,682.303,681.413,661.239,657.962,649.25,582.948,531.461,551.787
672,225.948,236.244,239.466,223.368,209.322,176.428,131.988,102.643,84.7792,74.7569,68.1999,59.5561,50.3789,41.1123,33.7089,29.9396,24.4713,20.222,16.0174,12.9016,12.8481,14.2284,15.814,16.9263,20.2511,26.3736,36.333,48.2947,57.6936,71.1973,83.5238,107.692,131.863,180.463,229.181,282.616,316.579,382.678,438.294,482.597,509.935,565.161,578.468,639.352,662.234,659.019,595.226,585.285,607.125,646.349,656.441,671.962,672.05,663.535,666.958,646.981,651.084,643.732,566.411,515.769,538.779
672.5,219.701,230.204,229.987,216.998,203.972,173.214,129.367,100.312,84.0666,72.4109,66.5278,58.8158,50.2555,40.2345,33.1788,29.6934,24.4986,19.7702,16.0004,12.9429,12.5884,13.7678,15.3622,16.4315,19.8394,25.7385,34.9468,47.1741,56.0381,68.6455,81.5424,104.372,128.877,177.003,222.255,275.215,307.133,372.843,424.237,471.953,503.149,548.108,568.353,621.086,641.183,643.011,584.698,571.593,592.798,627.761,639.715,648.179,657.137,645.762,649.054,634.447,640.47,626.339,554.088,503.436,523.619
673,214.279,223.351,224.078,211.79,199.435,168.975,128.705,97.9575,82.2119,70.1282,65.489,57.5642,48.8224,40.0644,32.9865,29.6054,24.3622,19.589,15.6965,12.7844,12.6822,13.58,15.0931,16.1451,19.5418,25.1291,33.7061,45.7994,55.0172,66.5591,80.37,102.429,128.055,171.747,214.098,268.152,295.992,366.981,406.579,459.949,489.336,537.077,551.429,603.768,632.876,625.998,573.836,557.157,578.512,604.372,624.336,630.615,637.123,628.929,629.198,628.357,628.608,616.398,540.225,494.399,503.337
673.5,211.559,221.899,215.557,208.336,197.773,165.719,125.547,96.2679,80.3511,68.4917,64.7623,56.4636,48.3696,39.0675,32.9112,29.5959,23.7803,19.4893,15.5663,13.1037,12.4918,13.3302,14.7925,15.7798,19.1565,24.4592,32.9397,44.6031,53.1058,65.7485,78.8909,99.487,125.355,167.966,212.627,264.274,294.382,355.762,392.276,445.488,480.954,520.749,552.079,586.718,615.047,620.459,563.578,538.933,557.326,592.024,608.816,620.83,621.138,611.902,606.122,608.146,609.618,601.584,531.163,488.338,489.122
674,207.356,215.217,213.061,205.088,191.841,163.443,125.617,94.4411,78.013,68.4035,63.9301,55.4484,46.7544,38.7442,32.1407,29.5972,23.2554,19.302,15.5058,13.1356,12.6264,13.0716,14.5353,15.5735,18.9003,24.1782,32.1813,43.6447,52.2519,64.7132,77.7384,96.4751,122.836,162.18,207.594,258.187,290.203,348.817,383.446,434.944,469.582,509.16,536.678,575.838,601.823,605.852,548.348,525.831,550.441,582.872,595.558,611.428,600.901,588.285,594.882,606.009,598.722,592.416,516.677,478.652,479.03
674.5,203.68,212.91,207.898,201.302,188.313,160.42,122.631,93.3154,75.3703,67.0075,62.8246,54.5668,45.8368,38.1005,32.0517,29.2178,23.2449,19.0387,15.3132,13.0226,12.5095,12.7909,14.4355,15.0252,18.4251,23.8926,32.0525,42.44,50.3611,64.5706,76.2627,94.5022,118.317,157.873,203.943,253.182,288.568,339.406,377.083,422.979,458.931,495.106,527.763,555.969,585.946,588.899,530.282,510.277,538.279,567.282,583.872,598.249,586.126,573.05,587.287,591.333,587.451,567.535,493.909,462.373,468.452
675,195.675,207.884,207.087,196.91,183.934,156.328,120.19,91.5455,72.8245,65.8413,60.8541,53.784,45.5099,37.9792,31.5798,28.7182,23.218,18.8622,15.3768,13.0754,12.5553,12.5602,14.3178,14.9675,17.8638,23.557,31.6416,40.9291,48.9357,61.8466,74.8156,92.314,116.474,154.922,194.592,245.771,283.242,331.554,372.273,416.022,447.036,475.301,511.565,541.267,569.64,575.17,514.31,499.47,530.29,556.549,570.693,588.534,571.135,559.546,572.825,580.16,578.127,546.529,485.018,448.116,459.049
675.5,193.953,207.345,203.375,194.7,180.292,153.322,116.944,89.6724,71.064,64.0393,58.8011,52.1215,44.8372,37.4505,31.2441,28.0704,23.4585,18.9402,15.4213,13.1526,12.5652,12.4943,14.2271,14.699,17.6544,23.2974,31.325,39.5884,47.8834,60.2441,73.9253,90.4448,113.685,153.454,188.188,240.905,276.461,321.854,367.146,407.014,434.544,461.393,496.836,525.288,561.737,560.061,504.15,490.642,514.474,542.655,555.94,577.375,562.38,548.579,559.846,567.204,563.165,532.826,476.871,435.943,447.102
676,190.477,205.236,202.231,193.318,175.658,149.49,114.438,88.3142,70.3878,63.3091,57.3227,51.5526,44.3737,36.9299,30.7828,27.5881,23.1574,18.8895,15.6075,13.4174,12.584,12.2828,14.1766,14.3393,17.6026,23.1273,30.6731,38.6636,46.1848,58.5699,71.4801,88.3185,112.438,152.424,182.286,234.789,271.085,312.964,360.605,397.926,428.135,452.533,489.22,516.301,543.33,553.413,494.314,486.259,503.844,535.522,544.999,561.698,556.016,541.079,548.976,554.703,555.964,522.466,472.1,425.156,439.995
676.5,188.322,201.248,198.23,191.124,172.952,145.968,113.659,86.5683,71.4892,62.4691,56.4718,50.8906,43.981,36.7638,30.3174,27.7744,23.2637,19.1754,16.0775,13.498,12.6548,12.2437,14.0596,14.0853,17.6418,22.9786,30.1521,38.1556,45.5081,57.989,69.5205,86.1183,111.36,149.818,178.754,231.817,263.755,303.211,355.369,392.328,419.767,444.977,478.668,511.089,536.834,542.495,491.237,478.884,494.607,518.993,534.464,549.15,550.318,526.055,540.031,548.69,551.154,522.478,466.937,418.411,432.93
677,186.051,198.386,193.975,189.34,169.335,143.521,113.227,85.3476,71.2323,62.7759,56.1813,51.5219,43.8163,36.4931,30.7167,27.4726,23.4282,19.0511,16.3791,13.5749,12.7531,12.2425,14.0162,14.0357,17.5798,22.6522,29.5899,38.4364,44.7209,57.682,69.0552,84.9189,109.029,145.65,176.436,228.045,257.874,300.831,344.887,385.567,413.045,443.457,467.095,508.013,536.526,534.095,485.346,475.392,489.266,511.647,527.114,534.7,541.507,513.616,532.529,535.561,541.348,511.758,457.064,411.602,426.665
677.5,182.709,194.016,194.414,186.935,168.584,144.42,112.917,83.9879,71.5497,61.6545,56.9471,51.7047,43.3937,36.8469,30.6131,27.9939,23.8441,19.4975,16.8429,13.7853,12.8223,12.3401,13.9214,14.1588,17.6345,22.3653,29.3373,37.8011,44.9235,56.7596,67.9485,83.204,106.562,141.915,174.284,225.951,255.32,293.555,338.677,380.101,405.295,436.922,453.864,497.32,531.005,526.624,477.002,473.575,476.803,501.711,511.316,524.681,531.451,509.21,516.841,528.202,532.623,502.598,457.143,404.111,415.303
678,179.868,191.124,192.744,184.701,169.839,144.228,111.971,82.5662,70.8226,60.7831,58.113,51.7131,42.9426,37.0257,30.9565,28.0047,24.0742,20.1222,17.3219,13.9675,12.9899,12.6436,13.9023,14.33,17.7478,22.0755,29.3049,37.8599,44.4396,56.1468,67.8861,82.4807,103.029,139.452,172.179,220.506,251.158,291.467,333.239,372.511,404.904,433.002,441.078,489.669,523.199,518.524,469.971,467.348,468.912,501.396,501.466,517.674,520.193,506.606,513.128,521.456,523.409,498.736,449.709,399.883,409.339
678.5,178.817,186.465,192.125,183.271,170.676,143.492,111.05,82.3744,70.4422,60.3327,58.5035,51.4159,42.478,36.6304,30.9271,28.5557,24.3722,20.8999,17.9272,14.397,13.0716,13.054,13.9869,14.5833,17.7923,22.1658,29.2967,37.5731,44.6163,55.1741,67.0541,81.198,101.548,136.55,169.947,216.009,246.916,286.969,334.112,367.439,400.833,425.814,437.13,483.184,510.188,510.385,464.001,464.147,465.892,494.318,497.659,507.485,510.362,499.524,507.633,514.184,508.479,498.311,444.104,395.515,400.115
679,173.258,183.49,189.415,178.965,170.046,141.5,109.037,82.2566,70.07,59.8932,58.9818,50.4857,43.4719,36.9642,31.3615,29.123,24.6101,21.7453,18.5274,14.9086,13.0816,13.3504,13.9552,14.7944,17.9603,22.2854,29.3613,37.2831,44.3508,54.046,66.6705,81.8319,100.945,136.671,168.946,213.134,242.23,285.118,326.994,361.056,395.685,420.297,436.732,471.786,499.384,504.006,458.939,454.857,465.156,485.569,490.956,500.801,500.424,491.22,501.522,514.404,501.72,492.565,433.753,398.993,396.317
679.5,171.662,180.917,190.739,174.706,166.556,137.428,108.757,81.6134,70.1305,60.8731,58.9652,50.8231,44.0481,36.7271,31.7256,29.944,25.4436,22.4582,19.1007,15.2604,13.2285,13.5734,14.0324,14.6403,17.754,22.3107,29.1586,37.3697,44.0738,53.5715,66.5755,79.5183,100.765,135.28,166.95,210.387,235.879,282.704,322.475,357.621,386.776,414.865,435.188,465.887,490.016,501.567,452.889,447.85,458.27,478.133,487.051,492.757,492.854,484.364,501.331,499.16,491.366,476.793,424.497,391.272,392.459
680,169.374,179.951,188.375,173.359,167.054,135.923,107.87,82.6337,70.6174,60.9602,60.0095,51.1546,45.2301,37.2924,32.4792,30.3131,26.4595,23.2507,19.4551,15.8806,13.5741,13.7698,14.2023,14.7553,17.6549,22.4197,28.3376,37.1743,43.9672,52.54,65.9316,77.8386,99.6869,134.472,166.098,209.034,236.871,276.507,316.54,353.298,382.88,408.838,435.785,459.941,481.41,495.809,446.62,436.86,452.935,470.051,479.39,485.26,483.91,480.528,490.811,493.274,483.378,461.439,417.012,383.714,387.713
680.5,171.545,179.511,188.167,172.756,166.357,136.269,108.27,83.1543,69.7384,60.8377,59.9847,51.5783,45.1798,37.7295,33.3172,31.079,27.0996,24.0819,19.9217,16.5712,14.1067,13.9722,14.3086,14.7806,17.7495,22.3424,28.3406,37.0012,43.3568,52.2985,65.0612,77.174,97.8893,134.495,161.899,204.713,236.16,274.152,313.764,350.735,376.055,401.598,427.524,447.623,475.149,489.956,442.976,431.139,445.21,457.652,474.398,481.493,481.147,477.148,481.521,484.095,481.403,447.495,409.113,373.268,383.692
681,167.486,179.148,186.433,173.769,164.796,138.929,107.991,82.9663,70.4465,61.0475,60.0558,52.1243,45.0817,38.9225,34.4613,31.4827,27.6274,25.1588,20.6667,17.2059,14.552,14.2194,14.5734,15.3227,18.1357,22.3199,28.1781,36.9554,43.5832,52.3945,63.2725,77.3575,97.2004,132.038,159.891,202.473,232.332,270.378,311.356,346.343,376.389,394.274,425.797,443.439,473.467,481.324,435.924,423.936,438.943,452.186,473.098,472.265,474.383,474.263,475.315,476.305,474.565,439.98,405.243,368.809,377.974
681.5,165.435,178.342,183.545,173.462,163.67,137.511,104.785,82.8723,70.2068,60.3523,60.078,51.6798,45.5833,39.4191,35.2044,32.1891,28.3973,26.1005,21.4545,17.5735,14.7441,14.4781,14.6823,15.6378,18.3415,22.1585,28.4792,36.7638,43.4548,52.2918,61.8004,77.717,95.5377,127.121,156.408,199.718,229.524,269.932,307.721,341.236,372.088,388.498,420.692,433.609,457.014,473.734,427.958,419.042,429.218,442.691,466.752,467.556,475.604,462.228,474.763,468.39,472.64,433.582,402.27,369.729,372.774
682,162.505,176.186,183.273,172.631,160.886,137.906,103.248,82.257,70.3393,61.0888,59.6415,51.1647,46.1177,40.1939,35.5689,32.4169,28.8843,27.075,22.489,18.1521,15.1025,14.539,14.9077,16.0048,18.5097,22.0893,28.3387,36.6116,43.3914,52.96,60.4854,77.1179,94.955,124.342,155.404,199.242,225.834,265.228,301.915,337.582,367.768,385.865,410.613,436.906,451.268,465.539,420.319,417.977,417.5,434.827,459.594,458.08,469.633,455.212,471.867,462.855,465.628,431.331,401.756,367.562,364.174
682.5,159.25,170.409,182.472,171.814,158.411,134.562,100.042,81.3685,69.822,60.9105,59.8084,50.6256,47.3759,40.159,35.1859,33.0327,29.3839,27.4717,23.0826,18.5577,15.0835,14.7846,15.1829,16.1449,18.5976,22.2518,28.0278,35.7804,43.4738,51.8716,60.2067,76.4283,93.6692,122.951,151.768,198.452,224.582,259.404,296.458,330.05,357.506,379.449,401.752,430.552,442.606,457.372,412.458,413.912,401.773,431.761,450.401,452.059,461.411,443.806,466.879,455.785,460.53,426.144,395.536,365.323,354.894
683,159.731,170.4,180.388,168.044,156.861,133.185,98.9188,81.1185,68.6346,60.9827,58.8405,50.9719,47.0593,40.4325,35.7613,32.9777,29.6139,28.1097,23.3599,19.2979,15.4103,14.8738,15.3112,16.2567,18.2372,22.4188,28.1439,35.552,42.9923,51.7183,60.1087,75.339,91.5569,122.643,151.88,194.809,220.557,254.133,290.451,325.521,352.366,373.896,391.895,427.104,433.69,447.086,404.453,408.129,392.415,424.039,441.017,438.863,456.51,440.136,458.084,447.958,450.953,421.888,389.871,359.323,346.174
683.5,157.913,165.085,174.501,164.673,153.629,131.799,98.6377,80.5384,67.8182,60.5849,57.2777,51.2229,47.5644,39.9012,35.6349,32.8229,29.918,28.0192,23.55,19.4731,15.2712,14.9762,15.4209,16.2826,18.1741,22.5501,27.6467,35.179,42.7209,51.4772,59.8379,73.6416,90.7411,121.177,149.863,190.548,214.262,247.236,286.287,317.018,349.111,368.438,385.55,420.862,425.784,438.126,394.831,397.018,385.582,416.911,433.17,431.371,448.385,428.446,451.545,442.449,443.644,409.568,380.714,351.234,337.486
684,154.785,162.399,171.138,159.739,152.077,130.231,97.7235,79.1891,67.2873,60.0704,55.8694,50.9589,47.2005,39.2814,36.1912,32.5539,29.9984,28.1469,23.8408,19.6124,15.2754,14.8981,15.347,16.4488,18.1061,22.5341,27.5113,34.6474,42.0087,50.5895,58.7616,71.6805,88.6867,117.31,148.391,186.05,209.098,243.155,282.627,315.308,344.991,363.791,386.132,408.417,416.077,428.469,390.259,384.656,381.881,411.544,422.73,423.983,435.807,422.099,447.433,428.36,434.82,399.246,371.427,343.038,326.6
684.5,151.571,162.293,166.124,155.395,149.036,128.489,96.4745,77.4526,66.4077,59.6514,54.2304,49.4327,46.5976,39.0351,35.8036,32.3585,29.5316,27.9883,23.9407,19.3327,15.3056,14.7005,15.3747,16.2172,17.8315,22.2564,27.0434,34.1639,41.3114,50.2522,58.3766,70.1702,88.2164,114.668,144.686,182.957,205.061,239.346,275.887,310.819,334.211,354.212,379.98,399.043,410.282,419.678,380.71,378.438,378.053,403.315,412.047,418.481,428.494,415.049,439.355,419.386,426.032,387.809,364.51,333.631,320.547
685,147.264,160.291,162.287,149.187,143.164,125.519,95.5896,76.0882,65.6374,58.3841,53.5558,48.9488,45.7833,38.927,35.2046,32.043,29.2365,27.6678,23.693,18.8599,15.3243,14.4093,15.035,16.2653,17.5527,21.6675,26.7239,33.6184,40.8788,49.4359,57.3659,68.7877,85.933,110.687,140.688,182.158,205.583,233.575,270.286,302.211,328.555,346.221,370.592,390.765,404.311,410.496,374.22,369.664,370.654,395.961,399.701,412.407,419.129,404.049,426.203,411.684,416.451,384.363,358.271,327.852,312.32
685.5,145.281,158.288,158.302,144.637,139.278,122.915,92.8265,74.7518,63.7401,57.0242,52.8584,47.7521,44.6763,38.2414,34.3151,31.4769,28.4369,26.9096,23.1694,18.704,15.2266,14.1817,14.7697,15.9602,17.2944,21.186,26.1555,33.7004,40.1587,48.3677,56.5218,67.6717,83.8865,110.96,138.881,177.466,202.663,230.512,263.065,296.339,320.595,335.96,362.502,382.769,402.298,403.902,370.454,363.742,366.785,389.182,393.082,402.825,411.998,396.361,412.921,410.071,410.442,374.716,350.653,318.361,302.309
686,141.538,156.281,156.221,142.204,135.511,120.524,91.4251,72.5139,60.9165,55.8775,51.9498,46.7491,43.6405,37.4669,33.3113,30.7062,27.9159,25.8665,22.6139,18.7456,15.1831,13.9995,14.4122,15.7873,16.978,20.7019,25.6893,33.3057,39.2782,47.5976,55.0807,66.4145,82.2299,108.675,138.718,170.917,200.61,225.128,258.373,287.887,314.472,329.726,353.112,380.847,398.594,398.003,363.609,355.894,365.918,380.073,385.162,393.627,401.762,386.641,400.93,403.658,403.136,374.123,343.669,313.468,295.698
686.5,139.746,153.555,154.393,139.97,132.769,118.723,88.6956,70.5245,59.1096,54.8698,51.5452,45.7759,42.5682,36.8552,32.3323,29.8003,27.1069,25.4299,22.3896,18.7992,15.1605,13.8618,14.279,15.5198,17.0124,20.501,25.2794,33.1343,38.7156,46.0787,53.9907,65.6351,80.3598,108.207,136.088,164.253,197.814,217.696,253.242,285.448,311.989,327.092,344.676,376.995,393.664,397.495,360.521,351.374,359.243,372.123,380.002,386.112,395.173,378.854,392.506,393.969,396.773,368.901,335.268,309.794,290.235
687,137.023,150.285,151.095,136.883,128.746,116.903,87.2022,67.5727,58.7747,54.0067,50.564,45.006,40.9688,36.5121,31.7973,29.4456,27.0181,24.9074,22.3952,18.8811,15.3802,13.8083,14.1747,15.1764,16.8908,20.5182,25.0842,32.7075,37.9119,45.359,53.3327,64.8267,79.5103,106.534,133.17,160.572,193.818,214.941,251.432,282.802,304.383,322.275,333.668,370.65,384.825,388.116,354.601,346.039,352.847,361.226,375.25,379.702,387.945,376.953,386.265,384.548,388.643,363.504,330.927,302.698,286.889
687.5,135.799,147.061,148.214,135.546,128.186,114.387,85.0157,66.3926,58.3994,53.3057,49.6274,44.2564,40.6674,36.173,31.9455,29.3641,26.7892,24.8529,22.2884,18.7589,15.3517,13.7639,14.1982,15.0655,16.9307,20.3929,24.9883,31.9081,37.3097,44.4518,52.8917,64.1357,78.5319,105.081,130.157,158.583,192.124,211.003,245.995,277.246,300.242,317.584,328.763,361.929,376.222,382.737,347.51,337.406,349.207,356.196,370.248,371.494,384.841,372.745,379.978,378.084,378.961,364.743,326.255,296.497,279.609
688,134.812,144.229,144.332,135.19,125.251,110.232,85.3547,65.1751,58.0586,52.7139,49.2501,43.6977,40.2399,36.2828,31.8879,29.8452,26.5936,24.6381,22.6695,18.8166,15.5553,13.8822,14.3562,15.2358,16.9983,20.2644,25.2766,31.5641,36.9729,44.0435,52.6553,63.8846,78.4141,103.055,128.388,158.516,189.807,208.517,244.1,274.673,295.368,311.882,326.004,357.892,372.03,375.053,342.291,333.481,346.6,353.939,368.505,363.504,377.931,369.366,375.238,375.199,372.159,356.187,321.591,287.752,277.993
688.5,132.632,140.606,142.348,133.735,126.01,109.075,84.0745,64.3015,57.9491,52.9534,49.1052,43.2074,40.5198,36.0179,32.1809,30.2842,26.7833,25.134,23.0426,18.9752,15.9003,14.0603,14.4207,15.5159,17.062,20.2114,24.9838,31.4122,36.4127,44.0369,52.9719,64.1812,78.0198,102.023,128.532,160.966,185.944,208.663,237.523,270.78,293.189,306.244,327.157,353.645,370.24,372.996,338.879,329.292,346.302,353.597,365.237,359.709,374.239,368.297,372.893,370.655,368.956,348.878,317.945,279.169,275.44
689,131.847,139.9,141.278,134.913,126.969,108.067,83.9436,66.0162,58.07,52.2336,50.0396,44.0412,40.9766,35.7952,31.9986,30.0769,27.458,25.7554,23.5289,19.4864,16.1496,14.3956,14.7077,15.7472,17.3416,20.2955,24.8072,31.5479,36.4617,43.9178,53.2687,64.0135,79.4151,102.015,128.492,159.36,182.627,207.047,234.679,269.002,289.612,305.296,329.113,349.96,370.404,374.405,338.336,326.865,347.355,350.778,364.521,361.173,368.469,369.38,370.433,364.363,367.223,346.612,313.225,279.126,273.003
689.5,130.588,138.906,142.395,134.777,127.921,108.232,83.0684,66.4131,58.3615,52.5886,50.4438,44.7533,41.6533,36.3803,32.5853,30.5679,28.2753,26.4792,24.0627,20.1574,16.7462,14.7417,15.0232,15.9899,17.7277,20.9318,25.0338,31.9326,36.4921,44.0405,53.6794,64.2158,79.8834,103.421,129.278,159.537,180.365,208.274,232.372,269.147,288.292,309.51,335.927,350.404,369.047,370.715,338.527,325.294,342.957,353.852,361.129,364.809,367.26,369.576,371.864,361.037,368.04,348.821,313.454,279.274,272.141
690,130.453,139.941,144.884,137.368,127.145,109.081,84.5274,67.9778,59.8758,52.8224,51.1196,45.5897,42.5821,37.4113,32.8408,31.1129,29.2444,27.4323,24.5612,20.5624,17.2144,15.1938,15.3377,16.2832,18.0294,21.4165,25.3877,32.3291,37.043,44.5271,54.6987,63.5676,79.9363,103.383,130.63,159.24,182.175,210.256,234.127,273.064,285.734,311.285,339.056,354.311,368.326,371.325,341.77,326.822,346.093,354.455,361.416,367.554,364.335,372.422,376.042,364.447,364.296,352.567,311.56,285.124,273.567
690.5,131.361,142.532,146.185,138.795,129.761,109.076,84.6281,69.5942,60.7635,54.1332,51.8021,46.7533,44.0518,38.2845,33.5252,32.2978,30.0864,28.4756,25.465,21.3918,17.542,15.5455,15.9217,16.7514,18.4682,21.9381,26.0908,32.6731,37.6113,44.9657,55.0431,63.9152,80.6442,104.123,131.9,159.676,183.11,212.82,240.291,276.31,285.185,312.563,341.934,356.595,371.495,371.685,344.261,331.329,347.116,359.482,357.872,371.845,365.069,374.794,379.094,365.19,365.096,356.495,318.132,286.205,271.971
691,134.089,144.905,148.934,140.929,130.49,111.515,87.3919,70.0832,61.9556,55.1761,52.602,48.029,45.9732,39.4426,34.5923,33.7875,30.979,29.2021,26.2368,22.2238,18.0069,15.9582,16.2709,17.0997,18.5151,22.3273,26.6465,33.1103,38.3297,46.4452,55.3016,64.69,82.253,104.274,131.645,162.025,183.426,214.777,242.688,280.369,291.941,316.897,343.626,357.89,374.321,377.37,347.526,335.087,343.88,363.804,368.297,378.249,366.944,378.962,378.501,373.264,368.906,356.396,320.989,289.395,273.607
691.5,135.78,147.913,148.535,141.443,134.519,112.546,88.2421,70.684,63.0457,56.4684,53.9107,49.0612,47.3263,40.0658,35.6238,34.7506,32.3639,30.3492,27.0317,22.9384,18.5234,16.4024,16.7754,17.4555,19.3321,22.7295,27.0924,33.0604,38.5595,47.2404,56.0012,65.8169,83.3954,106.015,132.261,162.727,184.902,217.113,242.81,285.519,291.171,320.362,346.675,358.87,376.106,383.129,352.391,339.235,342.522,372.783,377.423,379.689,367.877,382.317,380.314,377.619,373.213,353.571,324.546,287.965,274.273
692,135.222,150.569,149.302,141.198,134.802,112.814,90.307,71.5016,64.1111,55.6673,55.3312,50.4936,48.2678,40.084,36.7637,35.1741,33.436,31.0938,27.4849,23.3439,18.9308,16.9164,17.0537,17.8665,19.8079,23.157,27.4964,33.5431,39.0511,47.9062,56.1699,65.7535,84.4546,107.296,133.132,164.382,188.255,220.535,243.53,288.908,297.693,320.817,346.888,356.037,376.79,388.446,353.798,343.767,345.431,374.78,383.294,384.829,374.811,382.851,376.39,387.112,375.857,358.523,327.548,290.905,277.922
692.5,132.897,152.457,150.095,143.143,136.046,115.874,89.6375,72.3131,65.0401,56.9793,56.3756,51.4153,49.0623,40.8792,37.5123,36.1254,34.4439,31.7292,28.4222,23.8724,19.5766,17.4381,17.4684,18.339,20.3521,23.3595,27.8812,34.2325,39.8331,48.2529,56.6913,66.3212,84.9215,108.097,135.567,166.093,189.092,223.668,245.427,292.85,302.462,323.544,347.031,363.358,378.761,390.745,355.057,351.716,344.013,382.888,381.685,388.29,378.991,385.213,385.577,389.924,380.18,360.928,328.073,293.029,275.87
693,132.948,152.799,152.993,144.914,135.907,117.005,90.9908,72.2841,65.2416,57.9371,58.041,52.0087,49.3884,42.741,37.966,36.7786,34.5069,32.6787,29.5731,24.3457,20.194,17.8173,17.9289,18.7479,20.6571,23.849,28.152,34.4811,40.3199,48.651,57.0745,66.7825,87.0545,109.323,136.708,166.019,190.717,222.909,248.544,293.666,307.385,325.848,346.843,364.9,382.729,394.333,354.999,352.61,349.969,383.342,383.377,388.934,386.285,386.72,386.978,391.839,385.587,364.09,328.815,294.585,276.278
693.5,132.43,151.881,154.387,147.417,138.407,119.78,90.7184,73.006,65.8277,59.2125,58.1115,52.0153,49.4624,43.4219,38.5194,37.437,34.8609,33.4086,30.1978,24.8227,20.219,18.2184,18.2131,19.2311,20.8105,24.0878,28.2897,35.1408,41.373,48.848,57.3744,67.7065,88.4478,108.855,138.211,167.216,190.779,222.378,248.733,293.576,311.343,325.894,350.259,369.533,382.729,394.848,353.213,355.126,350.033,382.947,381.46,386.761,392.349,386.202,391.823,390.432,386.707,366.982,324.918,292.135,274.033
694,134.739,149.253,153.194,148.872,139.056,119.407,91.5205,72.9401,65.958,59.321,58.555,51.9114,49.1261,44.5274,38.5201,38.1685,35.1767,34.4172,30.7091,24.933,20.67,18.4813,18.5563,19.3679,21.0574,24.3313,28.489,34.9812,41.6143,48.5002,57.1417,68.9884,86.7178,109.454,137.195,165.794,192.337,220.96,249.347,291.742,306.988,325.891,351.345,369.202,381.52,396.246,354.812,354.56,356.442,378.639,384.005,383.802,391.847,384.884,392.044,386.166,386.373,368.036,323.006,289.632,273.643
694.5,137.741,147.206,153.722,149.531,138.556,118.962,91.1763,73.7862,65.9536,59.3251,58.5587,52.1112,49.1616,43.8484,38.9279,38.7583,35.9597,34.9657,31.0709,25.3448,20.8648,18.7362,18.7414,19.164,21.193,24.4813,28.4188,34.9891,41.8453,48.4608,57.391,69.4752,86.7515,108.347,136.479,165.085,190.995,220.931,247.812,290.53,303.928,322.896,353.132,369.261,381.977,390.143,357.318,353.26,354.717,373.741,381.763,380.883,389.224,382.792,388.877,381.982,378.82,364.335,323.249,286.235,271.792
695,138.618,146.947,152.418,149.29,137.919,117.299,90.6653,73.8946,66.4144,58.7531,58.9454,52.3361,49.2247,43.8604,39.1716,39.2935,36.254,35.0417,31.5935,25.2064,21.0301,18.7531,18.8739,19.0467,21.4775,24.6311,28.6592,34.7031,41.3708,48.4794,57.8133,69.9553,85.0012,108.53,134.747,165.503,190.467,222.485,249.25,288.853,300.657,320.447,353.404,364.589,377.399,389.426,358.914,353.167,356.536,375.484,378.287,380.389,383.216,378.374,386.076,376.646,372.552,358.374,323.086,284.083,274.186
695.5,138.096,146.784,150.883,148.576,137.345,117.814,90.4356,72.7734,66.8256,58.4147,58.7892,52.3116,49.3004,43.7987,39.6338,39.6036,36.5495,34.9494,31.517,25.7005,21.0855,18.7727,18.9757,19.2,21.5862,25.0864,28.8493,34.7161,41.0767,48.615,57.8128,70.4539,85.3339,106.891,135.116,164.907,188.918,221.638,248.614,288.896,298.126,318.518,350.543,362.061,376.692,382.973,357.262,350.345,351.058,374.791,374.146,375.59,377.277,373.906,384.983,371.597,369.177,351.54,323.708,285.418,270.885
696,135.546,146.305,151.065,148.147,135.227,118.156,89.6934,72.5234,65.9227,59.0586,59.1612,51.4164,49.3091,43.8622,39.7979,39.433,36.1574,34.2759,31.5988,25.9753,20.745,18.735,19.1378,19.3083,21.9752,25.2382,29.2057,35.0182,40.5736,48.5913,57.5893,70.2085,86.0897,106.02,134.484,163.383,189.772,219.751,247.221,286.254,296.503,318.157,344.818,355.838,377.631,377.984,353.43,343.478,348.509,373.857,367.098,371.625,369.685,367.396,381.659,374.591,366.166,354.834,317.754,282.444,265.705
696.5,135.074,144.986,146.387,148.104,133.843,119.013,90.0635,71.4995,65.7453,59.1925,58.5428,51.677,49.2959,44.512,40.0755,39.5234,35.8166,34.2388,31.6623,26.4636,20.7632,18.6762,19.425,19.5044,21.9263,25.4082,29.3616,35.587,40.7504,48.106,57.1093,70.2688,86.3888,105.436,133.002,162.223,188.607,216.238,243.405,283.966,296.635,317.043,341.357,347.945,377.047,373.669,349.019,340.2,346.47,369.488,366.038,370.45,367.062,366.331,380.188,368.291,366.572,347.784,311.955,279.975,264.496
697,134.871,141.62,145.284,144.959,133.795,119.944,91.9511,72.2597,65.3982,59.1967,58.6062,52.0321,49.427,44.9099,40.0777,39.5474,35.7489,33.8428,32.0193,26.8158,20.8903,18.6599,19.6012,19.4002,22.0146,25.895,29.7437,35.8075,40.2343,48.2509,57.2223,70.4515,86.7002,106.33,134.168,160.644,187.887,215.436,240.535,281.564,293.768,314.203,338.642,347.992,377.611,371.46,345.59,336.818,344.645,364.337,364.344,368.148,364.732,366.701,376.663,362.796,364.359,344.968,308.124,274.376,261.795
697.5,135.38,142.937,144.792,144.674,133.151,118.643,90.1884,71.5995,65.3738,58.3793,57.9229,52.2013,48.6097,44.6502,40.4414,39.7344,35.64,34.4922,32.4763,27.1583,21.1874,18.725,19.6682,19.1966,22.0042,26.0477,29.9314,36.1047,39.5112,48.6513,56.5831,70.711,85.1424,107.277,133.673,160.636,186.318,213.898,242.179,280.177,292.926,312.406,338.274,346.943,376.101,369.115,342.221,337.311,343.127,360.606,365.257,368.48,362.034,365.664,373.427,361.952,361.048,340.807,305.818,270.001,261.501
698,134.893,143.246,145.671,142.838,132.765,118.402,89.7756,72.2956,64.6493,57.9832,57.9564,53.258,48.2023,44.651,40.152,40.0051,36.0346,34.6271,32.8659,27.4805,21.6541,19.202,19.7274,19.4985,22.0494,26.3674,30.2404,35.7125,39.422,48.8204,56.2711,70.7375,83.6057,106.791,133.583,160.034,184.663,214.051,240.958,276.25,293.341,311.374,335.328,349.537,375.182,368.477,338.551,336.564,342.231,356.46,361.776,367.21,359.909,366.411,371.443,359.18,357.315,338.772,307.349,267.38,259.138
698.5,134.636,143.431,148.242,144.804,131.466,116.63,89.1764,72.4476,65.0384,57.6687,58.3452,52.1005,47.8008,45.0774,40.8747,40.0724,36.3473,35.4593,33.0973,27.8976,22.133,19.6767,19.9367,19.8649,22.3425,26.5894,30.1263,35.4947,39.5797,47.5503,56.5051,70.3855,83.63,103.748,132.232,158.427,184.128,212.562,240.916,276.143,293.678,308.422,335.645,346.06,377.461,367.217,333.75,338.008,337.486,355.044,356.382,361.435,360.114,362.505,370.301,358.933,353.107,337.834,309.532,266.132,255.697
699,134.751,143.654,148.046,144.11,131.425,116.948,89.1373,72.8336,65.2645,58.1235,58.4275,52.2683,48.2518,45.4412,40.7987,40.0155,36.3752,35.6311,33.861,28.5653,22.7939,20.0451,20.1486,20.181,22.5981,26.8439,30.3145,35.4028,39.5814,47.6905,57.7604,69.0729,84.4667,102.981,131.612,157.669,184.398,213.69,241.06,273.617,295.835,307.521,333.837,344.173,375.135,361.96,333.134,335.123,333.61,351.619,349.866,357.779,356.263,360.363,370.813,355.528,351.707,339.852,311.524,265.742,251.838
699.5,133.972,142.429,146.575,142.359,129.534,116.997,89.7537,73.3496,65.738,58.5332,58.853,52.1279,48.8623,45.6319,41.4853,40.4673,37.2715,36.4686,34.3418,29.3742,23.4953,20.7661,20.3461,20.4141,23.2736,26.9597,30.3948,35.555,40.6673,46.8932,58.221,69.2883,85.5908,102.493,131.033,156.352,185.312,213.597,240.801,273.24,295.46,305.288,337.197,343.091,373.728,363.748,329.042,331.133,332.413,352.593,348.273,354.974,359.877,354.197,366.144,355.31,350.713,335.225,306.996,264.827,252.875
700,135.284,140.863,145.713,139.435,131.374,116.47,89.4667,73.8442,66.3377,58.6473,58.6584,53.1918,50.1921,45.9418,41.5921,40.4437,38.1444,36.9162,34.9161,29.9575,24.0896,21.5531,20.6935,20.7091,23.8161,27.0552,31.0129,36.2694,40.9878,48.1409,57.7318,68.8142,85.8979,105.416,131.073,159.666,185.436,212.196,238.572,270.149,293.043,308.326,332.672,342.27,367.834,360.159,329.681,328.165,325.383,345.069,349.581,351.776,357.884,353.373,362.207,350.805,348.696,333.331,303.896,261.308,249.926
700.5,135.575,139.957,145.158,135.845,131.812,116.917,90.6384,72.7229,66.4066,58.468,59.0158,53.6622,50.6302,45.9727,42.3004,40.8498,38.9886,37.696,35.7187,30.8405,25.1977,22.1394,20.8956,21.2777,24.2133,27.127,31.3872,36.581,41.9826,47.5027,56.8167,68.7829,86.5017,105.591,130.241,159.459,184.433,208.626,235.33,267.345,289.546,308.493,330.531,337.995,365.672,357.398,323.587,324.149,327.898,344.908,352.63,347.857,354.81,349.08,353.29,347.074,350.059,328.861,296.802,262.669,247.777
701,133.81,140.366,145.818,136.444,131.966,116.383,90.8511,72.2272,66.7871,58.765,58.9822,54.1209,50.8671,46.4287,43.403,41.7361,39.9724,38.7069,36.4618,31.7022,26.1261,22.6846,21.0105,21.8926,24.7389,27.459,31.8214,36.8904,42.1083,48.3741,56.6423,69.9911,85.5027,103.645,128.368,157.79,182.153,204.26,232.297,263.826,288.224,309.002,323.895,338.069,357.628,354.914,322.57,320.684,323.587,340.241,354.106,345.433,348.778,349.273,347.882,342.283,349.656,326.498,292.441,259.55,244.547
701.5,134.773,140.662,146.856,136.618,133.279,116.112,92.1562,72.5358,66.9183,60.0598,59.6458,54.3848,51.6698,46.6196,43.9957,41.9974,40.4284,39.9779,37.4638,32.5405,27.0529,23.3723,21.6179,22.3713,25.2994,27.6842,32.3356,37.4348,41.4846,48.1512,56.2636,70.0187,84.8638,101.519,127.594,156.078,180.844,202.888,230.284,264.297,282.335,303.387,322.488,336.75,355.975,354.778,317.583,318.436,319.42,339.129,349.584,341.327,341.487,345.238,344.485,340.421,347.172,323.255,289.961,258.908,237.579
702,134.538,142.203,148.308,140.425,133.065,114.529,91.0921,72.2969,67.3065,60.1114,60.3619,55.3911,51.9805,47.2415,44.8845,42.99,41.3969,40.6431,38.4522,33.6755,27.7729,24.0861,21.8133,22.5627,25.6463,28.2135,32.7629,37.8164,41.9094,48.7385,58.1449,70.3363,84.2817,100.791,125.453,155.127,177.478,200.335,227.654,261.524,279.145,295.2,316,334.48,351.642,352.659,312.744,314.309,312.416,337.253,345.506,341.453,334.554,339.409,338.229,335.308,343.151,318.167,287.238,251.896,233.327
702.5,136.527,138.908,149.107,141.289,133.544,112.981,90.1864,73.5457,68.3056,61.1765,61.6712,55.7662,52.0778,47.8816,45.3268,43.8442,42.6422,41.5538,39.2569,35.0492,28.712,24.8326,22.433,23.0538,26.433,28.7735,33.4397,38.3644,42.3914,49.3338,58.5963,69.5051,83.7162,98.2592,126.343,156.011,175.523,199.362,225.937,256.118,274.975,289.348,314.478,331.601,349.402,342.999,306.361,310.937,307.557,330.973,339.776,337.296,331.105,334.129,335.487,332.261,337.982,313.882,283.936,247.403,231.706
703,139.789,141.675,148.492,140.697,134.742,113.964,89.8084,74.0715,68.7463,61.3149,62.0484,56.9369,52.7609,48.8369,46.5662,45.2973,43.7979,41.9903,39.7854,35.9194,30.1643,25.577,23.0772,23.4388,27.1966,29.4212,33.8749,38.3282,43.0395,48.9374,59.0571,69.1975,82.9235,100.357,126.069,155.593,173.303,196.811,222.766,252.877,268.461,284.209,312.986,325.819,342.407,338.175,301.299,304.842,301.35,323.602,334.352,327.638,325.769,329.495,332.059,331.063,333.641,310.577,279.362,242.971,231.413
703.5,140.645,141.381,148.957,140.43,134.796,115.067,90.872,74.7239,69.5787,62.8109,62.8061,58.4012,53.3568,50.3732,48.0183,46.2567,45.7331,43.8954,41.0233,37.9479,32.1742,26.3754,24.2001,24.4943,28.0761,30.3055,34.4498,38.994,43.1123,48.8924,58.7987,69.0341,82.2672,100.431,126.488,151.769,170.324,195.401,222.4,250.8,265.009,285.946,311.084,319.637,337.617,333.647,299.94,298.682,303.953,320.182,325.716,320.798,320.162,326.451,328.605,325.329,332.604,307.784,276.083,244.067,228.718
704,140.007,144.308,149.141,140.522,136.144,116.98,92.9745,76.1099,70.7245,64.5829,63.6756,60.5731,55.4605,51.772,49.8673,48.5846,47.5648,45.6414,42.4476,39.8702,34.1024,27.5545,25.1558,25.7503,29.0978,31.2111,34.9933,39.3393,43.2686,49.0505,58.707,69.6588,81.9498,101.882,123.823,148.919,169.168,191.948,219.383,245.912,261.887,281.676,307.835,318.909,331.56,330.273,295.203,295.058,302.433,315.006,322.094,314.746,319.709,324.174,324.86,322.287,325.571,305.094,274.985,241.001,226.058
704.5,139.68,146.165,150.022,142.8,136.53,117.678,94.0591,76.4419,72.0824,66.1792,65.16,62.0547,57.8526,53.674,52.2853,50.0278,49.6549,48.1782,44.1615,42.0283,36.211,28.5904,26.1879,26.7231,30.3514,32.383,35.7965,40.2312,43.453,49.5288,59.9493,69.5662,82.4163,101.935,122.85,145.982,167.111,190.429,218.256,245.392,260.291,278.526,303.894,314.383,328.117,328.223,298.493,294.078,300.372,312.663,323.094,310.424,316.636,322.777,320.254,319.67,320.226,299.763,275.678,237.578,220.475
705,140.389,148.691,152.223,144.58,137.461,119.341,97.1621,78.1935,73.1805,67.6309,67.0863,63.5306,59.7813,56.0931,53.8295,52.6466,52.2649,50.9232,47.307,44.8619,38.2973,30.1372,27.0659,28.4761,31.4283,33.8724,36.348,41.2954,44.281,50.3058,60.8049,69.5276,83.147,102.33,121.912,143.812,165.867,186.949,215.981,242.148,258.667,274.367,297.831,311.414,323.339,324.288,297.532,291.713,296.014,306.085,318.695,308.743,313.624,320.216,318.494,318.767,317.681,295.808,273.398,235.496,219.468
705.5,142.212,151.71,153.092,146.772,139.792,121.775,99.6266,80.3668,74.4947,70.2305,69.5111,65.5012,62.9869,59.0351,56.4265,55.7921,54.4748,53.9733,50.2968,48.0675,40.4695,31.9987,28.9358,30.0556,32.9186,35.8755,37.8597,42.6595,45.1517,51.175,61.4951,69.1439,84.7272,101.116,122.063,142.399,164.827,183.633,214.431,238.822,255.883,274.148,289.793,306.671,317.424,318.862,293.768,290.948,288.759,301.053,312.836,306.01,307.021,318.098,316.758,320.544,312.842,288.301,270.82,232.899,219.167
706,145.853,155.815,154.986,150.147,143.482,125.715,102.227,83.3851,76.7862,72.7539,71.8507,68.1264,65.9188,62.9383,58.3036,59.622,57.572,58.3267,53.975,52.6019,43.2756,34.5658,31.3448,31.7038,34.0326,37.5131,39.5154,44.2285,46.6421,52.62,62.5566,69.9531,85.1729,102.014,122.884,141.804,163.114,183.465,212.032,235.855,254.818,270.954,286.427,301.247,316.035,317.604,289.381,286.7,291.206,294.69,306.298,306.353,302.421,314.948,314.494,318.977,312.697,283.629,267.945,230.848,218.972
706.5,149.761,158.509,159.305,155.665,147.863,128.848,106.119,86.7695,80.1262,76.6206,75.1657,71.1187,68.5717,67.2885,61.7971,64.205,62.1166,62.7973,58.4533,57.3289,47.3619,37.69,34.7034,33.6738,35.9011,39.6396,41.8796,45.564,47.7834,53.3763,64.1756,70.6925,86.1821,102.139,123.612,143.4,161.374,183.13,210.608,232.386,252.216,268.798,282.634,299.693,313.79,313.919,284.646,285.66,282.087,295.296,302.986,305.488,303.248,314.491,313.879,314.843,310.22,285.51,262.444,228.619,219.279
707,154.478,162.819,162.837,159.32,152.283,133.051,109.954,89.5209,85.5345,80.2469,79.2086,74.2704,71.6869,72.2833,65.4725,68.9982,67.5511,68.809,63.5903,61.8371,51.2115,41.2859,37.5405,36.131,37.8506,41.7903,44.4527,47.6667,50.07,54.4351,66.6914,73.7426,87.213,103.435,124.837,144.1,159.915,181.043,206.582,232.148,251.486,264.908,280.938,300.023,314.175,312.152,285.038,282.799,279.203,293.976,305.12,302.338,304.702,311.253,314.296,313.406,309.985,287.789,264.25,229.18,218.391
707.5,160.176,166.861,167.591,166.688,156.827,136.408,114.237,94.4786,90.3393,83.0846,83.4881,79.148,76.8287,77.7936,71.7829,73.8272,71.7683,74.0465,69.5785,67.6774,56.8374,45.2496,40.5945,38.9352,40.995,43.9351,47.5232,49.2162,52.24,56.0162,68.8689,76.8182,87.466,106.147,123.112,144.906,159.971,178.759,205.639,230.912,249.706,263.196,281.83,301.375,310.652,310.625,282.428,281.77,279.577,293.043,307.338,300.241,301.172,310.481,312.423,311.642,312.123,290.916,262.044,232.144,216.875
708,164.98,171.442,173.218,172.07,160.453,142.968,119.861,101.569,95.9595,88.5973,88.9852,85.1661,82.7285,83.2684,78.9431,79.493,77.3716,80.1599,76.1973,74.175,61.5952,49.5944,43.8066,42.2256,43.9129,46.9992,50.4446,52.6815,54.4912,58.4962,71.6697,78.5691,90.2206,107.483,125.338,143.439,159.871,179.179,204.633,230.418,244.522,264.08,279.906,301.898,308.582,311.358,285.458,282.126,283.597,293.639,308.325,303.926,301.678,310.697,307.798,308.417,312.366,294.591,264.622,234.683,216.093
708.5,172.571,177.049,179.997,180.272,166.335,148.688,124.699,109.658,101.973,95.2065,93.8819,92.1267,89.8828,89.5971,87.3654,86.1155,82.7852,87.3503,83.3908,81.1451,68.1741,54.8603,47.9119,46.1263,47.4497,49.8847,53.622,55.5129,56.9673,62.3788,74.807,80.9011,92.4749,110.618,126.295,144.644,160.261,179.064,207.608,228.595,244.04,261.88,285.674,302.164,311.854,309.666,284.609,282.085,285.573,292.167,308.983,299.409,304.515,312.757,303.975,310.512,313.392,296.089,264.768,237.794,217.821
709,182.853,183.8,189.324,188.336,171.25,159.185,131.97,117.341,109.241,103.215,101.371,96.7224,97.9224,96.2407,95.2489,93.8618,91.3117,94.8168,90.4043,89.1561,75.0354,59.7838,52.4397,49.9549,51.4619,54.1715,56.8467,58.9354,59.8753,67.8588,77.6987,84.0691,95.7229,112.226,129.114,144.936,159.404,181.904,208.166,227.942,241.085,262.305,287.877,302.591,312.765,311.749,286.595,282.54,287.831,294.132,309.11,302.33,307.403,314.746,301.15,311.652,316.998,298.253,266.64,239.102,218.547
709.5,193.653,192.273,198.875,197.588,181.375,167.463,141.154,124.313,117.511,111.479,109.407,103.948,104.626,104.46,103.604,101.142,101.127,103.156,99.3566,97.1278,82.2417,65.2848,57.2505,54.1585,55.6993,59.3241,60.3251,62.8124,63.4505,71.343,80.8302,89.317,100.149,114.737,132.12,147.063,161.723,185.137,207.617,229.79,244.624,263.746,289.284,304.445,317.566,313.154,288.711,285.737,291.22,297.318,308.42,302.216,311.616,318.338,309.746,311.605,320.613,302.567,270.114,240.993,224.281
710,206.125,202.115,206.943,206.963,194.247,178.497,151.945,132.242,126.908,119.317,118.607,111.288,113.683,113.884,113.11,110.851,112.322,112.283,108.842,106.497,90.3984,70.9681,62.7265,59.5744,60.3872,64.6135,65.0364,67.6641,67.6427,75.4622,85.4429,94.5446,104.52,118.023,136.406,149.475,164.144,186.775,209.239,233.778,244.587,269.978,289.818,309.513,319.673,314.735,291.866,285.692,293.238,302.636,313.107,300.938,315.827,319.322,317.552,318.204,324.606,305.006,273.887,243.824,230.447
710.5,217.317,211.705,219.056,219.591,205.388,190.317,161.142,141.089,134.73,129.517,128.231,121.844,123.227,124.07,123.857,121.458,123.6,121.781,118.154,116.085,97.5415,77.7168,66.9556,65.1384,65.5474,69.5495,70.06,71.4867,71.6854,79.6194,90.5957,100.478,109.913,121.23,140.76,151.175,166.27,190.571,212.687,238.342,251.207,272.567,293.647,314.104,323.26,319.195,293.038,290.416,300.248,307.837,316.527,306.663,318.879,323.839,316.806,323.513,327.076,310.016,280.569,248.78,236.901
711,227.365,221.817,233.582,230.591,218.946,200.322,171.549,153.896,144.574,138.692,136.948,133.834,134.366,134.455,133.772,132.535,135.744,133.958,127.264,125.501,108.176,84.2015,71.8408,70.8623,70.688,75.1908,75.1971,76.9577,76.4321,84.8665,95.6696,105.847,113.971,126.187,144.536,156.01,171.769,193.211,216.764,243.656,258.25,277.178,299.192,318.895,325.352,323.81,302.215,294.81,306.999,314.758,323.303,308.436,324.586,331.112,323.206,329.281,333.91,316.432,285.804,255.208,244.618
711.5,238.038,231.685,250.854,245.221,227.794,213.454,183.017,162.993,154.451,149.498,147.291,143.166,146.039,145.5,144.476,143.848,145.695,145.991,137.436,136.715,119.161,92.1017,77.73,76.6978,76.4106,80.9471,80.05,82.1129,81.4859,90.5689,101.511,110.43,120.229,131.185,147.561,159.321,173.762,195.693,220.72,250.324,264.739,281.158,305.15,321.922,330.251,329.615,306.801,301.359,315.086,326.452,330.806,320.158,331.853,336.387,328.007,338.196,341.254,325.015,292.909,260.599,249.112
712,245.071,242.452,265.578,258.343,243.162,223.096,197.338,173.542,165.195,157.673,156.062,153.68,155.714,155.994,153.223,155.399,153.242,157.485,149,149.168,129.339,99.0878,84.1903,82.9156,82.1189,85.9257,85.1904,86.655,86.5805,95.8321,107.717,115.327,126.658,135.439,151.908,164.591,178.447,201.794,226.563,254.737,269.044,288.119,308.251,325.422,335.894,339.602,320.012,309.361,322.501,330.618,334.842,329.479,337.61,344.922,339.045,343.59,347.151,331.154,303.475,269.7,258.542
712.5,256.02,259.052,275.827,272.79,256.756,235.809,210.661,181.854,176.216,167.537,167.433,163.981,165.271,165.957,165.384,166.53,162.225,169.45,161.863,161.529,138.904,107.628,92.0767,88.7428,87.561,90.5783,90.4694,93.1236,91.4376,100.551,113.196,119.832,132.222,141.765,157.282,168.495,182.066,202.317,230.45,258.739,277.212,294.899,312.436,330.159,341.621,349.819,325.198,318.547,331.718,338.81,343.972,340.965,347.762,353.954,346.286,346.878,353.653,339.813,309.64,276.959,264.056
713,272.059,275.789,290.311,285.162,274.272,244.998,223.068,190.9,186.357,177.192,178.612,174.903,174.978,174.798,174.912,177.062,169.804,178.983,176.069,174.864,149.604,114.222,99.0256,94.3552,93.0688,95.6127,96.6361,97.5335,97.6581,105.82,119.212,126.352,138.801,146.948,163.447,174.079,186.746,207.707,237.071,265.303,285.425,302.878,318.91,335.244,348.129,358.286,330.799,323.839,339.053,341.236,351.005,354.541,356.305,361.02,353.794,357.716,362.298,347.603,319.283,286.647,269.467
713.5,290.428,290.681,297.729,300.294,287.732,257.293,235.276,199.533,197.08,186.766,191.355,182.637,185.94,186.247,188.076,188.128,183.206,190.344,189.076,185.605,159.658,120.178,104.65,99.1319,100.165,102.335,102.942,103.573,102.994,112.885,124.006,133.279,143.734,154.233,170.081,180.153,192.836,212.716,240.496,270.021,294.262,310.65,325.04,345.534,350.469,361.662,340.83,335.851,350.916,350.596,358.001,365.523,367.022,370.917,367.175,366.235,371.042,364.784,324.955,294.871,276.074
714,307.741,303.391,312.782,310.953,302.127,270.223,247.187,211.143,207.84,197.115,201.283,194.331,199.165,199.198,198.388,198.544,194.599,202.847,201.019,199.368,168.426,127.209,111.91,103.539,105.262,109.146,108.364,109.119,109.91,120.057,129.245,140.426,149.469,161.022,176.528,184.41,198.851,215.582,245.615,275.799,299.322,316.76,332.001,351.124,359.999,369.774,348.649,339.989,356.812,359.622,364.527,375.503,375.049,383.008,378.294,376.949,381.216,372.906,338.195,305.412,284.761
714.5,313.972,317.465,322.713,323.977,315.562,280.547,257.654,220.771,218.068,207.633,209.298,202.369,208.471,212.576,208.396,211.056,208.111,214.665,212.318,210.131,179.225,130.912,117.981,109.015,111.331,114.468,113.769,115.179,116.487,127.154,134.577,147.836,155.646,164.94,182.363,189.935,204.554,222.208,249.602,279.903,304.84,326.026,335.029,354.542,371.217,376.912,353.5,348.914,364.832,370.791,373.3,388.98,382.725,393.93,387.814,384.764,386.485,385.816,343.981,313.566,289.201
715,324.766,328.248,330.746,335.278,325.33,296.371,267.763,233.374,223.231,220.08,217.966,215.386,218.017,225.586,217.476,220.713,220.838,224.16,223.592,220.155,186.646,139.844,124.44,114.777,117.664,120.851,118.965,120.746,120.728,134.023,140.959,152.928,161.761,169.927,186.667,193.334,208.866,229.153,254.209,283.95,309.748,330.836,340.753,357.561,379.772,390.186,361.326,358.513,368.712,380.556,383.358,390.356,390.442,394.519,392.258,392.733,395.222,391.277,356.809,321.639,301.297
715.5,335.693,340.273,343.697,349.11,339.583,307.575,282.209,245.667,234.282,228.327,226.781,223.128,224.834,237.492,226.996,232.372,233.289,237.176,230.868,232.118,197.5,146.973,131.151,122.408,122.585,126.333,123.29,126.773,124.704,138.502,147.24,160.036,167.843,176.141,190.635,200.474,214.056,230.861,262.329,292.681,319.135,336.62,346.6,364.883,388.53,398.35,369.297,370.025,376.771,385.979,387.915,401.862,400.499,400.226,402.733,404.615,405.522,399.359,368.686,325.792,307.931
716,355.25,353.241,357.815,363.906,350.032,319.829,295.943,258.758,243.597,241.109,238.225,232.058,237.713,246.442,237.09,245.096,244.469,249.142,240.91,242.165,205.777,155.112,137.812,127.938,130.422,132.477,129.386,132.726,130.186,144.242,153.545,167.712,176.26,184.259,195.53,205.717,218.975,237.081,268.878,301.197,325.538,341.509,354.774,378.835,396.208,407.938,378.179,379.447,389.136,394.713,397.319,408.339,405.976,406.041,415.828,410.332,419.213,406.202,380.517,332.522,319.664
716.5,376.232,366.12,378.023,372.984,367.481,338.428,308.191,269.625,259.349,250.974,248.514,239.141,250.386,257.089,247.912,256.61,253.811,261.302,253.704,251.952,213.38,164.61,141.701,134.524,136.824,139.647,134.937,138.538,134.66,148.994,159.705,173.51,180.92,189.266,199.518,211.528,224.246,240.364,279.128,308.452,331.544,347.454,363.221,390.74,399.749,414.914,388.675,388.968,391.774,400.409,406.334,419.613,410.222,417.185,426.631,421.856,430.004,417.436,391.881,347.006,330.883
717,394.222,379.147,392.333,382.381,384.245,350.29,319.542,282.068,272.53,261.843,255.538,248.8,263.723,267.697,257.905,268.146,265.482,273.555,265.574,257.348,223.32,171.237,148.329,141.369,143.9,144.436,140.724,144.891,140.916,153.618,165.408,179.686,187.542,192.357,204.922,215.014,228.919,250.525,284.796,316.588,336.08,353.909,366.051,402.909,409.235,424.523,398.586,396.05,398.775,414.649,415.444,430.873,423.055,431.725,441.849,430.622,437.227,425.784,399.724,355.611,341.283
717.5,404.661,397.324,409.57,394.672,399.334,365.012,330.246,289.026,285.241,272.418,266.294,257.789,279.72,282.115,270.915,279.104,276.361,284.284,276.579,264.847,235.146,179.918,154.003,147.615,149.831,151.233,147.75,149.718,147.028,158.57,171.059,184.28,192.382,199.923,211.413,219.462,233.266,257.808,287.947,324.906,342.574,357.863,374.882,401.508,414.583,434.521,404.709,402.881,406.967,422.772,422.516,438.775,431.939,437.064,447.233,436.718,447.832,434.678,406.736,369.289,351.322
718,416.22,409.948,427.462,411.125,412.983,378.259,341.582,301.938,294.447,281.241,277.446,271.486,292.035,292.171,280.983,288.607,289.484,295.492,292.547,279.535,247.841,190.262,160.316,154.219,155.349,155.946,153.687,155.867,152.272,162.236,178.133,188.864,200.16,208.389,217.585,223.07,237.021,263.509,293.789,332.144,346.069,365.493,379.926,408.213,420.848,441.2,412.679,407.622,416.962,433.337,432.385,446.245,446.68,444.888,459.576,447.863,456.64,443.103,416.001,375.889,361.331
718.5,421.948,426.537,442.137,428.227,430.172,387.344,353.318,311.975,306.921,292.268,290.575,284.487,300.196,305.57,291.411,298.656,299.631,308.582,300.937,297.601,255.186,197.156,167.656,160.569,161.835,164.226,160.563,162.316,160.986,168.599,183.878,194.739,205.764,213.272,223.245,228.323,239.957,268.835,297.357,337.093,354.633,371.807,389.099,411.639,421.543,447.698,413.02,410.528,432.817,439.912,445.564,455.09,455.757,452.909,462.412,458.982,462.614,447.215,428.332,388.61,370.878
719,435.712,431.18,457.762,444.323,438.073,402.981,368.118,325.059,314.844,299.68,299.419,296.277,310.372,315.666,303.175,310.026,307.429,321.427,315.035,316.041,266.091,205.049,174.022,166.675,169.501,172.472,167.212,168.986,166.161,174.816,189.306,202.942,213.598,221.454,230.144,234.176,243.91,274.304,303.171,340.782,363.956,378.621,393.216,418.543,426.903,454.074,423.69,419.156,438.573,446.407,457.929,464.6,466.449,465.455,472.194,474.435,475.685,458.597,441.095,392.86,382.292
719.5,448.234,446.011,462.144,463.404,455.581,412.218,377.619,333.065,328.996,314.136,306.657,305.679,312.926,325.861,315.513,320.424,319.48,332.77,326.367,326.955,273.453,213.936,180.58,173.085,175.802,180.983,172.834,175.013,171.676,182.798,195.511,208.553,218.598,227.701,235.526,238.023,247.866,278.507,306.689,346.751,369.59,384.11,396.289,426.593,435.86,456.797,430.582,428.583,445.149,454.677,464.486,469.223,475.943,475.099,479.649,485.821,490.639,472.056,447.113,400.482,393.827
720,464.533,459.325,476.169,483.539,473.087,427.383,392.158,337.442,338.822,322.548,316.954,320.21,321.595,333.164,329.933,335.199,330.78,347.897,342.413,341.035,286.061,224.091,187.545,180.875,182.756,187.429,177.409,178.022,174.303,186.983,200.929,214.673,222.303,236.549,238.027,246.763,255.346,282.387,311.405,355.137,375.972,391.209,402.366,429.946,446.987,461.789,437.935,429.951,451.163,460.607,468.615,477.688,483.866,483.675,488.878,499.97,502.57,486.72,448.582,406.971,398.387
720.5,478.146,472.529,490.257,492.643,498.449,435.51,404.327,354.113,348.012,331.023,331.575,329.014,330.704,344.649,345.319,348.048,344.858,357.743,362.975,354.681,295.403,232.282,194.214,187.395,187.468,194.116,183.71,183.734,178.62,191.589,207.206,220.323,223.668,241.103,243.17,253.632,261.949,286.48,316.128,361.492,381.193,393.942,409.857,433.538,457.968,469.974,441.78,437.063,459.169,462.625,477.249,483.567,489.916,494.21,493.425,510.073,512.269,496.65,453.595,417.899,406.533
721,486.606,490.322,509.034,507.464,514.017,448.971,414.223,362.232,358.084,343.017,343.35,340.242,343.988,354.222,360.828,357.63,357.81,369.362,373.727,365.671,303.837,239.336,204.135,192.277,190.171,199.46,189.547,187.842,184.222,197.506,214.062,226.758,229.434,245.151,247.442,259.611,269.006,287.737,320.534,367.756,385.579,401.336,415.987,438.729,466.853,475.096,454.49,443.054,465.724,469.169,479.031,492.919,495.242,505.998,505.357,513.136,514.688,503.769,460.431,428.332,411.45
721.5,492.268,505.499,524.117,513.999,524.55,460.149,425.681,372.419,364.171,350.614,355.597,353.338,360.394,367.459,378.621,369.237,369.805,384.604,384.912,377.189,313.524,247.621,211.002,196.985,194.461,204.65,195.811,193.559,190.874,207.141,217.957,235.21,237.031,249.356,252.508,263.059,273.551,292.331,327.903,371.897,390.254,407.7,425.256,450.43,471.879,485.689,458.81,459.069,468.467,477.287,487.445,503.466,500.848,511.82,512.519,524.031,512.59,511.819,472.628,434.554,419.522
722,507.318,515.339,541.808,528.267,534.798,474.008,435.745,375.432,367.345,360.815,366.816,362.482,370.712,377.54,391.134,379.665,385.303,390.962,393.381,382.723,329.279,256.882,219.112,201.051,201.954,208.905,201.717,200.335,199.111,213.5,222.82,242.532,243.398,252.423,259.415,267.639,274.61,296.259,329.364,373.822,392.98,415.946,428.839,459.363,478.351,490.763,464.574,471.113,472.594,481.746,488.875,510.271,504.795,514.737,522.513,531.61,518.945,518.877,477.5,438.088,427.772
722.5,516.9,524.408,553.916,535.564,544.485,486.412,447.416,382.142,377.381,373.344,378.873,372.165,375.798,382.298,397.814,392.485,398.376,400.747,405.863,389.747,340.367,264.768,223.023,204.49,208.772,211.825,206.471,204.519,204.04,219.603,229.983,248.341,247.993,256.362,262.545,274.076,277.615,299.257,330.651,376.466,394.18,423.236,432.212,467.823,479.308,501.286,462.408,477.542,472.609,490.165,496.487,511.702,517.209,522.481,527.491,537.671,524.021,529.587,482.496,439.422,437.975
723,528.761,531.955,573.915,542.866,552.494,502.906,459.07,397.247,384.916,383.322,390.759,384.215,378.75,393.307,403.365,403.694,404.652,406.838,413.989,397.982,346.219,268.942,226.643,207.38,214.718,214.006,211.692,208.344,208.124,224.539,233.479,252.796,251.586,263.963,263.921,278.067,278.745,307.964,338.386,377.911,391.818,428.019,442.552,472.424,483.948,503.923,465.419,482.461,476.24,490.498,507.231,514.567,517.759,527.866,535.173,546.581,535.397,527.151,490.748,443.529,438.37
723.5,543.855,538.175,580.679,557.079,554.243,513.318,465.735,409.029,394.682,397.906,398.134,399.484,387.122,399.432,407.403,416.203,410.863,416.11,411.196,407.264,349.977,272.201,230.469,212.286,216.418,217.803,216.09,211.646,211.076,228.294,238.383,254.236,259.585,267.444,265.13,281.357,276.589,311.286,341.452,381.649,393.608,428.75,443.925,480.305,487.133,503.312,471.245,486.157,478.413,493.397,515.894,513.136,524.115,534.211,543.981,552.279,539.783,533.404,497.731,450.811,441.616
724,552.101,547.418,584.702,565.02,565.371,522.535,473.547,426.686,401.288,405.71,405.968,405.824,395.838,404.131,410.505,424.663,414.121,425.91,419.758,412.544,351.237,277.905,236.36,212.6,221,221.193,219.801,215.059,213.709,234.742,242.624,257.536,262.578,273.238,266.649,278.978,277.164,312.298,347.95,382.086,396.327,431.066,448.191,486.051,493.188,504.113,474.171,488.786,487.051,496.384,522.433,522.736,527.171,538.289,541.052,558.071,543.692,536.507,504.454,459.488,443.493
724.5,559.435,556.43,587.519,581.276,576.374,526.736,480.107,430.964,405.945,417.261,403.257,412.652,408.357,406.822,412.993,432.434,421.726,433.748,428.152,414.809,359.73,283.153,241.351,218.164,225.298,224.839,222.804,220.314,214.983,235.101,242.779,258.398,264.491,274.579,266.821,280.077,278.751,315.249,350.528,387.074,404.583,427.954,446.027,486.372,493.338,504.752,474.162,490.101,492.521,504.57,526.847,523.473,530.567,542.949,545.155,559.87,547.169,542.243,508.993,463.853,449.292
725,572.668,565.16,592.662,580.021,583.576,535.068,479.798,437.276,407.865,418.225,406.633,411.794,415.337,405.142,415.069,441.841,425.279,441.218,440.399,417.146,361.147,288.489,245.468,220.266,226.092,230.358,223.353,221.934,214.432,234.429,243.797,262.901,268.168,276.476,268.191,279.91,282.412,315.436,350.425,386.181,409.865,426.187,438.793,481.112,491.059,514.132,476.964,491.891,494.792,509.047,519.06,528.604,533.588,543.74,552.507,562.236,550.614,544.678,509.099,475.173,456.195
725.5,578.518,570.753,593.948,581.279,590.14,528.744,486.535,436.331,417.972,423.398,411.044,415.809,419.691,404.215,420.042,445.215,428.931,438.391,448.642,421.837,367.346,291.84,248.633,224.89,227.64,229.459,227.61,223.599,217.167,232.21,246.418,258.163,269.058,277.572,270.498,284.302,283.091,316.742,350.036,386.568,408.957,425.428,440.277,476.208,492.79,516.42,479.435,490.964,496.57,510.74,521.141,528.987,530.353,541,556.65,562.088,554.257,542.079,509.966,475.704,454.995
726,583.634,570.657,597.372,579.343,592.002,535.94,490.321,440.432,417.747,425.412,415.316,414.785,420.912,407.374,428.512,445.03,431.509,443.99,453.958,425.431,372.102,291.977,253.255,225.245,229.355,233.418,230.179,222.926,219.413,233.168,248.335,260.874,275.799,278.281,274.329,282.723,281.114,317.125,347.06,384.52,412.281,425.072,444.057,470.474,493.796,513.042,483.195,489.635,496.921,503.404,527.384,530.971,531.36,541.955,560.389,568.707,551.494,537.569,503.816,479.313,453.411
726.5,587.659,574.775,598.15,587.381,587.388,535.925,492.738,440.867,423.592,426.761,418.847,415.142,423.969,419.639,434.809,445.264,429.638,439.161,453.151,428.909,376.528,292.21,253.688,227.697,232.29,235.123,229.755,223.132,220.828,231.129,251.306,261.075,276.613,279.511,273.804,282.311,282.614,316.49,345.021,382.159,406.005,426.467,443.47,472.052,493.026,513.329,478.736,486.847,497.974,503.708,531.527,527.99,525.391,541.747,554.525,571.173,553.93,533.45,504.606,476.439,451.6
727,582.992,576.444,598.862,593.329,580.334,539.393,488.65,440.069,421.589,420.27,418.737,415.69,422.565,430,428.977,442.523,435.399,443.989,451.299,431.515,382.218,293.698,257.388,227.292,231.621,237.137,229.427,222.704,224.22,231.952,251.781,264.293,274.952,280.069,274.019,282.02,283.394,313.472,342.648,381.846,401.735,424.781,442.906,475.434,488.447,510.111,480.24,483.967,498.757,495.708,530.568,523.992,524.101,539.628,550.853,572.317,554.649,532.457,498.565,476.935,450.508
727.5,575.939,572.668,604.878,589.843,577.613,534.329,485.171,432.324,424.149,417.037,412.503,416.826,420.388,443.294,427.029,445.312,432.112,437.285,452.292,435.408,380.015,292.709,252.743,226.889,233.275,237.365,227.093,222.368,224.268,233.641,251.069,265.375,271.946,278.4,271.858,281.448,283.191,310.632,340.614,373.295,397.613,427.071,444.625,475.438,486.863,509.647,478.676,486.778,500.531,501.186,527.621,524.995,526.734,533.357,547.475,563.973,561.086,532.841,499.475,475.906,460.057
728,570.861,567.756,604.349,589.079,569.513,532.137,478.681,425.711,424.741,414.124,411.182,418.215,420.299,442.235,418.798,441.967,434.362,431.312,450.035,424.076,376.288,289.04,250.629,224.845,231.957,235.899,223.898,222.307,224.321,236.616,251.714,263.909,267.932,274.64,266.601,281.064,283.68,303.819,337.79,373.619,395.956,423.187,442.203,470.094,486.65,503.844,477.524,479.907,495.25,503.093,518.355,515.592,523.813,530.376,546.151,556.435,556.8,532.767,493.626,474.48,458.18
728.5,565.929,559.601,595.809,581.086,569.644,524.722,484.171,417.904,423.357,413.324,411.215,416.082,423.55,442.296,423.338,446.537,431.606,436.81,447.113,419.567,373.44,290.27,244.856,226.38,231.618,232.547,221.667,218.562,221.157,236.219,250.122,261.574,269.078,274.359,265.348,279.719,278.525,302.474,329.385,373.378,391.293,425.126,442.086,463.972,488.963,504.786,474.796,468.561,492.039,506.984,513.941,512.299,523.524,522.559,543.199,551.812,548.625,532.331,494.629,471.997,457.752
729,561.476,558.183,589.904,581.344,563.59,522.942,486.949,418.453,428.322,411.49,411.071,411.39,415.089,434.54,418.413,443.699,421.832,433.822,442.098,412.995,366.004,289.484,243.868,227.107,227.905,229.05,219.723,216.504,218.67,234.329,247.255,262.859,268.589,268.885,263.374,279.153,272.406,302.408,326.156,371.903,390.975,413.207,435.689,464.175,483.2,497.656,468.126,460.338,489.578,503.716,510.452,513.588,519.383,523.337,546.063,554.399,546.62,526.44,490.691,466.726,454.165
729.5,554.359,550.153,585.031,576.772,557.809,525.985,479.055,427.882,425.648,405.491,413.002,405.536,411.426,424.229,421.156,441.204,420.015,441.337,440.652,411.609,362.539,288.238,241.965,227.686,226.521,224.393,219.18,213.104,213.905,229.305,239.298,261.328,264.736,263.209,259.631,275.782,269.966,301.96,325.363,371.562,391.957,409.76,428.924,467.247,477.038,495.145,463.389,452.065,483.738,494.479,506.752,515.793,518.062,519.837,543.505,550.545,536.505,516.818,487.239,465.417,452.843
730,543.776,552.547,579.453,572.656,554.079,521.09,476.313,429.107,422.979,397.346,406.921,406.078,400.503,414.664,415.718,436.514,417.729,437.21,426.437,408.023,360.387,280.524,240.601,224.615,223.19,222.448,221.048,212.035,210.585,227.42,235.595,257.601,261.727,259.773,259.59,271.865,269.047,299.795,327.943,371.032,388.145,405.189,429.51,467.457,474.159,486.557,455.945,455.882,479.365,487.071,500.153,511.679,513.206,512.57,534.257,544.289,532.606,509.036,480.566,458.2,448.57
730.5,537.081,540.98,575.78,570.786,552.017,512.534,471.9,429.663,409.977,398.313,400.277,403.404,397.709,407.409,416.256,426.819,421.245,430.445,417.782,402.787,352.197,275.22,237.544,221.456,220.396,220.065,218.861,210.073,209.147,224.786,231.096,254.933,261.23,252.536,255.435,267.592,270.995,296.116,325.339,369.361,386.715,398.302,424.08,460.745,468.988,485.644,449.515,452.913,477.811,476.931,499.865,498.833,507.275,509.161,526.065,534.289,522.968,506.627,475.995,456.868,443.189
731,532.729,531.385,567.991,556.278,540.778,500.165,468.836,424.386,399.332,389.649,393.393,399.736,387.476,398.715,414.363,412.033,419.165,423.92,414.453,401.616,350.032,272.13,234.37,215.159,217.667,220.027,215.979,209.3,207.064,222.251,231.593,252.717,253.241,250.833,254.382,261.337,269.995,293.214,319.35,365.609,380.053,392.294,422.827,452.739,464.604,478.549,445.024,446.067,473.734,467.303,493.988,492.257,498.689,502.586,519.864,520.708,516.727,499.913,467.096,448.747,439.02
731.5,522.245,522.798,560.422,542.075,526.903,490.037,459.738,420.159,389.912,391.622,390.439,394.705,381.742,396.159,407.627,400.161,413.844,414.798,411.308,393.871,344.343,270.488,229.399,209.41,213.606,217.33,212.704,206.542,202.867,218.734,229.76,247.552,248.505,247.131,250.207,254.986,266.747,287.776,313.93,357.877,373.833,388.309,411.801,443.37,460.423,474.789,440.974,437.704,464.339,458.201,490.589,483.967,493.09,496.023,513.172,512.997,511.809,498.347,461.836,442.474,437.097
732,507.355,521.729,548.038,529.319,515.121,483.143,448.125,411.705,381.302,385.08,381.357,386.854,371.777,384.394,399.926,388.257,406.103,414.124,405.921,386.044,330.28,266.245,224.536,204.998,211.217,213.882,206.713,201.963,197.782,215.061,226.01,247.057,243.494,242.6,248.401,249.564,259.972,285.202,306.438,348.182,365.715,382.737,401.083,436.8,445.836,473.375,435.478,429.682,455.701,448.252,484.134,481.98,485.868,489.605,507.99,504.582,510.934,497.317,451.108,433.276,432.712
732.5,496.939,514.327,537.378,522.674,507.221,480.021,432.948,403.653,372.417,378.201,373.995,379.041,371.566,376.908,390.881,385.48,400.877,400.422,401.441,368.254,321.73,260.629,222.377,202.492,206.771,209.047,202.939,196.141,193.613,211.409,223.298,240.631,240.93,241.632,244.741,245.282,257.209,278.591,299.43,343.884,360.788,381.844,395.42,430.346,437.027,467.279,428.042,424.909,444.035,445.789,474.211,471.873,474.093,483.098,501.042,499.056,506.893,489.626,450.598,423.963,429.819
733,481.952,502.076,520.676,515.153,502.821,472.05,425.828,396.451,365.272,365.661,360.432,374.049,364.287,370.354,379.278,376.968,394.087,396.478,389.448,360.628,307.609,252.157,218.208,199.792,202.834,205.284,199.335,190.883,188.931,205.15,219.458,234.393,236.942,239.115,240.269,243.362,253.403,273.965,293.65,334.789,356.661,375.556,390.964,422.75,425.587,459.972,424.144,416.867,433.259,441.088,463.035,462.76,463.328,476.633,488.723,488.916,498.126,482.64,442.388,414.845,425.869
733.5,477.801,491.013,514.125,510.913,486.428,464.523,418.77,388.592,359.108,353.368,350.985,362.474,356.649,353.761,373.132,364.231,387.278,383.847,378.814,350.381,307.626,246.413,213.176,194.62,196.43,201.773,197.263,186.367,186.779,200.869,212.033,227.734,231.113,235.313,237.151,236.65,248.987,269.831,291.922,330.226,354.651,370.162,385.334,416.949,418.401,448.316,420.299,417.959,423.136,438.37,454.361,448.991,450.163,466.27,477.197,482.33,485.382,474.497,435.58,406.616,415.688
734,468.302,475.83,498.602,494.615,477.331,448.735,408.441,380.637,351.823,346.345,345.219,353.918,346.844,342.806,368.137,361.685,378.74,375.227,370.909,348.541,302.688,236.803,208.261,187.078,191.242,198.221,193.07,180.342,184.852,194.337,208.773,220.881,226.771,231.105,231.751,234.345,243.822,264.741,288.901,323.512,345.537,357.359,377.089,408.576,419.372,441.138,411.364,411.498,418.383,430.891,446.058,438.673,443.608,452.652,468.193,475.867,473.681,466.899,428.988,394.619,405.942
734.5,460.031,467.332,484.02,486.139,465.032,434.848,397.744,369.45,341.687,338.911,335.904,343.995,334.096,330.315,357.72,357.726,366.333,362.661,363.999,340.189,298.595,232.989,202.958,183.888,185.139,193.247,189.139,176.506,178.708,190.625,204.487,213.972,219.485,224.954,229.015,229.294,237.473,260.831,286.83,317.893,340.109,345,370.279,401.129,410.233,431.979,401.073,400.08,415.734,422.546,437.854,429.495,436.928,444.363,463.698,469.583,463.058,453.195,419.544,382.344,394.712
735,445.43,453.3,474.806,469.527,452.201,423.068,389.828,353.683,336.18,332.155,329.052,333.033,327.848,324.013,349.873,349.759,351.681,350.003,357.461,338.681,288.536,227.964,195.062,177.489,181.513,188.047,182.9,171.612,172.692,187.435,202.338,208.732,213.475,221.613,220.472,228.304,231.661,253.455,281.322,311.739,331.252,337.748,360.658,393.187,401.747,422.751,395.026,391.977,407.954,416.591,430.241,421.491,434.067,439.219,456.458,463.273,453.42,444.938,413.149,379.721,387.762
735.5,437.431,445.979,461.576,464.511,438.129,416.107,382.408,340.039,330.427,321.273,318.012,324.324,318.601,320.382,337.668,343.837,340.062,342.453,344.754,332.138,278.092,224.548,189.05,174.382,179.29,180.412,177.408,167.237,166.623,182.118,195.869,202.313,209.116,213.138,214.999,221.023,226.157,251.979,276.128,304.314,324.832,333.61,358.889,389.681,394.646,409.15,386.456,378.616,399.662,409.674,425.603,414.876,431.657,433.604,445.181,455.339,444.884,432.257,401.385,374.014,377.232
736,425.4,433.366,455.261,450.977,427.408,404.7,376.349,325.553,323.587,311.607,310.993,313.639,308.323,313.78,331.722,335.621,328.322,331.093,334.156,317.836,270.719,218.098,183.471,167.329,176.071,173.553,171.246,162.584,162.566,178.581,190.674,194.584,202.174,206.991,209.636,215.85,220.141,246.244,267.577,297.722,320.434,329.086,350.305,382.999,380.474,396.437,380.169,372.652,388.256,403.25,418.466,410.884,423.841,423.25,439.281,446.592,435.862,419.724,390.639,376.13,369.904
736.5,413.671,425.393,440.043,441.022,417.152,398.639,363.331,312.364,318.532,300.933,300.188,304.907,299.774,304.502,320.616,325.267,321.625,325.332,321.486,309.364,259.153,212.451,177.298,161.689,171.296,167.066,164.996,157.653,160.405,173.282,184.436,188.728,196.702,200.473,202.207,211.352,213.274,238.859,263.558,289.882,313.72,319.5,344.258,372.219,374.47,382.574,376.938,372.25,378.992,394.239,406.008,404.023,411.323,412.774,428.225,436.314,423.728,414.683,383.055,366.732,360.237
737,406.798,407.939,426.22,421.879,409.795,384.07,352.559,304.534,305.758,296.798,290.901,296.664,287.524,292.877,313.612,314.36,312.11,315.088,312.322,295.683,254.027,205.62,172.963,158.423,164.493,160.746,160.808,153.717,157.84,169.012,177.053,184.142,190.765,195.851,194.621,206.88,210.634,231.15,257.83,286.356,310.459,309.719,335.593,363.175,362.978,376.845,371.381,362.302,367.631,387.753,392.924,393.677,398.681,401.056,413.657,421.997,416.867,400.553,376.706,354.089,350.35
737.5,396.971,395.378,412.074,406.905,399.202,371.949,340.034,295.226,297.265,285.317,281.469,287.991,282.613,283.681,302.459,302.437,302.612,301.574,301.561,283.911,245.665,198.331,166.706,152.624,158.328,154.724,155.661,147.79,152.204,162.908,171.461,180.355,185.92,193.309,189.896,201.69,205.855,224.593,250.823,277.917,303.479,305.522,332.69,354.405,357.723,370.442,364.753,349.495,363.704,378.161,381.57,382.454,383.154,393.346,399.701,409.84,408.129,391.447,368.538,343.186,342.635
738,378.478,385.763,399.168,385.019,389.317,361.696,329.412,289.433,287.679,272.852,274.078,280.614,273.194,273.166,290.689,292.417,292.065,290.749,292.465,271.214,240.074,192.741,162.334,149.685,152.484,150.666,151.297,143.63,146.718,155.628,166.14,175.286,181.497,186.975,184.958,193.698,201.749,218.574,242.751,270.18,295.851,296.342,324.854,349.659,352.292,360.576,358.574,340.332,354.334,368.697,373.262,375.567,371.171,382.33,393.207,397.747,402.191,382.125,356.72,334.69,335.49
738.5,359.531,372.541,386.839,370.883,374.326,349.148,316.87,280.439,279.687,266.498,263.847,270.512,266.668,267.146,281.665,280.936,281.939,278.145,284.353,257.412,232.706,186.938,159.542,144.406,145.114,146.858,146.577,138.442,141.54,150.077,162.523,170.221,175.269,180.561,180.893,188.893,197.914,215.869,237.778,265.201,287.151,291.345,319.919,341.984,347.951,353.965,350.023,336.715,346.24,356.566,363.405,365.344,359.807,376.882,381.388,389.918,394.195,376.372,347.168,327.496,324.816
739,352.008,361.238,375.106,360.246,364.964,338.569,304.814,273.078,269.711,254.26,258.817,263.16,257.279,256.678,273.618,270.576,270.827,265.396,274.815,250.452,225.239,180.167,154.908,140.624,140.447,142.389,141.542,134.814,136.99,144.205,156.648,165.482,170.287,174.335,174.525,183.425,192.025,212.662,233.214,257.092,279.019,287.819,313.298,331.087,340.703,344.635,339.601,331.79,337.505,345.898,355.617,354.021,356.198,365.891,378.758,381.535,386.309,363.222,340.468,317.438,314.1
739.5,343.942,349.633,362.112,350.356,352.342,325.986,290.227,266.472,263.227,247.3,249.282,251.149,248.457,248.576,263.212,257.907,260.826,257.727,263.056,242.262,217.091,173.698,149.226,136.177,134.383,138.558,136.102,128.45,131.676,138.483,151.607,161.953,164.831,168.641,169.733,180.225,186.637,208.716,229.496,249.648,270.629,285.489,303.551,322.321,329.691,337.58,329.668,323.83,326.603,337.039,347.644,344.167,348.571,353.254,366.961,374.338,376.419,353.715,332.88,309.284,305.812
740,336.714,339.51,348.317,341.199,338.32,317.695,280.146,257.841,251.292,236.446,241.414,241.159,238.705,241.978,253.012,246.324,248.979,248.28,253.779,235.071,209.025,166.282,142.028,132.259,130.529,131.783,130.614,124.589,128.806,135.969,147.538,156.154,158.824,163.154,164.361,176.36,180.047,202.869,223.79,242.448,265.803,277.064,294.915,313.542,319.308,328.159,316.683,312.995,319.136,327.989,342.971,334.647,343.965,343.298,358.124,367.462,363.714,347.015,326,300.45,303.052
740.5,323.597,323.671,335.677,333.961,325.559,304.375,268.633,250.387,241.296,226.929,228.791,231.381,229.495,235.131,241.129,234.37,238.059,240.97,245.637,228.331,202.262,159.964,135.12,127.848,125.619,125.867,125.461,118.721,124.984,130.376,143.342,150.335,154.521,156.955,159.649,171.379,174.971,196.613,219.525,236.622,261.548,269.381,288.612,306.045,311.58,319.571,306.798,302.992,315.707,320.331,335.086,326.316,335.712,335.656,345.514,358.863,356.625,342.206,315.089,292.371,292.404
741,308.227,311.713,319.217,320.751,311.409,294.08,258.58,239.324,228.876,218.299,219.798,222.199,217.201,229.61,230.29,228.266,229.504,231.317,237.527,220.564,194.889,152.417,130.619,121.466,120.451,120.547,121.097,115.335,120.885,126.921,139.165,144.475,148.261,151.216,155.003,163.826,168.983,191.066,214.226,231.985,256.323,259.805,284.359,295.913,304.915,312.442,300.274,294.277,311.11,311.753,330.16,321.07,325.63,323.22,334.823,351.115,346.957,338.355,302.616,283.012,282.279
741.5,299.845,301.343,313.668,306.149,296.8,281.174,248.853,227.567,222.756,210.897,210.32,213.659,205.949,220.731,219.068,222.986,220.107,222.101,227.265,213.823,187.802,148.287,127.212,116.813,116.324,116.429,116.213,112.822,115.969,121.593,135.07,139.577,143.382,147.51,149.441,158.372,163.823,185.123,206.955,228.473,252.401,255.545,277.42,287.402,298.626,306.252,292.29,285.111,304.135,303.021,321.759,315.367,317.621,314.016,326.561,341.66,339.337,329.618,291.745,277.941,273.786
742,289.537,290.606,304.175,290.398,288.549,270.497,244.337,218.178,215.093,206.096,207.966,204.813,198.12,213.672,211.327,216.732,214.186,210.592,214.479,206.353,179.145,143.329,123.257,111.625,112.568,112.822,111.386,109.48,111.72,118.404,128.652,135.751,138.796,141.33,145.986,153.35,160.059,180.722,201.605,222.83,246.026,250.478,271.236,281.692,291.061,302.336,287.886,279.602,294.13,298.313,311.263,306.298,307.383,304.189,320.564,333.399,328.43,322.214,282.264,270.19,267.894
742.5,280.003,286.325,294.541,280.905,281.902,261.689,238.699,212.713,206.383,199.925,203.348,196.52,188.252,202.595,203.37,207.753,207.12,205.186,208.335,197.52,170.869,138.881,118.758,108.14,108.108,108.543,107.036,106.268,107.252,112.163,124.209,133.065,135.453,136.726,141.896,149.577,157.483,176.912,195.341,214.99,237.574,245.677,265.702,270.372,284.458,293.13,280.742,276.336,283.698,289.378,298.677,295.847,298.796,294.813,312.736,322.998,316.876,313.132,273.951,262.6,262.426
743,269.002,276.621,284.556,271.012,273.598,254.218,232.213,205.804,200.105,192.663,198.22,189.262,185.233,194.873,197.986,195.777,197.371,198.253,201.185,191.321,162.1,133.146,112.517,104.281,102.677,105.074,102.432,102.67,103.93,108.49,117.366,127.832,133.131,130.955,138.65,145.598,154.641,170.895,190.581,208.097,230.505,239.156,258.472,266.183,276.563,282.975,276.346,269.687,273.424,282.685,290.508,288.643,293.339,292.145,309.697,311.344,306.429,304.715,274.39,256.869,255.339
743.5,260.452,266.247,273.765,264.057,266.597,246.646,221.613,200.025,191.584,185.472,189.64,180.58,179.222,185.958,190.032,186.055,189.428,191.913,195.142,181.583,156.927,127.034,106.257,102.004,97.5984,100.34,97.4845,96.6477,99.8286,105.538,113.442,123.444,129.325,127.635,131.933,142.481,148.831,168.675,185.485,203.233,224.974,230.381,252.03,259.072,269.275,273.927,267.922,264.284,267.16,274.884,279.4,281.807,285.966,282.67,301.03,299.081,301.317,295.773,267.8,248.169,246.932
744,250.998,258.962,262.834,256.542,256.434,235.853,213.007,191.347,182.402,178.14,182.415,172.506,170.936,178.431,183.502,177.609,181.78,185.475,186.958,174.529,149.388,122.201,102.26,98.4,94.8789,96.1465,92.8328,93.5285,96.0866,102.659,109.904,118.165,125.442,124.565,126.797,138.92,142.41,163.773,180.576,198.801,218.551,222.568,241.049,250.14,263.335,266.808,257.529,255.521,260.16,266.849,274.79,275.537,282.956,270.656,292.948,286.536,293.132,285.67,264.208,242.872,238.879
744.5,243.907,249.125,255.966,246.48,248.554,226.302,205.322,183.057,175.439,172.26,175.308,167.502,168.019,172.642,176.781,173.795,174.139,176.729,177.963,166.294,144.22,117.548,98.8497,94.3193,91.464,91.3421,88.8838,90.3167,90.3176,98.7846,106.144,113.614,120.681,120.917,122.726,135.208,136.903,159.189,176.401,193.741,212.725,215.733,234.986,243.664,259.329,258.389,248.702,247.306,253.677,260.566,265.807,272.587,275.607,265.822,287.437,278.789,285.686,277.02,257.463,234.618,232.075
745,234.16,238.596,249.21,236.5,236.773,216.107,199.202,176.281,167.037,164.774,167.036,163.877,161.041,165.495,169.525,170.305,168.576,170.52,169.909,159.786,138.674,112.452,96.2122,90.4608,87.7759,87.4171,86.6836,86.77,86.1437,95.9003,100.842,110.21,116.622,117.707,118.909,130.201,132.81,154.236,170.593,188.408,206.696,210.008,225.713,238.239,253.534,251.913,238.05,240.409,247.967,254.565,261.682,265.872,267.464,260.807,275.873,272.462,273.521,270.965,245.979,225.323,226.275
745.5,228.055,232.113,241.523,229.199,227.976,209.675,189.6,170.162,161.157,158.055,161.15,156.224,156.383,160.634,162.278,162.761,161.493,163.831,164.245,153.927,133.472,107.751,91.1274,86.3314,84.391,84.9674,83.5677,83.1548,82.5509,91.9889,96.0998,105.833,112.312,113.102,115.159,125.473,131.518,148.815,167.015,183.349,201.292,208.447,217.548,233.291,246.554,245.885,232.293,234.276,240.695,248.75,255.927,259.436,260.713,254.429,268.913,265.92,263.277,260.684,237.279,217.61,219.26
746,219.784,223.653,230.936,219.51,220.441,202.936,184.177,164.689,157.91,151.841,154.655,149.345,151.263,153.316,155.22,156.366,154.123,157.353,158.365,147.469,129.643,102.916,86.7045,83.0861,80.4009,80.6925,81.2545,80.4887,79.788,88.3269,93.291,102.3,108.724,110.554,113.066,120.37,127.962,144.73,162.408,177.997,196.132,203.189,210.331,226.659,239.865,236.318,223.558,230.936,232.464,240.053,246.927,251.444,251.641,249.557,260.153,259.846,253.795,254.92,228.927,212.345,212.31
746.5,207.625,217.028,220.619,216.196,212.929,196.207,174.271,160.454,150.495,146.775,148.489,139.982,147.768,149.818,147.04,148.789,148.177,149.93,151.085,142.706,124.465,98.3386,82.1307,79.6187,77.4753,78.2464,79.213,78.0744,77.7842,85.0592,90.6498,97.8562,103.942,107.089,108.707,116.409,124.712,141.173,159.094,172.884,189.366,196.596,206.526,220.524,231.349,230.002,219.628,223.546,226.925,231.56,240.041,242.768,242.987,243.44,255.335,247.791,247.409,246.101,224.292,207.277,205.464
747,200.6,207.93,211.797,208.594,205.984,187.098,168.196,153.726,146.108,141.574,143.819,132.87,142.346,143.374,142.232,139.518,141.173,144.595,145.524,136.802,118.956,93.8163,79.2496,75.7532,74.2651,75.5491,76.6817,76.2139,76.3654,82.6107,89.2572,94.1094,100.325,103.086,104.864,113.085,121.43,137.475,156.149,166.619,184.47,188.832,200.885,213.714,224.948,223.285,213.791,216.475,220.432,224.585,232.206,234.771,235.103,235.844,248.907,238.136,241.742,240.233,219.806,202.698,200.399
747.5,192.228,200.161,204.142,203.552,197.404,180.165,160.58,148.195,139.141,135.871,138.952,128.397,137.052,139.143,137.352,133.381,134.751,138.434,139.055,132.022,114.341,89.8666,75.5766,72.4257,71.7408,73.2243,73.4996,73.2852,73.5837,80.3029,85.396,91.6843,96.6181,99.1973,102.173,109.912,119.323,133.661,152.428,161.545,179.541,183.514,196.926,209.122,218.646,219.208,209.4,208.438,214.291,220.767,227.239,227.027,227.738,229.24,242.901,229.367,239.753,233.601,213.905,197.383,194.929
748,187.65,192.616,199.745,197.071,189.968,172.857,154.929,142.741,133.113,132.577,132.758,122.553,131.051,132.886,132.469,126.705,128.21,132.668,133.26,128.164,108.843,85.4495,73.0408,69.3587,68.425,70.6331,70.7946,70.403,71.2972,77.4274,81.9174,89.3426,93.2605,95.1074,100.107,107.602,115.475,127.167,147.696,156.952,172.403,179.262,190.018,204.034,213.708,213.88,203.564,200.667,209.673,214.51,218.414,219.467,222.4,221.046,236.382,226.433,233.245,226.338,208.711,191.824,189.523
748.5,182.803,186.54,193.048,188.884,182.533,167.897,149.028,137.885,126.399,126.321,128.764,121.013,124.529,127.521,128.476,124.344,126.169,127.016,127.515,122.813,103.052,82.2775,70.4796,66.4934,66.3442,66.9009,67.7119,67.4091,68.2188,74.0733,77.6344,86.4063,89.317,91.7128,97.4792,105.452,112.567,122.449,143.463,152.719,168.031,176.056,183.939,196.993,209.952,208.969,196.768,194.118,203.138,212.389,213.931,215.443,215.594,213.681,229.616,223.406,226.518,218.536,200.316,187.772,181.364
749,176.516,181.004,187.659,180.42,176.155,160.727,143.391,132.892,121.507,121.574,123.477,116.43,117.671,121.485,123.476,120.694,121.447,121.115,123.088,120.466,98.3242,79.3894,67.2423,63.3406,63.6623,64.3952,64.8923,64.4088,65.6786,71.3201,75.3053,83.3027,84.6628,88.7616,93.9006,103.084,109.46,118.007,137.973,147.806,164.44,171.373,176.677,189.935,204.027,201.556,192.866,190.767,196.42,205.258,205.06,209.629,207.445,210.566,220.771,217.99,216.892,213.834,194.116,181.51,177.693
749.5,167.902,173.34,182.59,174.821,170.36,155.187,137.403,126.305,116.711,117.273,119.732,113.523,113.082,116.446,117.931,117.135,116.257,117.757,118.53,114.622,94.4122,76.2975,64.6895,61.0735,61.8433,62.0117,61.9549,61.6436,63.1261,69.0329,72.5486,80.256,81.2497,85.9979,90.4036,99.6005,107.103,115.971,133.549,141.662,161.466,166.095,170.758,184.174,197.762,197.824,187.066,185.244,188.291,197.99,198.901,204.533,202.68,202.98,213.919,212.598,206.21,207.384,186.83,176.668,170.954
750,163.928,167.002,174.763,169.508,163.144,148.593,134.768,120.703,112.241,113.527,114.226,109.224,107.009,111.076,113.17,111.712,111.395,112.877,115.474,109.789,91.1283,73.3211,62.1524,58.5969,59.5295,60.2084,59.2665,59.5751,60.6874,66.2161,70.1755,76.694,78.2953,82.8304,86.6212,96.0059,104.035,112.882,128.967,137.636,157.505,162.046,166.48,181.546,192.036,191.658,182.363,182.861,184.173,191.364,194.539,199.623,196.938,197.467,206.809,208.083,198.554,203.027,182.107,172.494,166.68
750.5,156.674,157.779,167.739,161.882,158.388,142.941,128.709,115.597,106.972,109.772,109.478,106.393,103.689,106.618,109.068,108.649,107.059,110.372,110.288,104.7,89.0395,69.7575,58.9192,57.0783,57.5038,58.6248,56.8222,57.8411,58.3672,63.5685,67.8214,74.0559,76.3892,80.5833,84.353,92.0058,102.477,110.395,126.712,134.075,152.936,155.693,163.69,177.859,185.319,186.766,176.594,176.218,179.787,184.592,189.204,191.705,190.654,191.197,200.477,201.685,191.526,195.465,175.452,167.747,162.622
751,151.441,152.175,162.513,155.7,151.622,138.363,124.39,110.896,102.762,104.514,104.742,101.93,99.4935,101.711,105.138,104.123,102.871,104.585,106.42,100.332,85.8861,67.1563,56.1075,55.0406,55.02,55.632,54.4252,55.5378,56.112,60.6179,65.3372,71.111,74.2824,79.028,82.0366,87.7858,99.0249,107.995,123.853,133.667,147.138,149.723,159.479,173.424,180.48,181.468,172.912,170.862,177.92,180.409,188.176,183.49,187.818,185.807,194.906,197.445,186.448,189.392,171.754,161.604,159.218
751.5,144.647,146.308,154.696,149.849,147.982,130.961,117.949,107.935,98.9221,100.382,99.6851,96.7354,96.8988,97.983,101.677,101.341,98.6022,100.217,101.98,96.4179,82.6659,64.1699,53.5206,52.3515,51.8435,53.5053,52.2111,54.3031,53.8083,58.9132,63.7038,67.8435,72.3109,77.8903,79.8586,85.5503,96.8144,104.952,120.054,129.814,143.167,145.979,156.781,168.596,175.148,175.629,168.991,167.643,170.982,175.423,182.636,175.136,181.011,179.898,187.63,191.354,182.534,181.97,167.12,156.643,152.765
752,138.376,140.585,148.201,145.513,142.575,127.824,114.067,104.009,96.2251,95.999,95.9131,92.7248,93.6463,93.9436,97.3816,97.3287,95.0238,94.6409,98.3442,93.3448,79.237,62.5115,51.245,50.3576,49.176,51.2421,49.784,51.9549,52.0319,56.3585,61.2178,65.8359,69.7572,75.0111,78.3574,83.3633,92.8796,101.859,116.609,126.902,138.772,142.555,151.808,161.442,172.406,168.585,165.64,163.978,166.876,173.166,177.418,169.081,175.728,174.294,182.509,183.025,178.358,177.799,163.6,152.636,146.707
752.5,135.147,135.588,140.367,140.645,136.999,122.767,110.053,100.273,94.1008,92.8374,91.5792,89.048,89.6108,91.0774,93.9542,93.9541,90.8561,90.4217,94.2248,90.8241,76.0976,60.6851,48.8583,47.9685,46.6058,49.1028,47.9322,49.5866,50.2568,54.256,58.6016,63.597,67.6521,71.9822,75.7741,81.8707,89.1663,98.8773,112.006,120.631,134.385,138.378,147.43,156.725,167.493,163.508,161.757,158.745,159.612,167.338,170.459,165.376,171.31,169.216,176.37,176.806,176.265,171.944,157.961,148.52,142.479
753,131.326,128.717,134.418,134.299,132.246,120.89,107.876,96.7282,91.4395,90.094,88.3022,86.1131,85.5043,87.648,88.4867,90.3237,87.4783,87.5431,90.4099,87.1041,73.485,58.6318,48.2505,46.5607,45.5469,47.2988,46.2937,47.5185,48.4841,52.271,56.4984,61.1804,65.3268,69.2728,73.0543,79.4574,85.8222,95.8715,108.456,117.461,131.395,135.824,142.869,152.883,160.77,160.239,157.247,152.38,155.204,163.129,164.017,163.29,166.548,163.997,169.572,170.782,171.257,167.385,152.814,145.219,139.492
753.5,127.572,123.264,129.854,129.251,125.231,118.314,104.716,93.8812,88.0202,86.6468,85.4786,83.0514,82.2352,85.052,85.1639,86.9874,83.5204,85.3317,86.9927,81.75,70.2689,56.4793,47.0175,44.9675,43.3895,45.5394,44.9357,45.5591,46.6137,50.0738,54.2496,59.0192,62.9429,66.5384,70.3638,76.6368,83.2719,92.3207,104.87,112.788,127.036,130.773,138.452,148.772,155.528,154.628,152.626,147.057,151.176,156.949,158.055,160.985,163.677,161.877,162.649,165.952,168.819,161.748,148.334,140.356,137.304
754,124.086,120.055,128.13,124.713,121.503,115.312,101.965,90.6887,84.3471,83.1405,82.306,79.7393,78.2254,82.247,81.3678,83.0788,81.3294,83.2793,84.5911,77.1929,67.9242,54.3011,45.8079,43.128,41.9856,44.0209,43.2389,43.8592,45.1482,48.4987,52.4105,56.9025,59.4894,64.6223,67.4104,74.7475,81.3919,90.481,101.356,110.298,123.251,127.512,133.762,144.298,149.478,152.553,146.893,142.661,146.488,151.902,151.322,157.03,158.175,157.003,157.107,163.326,161.567,156.745,145.97,135.713,134.573
754.5,119.893,116.714,125.501,121.488,117.213,111.533,96.7041,86.1629,80.7266,80.1242,79.9182,76.8717,75.1425,79.6382,78.2718,79.7202,79.5068,80.4975,79.6357,73.5148,65.3028,51.788,43.1645,41.6958,40.7129,42.0408,41.9938,42.488,43.7417,46.9348,50.8951,55.5152,56.7347,62.1427,64.8786,72.8528,79.6038,87.7873,98.4524,107.749,118.292,124.938,128.934,139.449,145.626,146.754,141.746,138.234,143.39,147.654,146.798,153.505,152.38,151.616,153.962,157.207,156.115,153.034,141.987,130.89,131.638
755,115.167,112.516,121.885,117.21,114.261,107.703,93.2273,82.8956,77.8602,76.733,76.0925,74.3053,72.9149,76.0142,74.8984,75.0854,76.3823,77.3168,76.0956,70.5909,63.3617,49.4162,41.4208,40.2597,39.1886,39.7523,40.023,40.8769,41.8368,45.6524,49.832,53.4451,55.2175,60.1025,64.1461,70.7043,76.9649,86.3094,95.2611,104.77,114.368,120.916,126.465,136.099,142.761,142.88,135.455,134.86,137.58,143.736,141.49,150.182,147.601,145.326,149.78,153.355,150.17,145.15,138.78,127.65,127.846
755.5,110.984,108.228,116.652,112.904,111.261,103.745,89.8675,79.773,75.0647,72.6017,73.2936,71.1544,71.5511,73.5075,71.6794,71.8795,73.3814,74.2258,72.8267,69.7823,60.6467,47.658,39.1781,38.5848,37.5073,38.036,38.9786,39.0851,40.5648,43.6514,47.7204,51.5208,53.9236,58.2616,62.2974,69.0038,74.6751,83.7243,91.8831,102.589,110.678,117.612,122.408,131.438,139.009,139.04,131.61,130.942,133.135,139.826,136.349,145.48,142.851,139.783,145.997,147.93,145.122,140.798,134.472,123.474,123.908
756,104.392,105.975,113.198,107.162,107.575,99.4013,86.5136,77.4088,72.6955,69.4176,70.2887,69.016,69.2037,70.6213,70.1618,68.6131,70.8151,70.4647,69.9777,67.7497,57.9961,45.9766,38.5037,37.0377,36.2151,36.4591,37.6338,37.4218,39.2863,42.1259,46.0764,49.556,52.5114,56.7102,59.9467,66.4616,71.8797,81.0013,89.0714,98.5564,108.114,113.338,117.673,127.652,136.345,135.591,126.826,125.907,130.523,133.719,134.187,141.936,140.46,136.407,142.424,143.522,141.22,136.437,130.491,118.942,119.968
756.5,101.788,103.255,110.164,103.997,103.256,96.0719,83.2937,74.1712,71.1712,66.2331,68.59,67.2027,67.4531,67.9045,66.6192,66.477,67.419,67.5861,68.3126,64.9288,55.4106,44.8954,37.0313,35.2918,34.9733,35.6838,36.116,35.3886,37.8824,40.6269,43.9112,47.5957,50.2369,54.7801,58.2746,64.1688,69.1249,78.7657,86.9842,96.9043,105.681,110.976,115.356,124.689,132.064,131.263,124.72,122.744,126.59,129.947,129.972,137.235,138.029,132.974,137.528,140.357,137.526,133.104,126.843,115.618,115.647
757,97.3695,99.9605,106.547,97.663,100.096,91.0532,79.0227,71.949,68.1732,64.4909,66.1647,65.3802,65.0834,64.2928,65.028,64.4841,64.4886,65.1238,65.2002,62.3355,52.7846,42.8454,35.8777,34.0641,33.6862,35.1149,35.09,34.3862,36.4039,39.509,42.4249,45.7205,48.4859,52.471,56.4882,62.6164,66.7253,76.5524,83.9085,94.1201,102.9,108.922,112.572,120.936,127.115,128.921,121.62,118.621,124.232,126.874,125.265,134.445,134.492,127.669,134.014,135.632,134.18,130.251,123.223,112.081,113.137
757.5,93.9003,95.8868,104.065,95.9036,96.7261,86.8689,76.4749,69.3404,66.7472,63.0076,64.4328,62.0762,63.4669,61.3236,61.7088,62.411,61.8351,63.2396,62.8422,58.5838,50.6664,41.4244,35.0269,32.5255,32.5587,33.6391,33.8462,33.0596,34.9565,38.4502,41.1123,44.6287,47.0592,50.7326,54.5201,60.5234,64.0881,74.3258,81.5401,91.4712,99.7294,106.728,109.493,117.644,123.628,125.312,119.359,114.574,118.863,124.856,124.891,129.686,130.695,125.231,129.748,131.699,130.945,125.45,119.426,107.959,110.339
758,90.0896,92.8103,99.7639,91.3504,92.8051,84.3505,73.2169,68.086,63.966,60.2455,61.6894,60.1962,60.3809,58.7871,59.9556,58.9761,58.4378,60.6552,60.022,55.6873,48.7879,39.9374,33.8916,31.0285,31.6426,32.6614,32.9225,31.8451,33.4773,37.0213,39.9574,43.1661,45.5228,48.7271,52.757,58.2758,61.9949,72.0162,79.4734,89.1536,96.1867,103.718,107.274,113.741,118.853,123.222,116.608,110.095,114.52,120.765,122.414,125.91,125.651,122.491,125.393,128.539,128.395,122.282,116.926,105.709,107.607
758.5,87.0928,90.1282,96.1506,89.5427,90.4339,81.6027,72.078,65.4718,61.7829,58.1451,59.7536,57.6757,58.0979,57.8972,57.5181,56.941,57.255,58.2252,58.3789,53.6994,46.9332,38.7805,32.5294,30.0777,30.7337,31.292,31.7206,30.7721,32.4031,35.7366,38.8295,41.6532,43.8464,47.0773,51.379,56.4636,60.205,69.9805,77.4561,85.5638,93.438,98.6336,103.628,110.639,115.898,118.088,112.676,107.328,111.255,116.339,119.336,121.915,121.675,119.128,122.305,124.539,125.556,118.564,113.571,103.183,103.655
759,84.1428,87.1731,92.9012,86.9282,86.2851,79.5385,68.588,63.7453,59.1931,56.4419,57.5415,55.9744,56.4624,56.1197,55.0352,54.6411,55.3083,56.5318,57.3105,52.8592,45.7668,37.5472,31.0299,28.9586,30.0647,30.2439,30.5828,30.0937,31.0077,34.4456,37.5634,39.662,42.7234,45.5258,50.4494,54.642,58.048,68.3186,75.7601,83.5431,90.3529,95.9081,99.6211,108.068,112.69,113.326,108.472,105.622,108.684,112.954,115.134,118.156,118.552,116.446,119.545,120.706,120.762,113.614,111.238,100.065,99.4646
759.5,82.262,84.8263,90.306,84.6219,83.4242,77.1132,67.4238,60.9081,57.1025,54.4758,56.3592,53.8359,54.3369,55.0549,53.6607,53.7092,53.5447,55.1627,55.6172,51.0699,44.3695,36.0695,29.8951,28.13,29.2101,29.5769,29.5248,29.0598,29.8906,33.4525,36.4188,37.9714,40.8168,44.8562,48.7825,52.9096,56.7165,66.0743,73.337,80.9047,88.6587,92.6626,97.0665,106.636,109.92,108.771,104.369,105.005,106.346,109.452,110.917,115.098,114.526,111.751,117.052,117.568,115.798,109.943,107.162,97.7621,96.7315
760,80.7501,81.2861,87.5302,82.1254,80.2893,74.3239,64.9905,59.2592,55.6364,53.0099,54.1654,52.2037,52.5837,53.5718,51.7661,52.1846,52.1069,53.5116,53.1784,49.6608,42.9328,34.887,29.1523,26.8826,28.1677,28.9241,28.5558,28.5428,29.2122,32.1561,35.6172,36.5595,39.9708,45.0354,47.33,51.6529,55.9124,63.3477,71.4089,79.1981,86.8377,90.8056,93.6713,104.166,107.727,106.024,101.504,103.158,104.306,107.823,108.226,111.137,111.828,109.434,113.926,114.816,111.775,106.562,104.14,95.7896,93.3846
760.5,79.2632,78.3148,84.0519,80.2058,79.1051,71.8072,63.0078,56.9739,53.928,51.3791,52.5344,50.5594,51.2403,52.0252,50.1917,51.37,50.4341,51.9685,51.3381,47.7241,41.7319,33.4611,28.3997,25.9299,26.8539,27.8569,27.5086,28.0556,28.5251,31.1183,34.9035,35.591,38.2992,43.7854,45.5924,49.6289,55.1161,61.4271,69.812,77.7146,84.5479,89.0304,92.0148,99.8195,104.585,103.88,98.7724,100.045,101.574,105.074,105.529,108.294,108.933,107.02,110.644,111.784,109.484,103.369,100.402,93.8946,91.5869
761,77.3239,75.7716,80.0971,78.2249,76.729,69.6429,61.5886,55.6614,51.9703,50.4362,50.4291,49.516,49.4345,50.5536,48.6449,49.7234,49.2343,50.6166,49.1284,45.8406,40.5898,32.4664,27.6557,25.2426,25.9319,26.977,26.4334,27.3579,28.239,30.1129,33.9246,34.5792,37.8009,42.3861,44.6216,48.3435,53.5639,59.7978,68.581,76.0364,82.3098,86.9828,90.4295,96.7825,101.047,101.28,97.992,97.4632,98.8611,102.68,104.439,104.356,104.853,104.086,107.412,109.355,107.043,101.197,97.3555,90.9249,89.6455
761.5,74.6765,73.7727,78.3477,75.8643,74.4684,68.4433,59.7454,53.5216,50.5273,48.7126,49.0177,48.0986,48.0984,48.6358,46.9664,48.4521,47.5531,48.979,48.231,44.6061,39.4672,31.4405,26.7352,24.7711,25.0852,26.2143,25.4378,26.7044,27.2991,29.2667,32.8839,33.2788,36.8442,40.8489,43.3033,47.5042,52.2502,58.6165,67.283,74.1685,79.7983,84.91,88.4116,94.1382,97.7979,98.7626,94.8111,94.7853,95.1384,99.8692,101.843,102.077,101.869,100.984,104.908,106.875,104.791,98.0352,93.9941,88.3656,87.0992
762,72.8946,71.7267,76.2527,74.639,72.5444,65.9788,58.3273,52.152,48.6016,47.4049,47.4214,47.0431,45.7417,47.0462,45.7975,46.2186,46.1071,46.9846,46.5519,42.9727,37.777,30.6855,26.0365,23.8264,24.5673,25.4943,24.6523,26.1099,26.3539,28.3704,31.6792,32.5448,36.4043,39.4164,42.8113,46.1515,50.7423,56.6142,65.7776,71.4596,78.1947,82.6815,87.0237,92.8707,96.4391,96.6008,92.6608,92.5403,91.7142,97.4129,99.9763,99.9167,99.2932,97.5349,101.728,103.057,101.562,95.5496,90.9329,85.0608,86.4389
762.5,70.5495,69.1905,75.8125,73.1011,70.4647,64.3889,55.8627,50.3576,47.3008,45.5679,46.3803,45.3197,44.2695,45.6075,44.6118,44.7697,44.7597,45.7839,45.2592,41.8318,36.3601,29.6113,25.3572,23.1735,23.35,25.0722,23.8238,25.3977,25.3948,27.4125,30.7867,31.8055,35.7535,38.854,41.1727,45.2448,49.4959,54.6854,64.4584,70.4899,76.4634,80.9672,84.7152,91.4408,94.5028,94.9752,89.7078,90.8917,89.5598,95.1998,96.4604,98.1528,96.3937,94.5477,99.0695,100.006,99.5596,93.1277,89.0496,83.0518,84.1321
763,68.886,67.6533,73.4083,70.34,68.7242,62.1336,54.1785,49.267,45.9634,44.1424,44.1888,43.7149,42.8143,44.5918,43.5581,43.2628,43.332,44.9049,44.1511,40.5676,35.1173,28.6964,24.7237,22.439,22.5957,24.23,23.4355,24.5594,24.5543,26.7781,30.1643,31.1998,35.0048,37.6041,40.669,43.8476,48.4598,53.6043,62.5649,68.7684,74.6474,78.9202,82.6483,89.1954,92.672,92.6796,87.5104,88.412,87.0682,92.6996,94.1998,95.6817,94.2975,93.6747,97.1994,96.9874,97.9657,90.6621,86.3529,80.8712,82.5421
763.5,66.1843,66.5399,70.8544,68.6866,67.1064,60.7057,51.9359,47.8598,44.8917,42.9915,43.3501,42.4221,41.5192,43.187,42.3102,42.1422,42.3199,43.694,42.6781,39.2904,34.5368,27.8597,23.6698,21.939,22.1895,23.4367,22.7793,23.9553,23.935,25.8015,29.4265,30.3042,34.349,36.9124,39.5032,42.9206,46.9607,52.4119,60.6756,66.9822,72.1714,76.3547,80.4187,86.4521,89.5476,89.6704,85.359,86.8011,86.0839,90.871,91.0917,93.3213,92.0593,92.5198,94.4889,94.6245,95.9711,88.3833,85.644,79.0875,79.5366
764,63.7538,65.7103,67.9626,66.6515,65.4814,59.3221,51.1147,46.8034,43.4926,41.9166,42.0929,41.5944,40.434,42.0573,41.1459,41.2813,41.0354,42.4883,41.2163,38.4464,34.0762,27.2479,22.8613,21.4922,21.6371,22.7474,22.3684,23.2691,23.7337,25.207,28.6006,29.6577,33.4238,35.788,37.8708,42.3675,46.0062,51.1484,58.7139,64.7548,69.4986,74.2876,78.6482,84.4098,87.4855,87.9357,83.8051,83.8189,85.1154,89.4312,89.2208,91.4062,91.0075,89.0925,92.0731,92.2243,93.811,85.8715,83.3179,77.6296,78.2925
764.5,62.3024,64.9509,66.4567,65.2404,63.3188,58.1705,49.5767,44.9456,42.8265,40.8124,42.0081,40.7963,39.183,41.1681,40.05,40.0513,40.6383,41.0027,39.6761,37.1568,33.3787,26.3421,21.9058,21.1191,21.6761,22.1177,21.8759,22.2837,23.0667,24.4306,27.5821,29.5414,32.6399,34.9454,37.3791,41.3099,44.6455,49.2732,57.0594,62.6656,68.0209,73.065,76.6555,82.4996,85.2151,86.107,81.1842,82.28,83.8103,87.07,87.1528,88.8065,89.5054,87.0877,89.8639,90.6043,91.3454,84.3034,81.9072,76.9587,75.7676
765,61.2849,63.142,64.1938,63.1283,62.0725,57.308,48.7697,43.9486,41.6705,39.911,40.1835,40.1387,38.2629,40.346,38.8049,39.4499,39.2945,40.0103,39.0084,36.3529,32.5302,25.4695,21.3763,20.685,21.2619,21.7221,21.2616,21.7516,22.5201,24.0935,26.8155,29.2501,31.6441,34.028,36.4753,40.7345,43.8386,48.0221,55.587,61.0303,65.45,71.4808,75.2196,80.3259,83.9069,83.9105,79.5488,80.2813,82.1677,85.3647,85.4632,87.023,87.329,84.8094,87.4538,87.2569,88.7212,83.3498,80.1202,75.1162,74.1574
765.5,59.5514,61.4202,63.2892,61.4804,60.5168,56.0331,47.8031,42.4924,40.5758,38.8541,38.798,39.3254,37.04,39.5144,38.2201,38.5673,38.314,38.8821,38.2518,35.6994,31.5484,24.6378,21.0318,20.145,20.7527,21.3687,20.7558,20.6605,21.5606,23.256,25.918,28.5447,30.6734,32.9832,35.4366,39.3017,43.0554,46.3055,54.1065,59.7853,64.4476,69.6755,72.1879,78.7387,82.6906,82.2587,77.031,78.7368,80.6091,82.7443,83.0912,84.481,85.3479,82.4922,86.2382,84.7569,87.103,82.2504,78.9316,72.8644,72.602
766,58.5044,59.3259,61.4266,59.4323,59.5851,54.696,46.5696,40.9435,39.3895,37.953,37.3189,38.2454,36.5124,38.7707,36.9006,37.9411,37.0748,37.9015,37.7253,34.5893,30.7477,24.1089,20.6271,19.6484,20.1693,20.8408,20.2525,20.2877,20.6591,23.0248,25.2481,27.8146,29.8028,32.0661,34.9697,38.5263,41.796,45.3563,53.0597,59.0967,63.2302,67.9745,70.9491,75.6157,80.4414,80.1915,75.1907,77.511,78.8454,79.9897,80.7897,81.7084,83.1261,81.3812,84.0444,81.4809,84.3947,80.7508,76.9093,70.5673,71.0757
766.5,57.3947,57.1043,60.007,58.0153,58.0794,52.7354,45.2824,39.2817,38.0658,36.8007,35.658,37.2974,35.4513,37.8526,35.916,36.9513,36.5392,37.1616,36.828,34.2548,29.9904,23.7678,20.3287,19.0205,19.5541,20.2062,19.8314,19.7664,20.0914,22.335,24.4632,26.9461,28.9316,31.0988,34.3355,37.5483,40.6057,44.0152,51.9608,57.8661,61.0778,65.646,68.8846,73.7986,78.6031,78.5915,73.7869,75.4672,77.0252,78.2007,77.8012,79.8834,80.171,80.12,81.4975,80.3949,82.2508,78.2767,75.1285,68.4822,70.1919
767,56.7174,54.8537,56.8492,56.8904,56.7868,52.1315,44.293,38.5063,37.1002,36.0992,34.7556,35.8662,34.8642,37.1652,35.1018,35.6164,35.8645,36.0172,36.1244,33.5503,28.7462,23.2138,19.7954,18.6567,19.0503,19.624,19.4748,19.4203,19.7101,22.0799,23.7548,26.1689,28.4025,30.5698,33.2835,36.6972,39.8391,43.1696,50.8134,56.2677,60.1226,63.7713,67.6381,71.6283,76.812,76.3404,72.3674,73.589,75.079,75.6508,75.5651,78.0939,78.3139,79.1191,80.1052,78.401,79.165,76.716,73.4297,66.6885,68.0436
767.5,56.2551,53.5757,56.2072,55.5813,55.2979,50.9239,43.7215,37.4602,36.8094,35.4109,33.9973,33.8739,33.4622,35.9232,34.5491,34.2455,35.1323,34.7739,35.5708,32.827,28.3149,22.6901,19.27,18.1324,18.633,19.1265,19.1277,19.3781,19.6286,21.4388,23.2821,25.4567,28.0416,29.7367,32.2745,35.8432,39.0604,42.0563,49.5815,54.8069,58.3702,61.4014,65.282,69.6098,75.3806,74.6542,71.8153,71.0804,72.5763,74.3922,73.6962,77.0473,75.985,77.5963,77.9661,77.5832,77.4398,73.9165,71.9173,64.5821,66.3931
768,54.6054,52.5863,53.9312,54.3106,53.9059,49.9144,43.0279,37.0298,35.947,34.6979,33.4223,32.7305,32.5789,35.1885,33.652,33.2717,34.3639,34.0318,34.5992,32.2635,27.4266,22.1655,18.2739,17.6341,18.2548,18.5946,18.5923,18.8715,19.3304,21.041,22.7314,24.5678,27.3664,29.1279,31.6335,34.4927,38.5275,41.0718,48.4862,54.0083,57.5543,59.9296,63.7497,68.4223,73.1253,73.5569,70.2804,69.4676,70.3076,72.676,72.2467,75.7882,74.5127,74.8843,76.4131,75.5202,75.9019,72.4627,69.7784,62.935,64.0998
768.5,54.0291,52.0562,54.1589,53.246,52.6293,48.7128,42.0866,36.3512,35.4849,33.9977,32.9219,32.2518,31.6605,33.5431,33.1241,33.2566,33.4,33.2654,33.3718,31.6071,27.0472,21.5949,17.7711,17.1898,17.8102,18.2479,17.9597,18.4514,18.913,20.4423,22.3113,24.164,26.7066,28.2536,31.3376,33.4838,37.8756,40.3522,47.3585,51.6784,56.7654,58.8061,62.0779,66.174,71.221,71.4589,68.0634,68.1628,68.5624,70.8899,70.8005,73.6066,73.0398,73.7788,74.978,74.1748,74.8807,70.2191,67.4378,61.1817,62.437
769,52.5351,50.8124,53.8338,52.3527,51.4789,47.1822,40.4509,35.7462,34.441,33.2372,32.6353,31.93,31.1985,33.1554,32.0189,32.7097,32.8861,32.8005,32.6637,31.1034,26.7548,21.2379,17.4403,16.7792,17.3783,17.8447,17.4878,18.0266,18.4385,19.9978,21.8211,23.4293,25.6638,27.7019,30.898,33.0185,36.8827,39.6523,46.1718,50.4831,55.6422,57.3888,61.0105,64.2796,69.9765,70.0648,66.3785,66.2343,66.3764,69.5248,68.9558,71.7693,70.974,71.7252,72.7736,71.6148,73.8989,68.9882,66.0302,59.9275,61.5739
769.5,51.2315,49.9337,52.3791,50.769,50.5214,45.7818,39.2306,34.8301,33.7126,32.382,32.1774,31.784,31.1456,32.431,31.6061,32.4595,32.228,32.7333,32.1527,30.8028,26.345,20.9843,17.2186,16.2728,16.9818,17.5622,16.9275,17.3872,17.9833,19.302,21.439,23.4796,25.0138,27.0178,30.271,32.206,35.9387,39.4441,44.6315,48.9301,54.3146,56.4954,60.3965,62.4792,68.1166,68.5213,65.2542,64.6365,64.6676,67.5266,67.8321,68.5633,69.2667,70.1746,69.9115,68.9601,71.2425,66.854,63.3173,58.1245,59.7747
770,50.0105,49.5857,51.2431,49.9964,49.0087,44.6879,38.0822,34.2559,33.1616,32.0273,31.4231,31.2635,30.7545,31.7935,30.9627,31.392,31.3697,32.0975,31.4319,30.5386,25.7588,20.7124,16.9582,15.9296,16.6245,17.2489,16.571,17.2251,17.6028,18.9619,21.0226,22.6975,24.4585,26.5766,29.3392,31.7456,34.321,38.5712,43.3216,48.454,52.8965,55.2365,58.8474,60.3905,65.71,66.9131,63.7679,62.3961,63.3375,64.9558,65.5705,66.8203,67.3665,68.0278,67.7588,67.6369,68.9963,64.9966,61.4632,56.8203,58.8226
770.5,48.3233,47.8461,50.0935,48.8841,48.146,43.1651,37.6725,33.2646,32.8851,31.4375,31.0725,30.7269,30.4979,30.922,30.4445,30.6813,30.3794,31.7313,30.8167,29.9506,24.7696,20.4122,16.6731,15.7542,16.2875,17.0047,16.2469,16.7372,17.141,18.5825,20.7706,22.2779,24.1738,26.4591,28.3932,31.0495,33.4196,37.8888,41.9614,47.7383,51.248,53.6152,57.2197,58.7979,63.8238,64.7611,62.0792,60.6651,60.9664,63.3863,64.6537,64.9237,65.944,66.4023,65.6567,66.1501,67.3273,62.607,59.8473,55.4048,56.8999
771,46.8873,45.7387,49.2122,48.1489,47.2412,42.7033,36.6113,32.5692,31.9755,31.2443,30.7079,29.9181,30.0278,29.997,30.1327,30.1258,29.3148,30.9059,29.8543,29.3995,24.542,19.9366,16.709,15.4952,16.1848,16.7281,16.1197,16.3992,16.8737,18.5456,20.1628,21.7752,23.5724,25.9898,27.9133,30.342,32.6521,37.3339,41.5854,46.6962,49.8051,52.6135,55.6847,57.1946,61.4954,62.9962,60.6167,58.5446,59.6077,61.33,63.2613,63.5936,65.0179,65.5288,65.9288,65.3502,65.9314,61.0989,58.0989,54.2678,55.3
771.5,46.2307,44.58,47.7217,47.0974,46.3646,41.6972,35.9861,31.6401,31.3629,30.7146,30.1089,29.2357,29.1579,29.2208,29.1587,29.9085,28.7539,30.4328,29.1358,28.6683,23.9672,19.4729,16.5402,15.3984,15.8986,16.6734,16.0508,15.8135,16.6676,18.23,19.9353,21.5422,22.9843,25.5894,27.3542,29.4334,31.9779,36.6074,40.3545,45.6341,48.6696,50.9848,53.8156,55.9926,60.6698,61.2025,58.4646,57.3458,58.0664,59.8649,61.0744,62.1198,63.4096,63.2243,63.5783,63.9527,63.7086,60.1135,56.977,52.017,53.5488
772,45.131,43.9872,46.6798,45.7523,45.6148,41.3287,35.1277,31.2804,30.8151,30.2813,29.6206,28.6716,29.0748,28.8407,28.5478,29.6856,28.5616,30.035,29.0279,28.2103,24.0671,19.0739,16.3195,14.9868,15.6047,16.4541,15.6804,15.4828,16.3144,17.8082,19.3819,21.2315,22.4283,24.8359,26.9583,28.6325,31.3218,35.3088,39.5081,44.5185,47.6898,49.5256,52.2636,54.8831,59.0455,60.474,56.6743,55.6677,57.2741,58.5703,59.3627,60.7855,61.8567,61.9284,61.8171,62.4466,61.6423,59.6046,55.3791,49.8859,52.3257
772.5,44.303,43.1275,45.6627,45.0324,43.9079,40.6268,34.5579,30.6207,30.2708,29.6867,28.9432,28.086,28.2412,28.5438,27.7913,29.4696,28.3143,29.3782,28.643,27.5451,23.5124,18.886,16.0035,14.7076,15.1729,16.0879,15.1484,15.1945,16.1191,17.4804,18.9941,20.7823,22.1619,24.154,26.2798,27.9674,30.7996,34.6639,38.4636,43.4583,46.7265,48.349,50.0552,53.91,57.2491,58.2798,54.5107,54.6382,55.4984,56.3393,57.7355,58.152,60.203,59.6132,59.2359,61.4352,60.062,58.8653,53.3104,48.4066,50.8933
773,43.8225,42.7764,45.2295,44.5321,42.7788,39.9078,33.8748,30.7768,29.7847,29.0431,28.444,27.8876,27.9432,28.664,27.6849,29.0172,28.1475,28.9145,28.5994,27.6427,23.2526,18.7045,15.5888,14.5539,14.9829,15.7986,14.8031,15.2517,15.7313,16.9356,18.7772,20.2487,21.7596,23.4795,25.3176,27.7662,30.0748,33.4572,37.593,42.1289,45.9205,46.6222,49.4223,53.0735,55.4531,57.1279,53.2033,53.0353,54.0716,54.5137,55.9697,56.1405,58.7365,58.1205,57.666,59.546,58.4727,58.0787,51.6815,47.1918,49.7628
773.5,43.6192,41.5932,44.7212,44.0731,41.8512,39.1525,32.8146,29.4831,29.1486,28.4221,27.6897,27.4937,27.3792,28.0146,27.3305,28.8212,27.5371,28.1408,28.337,27.1103,22.9828,18.2311,15.4606,14.4541,14.7004,15.5955,14.3625,14.852,15.3415,16.4122,18.5075,19.8835,21.5664,22.9579,24.5091,27.0636,29.4807,32.3508,36.8476,40.9606,44.546,45.6408,48.0601,52.4063,53.9581,55.5115,52.0676,51.1096,52.4264,52.5145,54.5725,54.0765,57.4451,56.6518,56.6601,58.3355,57.4955,56.6479,50.8233,47.2258,47.8851
774,42.5038,41.8508,43.8389,42.9453,41.2843,38.2301,32.2956,28.9954,28.8941,28.0364,27.0923,27.8702,27.1037,27.8187,27.588,28.3619,27.1688,27.3489,27.7308,26.8426,22.7694,17.9514,15.1218,14.2427,14.5026,15.4866,14.2391,14.5291,15.0614,16.1717,18.5177,19.328,21.3006,22.393,23.9485,26.3251,28.6283,30.9786,35.729,39.7038,43.5519,44.3893,47.7305,51.2965,53.4041,55.3087,50.7801,49.9683,51.311,51.8166,53.0412,53.0346,55.7334,55.0128,55.3672,56.2497,54.4761,54.6149,49.8929,45.9024,46.4276
774.5,41.8699,40.9285,42.9312,42.33,40.9549,37.5718,31.6912,28.3525,28.4211,27.4301,26.9472,27.3827,26.8055,27.2884,27.1416,27.9843,26.7133,27.3067,27.516,26.3941,22.5256,17.8746,14.8839,14.0825,14.3094,15.1713,14.0368,14.549,14.8035,15.9181,18.1454,19.2076,20.9542,22.0072,23.5616,25.6055,28.153,30.3091,34.5152,38.8847,42.3103,42.9744,46.7886,49.5009,52.0271,54.225,49.2728,48.0562,50.6972,50.4706,52.2894,52.6881,54.4666,53.4134,54.1707,54.9115,53.3834,53.3128,49.3753,45.071,45.2156
775,40.9494,40.0879,42.4081,41.6155,40.5909,37.149,32.0509,28.3314,28.1745,27.1902,26.8496,26.9915,26.3652,26.6678,26.6161,27.1551,26.4364,27.0993,27.3895,26.1724,21.9762,17.6033,14.6447,14.0413,14.1357,14.9593,13.8083,14.5228,14.8087,15.9199,17.6391,18.6847,20.8221,21.5422,23.2288,25.0938,27.243,29.2529,33.8115,37.7703,41.3555,41.8642,45.8548,48.4569,50.867,52.0548,48.447,46.815,49.6875,49.3454,51.0586,51.7579,53.0941,52.0041,53.0753,53.6665,51.4937,51.9976,48.9851,43.3453,44.1419
775.5,40.0338,39.5468,41.5172,40.9232,40.0686,36.6829,31.7414,28.3862,27.7427,26.8274,26.5217,26.5028,25.8539,26.4585,25.9728,26.5443,26.0472,26.9721,27.5409,25.9655,21.7461,17.4009,14.4333,13.776,13.9856,14.6932,13.94,14.5976,14.6193,15.8595,16.931,18.6349,20.3487,21.2759,22.6911,24.2304,26.5838,29.096,33.2465,37.0041,40.8871,40.8433,45.3776,47.2129,49.5069,50.4537,47.5118,45.5889,48.1408,48.4593,49.8002,51.7007,51.7078,50.9123,51.3194,52.9176,50.8723,51.554,47.7582,42.509,43.4644
776,39.2254,38.6138,40.9464,40.3719,39.6804,35.7834,30.8623,28.2944,27.3362,26.559,26.0361,26.0288,25.8591,25.9814,25.5422,25.7928,25.7177,26.4952,27.4716,25.6514,21.2696,17.1237,14.3245,13.6509,13.9066,14.4695,13.6983,14.5705,14.5391,15.6609,16.595,18.2396,19.5074,20.7896,22.3223,23.8149,25.807,28.4806,32.5622,36.1343,40.0569,39.6609,44.744,46.6152,49.2422,49.014,46.3436,44.3103,46.4102,47.4378,48.7076,50.4993,49.9269,50.0729,50.2925,51.5468,50.8021,50.1457,46.5519,41.2984,42.2853
776.5,38.8435,38.3194,40.5437,39.2214,38.8323,35.3474,30.2828,27.9567,26.6471,26.31,25.5148,25.6681,25.3031,25.5061,24.9701,25.7297,25.5856,26.275,27.021,25.112,21.0462,16.5805,14.1582,13.5685,13.7672,14.0612,13.6891,14.4236,14.3144,15.3819,16.1519,17.9827,19.1736,20.3191,21.942,23.1781,25.0805,28.1312,31.8768,34.8829,39.0924,38.5307,43.6532,45.6042,48.1053,48.2581,45.3328,43.8894,45.15,47.0304,47.568,49.375,48.9596,49.5082,48.5777,50.4578,50.1681,49.3892,45.4495,40.8128,41.2533
777,38.1731,38.1578,40.2607,38.2639,38.1734,34.5538,29.4785,27.3504,26.6224,25.7797,24.8881,25.2177,25.0449,25.139,24.729,25.7832,25.5226,26.1527,26.529,24.7218,20.3783,16.466,14.151,13.4112,13.6633,13.863,13.4624,14.2031,14.084,15.1202,16.1582,17.7212,18.6132,19.7257,21.3491,23.0018,24.4515,27.396,31.261,33.5896,38.1,37.8645,42.6301,44.4667,46.7957,47.2339,44.5578,42.5928,44.6685,46.1404,46.5708,48.149,47.8524,48.4614,47.8899,49.519,49.3693,48.1531,43.9678,40.2941,39.571
777.5,37.9417,37.6084,39.2881,37.2783,37.3128,33.9856,29.463,26.9882,26.0052,25.5782,24.7387,24.8716,24.3339,24.7351,24.4354,25.7878,25.5336,26.0859,26.324,24.3299,19.9146,16.264,13.8462,13.3982,13.4689,13.7122,13.4408,14.0196,13.8869,14.9447,16.1353,17.3811,18.6018,19.26,20.911,22.4759,23.9444,26.6767,30.8043,32.7583,37.026,37.2261,41.5158,44.0029,45.1235,46.0673,43.6419,41.9278,44.0999,44.985,45.3983,46.7863,47.2778,47.6366,46.6805,47.7649,49.2266,47.5267,42.8812,39.6679,38.5574
778,37.6249,36.6997,38.3696,36.8225,37.0584,33.4895,28.9301,26.1652,25.8159,24.9373,24.4383,24.3672,24.2042,24.4042,24.3011,25.5455,25.4763,25.6927,26.1253,24.073,19.9155,16.422,13.6602,13.2728,13.3161,13.3902,13.2696,13.9248,13.4961,14.7769,16.0678,17.1533,18.3652,18.9826,20.4638,21.9964,23.5569,26.368,30.2877,32.1145,36.1307,36.7532,40.1468,43.0402,44.0171,45.2282,42.6871,41.4649,43.2046,43.563,44.8721,45.998,46.8515,46.1201,46.0285,46.5139,47.9849,46.7502,42.0258,39.0982,37.4223
778.5,36.3921,36.636,37.4851,36.5115,36.6264,33.2164,28.6741,26.1571,25.4761,24.4854,24.649,23.8558,23.8302,24.0715,24.2145,25.5332,25.092,25.2306,26.0291,24.029,19.878,16.2884,13.6301,13.1833,13.1396,13.2466,13.11,13.6926,13.0754,14.573,15.9383,16.9043,18.1763,18.8138,20.2141,21.3747,23.1956,26.0658,29.8338,31.8511,35.7265,36.1416,39.5118,41.9114,42.5853,44.2375,41.7212,41.3204,42.3566,42.8311,43.4552,44.9162,45.9154,45.0835,44.9921,45.8064,47.0282,45.3958,41.1318,38.561,36.8739
779,35.449,36.2828,36.8912,36.2643,36.2607,32.9154,28.3602,25.6648,25.0899,24.4309,24.4291,23.831,23.8295,24.174,23.916,25.3474,24.9335,24.9533,25.3415,23.7269,20.2306,15.977,13.5666,13.0991,13.0315,13.0383,12.8185,13.3939,12.8866,14.1672,15.7375,16.6913,17.8428,18.7719,19.8085,21.0892,22.381,25.6046,28.9675,30.9397,34.6711,35.231,38.6162,40.9,41.6803,43.8749,40.9375,40.7082,41.3395,42.2234,43.0291,43.6808,44.9893,43.8028,44.5603,44.9835,45.9669,43.928,39.9444,37.5128,36.0706
779.5,34.4649,36.2621,36.7191,35.5737,35.7268,32.3554,28.401,25.3173,24.6618,24.3088,24.0026,23.5424,23.8761,23.9623,23.9157,25.0318,24.8056,24.7967,24.9845,23.3119,20.3521,15.7351,13.5232,12.9062,13.0097,12.9884,12.7292,13.2157,12.7249,13.8537,15.5501,16.4347,17.512,18.7689,19.4649,21.1138,22.1575,24.8771,28.1523,30.3615,34.0182,34.1321,38.3611,39.6035,40.7775,42.8379,40.1156,39.5877,40.6603,42.0687,42.2862,43.0227,43.9602,42.9858,44.1043,44.0491,44.758,43.2476,38.9693,36.6421,35.563
780,34.0162,35.4834,36.1327,35.0099,34.8411,31.9008,28.1608,25.1555,24.3657,24.201,23.734,23.4935,23.6592,23.8483,23.8432,24.7966,24.7723,24.6672,24.3655,23.2868,20.4167,15.7182,13.4209,12.7742,12.9574,12.9907,12.6341,12.845,12.6827,13.5232,15.2781,16.3399,17.1765,18.6817,19.0019,20.7105,21.6978,24.0678,27.4581,29.7445,32.9722,33.9358,37.9863,38.7198,39.8164,41.9593,39.5493,38.9451,39.7351,41.3544,42.1651,42.401,43.201,42.2514,43.2998,43.2022,44.0515,42.9858,38.0035,35.8703,34.7064
780.5,33.2816,34.8856,34.91,34.6607,34.403,31.3587,28.2324,24.9936,24.1762,24.197,23.2468,22.9214,23.4774,23.747,23.6506,24.2764,24.6318,24.7142,24.2233,22.683,20.309,15.6259,13.2917,12.6487,12.7761,13.0178,12.628,12.8179,12.8592,13.3458,14.9789,16.0953,16.9036,18.3956,18.7654,20.5942,21.5525,23.3484,26.9505,29.8235,32.6135,33.4254,36.7424,37.6091,39.4905,40.9125,38.9869,38.2424,39.2458,40.1704,41.6817,41.3599,42.3667,41.9323,42.009,42.3499,42.9614,42.1117,37.8122,34.951,34.45
781,32.5564,34.333,34.3852,34.5297,34.0028,30.6285,28.0493,24.7771,24.0543,23.5705,22.9794,22.4006,22.9093,23.8042,23.2971,23.9254,24.2245,24.5351,24.1422,22.3615,20.1745,15.5405,13.1955,12.5116,12.6778,12.925,12.4665,12.8662,12.8362,13.2815,14.6804,15.9056,16.7919,18.0582,18.4476,20.0799,21.1849,23.6482,26.3933,29.4857,32.1662,33.4181,35.8907,37.1332,38.7048,40.1322,38.2963,37.6824,37.9997,39.0063,40.7124,40.2276,41.4663,41.8566,41.4945,41.9425,42.1244,41.5388,37.3259,34.0807,33.5549
781.5,32.0241,33.5653,34.0033,34.181,33.8421,30.4141,27.7273,24.7649,23.8543,22.8922,22.7734,22.3787,22.3568,23.3527,23.106,23.7118,24.1381,24.2214,24.1957,21.7358,19.8982,15.3273,13.0943,12.3348,12.4999,12.7446,12.3786,12.7592,12.8066,13.4678,14.4777,15.77,16.532,17.6257,18.0935,19.995,20.7981,23.089,25.6627,29.0864,31.6672,32.8397,34.9752,36.3095,38.4887,39.3027,37.1234,37.043,37.6991,38.4064,40.0766,39.0603,40.9057,41.2341,40.3971,41.4567,41.4451,40.3413,36.643,33.4283,33.0964
782,32.2064,33.2402,34.1592,33.6955,33.716,30.2104,27.2318,24.2058,23.613,22.4845,22.5532,22.0241,22.1178,23.2186,22.6082,23.4236,23.6667,24.0306,24.161,21.7149,19.4159,15.0582,13.1155,12.1612,12.5721,12.8483,12.2746,12.614,12.5513,13.4743,14.4519,15.541,16.339,17.1209,17.8124,19.6653,20.6726,23.1557,25.18,28.243,30.9087,32.2503,34.4842,35.7809,37.8573,38.7579,36.1123,36.0456,36.8252,37.8148,38.7072,38.4811,39.8975,40.5944,40.2484,40.9652,40.6674,39.7366,35.7993,32.9077,32.4289
782.5,31.9141,32.687,34.0775,33.4044,33.4742,30.3838,26.9395,23.6447,23.4398,22.1336,22.1238,21.8782,21.6056,23.0965,22.3306,23.3031,23.3147,23.8389,23.7215,21.7183,18.9849,15.1065,13.0761,12.1126,12.4113,12.7481,12.2404,12.341,12.15,13.2457,14.3038,15.3529,16.0742,16.7926,17.6732,19.3592,20.3254,22.9121,24.4178,27.3203,30.43,31.3965,33.7836,35.3337,37.6031,38.4011,35.5835,35.3977,36.3805,37.1367,38.0417,37.9952,38.8155,39.8368,40.0066,39.9144,39.4103,39.1961,35.1687,32.1962,32.3474
783,32.3041,32.1575,33.7749,33.315,33.101,30.3221,26.4679,22.8754,23.2309,21.9976,21.9359,21.5853,21.5187,23.0442,21.8889,23.1267,23.0772,23.7625,23.6128,21.7668,18.8968,14.9491,13.0508,12.0343,12.3007,12.667,12.3324,12.2321,11.9671,13.1953,14.3486,15.2213,16.0482,16.5185,17.5578,19.1368,20.0563,22.6648,24.0177,27.0216,29.6966,30.7078,33.4556,34.629,36.9035,37.7271,35.0354,34.692,35.9622,36.3994,37.448,37.4815,37.7052,38.7228,39.6506,39.3867,39.0472,38.8332,34.6003,31.4148,31.4952
783.5,31.621,31.5799,32.6808,33.0894,32.7425,30.475,26.5315,22.5708,22.8915,21.6489,21.68,21.5131,21.5579,22.8844,22.1438,23.1814,23.0343,23.5965,23.1463,21.3879,18.7469,14.8186,13.0448,11.9356,12.2326,12.5366,12.1316,12.0617,11.7633,13.047,14.1905,15.1103,15.9125,16.3136,17.3775,18.7196,19.9269,22.2986,23.7725,26.4559,28.6852,30.0426,32.6336,34.3386,36.6748,36.3449,34.9051,34.0695,35.5737,35.643,36.9548,37.0737,36.9218,38.1013,39.3789,38.8306,38.0188,38.4633,34.1899,30.8904,31.0136
784,31.5346,30.9696,32.1479,32.8737,32.0283,30.0485,26.3162,22.606,22.5107,21.5829,21.7064,21.6835,21.5238,22.7472,22.1201,22.7318,22.9608,23.3729,22.8851,21.1779,18.9428,14.7415,12.7979,11.6373,12.0945,12.4499,11.9463,11.8496,11.7709,13.0034,13.8817,14.8724,15.7574,16.3427,17.1388,18.4056,19.5952,21.8413,23.6031,25.827,27.9883,29.785,32.3632,33.9887,36.1868,35.4066,34.049,33.7195,35.0394,35.2546,36.1442,36.1929,36.8434,37.1514,38.5908,38.5099,37.0158,37.9014,33.6405,30.278,30.8226
784.5,31.1578,30.4494,31.5127,32.2754,31.4138,29.466,26.074,22.641,22.2024,21.3267,21.5893,21.6851,21.3814,22.5775,22.1948,22.518,22.6192,23.1544,22.4207,21.1122,18.4764,14.6501,12.687,11.3541,12.0836,12.4287,11.6193,11.9592,11.7907,12.8448,13.7176,14.9118,15.4941,16.0404,16.9801,18.2253,19.4184,21.4892,23.6386,25.2516,27.3257,29.2554,31.5479,33.573,35.6708,34.532,33.2015,32.9087,34.6107,34.6953,35.4909,35.5308,36.5768,36.5594,37.6794,37.8432,36.2644,37.514,33.3516,29.9546,30.0405
785,31.1913,30.5476,31.1908,32.2447,30.5581,28.6167,25.4507,22.5945,21.8667,21.6293,21.6086,21.5984,21.0917,22.379,21.9099,22.0805,22.4202,23.0373,22.0339,21.0872,18.1416,14.6885,12.4823,11.3424,12.0847,12.4359,11.5851,11.9904,11.7285,12.7686,13.4534,14.7269,15.1618,15.6327,16.5977,17.9204,18.9079,21.2824,23.4016,24.9282,27.4638,28.9148,30.987,33.07,34.4341,34.0172,32.9144,32.301,33.8302,34.409,34.8805,35.1235,36.3419,36.1749,36.9557,36.7495,35.259,37.1201,32.8756,29.5813,29.7787
785.5,30.8979,29.9834,31.4847,31.7805,30.5734,28.2053,24.9914,22.5007,21.8979,21.4786,21.5749,21.5893,20.6576,22.0548,21.7803,22.044,22.0265,22.6332,22.0215,21.1792,18.0242,14.7305,12.4973,11.2543,12.0432,12.3816,11.4352,12.0792,11.7041,12.5165,13.2623,14.5938,15.0958,15.338,16.4113,17.6464,18.551,20.8798,22.7376,24.5067,27.0327,28.4813,30.3076,32.5149,34.1381,34.0358,32.2951,31.8145,33.4466,33.572,34.7091,34.2125,35.8259,35.6704,36.0379,35.8965,34.4627,36.6139,32.7139,29.1068,29.167
786,30.512,29.9013,31.7759,31.4944,30.6829,27.7052,24.6793,22.3763,21.8717,21.5577,21.4987,21.484,20.4812,21.9527,21.5335,22.0738,21.9608,22.4195,21.8846,21.0417,17.9255,14.6293,12.3097,11.3348,11.8646,12.249,11.5204,12.0366,11.5037,12.5338,13.1309,14.4402,14.7899,14.9494,16.157,17.392,18.0693,20.5308,22.4844,24.2915,26.7021,28.1094,29.7836,31.7786,33.6894,33.2205,31.5529,31.3925,33.0325,33.0313,34.5282,32.9698,35.2966,35.2499,35.304,35.4667,34.0096,35.8228,32.303,28.7952,29.4401
786.5,30.113,29.3652,31.6362,31.0863,30.9055,27.504,24.8672,22.3179,21.7541,21.3182,21.2718,21.2501,20.2657,21.7944,21.4659,21.8921,21.7779,21.7731,21.8201,20.9351,18.1492,14.5815,12.234,11.3509,11.6398,12.0855,11.4372,11.9169,11.4375,12.4737,13.1261,14.2789,14.8202,14.75,15.8577,17.1478,17.5902,20.1657,22.1945,24.0084,25.9697,27.7644,29.5813,30.9903,33.5055,32.6625,30.8634,30.5993,32.6883,32.6837,34.166,32.4049,35.0376,34.535,35.1348,35.1867,34.0854,35.0988,32.1381,28.3678,28.9
787,29.9333,29.2804,31.4966,30.5677,30.3179,27.2789,24.7052,22.3511,21.4736,20.9047,21.0724,21.0001,20.5256,21.819,21.3247,21.5149,21.6074,21.6441,21.6977,20.8681,17.8141,14.3877,12.1991,11.3865,11.6356,12.032,11.3971,11.8358,11.4105,12.4515,13.1094,14.0546,14.7696,14.8583,15.6739,17.0157,17.2368,19.899,22.0917,23.6884,25.6714,27.2326,29.132,30.7232,33.0576,32.7826,30.243,30.4022,32.3798,32.5185,33.3216,32.0455,34.5381,33.9923,34.908,34.8374,34.085,34.497,31.6394,28.2971,28.5842
787.5,29.8894,29.182,31.3031,30.7068,29.9503,26.7613,24.7939,21.965,21.114,20.8773,20.8886,20.6872,20.2746,21.7614,21.3253,21.0883,21.7673,21.2294,21.4082,20.4419,17.286,14.3271,12.2053,11.1901,11.4766,11.9399,11.2705,11.7638,11.1186,12.2799,13.0871,14.0695,14.5997,14.9051,15.5007,16.8127,16.8366,19.6751,21.4751,23.4368,25.3158,26.5395,29.0538,30.3869,32.5691,32.5382,30.2253,29.9997,32.1262,32.318,32.7797,31.4957,34.0794,33.7616,34.6677,34.3314,33.6776,33.7564,31.1274,27.9676,27.9725
788,29.5844,29.2112,31.1124,30.3238,29.6753,26.6728,24.649,21.8235,20.9023,20.8154,20.8152,20.2679,20.3319,21.2284,21.3508,21.239,21.6275,21.4305,21.6489,19.9958,17.3421,14.2409,12.1084,11.0875,11.5026,11.6549,11.1867,11.6907,11.1197,12.1633,13.0499,13.9982,14.4039,15.1909,15.411,16.4745,16.6804,19.201,20.9599,23.0934,25.0919,26.1222,28.4421,30.2463,32.0487,32.7661,29.7206,29.9915,31.5637,31.7803,31.9561,31.0808,33.5601,33.5037,34.0982,33.53,33.551,33.5858,30.7447,27.7518,27.7323
788.5,29.0614,29.3135,30.6868,30.1109,29.1419,26.6143,24.4226,21.5376,20.7253,20.8498,20.5815,19.8791,20.2223,20.819,21.2417,21.0051,21.4108,21.2995,21.3673,19.6908,17.2621,14.0237,11.954,10.94,11.3855,11.5058,11.0077,11.5327,10.9127,11.984,12.8541,13.9169,14.2163,14.9192,15.3714,16.2696,16.8696,18.801,20.5853,22.8305,24.8833,26.0416,28.2413,30.0966,31.5743,32.0503,29.7046,29.8209,31.3158,31.5257,31.7431,30.5608,32.7038,33.4004,33.5936,32.7772,33.0223,33.4054,30.4372,27.1619,27.2522
789,28.8708,29.0572,30.3975,29.4883,29.0872,26.7081,24.3865,21.0507,20.768,20.7922,20.6628,19.7605,20.291,20.7538,20.9165,21.0649,20.9454,21.355,21.3148,19.7799,17.3104,13.8464,11.8219,10.8904,11.2261,11.1348,10.9684,11.3775,10.6191,11.9945,12.7063,13.9153,14.2408,14.9022,15.2885,16.239,16.5521,18.4362,20.6153,22.6073,24.6381,25.7665,27.5527,29.7359,31.1097,31.3014,29.3696,29.4763,31.0437,30.8864,30.9989,30.6198,32.4262,33.132,32.9417,32.456,32.621,33.2004,30.2893,26.7291,26.9349
789.5,28.7199,28.9647,29.6377,29.3792,28.5158,26.5773,24.1954,21.0152,20.8493,20.4745,20.469,19.9397,20.1056,20.508,20.6008,20.8455,20.4291,21.4056,21.3637,19.7024,17.1257,13.5812,11.5768,10.7748,11.1632,11.0228,10.9044,11.1563,10.6572,11.9487,12.4522,13.5458,14.3145,14.5963,15.17,16.0621,16.3766,17.9553,20.0639,22.5065,24.2405,25.3552,27.0362,29.0801,30.6463,30.2653,29.1573,29.3232,30.5464,30.7041,30.0796,30.1488,31.8917,32.3772,32.8686,32.1485,31.883,32.918,29.6123,26.3262,26.6868
790,28.4306,28.3226,29.2487,29.1374,28.3332,26.2272,23.9872,20.7309,20.6866,20.1151,20.5782,20.0635,19.9061,20.6395,20.4113,20.6865,20.0841,21.3014,21.1665,20.0852,16.9242,13.1583,11.5021,10.6135,10.9349,11.0046,10.9031,11.0842,10.6145,11.9105,12.2285,13.5598,14.2913,14.4298,14.9535,15.926,16.1447,17.8476,19.8055,22.2407,23.9563,24.9979,26.7653,28.5751,30.5019,29.695,28.9723,28.757,29.8165,30.1721,29.9833,29.9287,31.3531,31.4264,32.419,31.8417,31.7181,32.5058,29.1003,26.0445,26.6303
790.5,28.257,28.2849,28.8858,28.9036,27.8651,26.4481,23.4365,20.5753,20.4666,19.9325,20.1713,19.9617,19.6975,20.4228,19.9386,20.5995,19.8791,21.069,20.9094,20.0938,16.8109,13.0697,11.4679,10.5022,10.8684,10.9557,10.7076,10.8933,10.754,11.6988,11.9296,13.4496,14.1712,14.2215,14.7856,15.7225,15.9435,17.4918,19.4616,21.7441,23.686,24.7417,26.3956,27.9593,30.0431,29.3761,28.6003,28.1273,29.1406,29.9299,29.6471,29.55,31.0945,30.9851,31.9247,31.5208,31.0518,31.6505,28.4678,25.864,26.2652
791,28.3065,28.0911,28.3751,28.9501,27.3017,26.0359,23.3404,20.4598,20.3936,19.6825,20.0227,19.8467,19.5217,20.3046,19.837,20.4642,19.8473,21.0021,20.889,20.2758,16.8752,12.9912,11.3692,10.4066,10.739,10.9996,10.718,10.9129,10.6915,11.6336,12.034,13.4627,14.0614,14.0858,14.5735,15.5262,15.8026,17.5741,19.3431,21.3272,23.1186,24.3012,25.8467,27.7801,29.8906,29.4032,28.0954,27.5787,28.6569,29.7376,29.497,29.4294,30.5471,30.4687,31.1825,31.2192,30.9695,31.2348,27.8983,25.5792,26.124
791.5,27.8553,28.0497,28.3964,28.5952,27.1595,26.0013,23.2683,20.3023,20.1436,19.3743,19.7178,19.5895,19.433,20.0927,19.511,20.27,19.6537,20.7111,20.7929,20.4088,16.8662,12.9093,11.3382,10.331,10.6498,10.8985,10.5618,10.752,10.6634,11.4723,11.9376,13.3769,13.8436,13.9526,14.2988,15.4292,15.4242,17.4868,19.104,21.3559,22.6033,23.8748,25.6593,27.586,29.2666,29.3178,27.5129,27.0302,28.4984,29.4292,29.4782,29.0396,29.8457,30.6255,30.806,30.7299,30.7597,30.7158,28.0029,25.3541,25.8874
792,27.6367,28.0847,28.0924,28.5061,26.9574,25.6528,23.3402,20.1947,20.1128,19.3231,19.5455,19.2372,19.1844,19.9439,19.5925,19.9197,19.2977,20.4058,20.7684,20.1653,16.7475,12.9076,11.1882,10.2563,10.4825,10.8792,10.5532,10.614,10.6589,11.3375,11.8075,12.9663,13.7301,13.8305,13.9988,14.922,15.0647,17.1202,18.8058,20.9883,21.8705,23.6302,25.3831,27.4551,28.7992,28.9627,27.0174,26.3732,28.2381,28.931,29.3826,28.7058,29.5248,30.3387,29.9035,30.8266,30.3018,30.3239,27.9446,24.8491,25.5553
792.5,27.2999,27.9432,28.1237,28.2557,26.5577,25.6735,23.116,20.2538,19.9787,18.9696,19.5974,19.1203,19.1028,19.8264,19.5722,19.3789,19.1638,20.1271,20.4078,19.8852,16.4885,12.7547,11.1659,10.3512,10.3209,10.8136,10.3471,10.5378,10.6264,11.1612,11.7435,12.822,13.5303,13.6489,13.7374,14.6767,14.7581,16.9116,18.542,20.6527,21.5196,23.5066,25.0541,27.2207,28.3949,28.4765,26.7433,26.2366,28.0445,28.5684,29.0498,28.3344,29.0302,29.762,29.7361,30.5066,29.875,29.6379,27.8802,24.596,25.3282
793,27.1932,27.8885,27.8003,27.9669,26.3798,25.6022,22.5351,20.2874,19.8362,18.4667,19.4148,18.8913,18.9972,19.6617,19.4784,19.2093,19.0043,20.1223,20.1579,19.434,16.2375,13.0481,10.9852,10.265,10.1524,10.6558,10.1922,10.515,10.4401,11.0854,11.6799,12.5657,13.4513,13.6148,13.658,14.3835,14.8852,16.4814,18.4091,20.4262,21.608,23.2779,24.7168,27,27.9532,28.2172,26.605,26.311,27.7558,28.437,28.9308,28.2028,28.7248,29.4661,29.0467,30.2016,29.7047,29.0908,27.5586,24.3531,24.947
793.5,27.0439,27.5383,27.3947,27.6897,26.111,25.2312,22.3247,20.1376,19.659,18.4164,19.2232,18.5508,19.0342,19.5578,19.1153,19.0948,19.0094,20.046,19.8029,18.8569,16.0761,13.0316,10.8726,10.3555,10.0667,10.5352,10.0721,10.3198,10.3557,10.937,11.5884,12.4971,13.3312,13.3849,13.5228,14.3095,14.6667,16.4322,17.9688,20.2444,21.4725,23.1355,24.0355,26.5925,27.4418,27.6839,26.584,26.2893,27.5331,28.1169,28.2647,27.5048,28.4276,28.8081,28.6736,29.754,29.4427,28.7011,27.0073,23.9055,24.6016
794,26.8354,27.2072,27.2148,27.296,25.9958,25.2796,22.0818,19.7884,19.3084,18.2527,18.7325,18.3267,18.9848,19.1753,19.216,19.0147,18.9392,19.9562,19.5006,18.7971,15.7684,12.8785,10.7851,10.1388,10.176,10.2179,10.0396,10.1034,10.1794,10.8937,11.4306,12.3284,13.1915,13.1638,13.4735,14.2828,14.5484,16.2144,17.7789,20.1658,21.2445,22.7068,23.9342,26.375,26.9581,27.3983,26.6861,26.2663,27.2104,27.7003,27.4097,27.2001,28.1456,28.7306,28.4013,29.46,29.3492,28.4351,26.4227,23.6774,24.0006
794.5,26.1548,26.821,27.1889,27.0319,25.4045,24.6999,21.6935,19.4923,19.0765,18.2437,18.7778,18.1202,18.9098,19.2188,18.9045,18.8855,18.6871,19.7301,19.2433,18.661,15.5161,12.8013,10.6059,10.1049,10.0937,10.1922,9.97044,9.93757,9.97237,10.7847,11.2724,12.1528,13.048,13.0663,13.2828,14.1457,14.1762,16.0483,17.4379,19.8411,21.0629,22.2344,23.6918,25.7839,26.9011,27.1598,26.5267,25.8335,26.6136,27.3369,27.0136,26.9693,27.962,28.1153,28.3493,29.3062,29.1571,28.1047,26.1989,23.4631,23.4503
795,25.6908,26.4044,26.8865,26.7508,25.489,24.1337,21.6589,19.261,18.8061,17.9164,18.7005,17.7516,18.568,19.0296,18.8425,18.4539,18.544,19.5137,19.1084,18.7185,15.3491,12.4599,10.4647,9.99783,10.0249,10.0601,9.78058,9.87695,9.85968,10.5859,11.1321,12.1218,12.7681,12.7694,13.165,13.8617,13.9982,15.7504,17.3297,19.5444,20.8483,21.8431,23.5734,25.3894,26.8019,26.853,26.0296,25.1857,26.2711,26.9699,26.4241,26.5991,27.651,27.614,27.9709,28.9586,28.6551,27.9683,25.8317,23.0234,23.2205
795.5,25.4412,26.0352,26.7132,26.3429,24.969,23.7717,21.1506,19.1872,18.3378,17.849,18.5621,17.4754,18.4218,18.9292,18.4025,18.1374,17.7784,19.4691,18.971,18.506,15.4262,12.4332,10.2521,9.89052,9.9647,10.0708,9.6247,9.91151,9.76557,10.3155,11.125,11.9724,12.4732,12.7027,12.9366,13.3862,13.7312,15.2497,17.0675,19.3369,20.6595,21.8677,23.1711,24.9841,26.9119,26.7226,25.3697,24.9527,26.0417,26.6227,26.121,26.2797,27.1108,27.4142,27.6015,28.6331,28.1035,27.7423,25.6769,22.737,22.8715
796,24.9224,26.0737,26.3872,25.7706,25.2088,23.6709,20.8445,18.8066,18.2515,17.7431,18.1386,17.2037,18.1298,18.8032,18.4354,17.9677,17.6886,19.1995,18.5915,17.8105,15.1908,12.317,10.2124,9.89294,9.79988,10.0704,9.56017,9.86306,9.6459,10.1282,10.9885,11.8164,12.1787,12.4596,12.861,13.1454,13.4821,14.9343,16.8503,19.0884,20.3232,21.4239,22.6967,24.6451,26.4515,26.267,24.8895,24.6624,25.6895,25.897,26.0585,25.7977,26.906,26.7554,27.1076,28.4118,27.657,27.2329,25.4771,22.5367,22.4339
796.5,24.7417,25.6607,26.1467,25.3305,24.8371,23.3709,20.4309,18.8299,18.028,17.6636,17.761,17.1822,18.0613,18.3989,18.0713,18.2315,17.489,18.9358,18.6232,17.7215,15.1479,12.2489,10.2495,9.82743,9.75073,9.97787,9.53525,9.76303,9.53829,9.96492,11.0214,11.6843,12.0337,12.4723,12.6946,12.729,13.4026,14.6766,16.7593,18.9872,20.1088,20.9467,22.1917,24.1565,26.1015,25.8427,24.3989,24.5791,25.0005,25.4431,25.8451,25.9205,26.4557,26.6592,26.9206,27.8407,27.1855,26.8914,25.1571,22.514,21.9857
797,24.2065,25.4852,25.9861,24.9546,24.6532,23.1191,20.2203,18.5391,17.8702,17.4757,17.3714,17.049,17.7774,18.226,18.1823,17.9811,17.7627,18.6192,18.5065,17.5078,14.881,12.1352,10.191,9.70139,9.5827,9.85348,9.55499,9.68385,9.50553,10.0008,10.8944,11.3932,11.9044,12.3707,12.5161,12.7918,13.1921,14.4903,16.4038,18.6173,19.6239,20.6298,21.9034,23.5779,25.4785,25.4218,24.0213,24.1915,24.2177,25.0435,25.643,25.7407,26.1842,26.1066,26.622,27.5632,27.1782,26.0154,24.5179,22.256,21.9318
797.5,24.2098,25.0203,25.6251,24.7794,23.9825,22.8344,19.7985,18.1746,17.5768,17.1908,17.0314,16.8912,17.5291,17.663,17.6708,18.0593,17.6479,18.0713,18.2035,17.3185,14.8123,12.0215,10.1219,9.59381,9.43378,9.68189,9.2882,9.5314,9.37459,9.89714,10.7619,11.1607,11.7939,12.1655,12.3575,12.7044,12.9103,14.3181,16.2787,18.2898,19.5748,20.2302,21.8468,23.0749,24.7137,25.2777,23.7223,23.4644,23.8052,24.6351,25.0097,25.341,25.8032,25.7187,26.3799,27.2255,26.7004,25.6483,23.9804,22.0069,21.7535
798,23.952,24.7058,25.3579,24.6292,23.4981,22.6496,19.6755,17.944,17.3257,16.9698,16.9253,16.4376,17.2417,17.4976,17.567,17.7271,17.3571,17.7275,18.0213,17.1523,14.6268,11.9141,10.0509,9.37197,9.33252,9.4845,9.13499,9.43042,9.23922,9.85867,10.7569,10.9802,11.6575,11.9994,12.1685,12.57,12.6721,14.1208,16.0628,17.8947,19.0529,20.0555,21.4031,22.8032,24.3559,24.891,23.3924,23.2345,23.5962,24.2964,24.4722,24.74,25.1643,25.3192,25.936,26.8033,26.2721,25.0012,23.6395,21.8199,21.5163
798.5,23.5813,24.2901,24.9283,24.0622,23.1235,22.2286,19.4571,17.6992,17.2485,16.5133,16.7205,16.2994,16.99,16.9958,17.31,17.7292,17.019,17.3592,17.7116,16.7743,14.5176,11.8829,9.86192,9.20878,9.19359,9.30616,9.0194,9.20896,9.10575,9.80924,10.6556,10.8016,11.5561,11.8001,12.0136,12.5628,12.5022,14.0596,15.7752,17.6155,18.9414,19.8966,21.1189,22.8821,23.8732,24.7173,23.2123,22.7917,23.5884,23.7554,24.247,24.3507,24.7639,25.0877,25.5905,26.3097,25.9913,24.9686,23.2235,21.2947,21.0746
799,23.1172,23.5136,24.4859,23.7337,22.8731,21.9375,19.3342,17.4422,16.9911,16.2064,16.7653,16.2348,16.737,16.8651,17.2492,17.5124,16.7407,17.3981,17.2911,16.4849,14.1978,11.5777,9.7351,9.07142,8.93419,9.21527,8.89768,9.00876,8.82845,9.74782,10.5308,10.7007,11.512,11.7441,11.8288,12.373,12.458,14.0075,15.6327,17.2708,18.6577,19.7049,20.6911,22.8242,23.9002,24.4078,22.7328,22.7205,23.5416,23.4557,23.9551,23.9128,24.6164,24.8396,25.11,25.8084,25.6044,24.0223,23.0334,21.1454,20.6361
799.5,22.7596,23.0273,24.1179,23.5259,23.0085,21.4027,19.2442,17.2883,16.6042,16.0392,16.7729,16.3654,16.5563,16.5002,17.0326,17.4492,16.7016,17.1657,17.116,16.0568,14.0039,11.4234,9.64792,9.01991,8.88286,9.14568,8.79199,8.81157,8.64366,9.62336,10.3671,10.5669,11.45,11.5795,11.5146,12.1628,12.148,13.6946,15.5589,16.8316,18.4855,19.4215,20.3912,22.5982,23.731,24.0114,22.29,22.5071,23.2686,23.1332,23.8046,23.8486,24.3268,24.4075,24.7315,25.4316,25.4358,23.8629,22.5473,21.1585,20.3331
800,22.3641,22.7639,23.9349,22.9232,22.8384,21.0889,19.0985,16.8996,16.3152,15.8558,16.4226,16.0734,16.2472,15.9847,16.5106,17.254,16.4133,17.1839,16.6319,15.7529,13.6961,11.0235,9.44255,8.87873,8.77987,9.06839,8.61269,8.65526,8.46074,9.51146,10.2017,10.5073,11.3054,11.201,11.2901,11.9048,12.1549,13.4487,15.3388,16.6334,18.3397,19.2615,20.2625,22.1861,23.4192,23.6935,22.1509,22.3118,22.932,22.9918,23.5666,23.7851,23.857,24.0406,24.5172,25.2541,25.3712,23.212,22.1936,21.0361,20.2965
