TITLE,
DATA TYPE,FLUORESCENCE SPECTRUM
ORIGIN,JASCO
OWNER,
DATE,2023/08/07
TIME,15:04:55
SPECTROMETER/DATA SYSTEM,JASCO Corp., FP-8550, Rev. 1.00
DELTAX,0.5
XUNITS,NANOMETERS
YUNITS,INTENSITY
FIRSTX,  500.0000
LASTX,  800.0000
NPOINTS,     601
FIRSTY,    16.26396
MAXY,   157.28590
MINY,     3.17824
XYDATA
,350,355,360,365,370,375,380,385,390,395,400,405,410,415,420,425,430,435,440,445,450,455,460,465,470,475,480,485,490,495,500,505,510,515,520,525,530,535,540,545,550,555,560,565,570,575,580,585,590,595,600,605,610,615,620,625,630,635,640,645,650
500,16.264,15.2462,14.2379,13.5991,12.6154,12.0343,10.4467,10.6563,9.98913,11.2318,11.0925,11.3481,10.0171,10.0245,9.42032,9.77013,9.16934,7.59052,7.10242,7.19791,7.74451,8.52484,8.25331,7.31949,6.93852,7.86117,12.915,55.4054,210.956,0,0,0,0,0,0,0,0,0,0,0,0,0,0,0,0,0,0,0,0,0,0,0,0,0,0,0,0,0,0,0,0
500.5,16.1918,14.9011,14.102,13.7684,12.3679,12.5236,10.6446,10.7204,10.1125,11.2696,11.1489,11.3459,9.96039,10.0202,9.45261,9.86453,9.04902,7.48164,7.18361,7.35771,7.64572,8.51059,8.3462,7.29997,6.76382,7.71658,11.8934,46.7284,196.217,0,0,0,0,0,0,0,0,0,0,0,0,0,0,0,0,0,0,0,0,0,0,0,0,0,0,0,0,0,0,0,0
501,16.2358,14.7635,13.9913,13.846,12.1506,12.9967,10.6786,10.5835,10.2633,11.2506,11.1638,11.3316,10.07,9.97644,9.46033,9.90085,9.15075,7.48756,7.28541,7.54234,7.71924,8.50984,8.31986,7.30407,6.58381,7.62491,11.1024,39.6091,181.492,0,0,0,0,0,0,0,0,0,0,0,0,0,0,0,0,0,0,0,0,0,0,0,0,0,0,0,0,0,0,0,0
501.5,16.0673,14.4911,13.7813,13.6797,12.1298,13.5396,10.5874,10.4075,10.3579,11.2229,11.179,11.2641,10.1702,9.87798,9.50918,9.92717,9.4059,7.85534,7.37063,7.71614,7.75407,8.48622,8.33805,7.36885,6.52467,7.60426,10.5221,33.4442,165.584,0,0,0,0,0,0,0,0,0,0,0,0,0,0,0,0,0,0,0,0,0,0,0,0,0,0,0,0,0,0,0,0
502,16.1938,14.3125,13.4826,13.3155,12.1055,14.2052,10.4548,10.3286,10.3512,11.1821,11.286,11.0726,10.1854,9.79527,9.43902,10.0341,9.74496,8.07837,7.55031,7.67347,7.94414,8.53487,8.32345,7.52995,6.62649,7.5573,10.0752,28.6088,147.757,0,0,0,0,0,0,0,0,0,0,0,0,0,0,0,0,0,0,0,0,0,0,0,0,0,0,0,0,0,0,0,0
502.5,16.1237,14.3542,13.2608,13.1567,12.2798,14.8787,10.343,10.4539,10.3126,11.1687,11.3354,10.9225,10.1831,9.72845,9.4222,10.1408,9.9439,8.27023,7.6958,7.57091,8.07034,8.52026,8.38662,7.72432,6.79558,7.43691,9.6405,24.5957,130.9,0,0,0,0,0,0,0,0,0,0,0,0,0,0,0,0,0,0,0,0,0,0,0,0,0,0,0,0,0,0,0,0
503,16.1835,14.4497,13.2281,13.1647,12.373,15.0081,10.3067,10.7314,10.3736,11.1212,11.3727,10.7925,10.2822,9.66695,9.46385,10.1843,9.97466,8.34718,7.84201,7.45202,8.188,8.51072,8.40576,7.73758,6.98422,7.25191,9.25582,21.4301,116.065,0,0,0,0,0,0,0,0,0,0,0,0,0,0,0,0,0,0,0,0,0,0,0,0,0,0,0,0,0,0,0,0
503.5,16.1256,14.6033,13.4989,13.358,12.5608,14.3391,10.2055,11.0094,10.2636,11.2173,11.3466,10.835,10.4264,9.77573,9.47996,10.2732,9.94123,8.43282,7.87212,7.46094,8.21943,8.55171,8.33621,7.68066,7.04481,7.09635,8.9007,18.9564,102.093,0,0,0,0,0,0,0,0,0,0,0,0,0,0,0,0,0,0,0,0,0,0,0,0,0,0,0,0,0,0,0,0
504,15.9732,14.7525,13.7717,13.5301,12.6616,13.2149,10.1114,11.2115,10.1632,11.1707,11.1832,11.0238,10.6138,9.98404,9.501,10.1946,9.85932,8.32296,7.75711,7.57833,8.28184,8.7308,8.33132,7.6627,7.06045,6.95288,8.71517,16.79,89.8371,0,0,0,0,0,0,0,0,0,0,0,0,0,0,0,0,0,0,0,0,0,0,0,0,0,0,0,0,0,0,0,0
504.5,15.8656,14.8661,13.965,13.5993,12.5686,12.0133,10.005,11.2133,10.1596,11.2874,11.0772,11.1199,10.7287,10.1763,9.4524,10.2278,9.85601,8.27821,7.68746,7.59186,8.27879,8.86405,8.36325,7.63279,7.01379,6.96817,8.50331,14.9805,77.8713,0,0,0,0,0,0,0,0,0,0,0,0,0,0,0,0,0,0,0,0,0,0,0,0,0,0,0,0,0,0,0,0
505,15.7279,14.9232,14.113,13.4902,12.4621,11.4362,10.0958,11.0917,10.3046,11.289,10.96,11.0875,10.6627,10.1712,9.42208,10.3068,9.69734,8.19458,7.55839,7.63694,8.216,8.9708,8.39985,7.67229,6.85115,7.00161,8.41668,13.4776,66.9828,207.096,0,0,0,0,0,0,0,0,0,0,0,0,0,0,0,0,0,0,0,0,0,0,0,0,0,0,0,0,0,0,0
505.5,15.7655,14.8493,14.1721,13.4918,12.3566,11.2327,10.1921,10.8517,10.4771,11.2926,10.9197,11.06,10.5624,10.1595,9.42683,10.3135,9.50447,8.26928,7.53514,7.7169,8.11554,9.05957,8.36156,7.70146,6.70187,7.07862,8.41768,12.2737,57.0686,190.763,0,0,0,0,0,0,0,0,0,0,0,0,0,0,0,0,0,0,0,0,0,0,0,0,0,0,0,0,0,0,0
506,15.6937,14.8528,14.1326,13.2841,12.2937,10.9541,10.3573,10.485,10.513,11.2515,10.8159,11.0409,10.383,10.1981,9.44249,10.2909,9.3155,8.26446,7.55169,7.75835,8.14043,9.08115,8.22803,7.69889,6.62764,7.00514,8.24466,11.3311,48.8343,172.198,0,0,0,0,0,0,0,0,0,0,0,0,0,0,0,0,0,0,0,0,0,0,0,0,0,0,0,0,0,0,0
506.5,15.7402,14.9872,13.9675,13.2005,12.3394,10.7662,10.4484,10.3548,10.522,11.2224,10.8324,11.0435,10.3969,10.2569,9.45156,10.3615,9.09225,8.34252,7.51861,7.82988,8.2532,9.1422,8.13129,7.63575,6.67218,6.89172,8.10886,10.6541,41.8714,157.107,0,0,0,0,0,0,0,0,0,0,0,0,0,0,0,0,0,0,0,0,0,0,0,0,0,0,0,0,0,0,0
507,15.8176,15.2271,13.7177,12.932,12.4024,10.6098,10.4597,10.496,10.5036,11.0845,10.9842,10.9871,10.517,10.3082,9.45539,10.3479,8.99849,8.40215,7.55473,7.95301,8.3005,9.07494,8.118,7.63451,6.77428,6.79551,7.87533,10.1025,35.9105,141.704,0,0,0,0,0,0,0,0,0,0,0,0,0,0,0,0,0,0,0,0,0,0,0,0,0,0,0,0,0,0,0
507.5,15.801,15.4208,13.7598,12.9031,12.4609,10.6362,10.4788,10.8609,10.6774,11.1902,11.1733,10.9628,10.6828,10.3649,9.53556,10.3402,8.96918,8.5485,7.64511,8.05148,8.2607,9.0137,8.15605,7.55186,6.87011,6.71346,7.69774,9.68579,30.464,129.761,0,0,0,0,0,0,0,0,0,0,0,0,0,0,0,0,0,0,0,0,0,0,0,0,0,0,0,0,0,0,0
508,15.816,15.2588,13.7539,12.9797,12.8218,10.8103,10.3922,11.0221,10.7617,11.2328,11.2256,10.9808,10.7879,10.3414,9.51729,10.221,9.10927,8.62438,7.75431,8.08295,8.27526,8.98446,8.15239,7.56054,7.01801,6.72146,7.55082,9.36695,26.1993,115.436,0,0,0,0,0,0,0,0,0,0,0,0,0,0,0,0,0,0,0,0,0,0,0,0,0,0,0,0,0,0,0
508.5,15.9232,15.0368,13.847,13.0583,13.9803,10.9782,10.3446,10.9521,10.8398,11.3463,11.1662,11.0621,10.8819,10.4483,9.63557,10.2506,9.32656,8.65922,7.80765,8.06572,8.26447,9.04715,8.19285,7.43573,6.99814,6.62391,7.44324,9.13503,22.5971,102.167,0,0,0,0,0,0,0,0,0,0,0,0,0,0,0,0,0,0,0,0,0,0,0,0,0,0,0,0,0,0,0
509,16.0536,14.9667,13.9525,13.2896,14.4471,11.063,10.2822,10.7245,10.833,11.4333,11.1902,11.2281,11.0231,10.354,9.80291,10.3987,9.6123,8.647,7.83218,8.03198,8.33769,9.14892,8.2798,7.33064,6.9461,6.58477,7.4507,8.77444,19.5693,90.0856,0,0,0,0,0,0,0,0,0,0,0,0,0,0,0,0,0,0,0,0,0,0,0,0,0,0,0,0,0,0,0
509.5,16.1292,15.0274,13.8557,13.3649,14.2846,11.2129,10.3052,10.655,10.9964,11.4533,11.3221,11.3773,10.9246,10.5312,9.9342,10.4133,9.74218,8.75997,7.89429,8.02344,8.38511,9.24767,8.35796,7.22824,6.85249,6.51668,7.3955,8.59688,17.1786,79.8703,0,0,0,0,0,0,0,0,0,0,0,0,0,0,0,0,0,0,0,0,0,0,0,0,0,0,0,0,0,0,0
510,16.2221,15.0566,13.715,13.457,13.3125,11.3656,10.5036,10.6385,11.1498,11.3837,11.4969,11.597,10.7132,10.6634,10.0362,10.2636,9.68837,8.79339,7.91671,8.00489,8.34497,9.33535,8.54664,7.24611,6.83034,6.52239,7.3755,8.39635,14.9631,69.9157,228.974,0,0,0,0,0,0,0,0,0,0,0,0,0,0,0,0,0,0,0,0,0,0,0,0,0,0,0,0,0,0
510.5,16.1308,15.0325,13.5032,13.4207,12.6963,11.9306,10.66,10.6885,11.1223,11.3997,11.4867,11.7024,10.4176,10.6832,10.0154,10.1377,9.58674,8.8954,7.93294,8.08198,8.41043,9.24837,8.65749,7.27222,6.81492,6.67101,7.31537,8.43421,13.2942,60.4179,210.131,0,0,0,0,0,0,0,0,0,0,0,0,0,0,0,0,0,0,0,0,0,0,0,0,0,0,0,0,0,0
511,16.0455,14.9617,13.4566,13.263,12.6868,12.9344,11.0315,10.6878,11.0311,11.369,11.4184,11.6804,10.3868,10.6274,10.009,10.1658,9.65252,8.91184,7.91938,8.08771,8.5685,9.11792,8.81233,7.29923,6.78671,6.84843,7.30523,8.40504,12.0785,52.177,193.456,0,0,0,0,0,0,0,0,0,0,0,0,0,0,0,0,0,0,0,0,0,0,0,0,0,0,0,0,0,0
511.5,15.7386,14.8961,13.5218,13.2032,12.8255,14.1426,11.2631,10.7439,10.945,11.5325,11.2737,11.6015,10.5296,10.4435,10.0778,10.2446,9.7432,8.9226,7.96473,8.09166,8.67998,9.09416,9.02532,7.27454,6.8102,6.93712,7.25789,8.24833,10.9706,45.0893,177.452,0,0,0,0,0,0,0,0,0,0,0,0,0,0,0,0,0,0,0,0,0,0,0,0,0,0,0,0,0,0
512,15.6078,14.9159,13.6654,13.2568,12.8052,14.9398,11.3316,10.7632,11.096,11.7634,11.2392,11.4113,10.7879,10.4288,10.1767,10.4092,9.98847,9.01424,7.97304,8.14539,8.76935,9.07006,9.09171,7.214,6.88744,6.95224,7.08177,8.13055,10.153,38.5654,161.831,0,0,0,0,0,0,0,0,0,0,0,0,0,0,0,0,0,0,0,0,0,0,0,0,0,0,0,0,0,0
512.5,15.3978,14.7129,13.814,13.4669,12.7272,14.7082,11.1904,10.8133,11.1176,11.9119,11.1813,11.2992,10.9215,10.4039,10.123,10.5025,10.1523,9.06185,8.05411,8.13813,8.75274,9.08124,9.15092,7.17283,6.87575,6.85867,6.90261,7.91829,9.56954,32.6018,146.39,0,0,0,0,0,0,0,0,0,0,0,0,0,0,0,0,0,0,0,0,0,0,0,0,0,0,0,0,0,0
513,15.3884,14.4327,14.0926,13.4167,12.7155,13.9061,10.8764,10.9704,11.1558,11.8782,11.211,11.2732,10.9035,10.4859,9.97034,10.6271,10.2008,9.06213,8.16953,8.12859,8.77044,9.03345,9.01071,7.17878,6.86794,6.83731,6.76744,7.76788,9.2851,27.6675,130.138,0,0,0,0,0,0,0,0,0,0,0,0,0,0,0,0,0,0,0,0,0,0,0,0,0,0,0,0,0,0
513.5,15.235,14.2366,14.2868,13.1625,12.7371,12.9268,10.6019,11.0913,11.0431,11.896,11.2215,11.3106,10.7888,10.4609,9.93104,10.5709,10.2463,9.04598,8.31221,8.02394,8.75713,9.045,8.86105,7.29724,6.79116,6.84573,6.64512,7.71688,9.04283,23.6189,115.712,0,0,0,0,0,0,0,0,0,0,0,0,0,0,0,0,0,0,0,0,0,0,0,0,0,0,0,0,0,0
514,15.1715,14.1229,14.4577,12.9566,12.6601,12.4684,10.4949,11.3175,11.0611,11.7234,11.3575,11.3113,10.8091,10.5153,9.942,10.4125,10.2968,9.01224,8.45092,7.95845,8.84041,9.07929,8.78703,7.24676,6.61914,6.84573,6.62025,7.62626,8.86095,20.527,103.257,0,0,0,0,0,0,0,0,0,0,0,0,0,0,0,0,0,0,0,0,0,0,0,0,0,0,0,0,0,0
514.5,14.9778,14.0647,14.5062,12.8904,12.5683,12.0949,10.5632,11.3714,11.104,11.5192,11.5531,11.2947,10.8394,10.462,10.0045,10.2927,10.4592,9.12009,8.38537,7.81024,8.94563,9.14557,8.77251,7.2286,6.54212,6.66837,6.59975,7.59837,8.63379,17.7978,91.1019,0,0,0,0,0,0,0,0,0,0,0,0,0,0,0,0,0,0,0,0,0,0,0,0,0,0,0,0,0,0
515,14.8774,14.0529,14.4272,13.1714,12.4336,11.7781,10.6185,11.2105,10.987,11.3526,11.5739,11.2282,10.9931,10.4983,10.1751,10.3213,10.6008,9.27744,8.24863,7.6559,8.99639,9.2095,8.85006,7.18259,6.5268,6.46736,6.54611,7.3961,8.47773,15.6366,80.2154,255.325,0,0,0,0,0,0,0,0,0,0,0,0,0,0,0,0,0,0,0,0,0,0,0,0,0,0,0,0,0
515.5,14.7073,13.9618,14.3814,13.3659,12.4575,11.2179,10.7564,10.9841,11.0843,11.1721,11.6237,11.1007,11.0608,10.6002,10.2312,10.5404,10.7105,9.33946,8.14148,7.53833,8.89827,9.26785,8.81202,7.28269,6.47578,6.3939,6.52263,7.23157,8.30673,13.752,69.7955,231.46,0,0,0,0,0,0,0,0,0,0,0,0,0,0,0,0,0,0,0,0,0,0,0,0,0,0,0,0,0
516,14.557,13.933,14.1823,13.4023,12.4626,10.9245,10.8523,10.7462,11.1227,11.1259,11.4918,11.1098,11.067,10.6944,10.2828,10.7378,10.6861,9.39501,8.08679,7.46408,8.82106,9.29127,8.78139,7.37048,6.50981,6.31976,6.51043,7.14194,8.27054,12.3559,59.5427,208.774,0,0,0,0,0,0,0,0,0,0,0,0,0,0,0,0,0,0,0,0,0,0,0,0,0,0,0,0,0
516.5,14.4542,14.03,14.0425,13.207,12.481,10.7935,10.8673,10.6488,11.2631,11.1729,11.3774,11.2484,11.1024,10.7036,10.2933,10.8109,10.5395,9.44416,8.10779,7.51265,8.75739,9.32878,8.8079,7.38517,6.49792,6.36826,6.51469,7.07405,8.11535,11.1537,50.5512,187.011,0,0,0,0,0,0,0,0,0,0,0,0,0,0,0,0,0,0,0,0,0,0,0,0,0,0,0,0,0
517,14.4533,14.1881,13.8993,12.9849,12.2897,10.7511,10.7159,10.6442,11.382,11.0922,11.3797,11.3897,11.1877,10.6525,10.4102,10.8798,10.3765,9.45084,8.13156,7.53381,8.77766,9.34474,8.90181,7.37939,6.50249,6.32185,6.56193,7.08793,7.86173,10.2459,42.8036,167.637,0,0,0,0,0,0,0,0,0,0,0,0,0,0,0,0,0,0,0,0,0,0,0,0,0,0,0,0,0
517.5,14.7138,14.2233,13.7654,12.8331,12.1647,10.8701,10.491,10.6529,11.3767,11.1204,11.4862,11.4732,11.1539,10.5888,10.5479,10.8405,10.1681,9.43159,8.04001,7.55641,8.84668,9.26173,8.99001,7.42258,6.54223,6.33254,6.64638,7.03108,7.75263,9.56577,36.3527,150.91,0,0,0,0,0,0,0,0,0,0,0,0,0,0,0,0,0,0,0,0,0,0,0,0,0,0,0,0,0
518,14.715,14.2824,13.7804,12.7382,12.0302,11.0825,10.3121,10.6047,11.3067,11.1607,11.5061,11.387,10.9821,10.6237,10.631,10.8344,10.1062,9.38165,8.01222,7.58575,8.92371,9.25312,8.98138,7.40535,6.59082,6.38076,6.63357,6.87936,7.62893,8.95653,31.3673,136.341,0,0,0,0,0,0,0,0,0,0,0,0,0,0,0,0,0,0,0,0,0,0,0,0,0,0,0,0,0
518.5,14.7672,14.0375,13.678,12.7257,12.0345,11.3109,10.1892,10.4845,11.2156,11.1762,11.4939,11.3139,10.7191,10.6996,10.5033,10.8344,10.0843,9.20819,8.0408,7.63161,9.03316,9.35177,9.01701,7.42287,6.5498,6.31629,6.63264,6.69906,7.48908,8.55921,26.8397,121.494,0,0,0,0,0,0,0,0,0,0,0,0,0,0,0,0,0,0,0,0,0,0,0,0,0,0,0,0,0
519,14.8144,13.9443,13.6495,12.6616,11.9599,11.3042,9.98484,10.2271,11.1359,11.1841,11.4008,11.2326,10.5581,10.6994,10.414,10.7325,10.067,9.09315,8.0074,7.70137,9.13973,9.43829,8.97744,7.28903,6.44274,6.14086,6.57266,6.65403,7.3569,8.28144,22.9442,108.7,0,0,0,0,0,0,0,0,0,0,0,0,0,0,0,0,0,0,0,0,0,0,0,0,0,0,0,0,0
519.5,14.7356,13.8055,13.5123,12.7439,11.7428,11.0662,9.95185,9.97837,11.0595,11.1493,11.2674,11.1784,10.6165,10.5525,10.2888,10.7738,9.90732,8.94158,8.1317,7.74074,9.25371,9.54416,8.81919,7.20369,6.34017,5.97249,6.56089,6.63903,7.20563,8.09156,19.5587,95.8735,0,0,0,0,0,0,0,0,0,0,0,0,0,0,0,0,0,0,0,0,0,0,0,0,0,0,0,0,0
520,14.6628,13.6625,13.3834,12.5415,11.6686,10.8445,9.83189,9.83567,11.0329,11.0864,11.2474,11.0643,10.7295,10.3814,10.2441,10.691,9.90116,8.91814,8.18435,7.78838,9.23161,9.4841,8.78444,7.17635,6.26893,5.83462,6.55239,6.63596,7.03011,7.95568,16.8221,85.4503,273.821,0,0,0,0,0,0,0,0,0,0,0,0,0,0,0,0,0,0,0,0,0,0,0,0,0,0,0,0
520.5,14.5361,13.5815,13.3588,12.2773,11.6297,10.7525,9.85731,9.82004,10.9942,11.0656,11.1755,11.0162,10.7103,10.2048,10.3463,10.4888,10.0096,8.93511,8.17386,7.77685,9.17588,9.38112,8.66126,7.12582,6.27174,5.83648,6.43312,6.53979,6.89248,7.80443,14.5452,75.1089,249.083,0,0,0,0,0,0,0,0,0,0,0,0,0,0,0,0,0,0,0,0,0,0,0,0,0,0,0,0
521,14.3685,13.6431,13.281,12.2865,11.6769,10.7102,9.89596,9.90771,10.9451,11.1475,10.9287,10.9262,10.6718,10.1637,10.3328,10.2835,10.1475,9.01968,8.23309,7.85693,9.05944,9.24874,8.6171,7.07836,6.28437,5.84122,6.30856,6.47138,6.75182,7.61028,12.78,65.0713,224.36,0,0,0,0,0,0,0,0,0,0,0,0,0,0,0,0,0,0,0,0,0,0,0,0,0,0,0,0
521.5,14.3569,13.7598,13.2356,12.3559,11.9366,10.668,9.94072,10.0972,10.8294,11.0755,10.8127,10.8729,10.5512,10.0045,10.2958,10.3933,10.1856,9.08318,8.17537,7.82334,8.86804,9.14512,8.49265,7.09788,6.34202,5.87687,6.14518,6.50739,6.59313,7.50065,11.4626,55.0639,202.104,0,0,0,0,0,0,0,0,0,0,0,0,0,0,0,0,0,0,0,0,0,0,0,0,0,0,0,0
522,14.4512,13.8803,13.1142,12.4392,12.1805,10.5342,9.97449,10.1734,10.7903,10.9798,10.7759,10.8393,10.5955,9.80436,10.1124,10.394,10.0341,9.19517,8.18264,7.84825,8.7061,9.03058,8.30865,7.16685,6.38305,5.89576,6.0137,6.55196,6.48129,7.24625,10.4286,46.7701,182.547,0,0,0,0,0,0,0,0,0,0,0,0,0,0,0,0,0,0,0,0,0,0,0,0,0,0,0,0
522.5,14.5488,13.6789,12.9489,12.3957,12.2684,10.5,9.93155,10.0309,10.629,10.7262,10.7722,10.9394,10.6243,9.65912,9.88069,10.5363,9.8596,9.02268,8.1471,7.86986,8.56922,9.02719,8.24412,7.26172,6.35354,5.83545,5.90412,6.61557,6.41278,7.01801,9.72194,39.708,163.031,0,0,0,0,0,0,0,0,0,0,0,0,0,0,0,0,0,0,0,0,0,0,0,0,0,0,0,0
523,14.4534,13.3869,12.8873,12.2539,12.2309,11.0396,9.83606,10.0095,10.4338,10.444,10.8071,11.036,10.6387,9.66252,9.67264,10.4434,9.80197,8.91407,8.01627,7.86038,8.57953,8.95508,8.25127,7.17948,6.33145,5.76841,5.81991,6.59894,6.36753,6.75718,9.16471,33.417,145.386,0,0,0,0,0,0,0,0,0,0,0,0,0,0,0,0,0,0,0,0,0,0,0,0,0,0,0,0
523.5,14.266,13.0666,12.7799,12.1937,11.8971,11.4681,9.65094,9.90971,10.2487,10.4627,10.7411,11.1152,10.6313,9.86001,9.66748,10.2405,9.85266,8.76457,7.87545,7.88536,8.60559,9.00376,8.32423,7.07468,6.21282,5.73148,5.7369,6.53998,6.32572,6.57581,8.79028,27.9353,128.151,0,0,0,0,0,0,0,0,0,0,0,0,0,0,0,0,0,0,0,0,0,0,0,0,0,0,0,0
524,14.1007,12.8864,12.7049,12.2415,11.5757,11.5469,9.52311,9.97942,10.1576,10.1959,10.5892,11.1247,10.5,9.8615,9.66919,10.1497,9.8065,8.70899,7.80931,7.88279,8.66493,8.9289,8.19194,6.94114,6.14816,5.72558,5.60069,6.52581,6.27596,6.4713,8.5308,23.5644,113.83,0,0,0,0,0,0,0,0,0,0,0,0,0,0,0,0,0,0,0,0,0,0,0,0,0,0,0,0
524.5,14.1352,12.8231,12.6391,12.041,11.1815,11.1423,9.4416,9.94592,10.1697,9.91242,10.462,11.028,10.3823,9.76305,9.63464,10.0866,9.83173,8.65543,7.90141,7.80818,8.63184,8.95947,8.09104,6.88646,6.10447,5.67636,5.52451,6.40399,6.15704,6.36964,8.2912,20.1025,100.23,0,0,0,0,0,0,0,0,0,0,0,0,0,0,0,0,0,0,0,0,0,0,0,0,0,0,0,0
525,14.0367,12.7062,12.3952,11.9037,10.9557,10.4534,9.42361,9.98601,10.1349,9.58379,10.3624,10.8439,10.1522,9.54355,9.37641,10.0635,9.68534,8.44263,7.8885,7.75225,8.53088,8.9056,7.99251,6.89399,6.07587,5.53185,5.38313,6.19161,6.06759,6.23854,8.06516,17.3372,88.2241,263.339,0,0,0,0,0,0,0,0,0,0,0,0,0,0,0,0,0,0,0,0,0,0,0,0,0,0,0
525.5,13.9293,12.4662,12.2518,11.738,10.8262,10.1668,9.44393,9.8036,10.0155,9.46729,10.2192,10.604,10.0365,9.39185,9.0428,10.0933,9.55086,8.26532,7.87117,7.72906,8.43338,8.88487,7.93351,6.83602,6.10903,5.35834,5.34115,6.04973,5.94174,6.17691,7.84797,15.0034,76.1434,243.204,0,0,0,0,0,0,0,0,0,0,0,0,0,0,0,0,0,0,0,0,0,0,0,0,0,0,0
526,13.6548,12.298,11.9426,11.6124,10.8857,10.0958,9.47862,9.72944,9.71869,9.49072,10.1928,10.5248,9.97914,9.26954,8.69598,10.0196,9.43648,8.07829,7.67922,7.66636,8.37475,8.87057,7.92301,6.84916,6.24215,5.28221,5.25693,5.92725,5.83408,6.15344,7.55849,13.3257,65.6357,223.608,0,0,0,0,0,0,0,0,0,0,0,0,0,0,0,0,0,0,0,0,0,0,0,0,0,0,0
526.5,13.3064,12.1623,11.5555,11.5044,10.8621,10.0495,9.4376,9.45512,9.48153,9.5433,10.1127,10.4816,9.93355,9.10638,8.47482,9.8433,9.31731,7.9532,7.4866,7.5869,8.29695,8.85131,7.88311,6.79243,6.28989,5.23463,5.24626,5.77635,5.74808,6.14063,7.37219,12.0553,55.6556,200.633,0,0,0,0,0,0,0,0,0,0,0,0,0,0,0,0,0,0,0,0,0,0,0,0,0,0,0
527,13.0028,12.099,11.1482,11.2654,10.6719,10.0744,9.23938,9.33265,9.23621,9.39637,10.1253,10.3912,9.86433,8.83742,8.34262,9.56348,9.10603,8.00947,7.36042,7.41635,8.23974,8.87142,7.75953,6.83919,6.23066,5.2727,5.19751,5.61865,5.67174,6.15743,7.22495,10.9874,47.4475,181.048,0,0,0,0,0,0,0,0,0,0,0,0,0,0,0,0,0,0,0,0,0,0,0,0,0,0,0
527.5,12.6977,11.9912,10.8996,11.1192,10.443,10.0173,8.89995,9.29131,9.10941,9.16069,10.0157,10.2617,9.73441,8.7896,8.3515,9.32963,9.00457,7.96691,7.29646,7.2848,8.16684,8.82407,7.67972,6.79311,6.14903,5.31956,5.1132,5.50916,5.63747,6.12436,7.05847,10.1744,40.6165,163.05,0,0,0,0,0,0,0,0,0,0,0,0,0,0,0,0,0,0,0,0,0,0,0,0,0,0,0
528,12.4481,11.6575,10.6977,11.0237,10.3009,9.96784,8.61752,9.27766,8.92907,8.92348,10.0076,10.1129,9.63274,8.84702,8.43938,9.14783,8.957,7.92185,7.26643,7.12532,8.07381,8.67208,7.56272,6.72657,6.00965,5.29789,4.97604,5.43039,5.72236,6.05662,6.91703,9.5068,34.3416,148.108,0,0,0,0,0,0,0,0,0,0,0,0,0,0,0,0,0,0,0,0,0,0,0,0,0,0,0
528.5,12.2897,11.4784,10.5569,10.9223,10.1509,9.79189,8.48324,9.20575,8.76717,8.83046,9.77081,9.99649,9.53505,8.89992,8.52528,9.17052,8.99435,7.76472,7.13756,6.97019,7.95732,8.56938,7.4093,6.69338,5.88993,5.30787,4.85763,5.38837,5.7975,5.94299,6.77784,8.71288,29.3336,132.33,0,0,0,0,0,0,0,0,0,0,0,0,0,0,0,0,0,0,0,0,0,0,0,0,0,0,0
529,12.2578,11.3546,10.4115,10.7855,9.99866,9.49856,8.44889,9.07681,8.72238,8.86298,9.54823,9.9909,9.40298,8.80987,8.57227,9.11072,8.98907,7.57938,7.10619,6.75877,7.71973,8.51254,7.40634,6.61493,5.76296,5.30768,4.83904,5.29216,5.78656,5.79716,6.6317,8.09765,24.9187,117.513,0,0,0,0,0,0,0,0,0,0,0,0,0,0,0,0,0,0,0,0,0,0,0,0,0,0,0
529.5,12.2289,11.3262,10.4189,10.7208,9.73239,9.24066,8.58187,8.8982,8.8097,8.95328,9.32474,9.87539,9.25226,8.67624,8.54824,9.06113,8.91287,7.41042,7.01987,6.62379,7.65765,8.43657,7.49049,6.57343,5.68708,5.35761,4.79201,5.22077,5.69244,5.7101,6.4474,7.71342,21.252,102.891,0,0,0,0,0,0,0,0,0,0,0,0,0,0,0,0,0,0,0,0,0,0,0,0,0,0,0
530,12.1623,11.4563,10.3809,10.5315,9.61276,9.05493,8.58056,8.83899,8.89346,9.02558,9.13075,9.79982,9.05459,8.48996,8.48476,8.84318,8.8368,7.25076,6.9404,6.44507,7.5704,8.44275,7.64067,6.57303,5.67333,5.34702,4.80934,5.25616,5.59471,5.6343,6.31144,7.56572,18.2233,89.5226,269.006,0,0,0,0,0,0,0,0,0,0,0,0,0,0,0,0,0,0,0,0,0,0,0,0,0,0
530.5,12.0247,11.4417,10.3576,10.3367,9.55928,8.97575,8.58491,8.87332,8.7217,9.00144,9.10922,9.65154,8.84867,8.33921,8.4169,8.68386,8.73168,7.09517,6.74284,6.41761,7.48734,8.41316,7.66064,6.56778,5.70103,5.30286,4.8041,5.2816,5.50414,5.58835,6.16686,7.52195,15.7662,77.5413,243.851,0,0,0,0,0,0,0,0,0,0,0,0,0,0,0,0,0,0,0,0,0,0,0,0,0,0
531,11.8419,11.5247,10.1444,10.0977,9.67405,8.94909,8.52252,8.86596,8.56122,9.0762,9.11862,9.45773,8.80596,8.24863,8.19993,8.54222,8.67548,6.99424,6.61722,6.3955,7.38256,8.34529,7.7063,6.5762,5.69941,5.28825,4.80452,5.26594,5.47899,5.65071,6.02421,7.358,13.7873,67.0538,218.839,0,0,0,0,0,0,0,0,0,0,0,0,0,0,0,0,0,0,0,0,0,0,0,0,0,0
531.5,11.7592,11.4801,9.93183,9.93076,9.67724,8.8681,8.39931,8.78793,8.47117,8.9684,9.09971,9.36898,8.73843,8.22081,7.95072,8.39152,8.58955,6.91015,6.541,6.4077,7.36851,8.23524,7.75205,6.51262,5.72895,5.2508,4.83342,5.14152,5.36184,5.78768,5.85703,7.14911,12.1629,57.9432,194.185,0,0,0,0,0,0,0,0,0,0,0,0,0,0,0,0,0,0,0,0,0,0,0,0,0,0
532,11.7631,11.2872,9.85615,9.8338,9.52999,8.81276,8.26194,8.56061,8.45562,8.72853,9.08533,9.19618,8.61779,8.3237,7.72086,8.21416,8.4799,6.93609,6.50328,6.45418,7.31982,7.9463,7.69445,6.54166,5.6666,5.18418,4.87669,4.98174,5.30004,5.8529,5.74829,7.07766,10.9235,50.2694,173.063,0,0,0,0,0,0,0,0,0,0,0,0,0,0,0,0,0,0,0,0,0,0,0,0,0,0
532.5,11.6558,11.0612,9.83289,9.81074,9.30953,8.77058,8.09661,8.32759,8.47643,8.4822,8.90625,9.05485,8.484,8.46449,7.61038,8.04037,8.34498,6.87924,6.51686,6.50378,7.19663,7.74527,7.60488,6.51444,5.61806,5.14378,4.85874,4.91262,5.17364,5.93608,5.62734,6.99443,9.93073,43.1482,156.076,0,0,0,0,0,0,0,0,0,0,0,0,0,0,0,0,0,0,0,0,0,0,0,0,0,0
533,11.4743,10.8166,9.83403,9.74011,9.14813,8.80315,8.02341,8.16921,8.37157,8.27893,8.7085,8.9758,8.38803,8.44325,7.56602,8.05568,8.17198,6.77122,6.47102,6.57484,7.1407,7.77027,7.54876,6.5081,5.51668,5.13394,4.8688,4.87955,5.02918,5.7596,5.57359,6.86101,9.27401,36.4359,140.484,0,0,0,0,0,0,0,0,0,0,0,0,0,0,0,0,0,0,0,0,0,0,0,0,0,0
533.5,11.1535,10.6262,9.77369,9.52379,9.01581,8.75403,8.02949,8.05369,8.24471,8.27087,8.57866,8.92007,8.45367,8.28949,7.60987,8.15102,8.01415,6.67644,6.49883,6.5457,7.01652,7.87645,7.47879,6.48709,5.46858,5.1533,4.85885,4.87924,4.95733,5.61559,5.57524,6.60711,8.66199,30.9573,126.825,0,0,0,0,0,0,0,0,0,0,0,0,0,0,0,0,0,0,0,0,0,0,0,0,0,0
534,10.7767,10.4465,9.72636,9.36981,8.90866,8.56146,8.10682,8.01425,8.09169,8.23198,8.51134,8.87993,8.49289,8.06439,7.59451,8.24649,7.81575,6.62924,6.51775,6.4468,7.05328,7.988,7.43497,6.43436,5.39358,5.23117,4.91326,4.92989,4.91312,5.44801,5.57096,6.3199,8.17198,26.2618,113.873,0,0,0,0,0,0,0,0,0,0,0,0,0,0,0,0,0,0,0,0,0,0,0,0,0,0
534.5,10.5356,10.4344,9.70595,9.27613,8.86526,8.34638,8.0993,8.05224,7.96507,8.17668,8.577,8.86062,8.3266,7.88333,7.47128,8.35081,7.70685,6.78282,6.47062,6.33746,7.01175,7.93211,7.44971,6.3824,5.40546,5.2692,4.92475,4.97116,4.87182,5.32719,5.66958,6.06118,7.86074,22.5849,101.03,0,0,0,0,0,0,0,0,0,0,0,0,0,0,0,0,0,0,0,0,0,0,0,0,0,0
535,10.5028,10.3682,9.64586,9.34629,8.81692,8.13911,7.98218,8.05475,7.84737,8.14185,8.47805,8.77734,8.26005,7.77519,7.38935,8.32487,7.5517,6.88795,6.43366,6.30476,7.1262,7.82703,7.40243,6.33459,5.40946,5.2943,4.93151,4.99574,4.78086,5.28494,5.66612,5.8754,7.60706,19.3788,90.0393,277.324,0,0,0,0,0,0,0,0,0,0,0,0,0,0,0,0,0,0,0,0,0,0,0,0,0
535.5,10.541,10.3024,9.51461,9.45671,8.81186,8.01421,7.81653,8.06903,7.80814,8.0933,8.43228,8.67204,8.15932,7.67916,7.36547,8.26468,7.41576,6.91929,6.39306,6.33001,7.06055,7.6494,7.4283,6.29706,5.38592,5.35742,4.88896,4.92698,4.7445,5.24792,5.6927,5.85374,7.49289,16.6661,80.1399,255.234,0,0,0,0,0,0,0,0,0,0,0,0,0,0,0,0,0,0,0,0,0,0,0,0,0
536,10.7531,10.1872,9.34203,9.46918,8.76575,7.92267,7.7839,8.10373,7.83581,8.03076,8.37801,8.47042,8.20191,7.67377,7.31565,8.2319,7.40379,6.87079,6.34458,6.33422,6.99606,7.55423,7.38929,6.23918,5.45471,5.30661,4.87386,4.84276,4.70068,5.20028,5.71553,5.82252,7.43845,14.6224,70.8952,234.02,0,0,0,0,0,0,0,0,0,0,0,0,0,0,0,0,0,0,0,0,0,0,0,0,0
536.5,10.91,10.0316,9.25479,9.44274,8.71622,7.85243,7.70811,8.15566,7.87789,7.98541,8.31649,8.32655,8.10004,7.67737,7.32479,8.04686,7.41795,6.79152,6.30044,6.24987,6.82989,7.46221,7.35724,6.2772,5.55894,5.19115,4.85455,4.74924,4.66824,5.08941,5.7039,5.89258,7.42588,13.1007,60.9024,212.327,0,0,0,0,0,0,0,0,0,0,0,0,0,0,0,0,0,0,0,0,0,0,0,0,0
537,10.9491,9.75763,9.09871,9.282,8.70713,7.89264,7.61526,8.14946,7.79501,7.87824,8.27107,8.24238,8.05331,7.68467,7.11092,7.85506,7.49066,6.66987,6.28421,6.07666,6.64583,7.42601,7.37328,6.18183,5.71891,5.03857,4.8836,4.73453,4.71682,4.99637,5.65956,5.90011,7.40203,11.9892,52.4219,188.979,0,0,0,0,0,0,0,0,0,0,0,0,0,0,0,0,0,0,0,0,0,0,0,0,0
537.5,10.7838,9.56277,8.90583,9.0443,8.65281,7.89814,7.41728,8.06449,7.58363,7.81912,8.20273,8.24531,7.98477,7.57225,6.98173,7.69792,7.50743,6.60885,6.33879,5.92368,6.53829,7.43711,7.39171,6.19314,5.7467,4.99627,4.93836,4.7636,4.75828,4.9777,5.57744,5.81896,7.31445,11.1315,45.5125,167.944,0,0,0,0,0,0,0,0,0,0,0,0,0,0,0,0,0,0,0,0,0,0,0,0,0
538,10.5796,9.40648,8.83282,8.72083,8.52971,7.8053,7.3028,7.7458,7.42156,7.83925,8.21209,8.18451,7.8989,7.48505,6.88508,7.57256,7.43183,6.50449,6.38436,5.88295,6.43894,7.45675,7.33474,6.20836,5.78987,5.00896,4.98109,4.83451,4.83906,4.95891,5.51225,5.65488,7.17898,10.2479,39.6213,148.031,0,0,0,0,0,0,0,0,0,0,0,0,0,0,0,0,0,0,0,0,0,0,0,0,0
538.5,10.3149,9.31392,8.85479,8.4366,8.37,7.70828,7.21059,7.49415,7.32579,7.86072,8.22645,7.9487,7.84457,7.38657,6.88947,7.50411,7.40972,6.40057,6.34589,5.83423,6.49238,7.46779,7.21759,6.21256,5.76242,4.94097,4.96703,4.86866,4.82721,4.93318,5.53415,5.55361,7.02429,9.72951,34.4434,129.087,0,0,0,0,0,0,0,0,0,0,0,0,0,0,0,0,0,0,0,0,0,0,0,0,0
539,10.145,9.33892,8.89195,8.33926,8.33327,7.51224,7.14323,7.2833,7.3001,7.93164,8.19502,7.79735,7.67924,7.28859,6.97278,7.45803,7.38297,6.35861,6.11909,5.83059,6.56571,7.40526,7.13644,6.21336,5.65002,4.87883,4.87888,4.85303,4.76872,4.88681,5.4996,5.59338,6.87291,9.25963,29.1234,114.102,0,0,0,0,0,0,0,0,0,0,0,0,0,0,0,0,0,0,0,0,0,0,0,0,0
539.5,10.0015,9.33925,8.91749,8.33109,8.236,7.40317,7.12789,7.12797,7.33165,7.9793,8.0694,7.7468,7.572,7.20116,7.06104,7.39935,7.35454,6.3512,5.89786,5.73434,6.59661,7.2327,7.07543,6.21372,5.51495,4.78086,4.88314,4.80987,4.65806,4.79934,5.44443,5.75889,6.70087,8.98954,24.8064,100.635,0,0,0,0,0,0,0,0,0,0,0,0,0,0,0,0,0,0,0,0,0,0,0,0,0
540,9.87687,9.27827,8.77034,8.34086,8.23442,7.40031,7.0267,7.08744,7.36067,7.99456,7.8798,7.82842,7.46418,7.16545,7.0815,7.38517,7.22013,6.3248,5.73582,5.68924,6.62498,7.01535,7.0646,6.12583,5.38272,4.80097,4.82538,4.77348,4.55432,4.73885,5.38577,5.91186,6.6863,8.7801,21.263,89.2826,252.908,0,0,0,0,0,0,0,0,0,0,0,0,0,0,0,0,0,0,0,0,0,0,0,0
540.5,9.78598,9.14703,8.71233,8.25783,8.07109,7.40054,7.01546,7.00664,7.29812,7.88725,7.67571,7.94615,7.36117,7.09864,6.98757,7.36173,7.09928,6.31391,5.71683,5.61173,6.59163,6.86784,7.02536,6.07574,5.28468,4.76674,4.81781,4.79537,4.46662,4.6612,5.36766,5.96459,6.58595,8.53408,18.5751,79.2713,235.913,0,0,0,0,0,0,0,0,0,0,0,0,0,0,0,0,0,0,0,0,0,0,0,0
541,9.66663,8.95296,8.63501,8.09388,7.84807,7.40743,6.99984,6.91651,7.2786,7.7228,7.58225,7.88726,7.25363,6.97122,6.8275,7.30291,6.92548,6.21688,5.71746,5.57252,6.4713,6.78442,6.95831,6.0006,5.30026,4.77476,4.77307,4.80159,4.43757,4.64423,5.41335,5.9388,6.52227,8.45863,16.5129,69.8996,217.674,0,0,0,0,0,0,0,0,0,0,0,0,0,0,0,0,0,0,0,0,0,0,0,0
541.5,9.71829,8.83591,8.55459,8.04796,7.66024,7.30578,6.86992,6.77009,7.165,7.58108,7.52239,7.72214,7.17552,6.81585,6.68495,7.21313,6.72695,6.15379,5.68302,5.52567,6.31782,6.78685,6.80199,5.9728,5.25476,4.75387,4.82414,4.84681,4.46472,4.6173,5.43843,5.83243,6.51462,8.32465,14.6419,61.5142,196.672,0,0,0,0,0,0,0,0,0,0,0,0,0,0,0,0,0,0,0,0,0,0,0,0
542,9.80541,8.76941,8.37303,8.10822,7.51115,7.24151,6.78914,6.66359,7.02018,7.51905,7.54116,7.54912,7.09459,6.67386,6.51066,7.12008,6.60157,6.11172,5.66152,5.47658,6.21009,6.80798,6.76188,5.91988,5.2574,4.77969,4.87842,4.86617,4.49875,4.64622,5.43365,5.76198,6.49902,8.21507,13.2088,53.1023,176.096,0,0,0,0,0,0,0,0,0,0,0,0,0,0,0,0,0,0,0,0,0,0,0,0
542.5,9.90474,8.62309,8.23809,8.17648,7.4819,7.22514,6.68747,6.54648,6.98586,7.50899,7.50161,7.35059,7.00565,6.62743,6.34979,6.9776,6.54048,6.03881,5.57122,5.45835,6.13415,6.77629,6.78132,5.90295,5.23029,4.78265,4.92584,4.86123,4.5606,4.62533,5.37293,5.74499,6.45652,8.14989,12.1223,45.7298,157.419,0,0,0,0,0,0,0,0,0,0,0,0,0,0,0,0,0,0,0,0,0,0,0,0
543,9.9654,8.47915,8.13846,8.21716,7.49179,7.27001,6.60771,6.63844,6.90018,7.44327,7.41602,7.21138,7.00544,6.54694,6.27112,6.89445,6.5116,5.90351,5.49267,5.40845,6.12419,6.65306,6.78961,5.80266,5.22419,4.76707,4.93365,4.81959,4.55648,4.63245,5.24665,5.82902,6.45713,7.96544,11.3819,39.8435,139.774,0,0,0,0,0,0,0,0,0,0,0,0,0,0,0,0,0,0,0,0,0,0,0,0
543.5,9.71054,8.38293,8.07139,8.20132,7.53606,7.23212,6.49571,6.80508,6.91536,7.3804,7.23116,7.18499,6.98084,6.55452,6.24925,6.78227,6.46494,5.7412,5.42052,5.32455,6.15536,6.58381,6.77059,5.72491,5.26888,4.78424,4.93163,4.81809,4.60935,4.67234,5.10424,5.89185,6.36382,7.89117,10.9478,34.9883,127.634,0,0,0,0,0,0,0,0,0,0,0,0,0,0,0,0,0,0,0,0,0,0,0,0
544,9.41052,8.25896,7.98095,8.05991,7.60846,7.15124,6.41789,6.88429,6.92818,7.32384,6.98551,7.14577,6.91077,6.58888,6.17133,6.71583,6.30408,5.69138,5.31897,5.29598,6.10898,6.48321,6.69067,5.69342,5.29052,4.77852,4.93885,4.81725,4.68581,4.67564,5.03827,5.97278,6.32156,7.84154,10.7452,30.8256,114.885,0,0,0,0,0,0,0,0,0,0,0,0,0,0,0,0,0,0,0,0,0,0,0,0
544.5,9.02319,8.19069,7.91576,7.85722,7.55518,6.91648,6.32601,6.86301,6.87326,7.24456,6.90411,7.08745,6.77772,6.55978,6.03714,6.7401,6.23793,5.66801,5.26069,5.28119,6.09153,6.43023,6.66251,5.64842,5.37906,4.81587,4.99187,4.82248,4.7131,4.68164,4.995,6.05015,6.36124,7.82153,10.588,26.9396,103.201,0,0,0,0,0,0,0,0,0,0,0,0,0,0,0,0,0,0,0,0,0,0,0,0
545,8.76627,8.38768,7.9011,7.57975,7.47256,6.79354,6.32347,6.66835,6.85701,7.1196,6.91488,6.96487,6.56217,6.50517,5.90641,6.66696,6.0998,5.68423,5.19302,5.2537,6.00703,6.46616,6.59439,5.5952,5.33376,4.82721,5.00295,4.78519,4.71137,4.65635,4.90207,6.0627,6.40419,7.80896,10.4583,23.5242,91.7919,280.971,0,0,0,0,0,0,0,0,0,0,0,0,0,0,0,0,0,0,0,0,0,0,0
545.5,8.72174,8.5755,7.88169,7.39652,7.28697,6.7758,6.20021,6.46766,6.76423,6.93603,6.96244,6.82998,6.49313,6.3825,5.84052,6.57912,6.07222,5.64213,5.20077,5.17781,5.89993,6.3863,6.54825,5.56171,5.29848,4.83206,5.00572,4.76147,4.67059,4.70265,4.86559,5.90699,6.42896,7.78557,10.2434,20.6293,81.7061,259.539,0,0,0,0,0,0,0,0,0,0,0,0,0,0,0,0,0,0,0,0,0,0,0
546,8.61784,8.77499,7.80763,7.26769,7.22337,6.75898,6.17983,6.36349,6.66714,6.73789,7.01945,6.72073,6.47966,6.30274,5.84226,6.46422,5.95263,5.55546,5.14944,5.12681,5.71841,6.3793,6.35492,5.52456,5.23174,4.86127,4.97638,4.73694,4.68091,4.72427,4.88679,5.83085,6.4554,7.76063,10.0469,18.3676,72.5161,236.308,0,0,0,0,0,0,0,0,0,0,0,0,0,0,0,0,0,0,0,0,0,0,0
546.5,8.47336,8.91993,7.65977,7.27777,7.1865,6.71675,6.11457,6.3544,6.54007,6.55192,6.8726,6.62101,6.47023,6.19217,5.85807,6.38037,5.89744,5.5136,5.08904,5.08365,5.57666,6.31951,6.296,5.54551,5.1313,4.89462,4.99135,4.77772,4.76453,4.75181,4.92442,5.75815,6.49219,7.79263,9.8116,16.5737,64.8688,214.682,0,0,0,0,0,0,0,0,0,0,0,0,0,0,0,0,0,0,0,0,0,0,0
547,8.41107,8.90953,7.50086,7.41728,7.06811,6.64865,6.06457,6.37738,6.48599,6.4683,6.68706,6.55429,6.35828,6.0266,5.88858,6.29171,5.81837,5.44716,4.9975,5.0102,5.48248,6.29614,6.2154,5.49293,5.04897,4.91668,4.98049,4.85041,4.77498,4.7196,4.97396,5.82339,6.53576,7.81909,9.52479,15.2471,57.1388,192.085,0,0,0,0,0,0,0,0,0,0,0,0,0,0,0,0,0,0,0,0,0,0,0
547.5,8.36447,8.77137,7.38109,7.62073,6.93178,6.56518,5.96179,6.31891,6.37825,6.43375,6.44266,6.52691,6.21395,5.85806,5.99449,6.23878,5.73564,5.41594,4.92331,4.98849,5.44569,6.2825,6.21201,5.44071,5.0147,4.95734,4.98758,4.90196,4.75609,4.76021,5.02117,5.89932,6.48624,7.82045,9.41847,14.3124,50.2674,171.167,0,0,0,0,0,0,0,0,0,0,0,0,0,0,0,0,0,0,0,0,0,0,0
548,8.37698,8.57604,7.17978,7.83328,6.74225,6.36704,5.86231,6.13441,6.29819,6.32064,6.32291,6.48529,6.1363,5.76812,6.07824,6.11391,5.6371,5.3116,4.91381,4.99146,5.35566,6.18645,6.12811,5.46447,5.08253,4.99065,4.9493,4.93618,4.6833,4.85257,5.10878,5.9895,6.41154,7.76011,9.32151,13.5623,43.6237,154.26,0,0,0,0,0,0,0,0,0,0,0,0,0,0,0,0,0,0,0,0,0,0,0
548.5,8.31607,8.34665,7.05094,8.01223,6.55587,6.19144,5.78465,5.95284,6.12658,6.20774,6.22589,6.39348,6.08533,5.6472,6.0673,6.06529,5.57203,5.24772,4.87076,4.98977,5.28728,6.09941,6.06075,5.45537,5.14483,4.96602,4.94779,4.84589,4.68007,4.91997,5.11119,5.95412,6.34995,7.67345,9.2764,13.1884,38.0384,139.452,0,0,0,0,0,0,0,0,0,0,0,0,0,0,0,0,0,0,0,0,0,0,0
549,8.22218,8.13596,6.87553,8.02439,6.4082,6.0888,5.78415,5.84602,5.9954,6.0504,6.0987,6.27538,6.01731,5.65777,5.91746,5.94709,5.50729,5.16775,4.78943,5.00826,5.27149,6.04708,5.90457,5.36977,5.18277,4.87785,4.94518,4.75723,4.68555,4.96365,5.08353,5.88439,6.32907,7.65077,9.2162,12.8593,33.1929,124.946,0,0,0,0,0,0,0,0,0,0,0,0,0,0,0,0,0,0,0,0,0,0,0
549.5,8.1649,7.87262,6.71377,7.9364,6.30351,5.96957,5.73166,5.80965,5.98259,5.96398,5.96357,6.17019,5.92966,5.6418,5.76336,5.85807,5.37327,5.08115,4.65195,4.98955,5.2789,5.99184,5.82626,5.28202,5.08457,4.79298,4.90583,4.66536,4.76937,5.01746,4.98548,5.81228,6.46888,7.6554,9.21106,12.584,29.5824,111.356,0,0,0,0,0,0,0,0,0,0,0,0,0,0,0,0,0,0,0,0,0,0,0
550,8.09209,7.62485,6.60385,7.78089,6.27161,5.90987,5.67597,5.75584,5.97038,5.96174,5.91197,6.06003,5.69352,5.64656,5.63521,5.68115,5.28168,4.94208,4.5713,4.87417,5.30624,5.90686,5.71181,5.144,5.00483,4.72712,4.87926,4.67774,4.78076,5.00108,4.96916,5.71641,6.65495,7.72545,9.24431,12.3004,26.3465,98.6216,267.138,0,0,0,0,0,0,0,0,0,0,0,0,0,0,0,0,0,0,0,0,0,0
550.5,8.07502,7.41291,6.39146,7.66179,6.20954,5.80804,5.53335,5.69421,5.94258,5.92278,5.96999,5.95149,5.55656,5.56236,5.55844,5.51634,5.21109,4.82436,4.50901,4.71088,5.28836,5.88195,5.70692,5.07909,4.88783,4.69354,4.86184,4.78219,4.79005,5.04137,5.03309,5.73145,6.75085,7.79412,9.30261,11.9672,23.603,88.7345,245.602,0,0,0,0,0,0,0,0,0,0,0,0,0,0,0,0,0,0,0,0,0,0
551,8.03269,7.41372,6.28835,7.46453,6.13998,5.76446,5.38566,5.63423,5.84521,5.85682,6.00395,5.91192,5.48037,5.46139,5.48806,5.37136,5.12697,4.76685,4.49699,4.59161,5.22748,5.84733,5.65122,5.00941,4.78404,4.66472,4.88339,4.86825,4.74475,5.01746,5.10025,5.68712,6.73702,7.83038,9.28964,11.8941,21.1513,78.6042,225.945,0,0,0,0,0,0,0,0,0,0,0,0,0,0,0,0,0,0,0,0,0,0
551.5,7.92339,7.48377,6.28891,7.35802,5.95867,5.76492,5.18121,5.58073,5.75848,5.74447,5.96919,5.91374,5.53694,5.39101,5.41149,5.27778,5.06695,4.69867,4.51195,4.48198,5.08638,5.84794,5.6487,4.91932,4.73566,4.71009,4.9376,4.91259,4.76696,5.05692,5.16491,5.66945,6.66863,7.90833,9.22278,11.7979,19.1254,69.6804,203.519,0,0,0,0,0,0,0,0,0,0,0,0,0,0,0,0,0,0,0,0,0,0
552,7.82594,7.46123,6.26889,7.1844,5.81376,5.70715,5.02074,5.51554,5.6757,5.64944,5.84477,5.94413,5.55677,5.33435,5.38593,5.15697,5.0156,4.65299,4.44179,4.49055,4.91293,5.75231,5.57304,4.84125,4.73255,4.79298,4.99744,4.92316,4.77859,5.0778,5.22304,5.6359,6.64065,7.91842,9.17996,11.7483,17.659,61.8992,185.54,0,0,0,0,0,0,0,0,0,0,0,0,0,0,0,0,0,0,0,0,0,0
552.5,7.7024,7.31496,6.22783,7.02142,5.70587,5.73355,4.84516,5.49228,5.58185,5.59975,5.78633,5.96253,5.52409,5.32904,5.28653,5.08423,5.02961,4.55032,4.35364,4.41779,4.76819,5.57599,5.52009,4.7802,4.69435,4.81318,5.00886,4.93371,4.77175,5.03217,5.20622,5.57979,6.66397,7.89094,9.10058,11.6458,16.6516,54.8272,169.209,0,0,0,0,0,0,0,0,0,0,0,0,0,0,0,0,0,0,0,0,0,0
553,7.60027,7.15592,6.1993,6.72695,5.66289,5.73653,4.719,5.36907,5.3783,5.56882,5.68389,5.89005,5.45318,5.32455,5.20229,5.01173,5.06287,4.45567,4.2074,4.34374,4.66874,5.39735,5.4233,4.74859,4.66009,4.79143,4.94112,4.93408,4.73068,5.04574,5.12641,5.70012,6.69221,7.83071,8.96123,11.4013,15.8965,48.7698,154.067,0,0,0,0,0,0,0,0,0,0,0,0,0,0,0,0,0,0,0,0,0,0
553.5,7.49109,7.00593,6.1884,6.50113,5.72808,5.63588,4.65387,5.26984,5.24082,5.53973,5.5751,5.83316,5.43958,5.24826,5.11252,5.01426,5.06462,4.39842,4.1031,4.23138,4.63361,5.2853,5.31508,4.79527,4.58404,4.70604,4.8374,4.95668,4.71428,4.92496,5.04228,5.64384,6.78171,7.81554,8.97753,11.2191,15.181,42.664,139.057,0,0,0,0,0,0,0,0,0,0,0,0,0,0,0,0,0,0,0,0,0,0
554,7.40088,6.89002,6.23356,6.32199,5.66326,5.51361,4.56621,5.09832,5.09807,5.50288,5.46155,5.80074,5.39974,5.09456,5.02569,4.97498,5.05785,4.3772,4.02175,4.12905,4.54983,5.22525,5.14012,4.81441,4.49785,4.68963,4.73141,4.92768,4.66826,4.90038,4.99177,5.58084,6.72596,7.82172,8.91302,11.0034,14.488,37.0927,124.096,0,0,0,0,0,0,0,0,0,0,0,0,0,0,0,0,0,0,0,0,0,0
554.5,7.27061,6.88868,6.2006,6.10436,5.5902,5.36154,4.54345,4.99045,4.99581,5.46407,5.33597,5.79433,5.39971,4.92633,5.00684,4.94487,5.01542,4.32305,3.96807,4.1378,4.49764,5.16911,5.07106,4.80194,4.45358,4.672,4.64177,4.88392,4.66133,4.85652,5.03996,5.46311,6.62465,7.88149,8.95125,10.9163,13.7993,32.2067,109.7,0,0,0,0,0,0,0,0,0,0,0,0,0,0,0,0,0,0,0,0,0,0
555,7.14796,6.78102,6.10862,6.00741,5.49247,5.29935,4.57734,4.87843,4.97795,5.41787,5.29032,5.76897,5.34719,4.81464,4.96051,4.83153,5.01002,4.22907,3.95432,4.1945,4.41572,5.13299,5.03086,4.75883,4.38254,4.67208,4.59496,4.83621,4.71197,4.84335,5.03722,5.39973,6.52731,7.96737,8.97968,10.988,13.3646,28.3666,97.7609,257.194,0,0,0,0,0,0,0,0,0,0,0,0,0,0,0,0,0,0,0,0,0
555.5,7.05465,6.62296,6.02038,5.90698,5.36715,5.22738,4.6495,4.83276,4.8907,5.34575,5.24337,5.61328,5.27788,4.80709,4.95397,4.71574,4.93814,4.14473,3.95632,4.20481,4.33289,5.07431,5.03718,4.69892,4.35648,4.68303,4.62768,4.75332,4.74464,4.83519,5.10326,5.43076,6.54073,7.95407,9.12337,11.0744,13.02,25.5617,86.7488,236.538,0,0,0,0,0,0,0,0,0,0,0,0,0,0,0,0,0,0,0,0,0
556,6.91514,6.43387,6.02701,5.85352,5.25633,5.12804,4.6934,4.82317,4.86032,5.28822,5.19036,5.39799,5.20449,4.77212,4.90693,4.60206,4.86777,4.07172,3.95776,4.20527,4.22173,5.03772,4.96356,4.64561,4.28622,4.66748,4.67705,4.7312,4.72943,4.85076,5.14792,5.47084,6.57636,8.02239,9.33998,11.0083,12.8127,23.4391,78.0315,219.42,0,0,0,0,0,0,0,0,0,0,0,0,0,0,0,0,0,0,0,0,0
556.5,6.83719,6.27047,6.02759,5.80907,5.2005,5.01609,4.66038,4.81784,4.81241,5.19815,5.16569,5.21581,5.04838,4.75049,4.8428,4.55061,4.73757,3.9984,3.99205,4.15434,4.15332,4.9644,4.91068,4.59056,4.19532,4.71071,4.73213,4.72115,4.72134,4.87501,5.17311,5.50411,6.64096,8.13321,9.26885,10.8959,12.7947,21.7808,69.1062,203.011,0,0,0,0,0,0,0,0,0,0,0,0,0,0,0,0,0,0,0,0,0
557,6.70961,6.19171,5.94654,5.67561,5.0856,4.90504,4.61991,4.75438,4.78351,5.06631,5.1252,5.11943,4.92523,4.68928,4.71023,4.55137,4.58271,3.95523,4.02437,4.09171,4.09406,4.92737,4.8109,4.49058,4.13371,4.66385,4.75256,4.74292,4.71941,4.87829,5.23554,5.47115,6.65585,8.26204,9.09057,10.866,12.7731,20.4444,59.9223,184.542,0,0,0,0,0,0,0,0,0,0,0,0,0,0,0,0,0,0,0,0,0
557.5,6.55734,6.09064,5.85245,5.63696,5.0745,4.80264,4.60004,4.7057,4.74402,4.91722,5.10721,5.0978,4.79657,4.66589,4.62638,4.56699,4.46004,3.88441,4.01917,3.94712,4.0439,4.90648,4.71849,4.41459,4.08119,4.57101,4.75479,4.74336,4.71059,4.85887,5.23251,5.37297,6.64659,8.32684,8.95558,10.9156,12.7463,19.7562,51.8945,164.442,0,0,0,0,0,0,0,0,0,0,0,0,0,0,0,0,0,0,0,0,0
558,6.44042,5.97307,5.76812,5.4903,5.04909,4.72976,4.56846,4.62533,4.69218,4.77029,5.04831,5.06164,4.69664,4.61472,4.59339,4.53198,4.37799,3.83989,3.93385,3.79584,3.97058,4.89057,4.67384,4.3402,4.01439,4.45996,4.72221,4.70572,4.68447,4.84304,5.18352,5.30323,6.57971,8.3594,8.98977,10.9787,12.5708,19.0206,45.5565,145.009,0,0,0,0,0,0,0,0,0,0,0,0,0,0,0,0,0,0,0,0,0
558.5,6.38608,5.87235,5.73459,5.42525,5.02856,4.65137,4.53623,4.57774,4.64746,4.72566,4.97552,4.94765,4.6885,4.53471,4.53599,4.48355,4.4164,3.79285,3.82903,3.66056,3.91596,4.83168,4.65907,4.27891,3.98911,4.34712,4.68423,4.62645,4.6787,4.87076,5.20826,5.33649,6.5203,8.38961,9.15929,10.8903,12.3737,18.5364,41.0998,127.516,0,0,0,0,0,0,0,0,0,0,0,0,0,0,0,0,0,0,0,0,0
559,6.34809,5.81822,5.70986,5.30281,4.97409,4.60774,4.50146,4.56592,4.58662,4.69078,4.93136,4.7565,4.69001,4.41573,4.52582,4.41792,4.38424,3.77659,3.69122,3.55656,3.90372,4.76761,4.64198,4.28185,3.96393,4.2518,4.66138,4.63045,4.71375,4.91431,5.22992,5.42733,6.47057,8.41454,9.39654,10.7915,12.3114,18.3434,37.2301,113.883,0,0,0,0,0,0,0,0,0,0,0,0,0,0,0,0,0,0,0,0,0
559.5,6.33269,5.81352,5.62627,5.26867,4.92793,4.58073,4.43588,4.54062,4.51171,4.65496,4.88944,4.5696,4.65141,4.28514,4.47857,4.30473,4.31281,3.71938,3.63423,3.48924,3.84096,4.72336,4.62605,4.26113,3.93626,4.21494,4.63029,4.66008,4.76546,4.86749,5.33426,5.58019,6.51568,8.43212,9.49376,10.7855,12.3143,17.9033,34.0004,102.897,0,0,0,0,0,0,0,0,0,0,0,0,0,0,0,0,0,0,0,0,0
560,6.24257,5.77024,5.53549,5.16968,4.89566,4.55097,4.31115,4.51902,4.46456,4.60237,4.90053,4.46449,4.62408,4.19023,4.43414,4.24357,4.22306,3.69921,3.54374,3.46018,3.78094,4.67665,4.52938,4.23799,3.89818,4.15404,4.66452,4.71944,4.8038,4.8788,5.3604,5.69882,6.55315,8.45843,9.79549,10.9348,12.4082,17.5339,31.0921,93.0293,244.796,0,0,0,0,0,0,0,0,0,0,0,0,0,0,0,0,0,0,0,0
560.5,6.12494,5.65892,5.3748,5.08486,4.83049,4.53962,4.26233,4.48659,4.4511,4.57859,4.8818,4.43311,4.52408,4.10678,4.31518,4.17101,4.18765,3.63565,3.50723,3.43314,3.72742,4.59498,4.49855,4.14983,3.84097,4.03378,4.72685,4.77838,4.84793,4.8104,5.3904,5.80774,6.75818,8.63078,9.85894,11.1648,12.5661,17.1857,28.8011,84.5533,226.671,0,0,0,0,0,0,0,0,0,0,0,0,0,0,0,0,0,0,0,0
561,6.11242,5.58602,5.23398,5.07932,4.73448,4.53717,4.19365,4.47939,4.41374,4.58295,4.85826,4.508,4.42301,4.00983,4.16469,4.14132,4.13764,3.60082,3.47017,3.42276,3.71329,4.47607,4.45747,4.10818,3.86508,3.95492,4.71754,4.81403,4.86674,4.92754,5.41721,5.92334,7.01141,8.88048,9.97471,11.4267,12.9376,17.1249,26.953,76.262,207.134,0,0,0,0,0,0,0,0,0,0,0,0,0,0,0,0,0,0,0,0
561.5,6.10182,5.58243,5.09756,5.08539,4.58068,4.52611,4.18712,4.41164,4.43532,4.56176,4.82401,4.5713,4.35854,3.91032,3.95098,4.02854,4.09999,3.55069,3.38991,3.37117,3.73065,4.2663,4.42142,4.04736,3.83297,3.98185,4.74845,4.80833,4.85372,5.0135,5.51013,6.03695,7.29079,9.11077,10.2903,11.8976,13.3515,17.2944,25.3451,69.2877,189.981,0,0,0,0,0,0,0,0,0,0,0,0,0,0,0,0,0,0,0,0
562,6.14043,5.66189,5.09832,5.13827,4.48144,4.47636,4.17906,4.40025,4.40564,4.50714,4.79694,4.58281,4.30659,3.84505,3.79181,3.89287,3.98542,3.56633,3.36329,3.35828,3.72601,4.13354,4.37173,4.01429,3.83369,4.0757,4.70169,4.80164,4.87287,5.10891,5.60187,6.22174,7.55401,9.33856,10.6975,12.4826,13.8015,17.693,24.1993,63.2036,171.915,0,0,0,0,0,0,0,0,0,0,0,0,0,0,0,0,0,0,0,0
562.5,6.09736,5.69621,5.13528,5.16043,4.44226,4.44586,4.14055,4.39159,4.39648,4.47504,4.74207,4.48093,4.32631,3.78986,3.68101,3.78668,3.89541,3.58015,3.33469,3.33621,3.71634,4.09712,4.32871,3.99249,3.79314,4.11348,4.66334,4.81762,4.91137,5.27877,5.66327,6.30965,7.71904,9.63123,11.1876,13.0704,14.2835,17.937,23.6576,57.593,156.829,0,0,0,0,0,0,0,0,0,0,0,0,0,0,0,0,0,0,0,0
563,6.08139,5.71728,5.12934,5.16264,4.45366,4.43446,4.17748,4.41832,4.42051,4.46193,4.65487,4.41186,4.32942,3.81955,3.63838,3.7796,3.76765,3.54744,3.306,3.29282,3.65965,4.09088,4.29267,3.96903,3.7955,4.13961,4.6684,4.92084,5.02452,5.50386,5.74337,6.37508,7.91875,9.88329,11.7099,13.6704,14.8721,18.7203,23.4152,52.687,143.766,0,0,0,0,0,0,0,0,0,0,0,0,0,0,0,0,0,0,0,0
563.5,6.07865,5.74361,5.15129,5.21712,4.54581,4.47599,4.24515,4.42508,4.46892,4.5085,4.58731,4.30953,4.37222,3.84453,3.63122,3.78243,3.69604,3.46495,3.28753,3.24477,3.59965,4.14591,4.32627,3.92863,3.79988,4.06972,4.68326,5.06355,5.28188,5.70751,5.85464,6.63052,8.31797,10.3435,12.2046,14.3784,15.8401,19.53,24.0288,48.8923,128.978,0,0,0,0,0,0,0,0,0,0,0,0,0,0,0,0,0,0,0,0
564,6.10364,5.78364,5.09417,5.25271,4.60498,4.53666,4.34775,4.46007,4.49309,4.53732,4.53568,4.25223,4.4177,3.91497,3.63482,3.75886,3.64345,3.38063,3.22927,3.19992,3.5038,4.151,4.3327,3.92433,3.79245,4.00224,4.76187,5.18156,5.6114,5.90266,5.98447,6.92632,8.79701,10.8803,12.9544,14.977,16.9135,20.4425,25.1169,45.5657,118.751,0,0,0,0,0,0,0,0,0,0,0,0,0,0,0,0,0,0,0,0
564.5,6.05524,5.8009,5.08739,5.28921,4.70618,4.63411,4.43608,4.53225,4.476,4.57215,4.53068,4.23002,4.45802,3.94159,3.70772,3.67789,3.60036,3.30764,3.15073,3.18809,3.47055,4.09785,4.32624,3.93126,3.82654,3.96808,4.77587,5.28685,5.92905,5.98608,6.23865,7.3852,9.29774,11.5846,13.8904,15.9952,18.2859,21.4957,26.5043,43.1465,109.334,0,0,0,0,0,0,0,0,0,0,0,0,0,0,0,0,0,0,0,0
565,6.00265,5.80375,5.16228,5.38926,4.80718,4.75562,4.54544,4.54751,4.44653,4.6443,4.52825,4.27916,4.47393,3.96249,3.7614,3.60274,3.51134,3.28529,3.05442,3.14784,3.44968,4.11338,4.32287,3.927,3.91254,4.05944,4.86187,5.41494,6.23666,6.11999,6.55857,7.95063,9.89031,12.4219,14.8927,16.947,19.5425,23.1887,28.046,41.2178,102.383,238.385,0,0,0,0,0,0,0,0,0,0,0,0,0,0,0,0,0,0,0
565.5,5.99997,5.78985,5.22904,5.48953,4.97668,4.85061,4.62254,4.54329,4.4175,4.71355,4.53463,4.33886,4.47938,3.96055,3.76828,3.51336,3.44297,3.26992,3.01561,3.12324,3.44722,4.11713,4.30878,3.94391,4.02448,4.16166,4.87925,5.66921,6.47373,6.34972,6.95055,8.57126,10.4371,13.3918,16.2688,18.0002,21.0625,24.9414,29.8258,39.6417,95.7792,221.264,0,0,0,0,0,0,0,0,0,0,0,0,0,0,0,0,0,0,0
566,6.09853,5.83585,5.37033,5.64101,5.20472,4.86798,4.67165,4.52123,4.52528,4.80239,4.57528,4.40073,4.42257,3.94478,3.67554,3.50865,3.41911,3.25267,3.02397,3.06136,3.47547,4.12403,4.33716,4.02123,4.1242,4.33525,5.039,5.88124,6.69636,6.70806,7.40657,9.25367,11.1247,14.6103,17.8329,19.318,22.713,27.2909,31.4139,39.6208,90.9332,203.912,0,0,0,0,0,0,0,0,0,0,0,0,0,0,0,0,0,0,0
566.5,6.24602,5.91654,5.50586,5.82307,5.40535,4.97411,4.75858,4.57534,4.68481,4.86034,4.58462,4.50462,4.32505,3.93287,3.55187,3.53302,3.44865,3.22007,3.02122,2.98925,3.49573,4.10504,4.34077,4.13022,4.20871,4.47209,5.1722,6.17338,7.00701,7.21401,7.94459,9.89495,11.8783,15.7561,19.4433,20.9356,24.7485,29.6155,33.7636,40.2405,86.0001,191.677,0,0,0,0,0,0,0,0,0,0,0,0,0,0,0,0,0,0,0
567,6.38168,6.15197,5.70874,6.01103,5.62411,5.12333,4.77623,4.70758,4.93215,4.94468,4.64673,4.57912,4.2425,4.00212,3.5398,3.51159,3.48431,3.18561,3.02556,2.96556,3.50333,4.05667,4.37502,4.2142,4.35155,4.63196,5.30166,6.49402,7.34473,7.90347,8.4886,10.5102,12.9235,16.9924,21.2224,23.3309,27.4573,32.5527,36.1737,42.1906,82.2425,180.451,0,0,0,0,0,0,0,0,0,0,0,0,0,0,0,0,0,0,0
567.5,6.5265,6.36359,5.90546,6.1896,5.83586,5.41142,4.83609,4.91791,5.22156,5.03599,4.74087,4.63289,4.19017,4.04591,3.5558,3.49688,3.48673,3.10788,3.01318,2.96005,3.51591,4.02159,4.44867,4.25683,4.50149,4.73383,5.50282,6.90977,7.78781,8.57513,9.15051,11.2769,14.0808,18.0773,23.3809,26.3892,30.5074,35.6639,39.5387,44.8675,78.6065,170.123,0,0,0,0,0,0,0,0,0,0,0,0,0,0,0,0,0,0,0
568,6.73403,6.63332,6.09426,6.35957,6.08356,5.69044,4.94865,5.13704,5.40567,5.18178,4.81577,4.68916,4.16544,4.09754,3.59569,3.47738,3.43674,3.04043,3.04009,2.97315,3.52504,4.04593,4.5016,4.30225,4.59515,4.79824,5.74853,7.36412,8.21001,9.39988,9.97699,11.919,15.3409,19.6165,25.4666,29.6552,33.3365,39.0149,43.686,47.998,77.4343,158.41,0,0,0,0,0,0,0,0,0,0,0,0,0,0,0,0,0,0,0
568.5,6.97732,6.77862,6.42164,6.62686,6.34325,5.97721,5.13313,5.43131,5.53233,5.35759,4.92757,4.75877,4.20407,4.11006,3.65727,3.43191,3.40392,2.97208,3.01271,2.98546,3.539,4.07844,4.59616,4.37109,4.64371,4.84639,6.05079,7.7428,8.64197,10.0934,10.9594,12.7719,16.4759,21.1797,27.6247,32.5983,36.3753,42.3729,47.0062,51.9487,77.6915,149.253,0,0,0,0,0,0,0,0,0,0,0,0,0,0,0,0,0,0,0
569,7.35553,6.85153,6.71916,6.95695,6.58852,6.26411,5.47318,5.69029,5.61282,5.51859,5.06798,4.94183,4.18508,4.04166,3.71565,3.42712,3.39525,2.96862,2.9503,2.98209,3.51853,4.09887,4.59122,4.50492,4.67172,5.04986,6.3957,8.13085,9.13626,10.6555,12.0475,13.7415,17.6373,22.7062,29.3792,34.8595,39.6473,46.2829,51.2995,56.9056,78.1926,142.405,0,0,0,0,0,0,0,0,0,0,0,0,0,0,0,0,0,0,0
569.5,7.65298,6.99012,7.14772,7.34244,6.8663,6.53295,5.8821,5.91627,5.7324,5.73796,5.25727,5.09323,4.20722,3.99214,3.77166,3.39701,3.38401,3.01477,2.85958,2.98982,3.47727,4.12872,4.63719,4.67859,4.74987,5.26585,6.7085,8.42317,9.56916,11.3785,12.9715,15.1066,18.8275,24.5273,31.5634,37.4145,43.786,50.5343,55.6669,62.6112,80.2976,138.568,0,0,0,0,0,0,0,0,0,0,0,0,0,0,0,0,0,0,0
570,8.01458,7.21557,7.53298,7.67585,7.17238,6.75244,6.2081,6.06655,5.86078,5.92225,5.45048,5.33036,4.22569,3.99178,3.79289,3.38829,3.37625,3.0429,2.78335,2.99687,3.43728,4.1267,4.69853,4.71015,4.83605,5.53685,6.99652,8.82997,10.069,12.0033,13.7594,16.2461,20.2597,26.4017,34.4541,39.9384,48.5297,55.2103,61.0413,68.8644,83.2827,135.562,261.574,0,0,0,0,0,0,0,0,0,0,0,0,0,0,0,0,0,0
570.5,8.32141,7.60016,7.79466,7.92785,7.36867,6.97292,6.48619,6.23049,5.98311,6.14195,5.63963,5.54992,4.28194,4.05536,3.73517,3.42702,3.30211,3.03632,2.76802,2.97623,3.42817,4.14902,4.72862,4.85411,4.99788,5.79845,7.24347,9.28299,10.5621,12.7423,14.5803,17.4649,21.9732,28.6329,37.3125,43.057,52.9399,60.6443,65.8443,73.4183,87.0825,132.935,254.839,0,0,0,0,0,0,0,0,0,0,0,0,0,0,0,0,0,0
571,8.65672,7.95459,8.16774,8.20746,7.69287,7.20293,6.69515,6.44382,6.19148,6.42926,5.82602,5.71734,4.34331,4.1376,3.65523,3.47023,3.31819,3.01095,2.76312,3.01393,3.43534,4.18505,4.81418,4.98213,5.21242,6.06484,7.51762,9.76631,11.1834,13.3794,15.572,18.6407,23.586,30.8978,40.0957,46.4893,57.0655,64.2798,70.3683,78.1286,92.411,131.864,249.129,0,0,0,0,0,0,0,0,0,0,0,0,0,0,0,0,0,0
571.5,8.97722,8.32131,8.7028,8.47924,8.01319,7.54584,6.92926,6.76202,6.41172,6.70076,6.00911,5.80534,4.45536,4.18952,3.66947,3.51118,3.35011,3.0069,2.77131,3.01237,3.46764,4.21708,4.8251,5.12171,5.54396,6.26136,7.79815,10.2671,12.0044,14.1149,16.6179,19.8959,25.1722,33.0963,42.7351,49.4179,60.4758,67.3527,74.106,82.7165,97.8508,131.001,239.21,0,0,0,0,0,0,0,0,0,0,0,0,0,0,0,0,0,0
572,9.32916,8.63851,9.08467,8.82444,8.46796,7.84898,7.24918,7.16031,6.72712,6.99942,6.20866,5.83056,4.61088,4.23688,3.68601,3.50703,3.33988,2.96524,2.78268,2.98019,3.46956,4.21441,4.8387,5.26213,5.86361,6.5123,8.04196,10.7012,12.7878,14.853,17.9235,20.9102,26.7614,35.4882,46.1043,53.9251,64.1191,71.0955,79.1153,90.9106,103.356,131.318,232.227,0,0,0,0,0,0,0,0,0,0,0,0,0,0,0,0,0,0
572.5,9.69611,8.99258,9.361,9.08745,8.91675,8.22091,7.56597,7.55857,7.04505,7.18697,6.53349,5.81471,4.75503,4.29074,3.72581,3.49613,3.30279,2.94833,2.76799,2.95223,3.45617,4.24806,4.88277,5.34304,6.16725,6.79547,8.37177,11.2149,13.6636,15.9348,19.0795,21.9245,28.3602,38.4571,50.2937,58.381,68.1478,76.796,83.6962,98.5253,109.023,131.76,224.506,0,0,0,0,0,0,0,0,0,0,0,0,0,0,0,0,0,0
573,9.93411,9.28063,9.43676,9.50446,9.27063,8.64694,7.86081,7.90568,7.30502,7.28992,6.81317,5.8756,4.91204,4.38553,3.82118,3.5291,3.2203,2.91298,2.76829,2.95001,3.53125,4.32129,4.96517,5.42371,6.34007,7.12456,8.8386,11.6504,14.3208,17.2629,20.1699,23.4279,29.6821,41.385,53.8656,62.5396,72.1944,84.0123,90.4557,105.263,115.176,133.121,222.982,0,0,0,0,0,0,0,0,0,0,0,0,0,0,0,0,0,0
573.5,10.2779,9.58945,9.53909,10.0835,9.70556,9.10251,8.13408,8.18659,7.58765,7.46645,7.11194,6.01909,5.06045,4.44221,3.86686,3.5564,3.22343,2.91047,2.76792,2.95485,3.57282,4.42125,5.15284,5.45307,6.44693,7.4041,9.24077,12.2114,14.8805,18.575,21.4611,24.9281,31.1067,44.2357,56.4842,67.2807,76.8151,92.1296,96.704,107.852,122.737,136.501,218.939,0,0,0,0,0,0,0,0,0,0,0,0,0,0,0,0,0,0
574,10.5564,9.88566,9.88539,10.7123,10.2211,9.58997,8.40885,8.43737,7.84799,7.76286,7.44884,6.17961,5.1959,4.47092,3.87711,3.59869,3.22826,2.86753,2.75794,2.97929,3.66347,4.53283,5.23099,5.4886,6.64062,7.59569,9.70603,12.6647,15.2595,19.4357,22.2277,26.9919,32.8583,47.0158,59.2442,71.884,81.9621,98.6992,103.632,110.613,133.248,140.229,216.415,0,0,0,0,0,0,0,0,0,0,0,0,0,0,0,0,0,0
574.5,10.8533,10.3243,10.2962,11.2992,10.7559,10.0348,8.76785,8.88611,8.1441,8.10936,7.78556,6.40389,5.35835,4.45569,3.88756,3.55343,3.24587,2.87869,2.76912,2.98946,3.71534,4.59404,5.29691,5.53455,6.88866,7.73792,10.1331,13.2644,15.7293,20.3128,22.7241,28.6344,34.8166,49.6324,61.9541,76.8756,88.4597,104.649,110.209,117.346,143.503,145.698,212.861,0,0,0,0,0,0,0,0,0,0,0,0,0,0,0,0,0,0
575,11.0502,10.8886,10.6585,11.6647,11.2588,10.2996,9.14616,9.26399,8.40634,8.39157,8.04243,6.54385,5.48846,4.45173,3.83856,3.51845,3.22202,2.91725,2.80013,2.97078,3.72311,4.64058,5.35468,5.60815,7.05566,7.94017,10.579,13.7362,16.4268,20.9813,23.5272,30.0024,36.713,52.2394,64.9429,81.0183,94.0583,108.684,118.75,126.096,153.042,150.899,212.277,347.07,0,0,0,0,0,0,0,0,0,0,0,0,0,0,0,0,0
575.5,11.3442,11.4381,11.0439,11.9263,11.7113,10.5955,9.51766,9.58323,8.58888,8.61036,8.17497,6.79756,5.57603,4.49548,3.72959,3.48632,3.20974,2.96607,2.86054,2.9518,3.761,4.65375,5.4282,5.69639,7.17144,8.1156,11.0138,14.1794,17.1297,21.5354,24.5906,31.2221,38.8347,54.6151,68.3593,83.6159,98.242,112.411,125.887,136.116,159.397,156.003,212.386,341.93,0,0,0,0,0,0,0,0,0,0,0,0,0,0,0,0,0
576,11.62,11.8072,11.2523,12.3312,12.1386,10.77,9.94225,9.70131,8.75311,8.80214,8.20844,7.03256,5.6505,4.54104,3.64462,3.49955,3.23091,3.01749,2.88693,2.94285,3.78787,4.64893,5.43006,5.80096,7.11272,8.36921,11.4316,14.5869,17.8711,22.2759,25.8653,31.6426,40.2402,56.596,70.7167,85.6218,100.42,115.986,131.498,139.852,163.903,163.024,213.93,334.197,0,0,0,0,0,0,0,0,0,0,0,0,0,0,0,0,0
576.5,11.8775,11.9103,11.6222,12.5719,12.4311,10.9205,10.2453,9.84151,8.93386,9.00142,8.27826,7.13552,5.66124,4.57607,3.5748,3.56076,3.23373,3.00769,2.88268,2.97841,3.75198,4.68614,5.41307,5.95261,7.1007,8.52577,11.6447,14.7472,18.2994,23.2202,26.7385,31.986,41.4851,58.1427,72.7141,89.0932,103.259,118.844,133.378,142.353,168.086,170.293,215.65,324.081,0,0,0,0,0,0,0,0,0,0,0,0,0,0,0,0,0
577,12.1561,12.0455,12.0893,12.6371,12.4147,11.1249,10.5187,10.0959,9.01704,9.26584,8.32804,7.09915,5.682,4.58138,3.58311,3.56788,3.1807,2.96691,2.83384,2.96861,3.6844,4.66271,5.38382,6.05379,7.19932,8.78449,11.8421,14.8226,18.4273,24.1162,27.3402,32.1014,42.3925,59.3411,75.4372,91.9247,106.617,121.919,133.435,144.119,171.738,175.163,213.409,314.772,0,0,0,0,0,0,0,0,0,0,0,0,0,0,0,0,0
577.5,12.3152,12.1845,12.4756,12.5683,12.2717,11.3012,10.6973,10.3036,9.12004,9.38108,8.38414,7.07007,5.68333,4.5936,3.64477,3.51859,3.14035,2.91437,2.80819,2.90986,3.64186,4.63321,5.37891,6.2188,7.33254,8.94881,11.7728,14.8843,18.3202,24.3898,27.7795,32.3142,43.0199,59.3752,78.2253,94.85,110.842,123.959,135.625,146.916,176.595,176.864,210.874,301.846,0,0,0,0,0,0,0,0,0,0,0,0,0,0,0,0,0
578,12.3716,12.3057,12.6891,12.4591,12.1891,11.4327,10.7558,10.2368,9.20811,9.39524,8.41628,7.04821,5.62564,4.62478,3.66741,3.45107,3.09784,2.84673,2.76968,2.84663,3.64016,4.57969,5.40516,6.29763,7.37246,8.9636,11.6683,14.9994,18.2302,24.4704,27.9814,32.4097,43.7963,58.591,81.6803,95.957,113.391,125.683,140.518,148.606,180.084,175.71,209.543,292.176,0,0,0,0,0,0,0,0,0,0,0,0,0,0,0,0,0
578.5,12.3997,12.1423,12.688,12.3118,12.205,11.5353,10.732,10.1365,9.30797,9.25777,8.41805,7.01836,5.58186,4.66697,3.69642,3.39997,3.08593,2.79688,2.76029,2.80949,3.61937,4.52845,5.42525,6.31481,7.42619,8.84121,11.5153,15.046,18.4352,24.5086,28.1117,32.5799,44.2609,58.2998,81.9097,96.3519,114.288,125.628,143.972,149.051,181.301,173.847,207.981,280.835,0,0,0,0,0,0,0,0,0,0,0,0,0,0,0,0,0
579,12.2516,11.9785,12.5203,12.1489,12.2134,11.4878,10.5362,10.0917,9.37009,8.91479,8.26685,6.90201,5.59832,4.57223,3.70193,3.39856,3.09655,2.75788,2.7176,2.77646,3.59932,4.52194,5.34782,6.24599,7.32853,8.78421,11.4579,15.1355,18.6852,24.3851,27.622,33.2589,43.929,58.1878,80.716,95.1366,113.86,125.136,144.52,148.056,179.695,171.346,207.156,266.952,0,0,0,0,0,0,0,0,0,0,0,0,0,0,0,0,0
579.5,12.1461,11.752,12.4317,12.003,12.1602,11.2512,10.1968,10.1904,9.32842,8.68324,8.14415,6.68544,5.58087,4.44745,3.60268,3.40133,3.03502,2.74712,2.67218,2.73461,3.51592,4.49126,5.3599,6.15548,7.2418,8.67413,11.3498,14.9598,18.7463,23.9083,26.9549,33.3088,43.3418,58.6977,78.2726,94.1629,111.598,121.597,143.083,147.897,175.305,169.46,203.003,255.057,0,0,0,0,0,0,0,0,0,0,0,0,0,0,0,0,0
580,11.8536,11.6087,12.1596,11.9137,12.0757,11.0398,9.90672,10.233,9.18773,8.39864,8.00727,6.45774,5.54429,4.37179,3.53624,3.37794,2.94779,2.69204,2.64242,2.7064,3.4714,4.44239,5.33111,5.97758,7.17887,8.62781,11.1477,14.8113,18.541,22.9288,26.3336,32.8762,42.1651,58.541,75.1255,91.2135,108.56,119.021,139.163,146.68,170.409,167.133,197.02,246.854,371.376,0,0,0,0,0,0,0,0,0,0,0,0,0,0,0,0
580.5,11.4864,11.5701,11.7005,11.8978,11.8709,11.0358,9.78287,9.81796,9.02009,8.23032,7.86944,6.37222,5.42568,4.25956,3.49784,3.2959,2.86674,2.65215,2.62173,2.65471,3.47105,4.35179,5.29125,5.76586,7.09507,8.51198,10.8676,14.5407,18.0929,21.8219,25.605,32.1176,41.0994,56.9836,73.5383,88.2332,104.278,115.997,133.774,143.695,165.495,164.326,190.377,239.305,345.024,0,0,0,0,0,0,0,0,0,0,0,0,0,0,0,0
581,11.2268,11.1957,11.2417,11.6915,11.4929,11.0033,9.58317,9.38668,8.78142,7.99372,7.75516,6.34721,5.3073,4.18676,3.51282,3.21157,2.77258,2.65282,2.63795,2.61549,3.45278,4.28255,5.18347,5.583,6.97423,8.16279,10.4269,14.1064,17.533,20.9281,24.8219,31.124,39.9983,54.6957,70.8733,84.3916,99.2689,113.744,128.051,139.71,160.524,157.511,180.583,231.675,319.646,0,0,0,0,0,0,0,0,0,0,0,0,0,0,0,0
581.5,10.869,10.9945,10.8564,11.2815,11.0619,10.8143,9.43464,8.90743,8.65246,7.77477,7.4128,6.41897,5.16673,4.04583,3.52661,3.12285,2.69916,2.61915,2.6226,2.62671,3.37174,4.16795,4.99382,5.33068,6.67424,7.8437,9.79468,13.5549,16.8755,20.3117,24.0595,30.404,38.688,51.7899,68.8292,80.355,95.5998,110.205,123.592,135.847,154.919,149.638,170.618,220.014,296.23,0,0,0,0,0,0,0,0,0,0,0,0,0,0,0,0
582,10.4839,10.6098,10.486,10.8288,10.5315,10.4033,9.21703,8.66703,8.42894,7.56429,7.13314,6.36935,5.05421,3.96956,3.48121,3.04874,2.66288,2.61239,2.55731,2.60047,3.28167,4.08645,4.84482,5.15833,6.30028,7.4875,9.47083,12.9958,16.0532,19.6719,22.8909,29.5282,37.3475,48.8493,65.4174,76.4368,91.3348,105.592,119.55,130.231,148.342,142.407,162.035,207.346,278.591,0,0,0,0,0,0,0,0,0,0,0,0,0,0,0,0
582.5,10.1344,10.4001,10.2474,10.3647,10.0871,9.84609,8.8428,8.41457,8.21991,7.37113,6.89452,6.15465,4.96169,3.85429,3.42438,2.95169,2.63842,2.56214,2.47329,2.56436,3.192,3.93239,4.7062,4.89266,5.99375,7.149,9.09266,12.3671,15.1943,18.6681,22.0681,28.047,35.3592,46.7185,62.2917,73.6198,87.3014,100.082,115.738,123.466,139.705,137.801,153.829,192.368,260.169,0,0,0,0,0,0,0,0,0,0,0,0,0,0,0,0
583,9.7712,10.0767,10.044,10.0046,9.53496,9.3467,8.4804,8.1762,7.80839,7.35076,6.74211,5.96304,4.8532,3.76662,3.35932,2.9153,2.63087,2.51309,2.38139,2.48533,3.09262,3.77099,4.63875,4.70483,5.65335,6.9083,8.85515,11.9135,14.4339,17.9541,20.9883,26.3768,33.9649,44.4536,59.0527,71.531,82.5087,94.3424,110.706,115.667,131.325,132.831,147.971,178.625,242.463,0,0,0,0,0,0,0,0,0,0,0,0,0,0,0,0
583.5,9.46587,9.6329,9.80291,9.63395,8.99665,8.86986,8.14982,7.97458,7.29764,7.15554,6.71307,5.73223,4.77172,3.71551,3.29886,2.85915,2.60166,2.48955,2.32741,2.41248,2.99125,3.62209,4.51716,4.49735,5.43907,6.7018,8.56109,11.512,13.8981,17.0972,20.1822,24.7674,32.4064,42.4878,55.8179,69.7462,79.0993,88.4685,105.416,108.641,124.305,127.868,140.554,166.959,226.16,0,0,0,0,0,0,0,0,0,0,0,0,0,0,0,0
584,9.22546,9.19569,9.48835,9.2279,8.52439,8.57361,7.84477,7.69151,6.95376,7.00235,6.58687,5.58137,4.69169,3.63314,3.22116,2.80734,2.59538,2.44841,2.25276,2.36605,2.90143,3.53763,4.32659,4.38216,5.18674,6.46706,8.2024,11.0434,13.3663,16.2217,19.3655,23.2979,31.1282,40.7828,52.7818,67.0704,75.6711,83.091,100.225,105.976,116.9,122.115,133.133,153.34,209.09,0,0,0,0,0,0,0,0,0,0,0,0,0,0,0,0
584.5,8.78825,8.82503,9.02166,8.81929,8.15446,8.33322,7.47924,7.37729,6.69254,6.71168,6.43656,5.49863,4.54028,3.60605,3.13757,2.72182,2.56061,2.35931,2.18955,2.33676,2.88958,3.45809,4.15806,4.27169,4.98385,6.20745,7.84531,10.6773,13.0391,15.519,18.5802,22.3804,30.0363,38.9878,49.8352,64.5415,72.9584,78.4899,94.7685,103.626,110.957,115.685,128.619,140.188,195.067,0,0,0,0,0,0,0,0,0,0,0,0,0,0,0,0
585,8.4104,8.51622,8.60519,8.46326,7.77403,8.05604,7.119,6.9941,6.45497,6.36309,6.22669,5.35103,4.45482,3.5006,3.03915,2.61733,2.49658,2.27739,2.13295,2.32942,2.83762,3.36012,4.03343,4.1456,4.81545,5.93768,7.48007,10.3371,12.5378,14.9644,17.8079,21.159,28.4846,37.6772,47.5335,61.654,70.3058,75.4691,90.5925,98.7959,106.362,109.934,122.781,128.559,182.065,254.752,0,0,0,0,0,0,0,0,0,0,0,0,0,0,0
585.5,8.03716,8.27743,8.2055,8.15792,7.57706,7.57254,6.85473,6.73673,6.12073,6.13994,5.95877,5.2099,4.31254,3.37538,2.91562,2.5121,2.41994,2.17651,2.09308,2.299,2.79577,3.28662,3.9454,4.02923,4.67439,5.72207,7.15827,9.95479,11.9573,14.2936,17.0025,20.3399,27.0829,35.9529,45.7833,58.4118,67.3753,72.6652,85.8699,92.1102,103.078,104.653,118.201,119.733,171.401,244.1,0,0,0,0,0,0,0,0,0,0,0,0,0,0,0
586,7.80217,7.94565,7.78374,7.91924,7.37013,7.08325,6.67932,6.58776,5.79643,5.94905,5.72858,5.02344,4.19333,3.21537,2.87322,2.44095,2.39001,2.12803,2.04382,2.28434,2.72346,3.22622,3.88477,3.92642,4.54415,5.52845,6.96752,9.55173,11.3815,13.4588,16.0581,19.3089,26.0372,34.5789,43.7547,55.0714,64.7804,69.7431,80.4068,85.2638,99.2054,100.027,111.595,113.603,159.394,228.375,0,0,0,0,0,0,0,0,0,0,0,0,0,0,0
586.5,7.56798,7.62222,7.38699,7.78883,7.21039,6.63873,6.60236,6.41012,5.66272,5.85349,5.52944,4.79426,4.05551,3.12474,2.78516,2.43008,2.37609,2.09366,1.99963,2.26724,2.66039,3.15389,3.75527,3.84967,4.41952,5.28286,6.68679,9.08337,10.732,12.7536,15.2525,18.6421,24.6954,32.4592,41.4954,52.2862,61.6232,66.3314,74.5807,80.178,93.8354,95.3238,105.963,109.579,149.28,213.927,0,0,0,0,0,0,0,0,0,0,0,0,0,0,0
587,7.37901,7.21932,7.07691,7.6053,7.00333,6.33076,6.45447,6.24154,5.64778,5.64912,5.32179,4.57056,3.93585,3.11571,2.71635,2.45602,2.34249,2.07604,1.94335,2.24355,2.5828,3.08286,3.6081,3.74346,4.29793,5.09688,6.49553,8.71864,10.1477,12.108,14.627,17.8242,23.7373,30.7515,38.8833,50.4286,59.0009,62.3716,69.945,76.9307,87.8012,90.2476,99.8974,105.671,136.844,200.17,0,0,0,0,0,0,0,0,0,0,0,0,0,0,0
587.5,7.09968,6.90902,6.86538,7.3173,6.7507,6.17866,6.23154,5.9744,5.5742,5.41796,5.13265,4.39235,3.83005,3.07545,2.65876,2.46282,2.27954,2.05521,1.89644,2.19873,2.49691,3.03052,3.49064,3.57975,4.19594,4.84532,6.32314,8.32569,9.60541,11.6822,13.9193,17.1187,22.7072,29.1022,37.0001,48.3487,56.0728,58.7162,66.4803,73.7585,82.4535,85.2343,93.4043,99.8158,128.269,185.527,0,0,0,0,0,0,0,0,0,0,0,0,0,0,0
588,6.86285,6.64602,6.66765,7.11162,6.53157,6.06601,5.96611,5.66922,5.51506,5.176,4.93384,4.2741,3.69943,3.06765,2.55873,2.46278,2.21424,2.04584,1.85865,2.15396,2.43545,2.95483,3.44259,3.38792,4.07968,4.61094,6.19957,8.1316,9.23193,11.2896,13.2948,16.5284,21.7283,27.7656,35.0199,45.9261,53.3609,56.6438,63.0058,71.2025,78.2424,81.16,89.5413,93.6592,119.055,168.41,0,0,0,0,0,0,0,0,0,0,0,0,0,0,0
588.5,6.58426,6.60251,6.44306,6.85387,6.23484,5.91802,5.72663,5.38777,5.33184,5.02231,4.75113,4.18375,3.4831,3.03079,2.48875,2.44486,2.15681,2.03308,1.84326,2.08009,2.36987,2.93166,3.40942,3.2615,3.99385,4.4565,6.03961,7.88525,8.87911,10.8857,12.7076,15.688,20.5825,26.5333,33.7251,42.5714,49.9755,54.2003,59.4334,67.4056,74.1661,77.2955,85.4374,88.1544,112.101,151.265,0,0,0,0,0,0,0,0,0,0,0,0,0,0,0
589,6.3405,6.53315,6.26908,6.55864,5.86518,5.74882,5.47689,5.16603,5.15417,4.92656,4.54463,4.0551,3.33641,3.00387,2.45595,2.48763,2.13028,2.0127,1.80517,2.04601,2.31106,2.86951,3.3618,3.17064,3.85087,4.34264,5.80293,7.64034,8.58902,10.3367,12.0404,15.0606,19.5645,25.8079,32.6771,39.8822,46.9459,50.9241,56.6231,63.9404,69.9666,74.4796,81.7311,83.9109,105.178,137.623,0,0,0,0,0,0,0,0,0,0,0,0,0,0,0
589.5,6.20516,6.43227,6.08537,6.22377,5.52408,5.48182,5.26816,5.08707,4.91999,4.75847,4.33037,3.8889,3.24581,2.96568,2.42149,2.52198,2.10064,1.97976,1.78039,2.02344,2.22581,2.82654,3.26854,3.1121,3.71868,4.3088,5.53369,7.27312,8.22189,9.87101,11.6415,14.3161,18.4189,24.9332,31.3692,38.3242,44.7486,47.9113,54.6757,61.3927,65.8035,71.6278,77.261,80.1342,99.1554,127.377,0,0,0,0,0,0,0,0,0,0,0,0,0,0,0
590,6.09775,6.16783,5.93809,5.9371,5.15815,5.23855,5.13677,5.0268,4.70351,4.54278,4.20671,3.75853,3.20026,2.89478,2.38893,2.54951,2.07898,1.95323,1.74281,1.98253,2.17587,2.78186,3.18571,3.09478,3.60056,4.24443,5.27017,6.92599,7.93958,9.36739,11.2798,13.5911,17.4837,23.7178,30.2207,37.0216,42.7741,45.6936,52.5116,59.808,62.8015,68.6854,73.2472,76.9467,92.2069,116.94,170.763,0,0,0,0,0,0,0,0,0,0,0,0,0,0
590.5,6.04831,5.89834,5.68148,5.68196,4.90686,5.01592,5.00055,4.9567,4.54041,4.3411,4.12735,3.65622,3.15456,2.81391,2.32048,2.46845,2.08579,1.92075,1.71397,1.9364,2.13226,2.73174,3.11359,3.08378,3.5028,4.17363,5.09742,6.61092,7.58856,8.95883,10.817,12.9109,16.4296,22.3126,29.0203,35.9766,41.3868,43.9109,50.4929,58.8028,60.6446,65.7471,69.3272,73.3821,86.0365,107.497,159.986,0,0,0,0,0,0,0,0,0,0,0,0,0,0
591,5.87508,5.71699,5.43617,5.50773,4.73294,4.87138,4.89288,4.76136,4.41694,4.13767,4.06381,3.59192,3.05931,2.72608,2.28722,2.35721,2.08374,1.91462,1.68091,1.88247,2.10709,2.68559,3.04328,3.00921,3.39773,4.02261,4.87358,6.35882,7.31018,8.64921,10.3752,12.3402,15.3954,20.7943,28.0044,34.6442,39.6567,42.0881,48.068,56.7579,58.8618,62.6544,66.0467,70.3565,79.9431,97.2745,148.487,0,0,0,0,0,0,0,0,0,0,0,0,0,0
591.5,5.69616,5.53254,5.08088,5.35601,4.65136,4.80074,4.65734,4.49184,4.36132,3.99925,3.9645,3.51854,3.04965,2.62241,2.2661,2.21448,2.08025,1.90372,1.65823,1.81728,2.0724,2.64453,2.92392,2.9315,3.30435,3.8859,4.69282,6.07346,6.96555,8.40087,9.95976,11.809,14.6381,19.7595,27.1485,33.0218,37.9252,40.059,45.9403,54.3353,57.5247,59.2676,62.9222,66.3469,74.8339,88.8813,137.021,0,0,0,0,0,0,0,0,0,0,0,0,0,0
592,5.43001,5.41375,4.74904,5.19028,4.5989,4.65553,4.41667,4.15368,4.29272,3.90096,3.88156,3.40825,3.06859,2.49728,2.25184,2.1245,2.04982,1.87325,1.63731,1.78478,2.03504,2.59473,2.85695,2.85068,3.21929,3.75242,4.50837,5.77057,6.7143,8.16304,9.47822,11.3787,14.0963,19.0337,26.3353,31.2561,36.4248,38.3675,44.2637,51.5938,55.2117,56.7787,59.9615,63.406,70.9512,81.1803,125.523,0,0,0,0,0,0,0,0,0,0,0,0,0,0
592.5,5.29128,5.18666,4.6076,5.06001,4.59608,4.49414,4.23479,3.84444,4.23616,3.79665,3.82226,3.29595,3.11863,2.37571,2.23078,2.06699,2.01159,1.82297,1.60573,1.74655,2.01261,2.56883,2.77266,2.77606,3.12499,3.64394,4.3122,5.5073,6.50333,7.77769,8.97698,10.8538,13.664,18.5517,25.195,29.3386,34.7187,36.8082,42.4256,49.1096,52.9901,54.7301,57.862,60.4417,67.0026,75.3091,113.518,0,0,0,0,0,0,0,0,0,0,0,0,0,0
593,5.14101,4.89062,4.55596,4.95112,4.52264,4.33232,4.10075,3.76213,4.15131,3.71194,3.75676,3.19708,3.10444,2.25458,2.20294,2.04895,2.00165,1.77625,1.57857,1.72929,1.95804,2.51385,2.7349,2.686,3.04481,3.53819,4.19889,5.32447,6.2678,7.46361,8.60206,10.4012,13.2175,17.8535,24.0136,27.733,33.1897,35.7035,41.3327,46.9741,50.5285,52.6456,55.5615,58.3421,63.8555,69.8035,103.287,0,0,0,0,0,0,0,0,0,0,0,0,0,0
593.5,5.02426,4.66371,4.62716,4.80704,4.44094,4.25441,4.05056,3.77139,4.05999,3.63486,3.72537,3.17558,2.99084,2.18148,2.20535,2.0791,1.98338,1.73303,1.54122,1.69191,1.92199,2.43429,2.63523,2.60136,2.94996,3.40206,4.04962,5.14358,5.97319,7.13506,8.36626,9.92797,12.8689,17.2591,22.8142,26.2556,31.4448,34.7703,39.8188,44.8588,48.2869,50.7975,53.3256,56.0393,60.8704,65.2019,92.7658,0,0,0,0,0,0,0,0,0,0,0,0,0,0
594,4.85523,4.53199,4.58222,4.75294,4.39959,4.21249,3.94824,3.83148,3.95504,3.57505,3.63027,3.16053,2.8768,2.13717,2.17295,2.08306,1.94924,1.72204,1.50856,1.62117,1.8848,2.3515,2.54971,2.53114,2.84496,3.28712,3.94406,4.99004,5.77237,6.93152,8.10837,9.66771,12.5188,16.545,21.8701,25.4158,29.9087,33.8127,38.6859,42.9426,46.275,49.0086,51.3798,53.8661,57.5276,61.5185,83.8249,0,0,0,0,0,0,0,0,0,0,0,0,0,0
594.5,4.67084,4.48839,4.44175,4.64769,4.34033,4.167,3.78586,3.86736,3.85186,3.50687,3.51694,3.18994,2.77361,2.1065,2.15235,2.0877,1.92642,1.71846,1.47305,1.57478,1.84933,2.28369,2.49985,2.50145,2.73179,3.18234,3.83779,4.85971,5.66029,6.7407,7.91798,9.5136,12.0713,15.8725,21.0317,25.0029,28.9685,32.9583,37.2839,41.3542,44.1445,47.568,49.952,51.5523,54.674,56.9936,75.3845,0,0,0,0,0,0,0,0,0,0,0,0,0,0
595,4.5799,4.55023,4.3438,4.55158,4.24964,4.10457,3.61859,3.77558,3.75773,3.44176,3.47021,3.18627,2.71148,2.09028,2.10188,2.02492,1.87542,1.71119,1.47849,1.51028,1.84214,2.27712,2.41811,2.44425,2.63225,3.12559,3.76674,4.73683,5.49447,6.48599,7.65361,9.31255,11.503,15.4076,20.2082,24.6858,27.7389,32.1287,35.3053,39.4756,42.3191,45.9375,48.5144,49.1925,52.2191,53.3375,68.4091,138.283,0,0,0,0,0,0,0,0,0,0,0,0,0
595.5,4.49532,4.45211,4.28318,4.47372,4.14264,4.00431,3.5085,3.66885,3.71209,3.40058,3.38966,3.19281,2.72146,2.08355,2.08407,1.96127,1.84121,1.70546,1.47001,1.47136,1.80933,2.26789,2.36379,2.4149,2.56937,3.06361,3.69451,4.61667,5.34961,6.31798,7.43812,9.12204,10.9175,14.8055,19.2523,24.1642,27.1344,31.028,33.6187,37.8747,40.5737,43.8981,46.3785,47.5072,50.3463,49.8194,61.8627,127.807,0,0,0,0,0,0,0,0,0,0,0,0,0
596,4.39019,4.36158,4.21693,4.29738,3.97059,3.85849,3.48712,3.56607,3.64763,3.29451,3.33803,3.16726,2.73413,2.11252,2.05337,1.91948,1.82573,1.67389,1.46004,1.45542,1.78687,2.23527,2.31461,2.32244,2.51946,3.00059,3.60404,4.53851,5.1693,6.14081,7.22683,8.9034,10.3742,14.3568,18.192,23.5937,26.0086,29.8985,31.9893,36.4432,39.4952,41.9382,44.4128,46.3911,49.3753,47.381,55.6415,118.776,0,0,0,0,0,0,0,0,0,0,0,0,0
596.5,4.29164,4.19281,4.08845,4.22215,3.86905,3.73463,3.46617,3.49099,3.56783,3.20715,3.25444,3.08245,2.70429,2.14619,2.02795,1.89612,1.82275,1.63621,1.43243,1.47011,1.73599,2.16783,2.29352,2.24656,2.50616,2.94207,3.55027,4.44413,4.99717,5.96787,7.07116,8.63528,10.1721,13.962,17.2133,22.6072,25.1934,28.4996,31.0758,34.863,38.0591,40.2444,42.3252,44.9695,48.35,45.3638,50.4225,108.566,0,0,0,0,0,0,0,0,0,0,0,0,0
597,4.21671,4.09264,4.0122,4.08643,3.70045,3.61501,3.41458,3.45001,3.44863,3.14408,3.17514,3.00513,2.6356,2.14814,1.98809,1.88779,1.83862,1.59452,1.41402,1.48936,1.70992,2.09847,2.27084,2.20215,2.51581,2.91587,3.50182,4.27988,4.88628,5.85183,6.91106,8.3098,9.93775,13.4032,16.5835,21.5697,24.3575,27.3472,30.295,33.7418,36.6959,38.6989,40.3898,43.4472,46.8117,42.3273,45.9049,99.734,0,0,0,0,0,0,0,0,0,0,0,0,0
597.5,4.18665,3.97724,3.91975,3.98275,3.5397,3.52664,3.33507,3.4235,3.3183,3.15293,3.16363,2.9231,2.53649,2.14625,1.93844,1.89142,1.83652,1.58124,1.4166,1.46987,1.68492,2.02867,2.2393,2.14557,2.50311,2.82422,3.38577,4.10208,4.7385,5.72741,6.65283,8.03064,9.70479,13.1476,16.3665,20.5005,23.4498,26.656,29.3582,33.103,35.2599,37.1689,38.8168,41.9862,45.1369,40.1632,41.8362,90.8019,0,0,0,0,0,0,0,0,0,0,0,0,0
598,4.17098,3.95965,3.84293,3.94634,3.3566,3.40035,3.21818,3.35486,3.25579,3.20256,3.18439,2.85439,2.51013,2.11544,1.92633,1.84502,1.82737,1.57208,1.42343,1.44431,1.65993,1.99683,2.17864,2.11129,2.47372,2.72511,3.28075,3.95019,4.64817,5.55378,6.39008,7.69579,9.40345,12.7893,16.3645,19.6664,22.959,25.7356,28.3158,32.6844,34.2425,35.5624,37.6911,40.3468,43.134,37.8227,38.1951,82.6594,0,0,0,0,0,0,0,0,0,0,0,0,0
598.5,4.12162,3.94305,3.80006,3.90355,3.25637,3.28805,3.12282,3.26609,3.18802,3.19485,3.18509,2.83095,2.48062,2.04836,1.8816,1.79121,1.76553,1.58155,1.40647,1.4349,1.63764,1.99027,2.1226,2.05995,2.40183,2.62921,3.1519,3.84448,4.53104,5.35795,6.26134,7.41834,9.15887,12.4478,16.2278,19.3878,22.1931,25.1516,27.6898,32.1202,33.1222,34.7194,36.3171,39.5104,41.3969,36.4157,34.88,74.2423,0,0,0,0,0,0,0,0,0,0,0,0,0
599,4.05631,3.89998,3.71003,3.83715,3.27546,3.17293,3.03051,3.22518,3.1282,3.19642,3.15867,2.75909,2.48752,1.98605,1.86556,1.7221,1.72311,1.57759,1.3877,1.42588,1.57985,1.97616,2.08243,2.02459,2.31747,2.57676,3.07111,3.73176,4.48268,5.18604,6.10887,7.29298,8.9635,11.9976,15.7261,18.7996,21.5856,24.2964,27.1279,31.2095,32.2082,34.0799,35.5783,38.4516,39.3863,35.251,31.7468,66.0841,0,0,0,0,0,0,0,0,0,0,0,0,0
599.5,4.00167,3.86479,3.6923,3.71766,3.33814,3.05647,2.95272,3.16382,3.09578,3.10847,3.08134,2.71868,2.46191,1.94754,1.81657,1.7137,1.66502,1.54544,1.367,1.43156,1.56085,1.96392,2.08688,1.99949,2.23791,2.51001,3.00892,3.63544,4.42866,4.96371,5.97558,7.08023,8.81061,11.653,14.9476,18.4357,21.1207,23.7131,26.7242,30.1187,31.6052,33.1861,34.4771,37.3923,37.6162,33.9628,29.0631,58.7333,0,0,0,0,0,0,0,0,0,0,0,0,0
600,3.92389,3.77938,3.67169,3.63353,3.33972,2.98318,2.91109,3.0965,3.05938,2.9978,3.05099,2.66187,2.39887,1.99457,1.75761,1.7276,1.62547,1.51738,1.35503,1.42609,1.53045,1.94155,2.07069,1.98237,2.19668,2.45015,2.97717,3.57237,4.34897,4.85324,5.766,6.91703,8.55473,11.4422,14.2841,17.8806,20.5398,23.0862,25.9848,28.8715,31.4304,32.1446,33.2443,36.2817,36.3981,32.6904,26.6305,52.061,120.863,0,0,0,0,0,0,0,0,0,0,0,0
600.5,3.89212,3.71632,3.68512,3.56684,3.29208,2.952,2.85901,3.07896,3.04696,2.87875,2.98214,2.62926,2.32997,2.05698,1.7155,1.74274,1.62856,1.47456,1.35232,1.4187,1.53129,1.91338,2.03237,1.96739,2.16915,2.38002,2.94002,3.5814,4.2498,4.68285,5.5639,6.67948,8.14617,11.1726,13.6778,17.653,20.0766,22.7749,24.9824,27.6787,31.4871,31.0459,32.1969,35.4655,35.9142,31.3774,24.6178,46.717,115.419,0,0,0,0,0,0,0,0,0,0,0,0
601,3.82426,3.64218,3.72179,3.52192,3.20718,3.01712,2.85497,3.03006,3.04554,2.77664,2.93544,2.59564,2.24972,2.11273,1.7134,1.72823,1.6234,1.4555,1.31126,1.40145,1.50713,1.88256,1.97904,1.95895,2.1361,2.34131,2.9482,3.54265,4.10835,4.56611,5.43201,6.42691,7.73999,10.8834,13.3883,17.4183,19.6861,22.4066,24.1845,26.5551,31.2831,30.2397,31.2512,34.6643,35.692,30.588,23.1053,42.2063,108.748,0,0,0,0,0,0,0,0,0,0,0,0
601.5,3.747,3.61796,3.73711,3.4688,3.15988,3.04054,2.84411,3.06248,3.0573,2.74277,2.9034,2.58472,2.20877,2.1153,1.73749,1.68644,1.64134,1.44954,1.29064,1.38141,1.47966,1.84559,1.91786,1.94426,2.1268,2.37686,2.92197,3.46125,4.05603,4.38447,5.36906,6.28739,7.37662,10.6446,13.1897,16.9482,19.2832,21.9771,23.3191,26.0482,30.6039,29.4456,30.3885,34.4011,35.091,30.1422,21.7226,38.3757,100.426,0,0,0,0,0,0,0,0,0,0,0,0
602,3.66051,3.62266,3.64874,3.43297,3.13575,3.01799,2.8904,3.01695,3.06474,2.72396,2.90412,2.6011,2.19433,2.09657,1.75138,1.63932,1.63739,1.44494,1.26876,1.35871,1.45895,1.79171,1.91469,1.91845,2.07467,2.41121,2.89027,3.36529,3.94952,4.21648,5.23455,6.16791,7.12069,10.4983,13.211,16.6368,18.9421,21.4704,22.7119,25.8533,29.2295,27.885,29.9142,33.8853,34.4017,29.5248,20.5948,34.7307,90.5737,0,0,0,0,0,0,0,0,0,0,0,0
602.5,3.61763,3.61057,3.53863,3.41681,3.08425,2.96937,2.90052,2.93849,3.10241,2.73432,2.8922,2.59667,2.20182,2.07918,1.7242,1.60522,1.60858,1.40715,1.25601,1.32549,1.44436,1.75687,1.92585,1.90363,2.013,2.40841,2.81968,3.27482,3.85252,4.13988,5.08848,6.04145,6.98805,10.2685,12.9894,16.2903,18.5495,20.9115,22.4965,25.2888,28.3576,26.6559,29.2445,33.4667,33.5304,28.9883,19.386,31.4487,81.2464,0,0,0,0,0,0,0,0,0,0,0,0
603,3.57573,3.52556,3.42019,3.38007,3.04939,2.91934,2.90174,2.88336,3.06429,2.74267,2.82998,2.58028,2.20331,2.03385,1.68061,1.58012,1.58353,1.36805,1.25246,1.30976,1.43846,1.73509,1.94411,1.909,1.9509,2.39518,2.76267,3.2241,3.70665,4.09124,4.94589,5.93575,6.85584,10.0011,12.8519,15.9621,18.2063,20.243,22.3365,24.8887,27.6208,25.934,28.5858,33.0527,32.6294,28.2288,18.2096,28.0262,72.0677,0,0,0,0,0,0,0,0,0,0,0,0
603.5,3.53996,3.45133,3.33969,3.31905,3.01213,2.92068,2.87528,2.78185,3.02089,2.75097,2.75238,2.54351,2.19397,1.98855,1.66166,1.5276,1.54189,1.32678,1.23936,1.275,1.42261,1.72127,1.92363,1.89743,1.93038,2.3128,2.71471,3.19205,3.64992,4.04438,4.82605,5.82532,6.8293,9.75349,12.5701,15.5849,18.0273,19.7579,22.1177,24.4906,27.1481,25.8495,28.2301,32.059,31.8593,27.6697,17.27,25.391,63.1458,0,0,0,0,0,0,0,0,0,0,0,0
604,3.45501,3.36072,3.26659,3.25558,2.98875,2.91753,2.81995,2.71353,2.93964,2.70874,2.63828,2.4873,2.1692,1.94952,1.645,1.48744,1.52025,1.28015,1.22635,1.25756,1.3941,1.7217,1.89058,1.86502,1.93706,2.25765,2.66498,3.18261,3.61337,4.0159,4.73758,5.70598,6.90945,9.56746,12.2977,15.0583,17.788,19.2154,21.6198,24.1278,26.6311,25.7957,27.7493,31.1182,31.1156,27.2272,16.7857,22.9839,55.5292,0,0,0,0,0,0,0,0,0,0,0,0
604.5,3.43107,3.31499,3.22611,3.14913,2.96822,2.9172,2.75309,2.68681,2.85237,2.70631,2.56111,2.46354,2.14786,1.92466,1.6405,1.45611,1.50971,1.26024,1.20846,1.25191,1.37056,1.69924,1.85879,1.83625,1.91301,2.21032,2.63479,3.12601,3.62676,3.92359,4.69227,5.71365,6.8869,9.41673,12.0821,14.5526,17.4763,18.6887,21.3422,23.7413,25.93,25.1486,27.5763,29.9513,30.4961,26.8528,16.6202,21.1169,49.3825,0,0,0,0,0,0,0,0,0,0,0,0
605,3.4257,3.28837,3.20078,3.02549,2.93435,2.91138,2.69663,2.66547,2.79555,2.65803,2.51235,2.41223,2.17357,1.90356,1.61885,1.44475,1.49637,1.26288,1.18334,1.26393,1.33469,1.67165,1.80312,1.79653,1.87271,2.18859,2.57384,3.03302,3.57517,3.86193,4.6122,5.63339,6.75836,9.26832,11.7435,14.3078,16.9039,18.385,21.0396,23.3738,25.114,24.3588,27.1609,29.228,30.112,26.6675,16.6895,19.5421,44.4957,116.284,0,0,0,0,0,0,0,0,0,0,0
605.5,3.47998,3.2868,3.22258,2.95903,2.9184,2.8514,2.69395,2.65439,2.73644,2.63329,2.52205,2.39842,2.21127,1.89603,1.59161,1.41169,1.50513,1.26668,1.17021,1.27225,1.30825,1.655,1.76571,1.78618,1.8493,2.15916,2.54845,2.95529,3.52916,3.82607,4.55673,5.53018,6.63525,9.07114,11.3965,14.1996,16.5959,18.4453,20.6401,23.2296,24.4609,24.1279,26.638,28.4071,29.3712,26.322,16.5957,18.1116,40.5881,108.425,0,0,0,0,0,0,0,0,0,0,0
606,3.5186,3.29989,3.25232,2.95216,2.86938,2.77607,2.68385,2.67325,2.75309,2.58309,2.49979,2.36094,2.29154,1.86829,1.57781,1.40446,1.51281,1.2704,1.17234,1.26239,1.31371,1.61898,1.72383,1.78083,1.81602,2.13642,2.49901,2.90098,3.43331,3.73346,4.48787,5.43682,6.48244,9.02232,11.0952,13.8974,16.2138,18.6086,20.4623,23.0043,24.1697,24.1342,25.9457,27.903,29.2924,26.2222,16.5781,16.8145,37.3928,102.184,0,0,0,0,0,0,0,0,0,0,0
606.5,3.51105,3.30268,3.24074,2.97453,2.83132,2.72635,2.66234,2.66903,2.79488,2.55134,2.48816,2.36198,2.30907,1.8288,1.57082,1.42121,1.49734,1.25865,1.1627,1.23377,1.33542,1.60236,1.69032,1.76711,1.8014,2.12592,2.46561,2.89593,3.3548,3.65669,4.42679,5.32998,6.33792,8.96702,10.7295,13.5206,16.0894,18.5252,20.2591,23.0434,23.8244,24.1159,25.5841,27.4815,29.1618,25.7991,16.1624,15.6104,34.6412,94.8171,0,0,0,0,0,0,0,0,0,0,0
607,3.49011,3.27733,3.23828,3.0138,2.81134,2.69771,2.62753,2.68888,2.83582,2.52786,2.48704,2.33735,2.24554,1.78459,1.56175,1.41772,1.4556,1.25439,1.14188,1.19033,1.37828,1.57662,1.65961,1.74622,1.80118,2.10124,2.41768,2.8837,3.29303,3.60844,4.3686,5.21227,6.29118,8.79148,10.3912,13.2148,15.8409,18.5143,20.0277,22.7838,23.5049,23.5407,25.254,26.8051,28.8163,25.2007,15.6746,14.2576,32.2231,86.5006,0,0,0,0,0,0,0,0,0,0,0
607.5,3.44087,3.2706,3.23518,3.00049,2.82759,2.70393,2.5825,2.70704,2.84638,2.50596,2.48265,2.34743,2.16682,1.75245,1.57183,1.42744,1.39314,1.24593,1.13146,1.18707,1.43729,1.54613,1.63458,1.70675,1.77907,2.05269,2.37141,2.87247,3.23039,3.54762,4.28162,5.15267,6.26653,8.67803,10.0246,12.9955,15.6394,17.8965,19.8511,22.631,23.2905,23.1953,25.087,26.2659,28.5654,24.561,15.0549,13.0673,29.8696,78.9965,0,0,0,0,0,0,0,0,0,0,0
608,3.41189,3.26363,3.20784,3.01724,2.88805,2.74203,2.52369,2.67803,2.77824,2.51197,2.47483,2.32693,2.08562,1.73936,1.55372,1.42178,1.36358,1.24165,1.11596,1.15803,1.47593,1.53213,1.62557,1.68134,1.74739,2.00081,2.34561,2.87391,3.16491,3.50439,4.15523,5.0116,6.27911,8.57541,9.60728,12.5335,15.29,17.2317,19.3449,22.119,23.1796,23.2403,25.0078,25.664,27.8735,24.0051,14.5488,12.2803,27.5071,71.0314,0,0,0,0,0,0,0,0,0,0,0
608.5,3.32459,3.20678,3.19332,2.9996,2.92243,2.76246,2.47623,2.68571,2.69709,2.51882,2.45357,2.29679,2.00456,1.74637,1.53403,1.4019,1.36786,1.24287,1.11696,1.15657,1.48181,1.49679,1.63468,1.6532,1.71811,1.95443,2.31848,2.85044,3.14357,3.4965,4.0267,4.89916,6.24682,8.32776,9.2773,12.2142,15.0503,16.564,19.0526,21.2309,23.0865,23.4158,24.6548,25.7157,27.3235,23.6265,14.6615,11.8579,25.0772,64.068,0,0,0,0,0,0,0,0,0,0,0
609,3.24959,3.1269,3.14262,2.98142,2.95761,2.75684,2.47311,2.62664,2.6385,2.53368,2.42964,2.25332,1.98958,1.73021,1.51481,1.38004,1.38869,1.2256,1.13028,1.13701,1.4289,1.47554,1.615,1.61538,1.71994,1.95267,2.28999,2.83954,3.15982,3.47814,3.93619,4.86315,6.19374,8.18635,9.09119,11.889,14.7559,16.3034,18.9501,20.488,22.9648,23.1625,24.1692,25.8724,26.9862,23.4546,14.8811,11.8172,23.0795,57.3685,0,0,0,0,0,0,0,0,0,0,0
609.5,3.2205,3.09182,3.05379,2.93525,2.92897,2.76569,2.46266,2.57598,2.59203,2.54793,2.40444,2.22546,1.978,1.72459,1.49237,1.33546,1.40751,1.21756,1.11901,1.13273,1.36873,1.46437,1.60089,1.60594,1.70502,1.96844,2.24363,2.76008,3.18108,3.44006,3.8786,4.84219,6.12164,7.88633,9.08094,11.8208,14.3286,16.1415,18.9923,19.7486,22.464,22.792,23.7586,25.6336,26.7386,22.9367,15.0567,11.8503,21.2013,51.5352,0,0,0,0,0,0,0,0,0,0,0
610,3.21307,3.06596,2.9961,2.88629,2.86976,2.74895,2.43553,2.56804,2.54033,2.5472,2.44962,2.21175,2.00014,1.70472,1.50398,1.29314,1.43395,1.20463,1.11431,1.11709,1.29611,1.44879,1.58644,1.58844,1.69652,1.97058,2.20489,2.63631,3.14306,3.41604,3.82872,4.92637,6.11096,7.75145,9.05364,11.8472,13.8869,15.9445,19.0434,19.5048,21.8632,22.358,23.2694,25.363,26.3897,22.3324,15.0839,11.9894,19.8097,45.8508,108.195,0,0,0,0,0,0,0,0,0,0
610.5,3.25793,3.03425,2.94357,2.88385,2.81643,2.70504,2.39304,2.56004,2.47777,2.5464,2.50184,2.24301,2.009,1.72326,1.49924,1.2833,1.42717,1.1777,1.10644,1.08509,1.26239,1.43255,1.5941,1.59934,1.66748,1.96468,2.19214,2.53628,3.06331,3.38006,3.77859,4.9267,6.06421,7.60608,8.99994,11.7947,13.4477,15.6128,19.0612,19.4034,21.5409,22.5298,22.7473,24.8823,25.606,21.7711,14.8883,12.0692,18.5548,41.1927,101.13,0,0,0,0,0,0,0,0,0,0
611,3.29124,3.01717,2.94736,2.93527,2.76399,2.67835,2.38038,2.56606,2.42358,2.56524,2.53135,2.24029,2.00203,1.72128,1.49734,1.30977,1.43431,1.14973,1.10759,1.06767,1.25326,1.41068,1.59935,1.57889,1.62109,1.94254,2.19204,2.48781,3.0061,3.36437,3.77326,4.88648,5.99669,7.57123,8.92152,11.6211,13.2139,15.3318,18.5551,19.468,21.2592,22.778,22.6415,24.6319,24.7832,21.3612,14.6531,12.1022,17.5685,37.431,92.7225,0,0,0,0,0,0,0,0,0,0
611.5,3.2933,2.98997,2.91436,2.94972,2.79712,2.63248,2.40854,2.54503,2.39062,2.56195,2.54021,2.25385,1.95998,1.75327,1.4973,1.33769,1.40748,1.127,1.10838,1.05795,1.25345,1.3944,1.57878,1.58769,1.58682,1.92212,2.18082,2.46999,2.95043,3.33504,3.80745,4.77767,5.92561,7.40837,8.97849,11.4622,13.028,15.1567,18.1629,19.6257,20.7809,22.8282,22.6665,24.8784,24.5548,21.2691,14.4381,12.0696,16.6297,34.2386,84.6583,0,0,0,0,0,0,0,0,0,0
612,3.25231,2.96067,2.86602,2.93305,2.83968,2.62527,2.43228,2.5483,2.34986,2.52931,2.48643,2.24016,1.93944,1.7794,1.48232,1.35543,1.39449,1.13144,1.10006,1.04161,1.24256,1.37221,1.57002,1.58568,1.56232,1.87044,2.14451,2.49928,2.95705,3.33641,3.74876,4.60529,5.8186,7.31353,8.96783,11.3956,12.9373,14.9405,17.5805,19.5881,20.4781,22.7651,22.8503,24.9739,24.6013,21.1969,14.2597,12.0295,15.748,32.1189,78.0433,0,0,0,0,0,0,0,0,0,0
612.5,3.193,2.92369,2.84357,2.92668,2.90546,2.58898,2.43283,2.55275,2.38521,2.53196,2.47399,2.2592,1.98203,1.83455,1.45443,1.35749,1.36124,1.12741,1.08486,1.03786,1.22066,1.35172,1.54608,1.58514,1.57405,1.81678,2.1118,2.53493,2.97764,3.32259,3.64928,4.45456,5.81414,7.16361,8.92041,11.3251,12.9279,14.9367,17.2729,19.3344,20.3039,22.4465,22.4204,24.8012,24.6898,21.2115,14.2349,11.9797,14.9532,29.8779,72.8868,0,0,0,0,0,0,0,0,0,0
613,3.18159,2.93741,2.84725,2.92776,2.89884,2.57185,2.39869,2.53485,2.43993,2.50789,2.4972,2.2357,2.03074,1.85304,1.44124,1.35344,1.34204,1.11046,1.07538,1.04109,1.20982,1.33325,1.55698,1.57651,1.57395,1.77606,2.07148,2.58549,2.9762,3.30887,3.56612,4.31191,5.79221,7.06579,8.84423,11.2282,12.809,14.8909,16.8211,19.1462,20.5,22.1524,21.9287,24.2707,24.41,21.1175,14.113,11.9265,14.3197,27.9695,68.0444,0,0,0,0,0,0,0,0,0,0
613.5,3.17824,2.97403,2.87105,2.91903,2.90396,2.54665,2.41993,2.51689,2.51053,2.49676,2.48994,2.22259,2.05533,1.87454,1.42881,1.32084,1.34357,1.08544,1.06127,1.0465,1.19519,1.32303,1.54673,1.55944,1.54962,1.7546,2.04011,2.57255,2.9539,3.26904,3.50824,4.34663,5.75299,7.01315,8.76774,11.0303,12.7904,14.8529,16.5287,19.1868,20.8315,22.0266,21.5739,24.0104,24.3452,21.0632,14.0477,11.6351,13.8884,26.1128,62.11,0,0,0,0,0,0,0,0,0,0
614,3.22492,2.99414,2.89268,2.89433,2.84206,2.52988,2.4025,2.47921,2.55067,2.46798,2.50234,2.19123,2.03223,1.84641,1.44509,1.31253,1.33781,1.0664,1.046,1.03502,1.1676,1.33005,1.53078,1.53086,1.52564,1.7589,2.00431,2.50821,2.93849,3.24774,3.55058,4.35831,5.62129,6.99634,8.75175,10.9931,12.6542,14.6608,16.2936,18.9908,20.9084,21.6994,21.4306,23.4685,24.4189,20.9526,14.037,11.439,13.5714,24.274,56.44,0,0,0,0,0,0,0,0,0,0
614.5,3.19432,2.99267,2.95782,2.85439,2.798,2.54015,2.42925,2.48052,2.61473,2.42999,2.47707,2.17529,2.00558,1.79974,1.44724,1.29063,1.33517,1.06134,1.03911,1.02544,1.12633,1.33385,1.49569,1.51365,1.50057,1.76386,2.01222,2.44151,2.92755,3.22026,3.57553,4.38033,5.47681,6.97182,8.76506,10.9709,12.5347,14.4571,16.1923,18.9727,20.7904,21.377,21.5619,23.2819,24.5724,20.8539,13.9835,11.5213,13.334,22.7741,50.7582,0,0,0,0,0,0,0,0,0,0
615,3.22097,3.04011,2.99001,2.82384,2.75991,2.56968,2.42988,2.50384,2.62127,2.45263,2.49226,2.15018,2.00317,1.7551,1.4412,1.27963,1.326,1.07011,1.01084,1.01701,1.10326,1.34024,1.47063,1.51024,1.52519,1.7688,2.01081,2.42745,2.96366,3.13092,3.57395,4.40878,5.32748,6.95773,8.66549,11.0493,12.5088,14.3017,16.2332,18.8305,20.5139,21.2382,21.7366,23.2687,24.819,20.6331,14.172,11.4682,13.1156,21.4333,45.82,96.6625,0,0,0,0,0,0,0,0,0
615.5,3.23847,3.06544,3.03758,2.8263,2.7282,2.57396,2.42018,2.53138,2.63146,2.48368,2.50995,2.14529,2.02667,1.71532,1.43134,1.29593,1.30662,1.06727,1.00036,1.01369,1.08608,1.35029,1.44367,1.5115,1.55124,1.74106,2.00716,2.45147,2.92446,3.06039,3.56442,4.35991,5.18957,6.89165,8.64074,10.9271,12.4867,14.108,16.1648,18.8387,20.1775,20.9672,21.9626,23.436,24.7418,20.3614,14.1475,11.6339,12.9432,20.3192,41.6992,91.8859,0,0,0,0,0,0,0,0,0
616,3.28935,3.12721,3.01191,2.84941,2.74783,2.60784,2.46646,2.5002,2.63438,2.5075,2.54918,2.1647,2.07469,1.70382,1.434,1.28669,1.30071,1.05905,0.98162,1.01984,1.07706,1.3617,1.42361,1.50101,1.56191,1.74567,1.98059,2.43808,2.84721,3.02391,3.54779,4.39944,5.15781,6.82701,8.50906,10.7836,12.5266,14.0357,16.2336,18.7416,20.0931,20.7758,22.2161,23.6117,24.8936,20.3936,14.3355,11.7335,13.0679,19.2096,38.2686,87.1926,0,0,0,0,0,0,0,0,0
616.5,3.3156,3.11596,2.98545,2.87287,2.75387,2.60374,2.52432,2.4672,2.56909,2.53869,2.52433,2.19068,2.03786,1.70689,1.43337,1.27014,1.26201,1.06845,0.974634,1.03088,1.07523,1.36051,1.42031,1.49938,1.53779,1.71929,1.96616,2.39834,2.78521,2.99955,3.54616,4.38299,5.15024,6.74304,8.47297,10.6187,12.3533,13.9446,16.2807,18.3994,20.1232,20.6499,22.1599,23.8348,24.8215,20.3602,14.2735,11.7846,13.0451,18.4025,35.2003,82.7031,0,0,0,0,0,0,0,0,0
617,3.37156,3.08131,3.01909,2.90301,2.78455,2.63133,2.56006,2.41641,2.51531,2.5078,2.47324,2.1944,2.03407,1.70732,1.44329,1.26995,1.23613,1.06374,0.975809,1.05249,1.08585,1.33133,1.3967,1.493,1.50276,1.7094,1.97076,2.36582,2.74211,2.95706,3.58054,4.32745,5.17647,6.70335,8.58427,10.4729,12.203,13.7513,16.2603,18.2874,20.443,20.5432,22.4177,23.9226,24.9009,20.658,14.2127,11.8056,12.9684,17.8346,32.6004,77.1702,0,0,0,0,0,0,0,0,0
617.5,3.41017,3.11944,3.05862,2.90101,2.81783,2.65478,2.57373,2.39064,2.46274,2.45198,2.44662,2.17526,1.98605,1.71505,1.45683,1.2855,1.21633,1.06383,0.981483,1.06003,1.09865,1.31278,1.38745,1.50613,1.47066,1.66916,1.9597,2.32277,2.77762,2.85492,3.55968,4.27364,5.16322,6.69315,8.71915,10.5966,11.9692,13.3952,16.2324,18.1768,20.8749,20.6338,22.405,24.1191,25.1961,21.1364,14.1637,11.8726,12.8725,17.1412,30.0376,71.4449,0,0,0,0,0,0,0,0,0
618,3.41909,3.1491,3.11455,3.0008,2.82804,2.69356,2.55113,2.38336,2.45036,2.40736,2.48768,2.18409,1.95432,1.71704,1.4652,1.30299,1.22949,1.05724,0.993542,1.07733,1.11962,1.28647,1.36519,1.4877,1.45591,1.63135,1.96943,2.31732,2.77871,2.81579,3.54363,4.21239,5.15043,6.73369,8.82094,10.7289,12.0835,13.1738,16.0768,18.3407,21.2487,20.3671,22.4643,24.3137,25.3429,21.2768,14.1911,11.9959,12.6389,16.4496,28.5148,66.2584,0,0,0,0,0,0,0,0,0
618.5,3.40077,3.20179,3.12128,3.02373,2.85263,2.72471,2.57017,2.3932,2.47883,2.37025,2.54296,2.20706,1.90865,1.74596,1.44814,1.30766,1.23817,1.05267,0.991781,1.05327,1.12446,1.25853,1.34783,1.45439,1.43928,1.60503,1.96893,2.32437,2.81706,2.8448,3.49911,4.21435,5.13937,6.81327,8.90772,10.8601,12.0772,13.181,15.8119,18.0789,21.528,20.3009,22.6837,24.2808,25.3855,21.3671,14.5266,12.204,12.6572,15.7653,26.858,60.7993,0,0,0,0,0,0,0,0,0
619,3.38657,3.20929,3.15781,3.10042,2.83005,2.75552,2.60901,2.45025,2.50191,2.34231,2.5909,2.23432,1.86791,1.74466,1.45474,1.30177,1.2423,1.07727,1.00105,1.04657,1.1257,1.22905,1.33165,1.42688,1.42731,1.62138,1.95508,2.34624,2.80379,2.90568,3.46143,4.23701,5.1789,6.76924,8.89141,10.9493,12.016,13.3401,15.6238,18.0177,21.6162,20.3212,22.6574,24.3679,25.2848,21.599,14.7647,12.396,12.7925,15.2831,25.996,55.4556,0,0,0,0,0,0,0,0,0
619.5,3.37476,3.23163,3.21811,3.10471,2.80315,2.81556,2.63349,2.52898,2.51412,2.37443,2.63137,2.29173,1.85464,1.76224,1.45856,1.28968,1.23922,1.10195,1.00797,1.02174,1.1043,1.21173,1.35438,1.4056,1.4105,1.65708,1.92601,2.38365,2.77967,2.97999,3.43681,4.23554,5.17935,6.70884,8.90383,10.8911,12.1613,13.4996,15.4863,18.031,21.4532,20.7456,22.9757,24.4313,24.8592,21.9323,14.871,12.5987,12.9877,15.1564,25.0449,50.7684,0,0,0,0,0,0,0,0,0
620,3.34409,3.25194,3.32217,3.13653,2.80069,2.86706,2.64304,2.60961,2.52771,2.4005,2.606,2.35773,1.88298,1.76016,1.45849,1.27837,1.23315,1.13117,1.01873,1.01347,1.09823,1.22604,1.3647,1.38005,1.42258,1.68559,1.8941,2.41302,2.73369,3.00918,3.42716,4.25016,5.19421,6.65385,8.80647,10.8103,12.2107,13.6984,15.5404,18.1707,21.3722,21.0932,23.1671,24.8395,24.7295,22.2742,14.9243,12.7602,13.2212,15.4636,23.8357,46.6277,97.8502,0,0,0,0,0,0,0,0
620.5,3.3997,3.34975,3.32157,3.31047,3.2287,2.86617,2.44555,2.08391,1.93722,1.81233,1.64262,1.42278,1.20283,0.965186,0.85682,0.774601,0.689896,0.61123,0.528494,0.56207,0.594031,0.731341,0.790668,0.866842,0.955559,1.17591,1.45348,1.83049,2.08376,2.51424,3.07278,3.64423,4.52746,6.0431,8.58526,10.0278,11.0808,13.8065,15.2151,17.8026,19.6809,21.4008,22.8143,24.3177,25.5846,21.7321,15.3965,12.8581,14.037,16.1224,23.2911,44.1823,93.2373,0,0,0,0,0,0,0,0
621,3.47565,3.37887,3.34727,3.37208,3.32756,2.94113,2.52258,2.10571,1.96746,1.85867,1.64308,1.43716,1.18463,0.973644,0.863787,0.788173,0.707696,0.616405,0.514324,0.55395,0.584413,0.733847,0.786752,0.862907,0.94888,1.16887,1.47249,1.83122,2.09642,2.50984,3.13923,3.59462,4.62083,6.10311,8.63947,10.0951,11.3247,13.8909,15.7407,17.8172,20.0185,21.5043,22.4568,24.5674,26.1271,21.8039,15.6165,13.1979,14.5394,16.4261,22.6511,41.2057,89.2298,0,0,0,0,0,0,0,0
621.5,3.5503,3.45582,3.45293,3.41118,3.36885,2.98561,2.58686,2.16105,1.97811,1.87627,1.64067,1.46393,1.18912,0.993404,0.87754,0.811144,0.713924,0.623446,0.503489,0.551294,0.57913,0.740505,0.783376,0.858977,0.967362,1.18147,1.4924,1.83156,2.11369,2.51016,3.16006,3.66552,4.74421,6.15524,8.59682,10.0677,11.5291,13.8095,16.0701,18.0747,20.2158,21.6595,22.5828,25.1189,26.4784,22.302,15.7655,13.6385,15.0294,16.8051,21.8912,38.4287,85.0737,0,0,0,0,0,0,0,0
622,3.64613,3.55427,3.56618,3.45572,3.46809,3.01814,2.63017,2.23555,2.00682,1.87827,1.66304,1.49327,1.23891,1.01075,0.888409,0.82555,0.706974,0.623001,0.501148,0.560632,0.591941,0.73241,0.795732,0.861488,0.982817,1.19223,1.50017,1.83758,2.17514,2.50349,3.14833,3.7485,4.79608,6.25209,8.60865,10.1117,11.7899,13.7431,15.8902,18.5693,20.4784,21.8839,23.3164,25.8422,26.3462,22.89,15.7178,13.9561,15.4438,17.0482,21.2414,36.229,80.5658,0,0,0,0,0,0,0,0
622.5,3.69718,3.6674,3.70262,3.5144,3.58499,3.02606,2.66331,2.3519,2.01696,1.8703,1.70981,1.51266,1.40057,1.02217,0.917357,0.842997,0.706631,0.622164,0.525471,0.564016,0.597072,0.725754,0.789376,0.858781,0.981721,1.1938,1.48845,1.86784,2.24373,2.52577,3.11586,3.88203,4.80484,6.32108,8.68535,10.1861,11.9919,13.8778,15.9328,18.9391,20.3305,22.3246,24.0557,26.1963,26.3008,23.9378,16.042,14.4691,15.6449,17.2514,20.805,34.7264,76.0608,0,0,0,0,0,0,0,0
623,3.75064,3.73265,3.78656,3.60761,3.6984,3.0856,2.72689,2.42297,2.07602,1.87184,1.75722,1.53773,1.63925,1.03634,0.941007,0.85237,0.70914,0.625481,0.545073,0.582221,0.603458,0.724864,0.782486,0.851821,0.984434,1.19896,1.51141,1.91559,2.28119,2.56655,3.12852,3.99017,4.76782,6.34591,8.8269,10.3057,11.863,13.9852,16.0666,18.8804,20.4517,22.8043,24.6178,26.7052,26.438,24.7003,16.4122,14.9328,15.893,17.5471,20.6277,33.2609,70.9958,0,0,0,0,0,0,0,0
623.5,3.82235,3.84209,3.93698,3.78315,3.79839,3.17066,2.80703,2.47887,2.16637,1.90135,1.8019,1.55148,1.93854,1.06643,0.95575,0.88542,0.729407,0.634846,0.564764,0.586518,0.597439,0.726385,0.785314,0.856257,0.979392,1.19249,1.49923,1.9498,2.30316,2.6075,3.12575,3.99851,4.89261,6.46728,8.9721,10.4914,11.8655,14.1859,16.4753,18.7396,20.4646,22.9961,25.0782,27.1121,27.1257,24.9943,17.1732,15.4726,16.4341,17.8689,20.6847,32.3872,66.6437,0,0,0,0,0,0,0,0
624,3.95922,4.01776,4.0904,3.90287,3.87947,3.33913,2.96366,2.51595,2.26931,1.90441,1.86197,1.58773,2.34518,1.10371,0.986931,0.91722,0.765698,0.633493,0.571294,0.585236,0.603701,0.733228,0.818494,0.853423,0.990988,1.18326,1.48697,1.96748,2.32385,2.61103,3.16158,4.06163,5.05246,6.66273,9.03321,10.7825,11.9883,14.3977,17.198,18.4574,20.9794,23.2589,25.4406,27.5921,28.3631,25.4776,18.0786,16.0347,17.1118,18.3485,20.8022,31.5056,62.3185,0,0,0,0,0,0,0,0
624.5,4.11106,4.16946,4.25659,4.08404,4.04013,3.52379,3.07209,2.5799,2.36261,1.94016,1.93144,1.62992,2.88018,1.12775,1.01824,0.944434,0.798125,0.65217,0.584306,0.578433,0.615987,0.751831,0.835441,0.857866,0.98147,1.18359,1.48197,1.9796,2.34927,2.61066,3.21129,4.16716,5.22749,6.76894,9.13721,10.9296,12.2011,14.5642,17.6317,18.1954,21.7733,23.7908,26.0401,28.4204,29.5733,26.0946,18.9676,16.5772,17.9934,19.1367,21.024,30.6921,58.3115,0,0,0,0,0,0,0,0
625,4.30962,4.34305,4.4286,4.22543,4.20961,3.65344,3.17827,2.68677,2.44204,1.93971,2.01121,1.68931,3.57339,1.1458,1.0637,0.959068,0.828655,0.662925,0.585921,0.576403,0.624797,0.762743,0.865192,0.866662,0.969615,1.19378,1.48347,1.97735,2.415,2.62997,3.27281,4.33171,5.2769,6.82294,9.15418,11.3086,12.5301,14.9936,17.7048,18.7015,22.6623,24.3682,26.704,29.157,30.8824,27.0218,20.1531,17.3596,18.8366,20.1153,21.6506,30.4469,54.6136,93.8185,0,0,0,0,0,0,0
625.5,4.41755,4.43867,4.57071,4.39917,4.41788,3.7298,3.30499,2.81683,2.50529,2.01685,2.0806,1.74704,4.09074,1.17551,1.10071,0.972033,0.860578,0.688645,0.588589,0.579021,0.626962,0.773146,0.866258,0.889509,0.95815,1.19707,1.54137,1.99666,2.48924,2.67927,3.36441,4.49304,5.2689,6.8933,9.32418,11.6504,12.7619,15.4184,18.0822,19.3562,23.9609,25.6277,27.8221,29.9924,32.0673,28.5741,21.3681,18.3247,19.7807,21.017,22.4638,30.3456,51.1826,91.2557,0,0,0,0,0,0,0
626,4.63226,4.6268,4.7318,4.62548,4.57041,3.86284,3.48818,2.95527,2.58019,2.10914,2.14549,1.80612,4.47064,1.22643,1.14411,0.983245,0.890385,0.708233,0.598438,0.582458,0.631341,0.782109,0.878822,0.89642,0.949124,1.24675,1.5831,2.03109,2.52291,2.73093,3.45144,4.53961,5.31438,7.0703,9.60423,11.9704,13.0339,15.7431,18.5591,20.5919,24.7723,26.6202,29.0625,30.4616,32.784,29.7405,22.7391,19.4996,20.803,22.0958,23.5024,30.8083,48.4176,89.3584,0,0,0,0,0,0,0
626.5,4.81588,4.84253,4.95698,4.86836,4.78667,4.07841,3.69669,3.10658,2.67583,2.26685,2.2102,1.88115,4.56131,1.29558,1.18451,0.999302,0.909673,0.727247,0.603866,0.588134,0.642201,0.796255,0.896948,0.91005,0.957609,1.28001,1.61113,2.09002,2.56977,2.77504,3.53703,4.61968,5.38676,7.33233,9.90171,12.252,13.4562,16.1177,19.2846,21.7144,25.3936,27.4409,30.063,31.1213,33.6384,30.7073,23.8531,21.1239,22.1532,23.2083,24.5182,31.2613,47.1185,88.5015,0,0,0,0,0,0,0
627,5.12263,5.06238,5.14691,5.22171,4.98675,4.3033,3.86822,3.26295,2.83642,2.41633,2.31658,1.98302,4.51911,1.36772,1.23467,1.04512,0.926524,0.753073,0.625803,0.601623,0.663915,0.824058,0.90618,0.921503,0.978176,1.31799,1.62553,2.15105,2.58908,2.80492,3.65136,4.62397,5.61665,7.62262,10.1334,12.4484,14.0517,16.632,19.9161,22.3772,25.8592,28.3722,30.9338,31.9919,34.5126,31.9852,25.0054,22.6242,23.6391,23.8852,25.6991,32.0899,46.6892,86.6588,0,0,0,0,0,0,0
627.5,5.4333,5.36174,5.44369,5.49665,5.18195,4.57629,4.04461,3.41291,3.03236,2.54128,2.4446,2.10743,4.34812,1.45343,1.29266,1.08452,0.944284,0.778581,0.644211,0.633256,0.676517,0.830602,0.914282,0.92454,1.00731,1.35451,1.6411,2.17079,2.62883,2.827,3.74583,4.76282,5.82599,7.87661,10.3101,12.7448,14.7163,17.3313,20.5356,23.001,26.1758,28.8597,31.7072,33.0841,35.9166,33.228,26.4749,23.7177,25.4039,24.7558,27.19,33.7575,46.8387,83.5605,0,0,0,0,0,0,0
628,5.79296,5.66455,5.75393,5.78826,5.40262,4.87389,4.31794,3.57151,3.1902,2.63905,2.61392,2.20829,3.95358,1.52066,1.36953,1.14251,0.988511,0.813544,0.671289,0.658063,0.698813,0.839241,0.931439,0.953998,1.04962,1.37259,1.6876,2.22388,2.6977,2.85964,3.90561,4.95058,5.98024,8.09145,10.6943,13.101,15.4865,18.0372,21.4501,23.6708,26.8697,29.6351,32.8718,33.9928,38.0097,35.2295,28.0502,24.7579,27.1408,25.8133,29.2446,35.3643,46.8,79.0529,0,0,0,0,0,0,0
628.5,6.17605,6.01636,6.07842,6.03254,5.66444,5.21935,4.58755,3.73829,3.30294,2.7834,2.73311,2.33036,3.31459,1.59632,1.46103,1.21147,1.05318,0.85094,0.701231,0.690793,0.710537,0.858796,0.94246,0.992191,1.08324,1.39778,1.73743,2.26367,2.8014,2.97124,4.01965,5.13014,6.12804,8.3969,11.3213,13.6453,16.0882,18.7571,22.8197,24.589,27.9635,30.6052,34.6948,35.7332,40.4092,36.7481,30.066,26.1604,29.0535,27.152,31.6932,36.8636,46.8563,76.1807,0,0,0,0,0,0,0
629,6.47733,6.38848,6.51336,6.3268,5.9312,5.58869,4.86909,3.97647,3.42413,2.93714,2.84106,2.41985,2.7285,1.66773,1.56978,1.29024,1.11303,0.883034,0.741179,0.715913,0.732123,0.895478,0.964905,1.03052,1.12125,1.43041,1.78779,2.33269,2.93964,3.11288,4.15814,5.33204,6.32253,8.80308,11.7744,14.1133,16.8216,19.414,24.131,26.1545,29.178,31.6041,36.5441,38.2134,43.5594,38.2271,31.9567,28.4636,31.1728,29.6371,34.2775,38.5209,47.5929,74.7168,0,0,0,0,0,0,0
629.5,6.72405,6.7816,6.90085,6.72722,6.20578,5.96778,5.11508,4.24799,3.59738,3.13056,2.94846,2.53014,2.29254,1.73918,1.66085,1.36779,1.14457,0.934365,0.76455,0.750807,0.771926,0.937056,0.992699,1.06171,1.16856,1.45416,1.84937,2.424,3.10851,3.29209,4.34223,5.4969,6.61166,9.11069,12.3104,14.8757,17.4547,20.4702,25.6708,28.1105,31.1709,33.2317,38.5781,41.2298,46.4488,40.2106,33.936,31.3714,33.1351,32.2728,37.2813,40.2249,48.6041,74.4659,0,0,0,0,0,0,0
630,7.08532,7.24598,7.30624,7.15291,6.44376,6.36008,5.34968,4.56623,3.79865,3.29732,3.1367,2.63912,2.14821,1.81308,1.73165,1.4288,1.18672,0.974964,0.793797,0.773927,0.795791,0.972461,1.01515,1.10544,1.20612,1.51786,1.87983,2.50875,3.23752,3.52002,4.53477,5.74689,6.93111,9.50076,12.7771,15.6621,18.0067,21.5524,26.8778,29.9378,33.1143,35.65,40.0457,44.1842,49.5199,43.1436,35.6178,33.8383,35.8003,35.1772,40.0312,42.115,50.0723,74.4237,110.859,0,0,0,0,0,0
630.5,7.57454,7.77188,7.78767,7.68069,6.81612,6.81719,5.6691,4.89446,4.0795,3.46645,3.37564,2.7985,2.26558,1.89475,1.81153,1.49817,1.24591,1.01909,0.815952,0.797295,0.835031,1.00013,1.05641,1.13049,1.26228,1.58615,1.95131,2.61158,3.3394,3.78015,4.6918,6.07275,7.34837,9.97024,13.077,16.6673,18.7634,22.8415,28.148,31.6931,35.6342,37.9156,42.0191,46.8324,51.8024,46.4723,37.6504,36.418,38.6013,38.7868,43.1623,45.062,51.5972,72.9733,109.612,0,0,0,0,0,0
631,8.12112,8.23688,8.37433,8.11471,7.34165,7.28744,5.95739,5.24096,4.34866,3.65424,3.58406,2.99167,2.41355,2.00227,1.89269,1.60268,1.31347,1.06343,0.850601,0.816135,0.864403,1.03073,1.08143,1.1675,1.31271,1.65769,1.99944,2.71334,3.42043,4.04085,4.90492,6.37321,7.79862,10.5608,13.5796,17.7069,19.7233,24.2618,29.5604,32.6231,37.8258,40.8322,44.004,49.257,53.5236,49.8106,40.5687,39.4232,42.0394,42.7129,46.6994,48.2731,53.656,71.063,110.795,0,0,0,0,0,0
631.5,8.70842,8.61568,9.0789,8.63031,7.97127,7.86514,6.38452,5.57913,4.6321,3.88081,3.7437,3.18356,2.57481,2.09082,2.02893,1.75729,1.37338,1.10742,0.882199,0.832718,0.904288,1.06669,1.12734,1.19237,1.35819,1.7239,2.0975,2.86578,3.52811,4.31234,5.14071,6.61774,8.21185,11.1666,13.9401,18.9638,21.054,25.5446,31.348,33.8765,40.6212,43.6877,46.3538,51.4273,56.408,53.0514,44.4146,43.1588,45.9893,46.9823,50.0178,52.2066,56.7734,70.3901,112.462,0,0,0,0,0,0
632,9.28895,9.01748,9.82401,9.22285,8.64648,8.44507,6.81273,5.9272,4.94114,4.15367,3.94294,3.36187,2.74896,2.19223,2.13867,1.91834,1.42889,1.1581,0.919117,0.853082,0.943498,1.07023,1.1553,1.23592,1.4137,1.80597,2.21669,3.02221,3.65452,4.48088,5.372,6.90395,8.77542,11.8623,14.5011,20.1416,22.2162,26.5513,33.3633,35.2949,42.5284,47.3561,49.5599,54.9501,60.6241,56.7942,47.6269,46.7618,49.1294,50.9615,54.1174,56.8125,61.058,71.8511,115.123,0,0,0,0,0,0
632.5,10.0163,9.4719,10.699,9.95679,9.38246,9.04417,7.40508,6.30702,5.23895,4.51707,4.13692,3.58014,2.91397,2.29298,2.25466,2.05545,1.47668,1.20214,0.969024,0.879814,0.985671,1.0909,1.18235,1.29262,1.46359,1.89485,2.35349,3.19147,3.83922,4.68615,5.7119,7.20056,9.20577,12.4738,15.6513,21.1924,23.3203,28.2102,35.8219,37.6003,45.0681,50.7326,52.3691,58.4706,65.7344,60.9185,51.5759,49.9098,53.0829,53.8874,57.9823,61.5337,64.6589,76.2571,116.206,0,0,0,0,0,0
633,10.874,10.0387,11.5605,10.7544,10.1764,9.68102,8.0784,6.73492,5.56708,4.92935,4.37672,3.83397,3.10306,2.4067,2.38447,2.24355,1.57454,1.25138,1.00765,0.924843,1.02577,1.1261,1.22488,1.36478,1.53661,1.98016,2.48831,3.34986,4.03086,4.87661,6.02605,7.47279,9.77001,13.2294,16.6565,22.3387,24.7211,30.0647,37.9006,40.3096,47.3845,54.1088,55.7294,62.3702,70.0329,65.7033,55.5406,53.3085,56.456,57.2588,63.1587,66.7349,68.163,80.8776,117.189,0,0,0,0,0,0
633.5,11.8418,10.7239,12.4843,11.5144,10.9504,10.2434,8.62241,7.19688,5.92788,5.25319,4.6624,4.08087,3.29559,2.52836,2.51141,2.37762,1.66147,1.31822,1.05977,0.97148,1.06384,1.18635,1.29381,1.42934,1.62582,2.06827,2.61318,3.50274,4.26032,5.1175,6.35738,7.8825,10.2503,13.9014,17.7703,23.684,26.4362,32.4541,40.3034,43.8347,50.5539,57.2639,58.6119,65.4821,74.926,70.4787,60.2841,57.1008,60.5883,61.3234,68.598,71.9301,71.9966,85.7896,117.672,0,0,0,0,0,0
634,12.6923,11.5645,13.3689,12.2963,11.7517,10.9601,9.10478,7.70079,6.40308,5.5682,4.95171,4.44716,3.48406,2.68242,2.66377,2.49345,1.75552,1.39353,1.10484,1.03305,1.09785,1.2428,1.39046,1.50803,1.70396,2.17032,2.77565,3.67567,4.5012,5.43216,6.73072,8.45554,10.9271,14.5682,19.0009,25.0393,28.5459,34.593,42.719,47.315,53.8842,59.8799,61.2176,69.1332,80.5495,76.3219,65.9532,61.9979,65.2433,66.2505,75.6932,76.3608,76.5694,90.8435,118.868,0,0,0,0,0,0
634.5,13.5938,12.5463,14.1585,13.1671,12.3925,11.6378,9.53449,8.14994,6.86299,5.83521,5.39442,4.73507,3.65627,2.86186,2.83688,2.59074,1.86428,1.48647,1.171,1.08649,1.15772,1.28139,1.48797,1.56462,1.77854,2.29127,2.93459,3.93342,4.79127,5.79444,7.02317,9.1039,11.6463,15.3971,20.1554,26.6512,30.596,36.6921,45.7672,51.4225,57.191,63.1354,65.7866,73.0672,86.3227,83.2602,72.1248,67.3138,68.9664,71.3772,82.7945,80.7276,82.6358,95.7544,121.892,0,0,0,0,0,0
635,14.5046,13.7227,15.1099,14.0547,13.311,12.4555,10.0546,8.77093,7.482,6.21648,5.80005,5.13158,3.83346,3.04705,3.00085,2.60912,1.99644,1.59516,1.22112,1.14064,1.21062,1.31868,1.56493,1.65151,1.86284,2.41149,3.11725,4.1395,5.11786,6.18256,7.53421,9.88024,12.4452,16.1901,21.752,28.4648,32.5561,39.0838,49.0264,55.3221,60.8267,66.9837,71.4305,77.5936,92.1538,88.7466,79.2732,73.5717,72.4524,76.3164,89.4032,87.3035,89.1086,100.969,126.675,161.82,0,0,0,0,0
635.5,15.3032,15.0358,16.1628,15.2005,14.5901,13.2762,10.7022,9.48348,8.15806,6.77892,6.31087,5.42805,4.14003,3.24445,3.17449,2.76504,2.15415,1.71585,1.28314,1.20398,1.28805,1.38724,1.60846,1.72014,1.95933,2.50823,3.30881,4.37541,5.47869,6.52631,8.05857,10.6343,13.3524,17.4159,23.3258,30.1,34.703,41.1489,52.0527,58.8563,65.3027,70.6609,78.1437,83.3243,97.6164,94.3778,86.1778,79.9617,76.8212,81.5973,94.8716,94.826,95.2715,108.193,133.149,162.775,0,0,0,0,0
636,16.1612,16.2657,17.4825,16.2789,16.0735,14.2076,11.5229,10.2963,8.83655,7.43038,6.85658,5.73523,4.38723,3.41071,3.3945,2.90006,2.34101,1.82909,1.3685,1.28202,1.36752,1.48068,1.65433,1.81068,2.04204,2.62957,3.41819,4.62483,5.84741,6.89855,8.56214,11.2869,14.1816,18.8866,24.6464,31.055,37.4146,43.889,54.8252,62.4018,69.9245,76.2032,84.2954,90.7896,105.365,101.042,93.5331,86.6242,83.8884,89.15,101.099,104.519,101.865,114.597,138.687,165.247,0,0,0,0,0
636.5,17.3247,17.3065,18.8849,17.5384,17.5038,15.0704,12.5217,10.9214,9.3482,8.04847,7.49591,6.03562,4.68516,3.67842,3.59625,3.05515,2.44872,1.94858,1.47363,1.35016,1.44352,1.58907,1.6953,1.91076,2.15853,2.74936,3.57691,4.84985,6.2045,7.29081,9.05571,11.925,15.1145,19.9529,26.2383,32.8983,40.5727,46.2866,57.9645,65.8017,76.1698,81.8245,89.0722,99.7977,113.962,108.677,99.3811,91.089,92.7325,98.6885,108.139,112.849,107.84,121.653,143.644,168.983,0,0,0,0,0
637,18.6184,18.1307,20.1493,18.9674,18.5075,15.9348,13.6132,11.2268,9.81838,8.63611,8.12046,6.38515,4.98339,3.98652,3.84651,3.16509,2.57082,2.04945,1.56307,1.41262,1.4897,1.68242,1.77539,2.00443,2.2658,2.86066,3.70621,5.1131,6.4678,7.76739,9.55798,12.4939,15.797,21.112,28.2097,34.6706,43.2019,49.6994,60.54,68.6271,81.1919,87.8654,95.9005,108.485,123.233,117.639,105.827,96.0739,102.201,109.248,116.872,122.071,115.406,130.769,148.605,178.187,0,0,0,0,0
637.5,20.1571,19.3049,21.0622,20.7451,19.5665,17.1307,14.6968,11.6028,10.1193,9.07664,8.58842,6.85417,5.32725,4.34268,4.08895,3.2874,2.69534,2.15202,1.64796,1.43823,1.5325,1.76798,1.86147,2.10396,2.38221,2.9862,3.93327,5.3549,6.67188,8.26182,10.0755,13.1247,16.5629,22.2368,30.0902,36.7828,45.6328,53.0559,64.2423,72.2577,85.7035,95.4146,102.018,117.189,131.096,127.22,113.098,103.252,110.591,116.716,126.195,131.205,124.306,138.009,155.191,187.546,0,0,0,0,0
638,21.6129,20.707,22.0718,22.3298,21.017,18.3119,15.6307,12.2164,10.5386,9.58633,9.0545,7.34869,5.71109,4.688,4.31857,3.53575,2.8948,2.28271,1.69014,1.4743,1.58008,1.88164,1.98502,2.20949,2.49103,3.14667,4.1366,5.70367,7.02403,8.66498,10.5684,13.8354,17.5765,23.1022,32.4217,38.5611,47.5101,56.1665,68.8643,75.5687,90.117,103.226,110.545,125.282,139.922,134.816,120.714,114.124,115.896,124.596,135.872,142.207,133.531,145.891,162.753,196.457,0,0,0,0,0
638.5,22.8376,21.8867,23.1547,23.711,22.4055,19.741,16.647,13.1275,11.1512,10.0804,9.57633,7.88575,6.13419,5.00302,4.61352,3.83883,3.10356,2.41004,1.75069,1.51901,1.64459,1.95387,2.09705,2.31895,2.57412,3.36428,4.32388,6.0901,7.55867,9.02077,11.0249,14.3419,18.6736,24.7133,34.0262,39.1653,50.0082,58.3516,74.0254,80.3274,96.7898,109.312,118.229,131.341,149.385,141.916,129.991,126.021,119.891,133.312,145.429,153.671,142.889,153.385,173.407,203.774,0,0,0,0,0
639,24.3184,23.0746,24.7629,24.9488,23.6601,21.2314,17.856,14.4126,12.0238,10.5186,10.2527,8.33278,6.49649,5.31808,4.88227,4.23238,3.291,2.58401,1.81206,1.59151,1.7095,1.99365,2.20036,2.40351,2.74298,3.55963,4.51257,6.41828,8.09607,9.36056,11.5937,14.8055,19.5816,26.0678,35.7085,40.8918,53.0087,61.1794,79.5053,85.6034,103.89,116.947,126.529,138.971,160.188,147.202,139.277,135.601,126.581,142.593,155.113,166.608,151.976,161.993,183.663,210.093,0,0,0,0,0
639.5,25.3446,24.1168,26.2227,26.2408,24.7213,22.4906,19.2108,15.4827,13.0566,11.2551,10.7224,8.72256,6.87582,5.65641,5.231,4.59613,3.50777,2.73993,1.91416,1.66534,1.78345,2.06173,2.28955,2.50694,2.90467,3.73214,4.66316,6.70453,8.56983,9.76264,12.2491,15.3841,20.2568,27.6972,37.1373,43.8624,56.3289,64.8543,83.9774,90.4807,110.486,123.305,137.37,144.732,169.709,153.155,149.117,142.858,137.415,153.53,164.66,176.094,160.909,172.259,191.179,217.377,0,0,0,0,0
640,26.7758,25.7625,27.785,27.6917,25.5117,23.9182,20.3784,16.5106,14.0901,11.9164,11.1893,9.1252,7.28965,5.94387,5.50423,4.88218,3.72128,2.8554,2.02128,1.74513,1.87055,2.14024,2.33392,2.57277,3.03746,3.91782,4.81937,6.9796,8.97874,10.1355,12.9016,16.1413,20.9774,29.4329,39.3533,47.5276,59.0561,68.3503,89.7938,93.8493,116.246,129.874,146.999,154.674,176.066,163.605,159.17,151.781,151.276,163.688,175.52,183.921,173.156,180.121,199.857,226.808,254.072,0,0,0,0
640.5,27.9828,27.5147,29.9028,29.1876,26.262,25.383,21.5214,17.5214,14.8771,12.7898,11.6524,9.63296,7.82261,6.31101,5.85714,5.20679,3.97666,2.97595,2.1113,1.79762,1.95561,2.27367,2.42192,2.67825,3.17649,4.08728,5.03224,7.3535,9.33053,10.8746,13.5182,17.211,21.9354,30.6597,41.9259,51.1,62.0876,73.3515,96.2413,97.4238,121.6,136.346,156.807,163.772,182.01,177.156,170.27,158.723,164.859,172.507,185.843,191.68,185.571,189.524,208.465,235.948,265.354,0,0,0,0
641,29.3147,29.4438,32.1031,30.798,27.2115,27.3285,22.7672,18.4717,15.671,13.424,12.2383,10.2672,8.44719,6.75866,6.26596,5.5345,4.21103,3.11358,2.20494,1.88443,2.03189,2.39864,2.5155,2.765,3.30818,4.28413,5.25131,7.80031,9.81252,11.6313,13.9937,18.3884,23.1084,31.7226,44.4377,54.7353,64.7576,78.216,102.287,102.198,127.043,141.53,162.429,172.251,188.611,191.646,178.846,164.148,176.528,182.961,196.041,198.025,200.416,199.692,219.805,245.591,277.811,0,0,0,0
641.5,30.7263,31.816,34.3692,32.6036,28.9704,29.116,24.3875,19.4788,16.3654,14.1012,13.0492,10.8112,8.92846,7.26919,6.73651,5.90493,4.47476,3.22813,2.28598,1.99108,2.12307,2.47502,2.61702,2.91095,3.4445,4.45941,5.51285,8.18919,10.1895,12.3477,14.6174,19.3076,23.7126,32.7285,47.083,58.1217,68.1472,84.8034,107.747,107.906,134.433,150.17,166.95,181.443,195.273,199.933,186.47,171.355,185.392,193.561,205.927,207.953,213.459,212.274,232.062,255.569,287.653,0,0,0,0
642,32.5463,33.9516,36.2533,34.3175,31.1794,31.0678,26.2532,20.5345,17.0364,14.8061,13.72,11.5074,9.29608,7.69878,7.18096,6.2192,4.7544,3.38335,2.39871,2.11697,2.21182,2.60392,2.73597,3.05362,3.58297,4.62223,5.73678,8.48491,10.7049,12.9362,15.2973,20.4384,24.8421,34.5832,49.1526,61.7031,71.8678,90.2299,112.766,115.669,143.188,159.382,170.544,189.895,203.436,206.982,195.245,180.609,195.639,205.996,215.321,220.351,226.476,224.249,247.075,262.118,299.789,0,0,0,0
642.5,35.5577,36.4414,37.5667,36.3803,34.3671,32.4746,27.676,21.4038,18.1666,15.6585,14.522,12.3145,9.52866,8.03632,7.58272,6.5204,5.04076,3.53702,2.47568,2.2579,2.30146,2.68001,2.80565,3.20153,3.65526,4.85459,5.96476,8.8953,11.103,13.3241,16.0811,21.7132,26.106,36.7292,50.7954,65.1354,76.6286,94.0448,116.74,123.862,152.007,168.357,175.77,201.34,212.158,213.214,204.729,192.967,205.021,217.055,224.394,235.314,242.53,235.802,261.805,273.803,307.157,0,0,0,0
643,38.0718,38.0774,39.7129,38.4372,37.4305,34.2533,29.3629,22.235,19.28,16.6885,14.9979,12.9914,9.90932,8.39784,8.0111,6.73351,5.35673,3.75595,2.5722,2.38632,2.42542,2.80147,2.94364,3.33291,3.75504,5.05275,6.19021,9.41967,11.528,13.6602,16.7742,22.6763,26.9632,38.9789,51.8765,68.2618,79.563,96.763,121.599,132.258,159.031,178.496,184.438,214.867,224.105,223.115,216.569,204.501,216.839,229.103,233.66,251.953,257.781,246.416,273.108,282.082,315.113,0,0,0,0
643.5,41.2502,39.8824,41.5068,41.3159,40.0008,35.5878,30.7858,23.1886,20.5046,17.4373,15.6619,13.6787,10.4718,8.72382,8.44933,6.97811,5.65095,3.98355,2.69496,2.52246,2.53636,2.91276,3.08209,3.40947,3.90377,5.29777,6.48585,9.89054,11.8339,13.94,17.7435,23.5433,28.7152,40.7699,53.5389,71.903,83.4066,98.4747,127.094,138.35,163.867,189.318,196.107,228.911,239.048,239.426,226.884,217.205,227.152,241.343,246.218,264.508,274.52,263.031,282.01,296.458,320.617,0,0,0,0
644,43.2629,42.0751,44.308,44.1082,43.1568,37.2781,32.6237,24.1521,21.4965,18.4698,16.1679,14.3137,11.0554,9.08233,8.74604,7.32814,5.95183,4.2174,2.81203,2.63896,2.66376,3.06826,3.21716,3.47381,4.07611,5.47685,6.81382,10.3318,12.2241,14.367,18.7557,24.2614,30.0782,43.0657,56.2551,75.5355,86.1873,102.556,134.364,144.391,169.778,199.864,210.55,242.224,254.665,254.405,236.775,233.551,240.367,254.205,263.069,279.595,290.675,280.515,287.855,312.396,326.359,0,0,0,0
644.5,45.7018,44.3058,47.4457,47.0434,45.5616,38.6191,34.6107,25.6283,22.6473,19.4268,17.0034,15.1003,11.7857,9.4931,9.23007,7.64313,6.20067,4.36943,2.91367,2.73243,2.757,3.26482,3.39906,3.57705,4.33338,5.66847,7.18508,10.6728,12.7637,14.9619,19.4681,25.1035,31.7182,45.0842,59.6459,79.1513,91.0545,108.351,140.341,150.746,175.675,210.265,225.668,253.477,270.057,270.06,249.684,254.384,254.337,267.074,282.294,296.249,306.743,297.238,296.79,328.729,335.301,0,0,0,0
645,47.6768,46.3878,49.9935,49.1925,48.1906,39.9999,36.8159,26.937,24.0306,20.7658,18.2793,15.8164,12.6009,10.1622,9.59272,7.91881,6.53484,4.49884,3.15128,2.92847,2.87273,3.52478,3.51154,3.73495,4.61442,5.91715,7.58397,11.1213,13.3144,15.6884,20.2631,26.1727,33.2209,47.6702,64.163,82.056,95.0006,115.071,149.432,159.303,188.365,218.291,236.163,262.686,282.291,283.926,266.038,274.806,269.666,278.822,302.331,312.743,323.057,309.748,310.124,347.94,352.303,341.135,0,0,0
645.5,49.4633,48.2346,52.4903,52.0086,50.5294,41.406,38.7068,28.4954,25.2837,22.1582,19.6377,16.5723,13.4796,10.7457,9.99224,8.16866,6.84162,4.65351,3.43043,3.14922,3.00573,3.78325,3.6729,3.8776,4.86983,6.1929,8.06217,11.5674,13.9623,16.847,21.0537,27.6529,34.6542,49.936,67.5639,84.0775,98.2233,121.742,155.507,167.264,198.826,227.093,246.931,269.966,291.168,295.832,281.422,291.158,285.04,294.201,317.332,329.826,337.219,322.79,328.548,362.94,375.393,353.861,0,0,0
646,52.1245,50.3722,54.698,54.7796,53.0051,44.1823,39.7672,30.3624,26.9268,23.5491,21.1712,17.4966,14.2674,11.2947,10.5716,8.48269,7.19751,4.85175,3.6966,3.34826,3.12783,4.03863,3.89314,4.07928,5.1221,6.48218,8.51696,12.2237,14.6044,17.8434,21.8267,29.0816,36.2973,52.9498,71.0349,85.7408,101.456,129.445,161.116,173.815,209.216,235.721,255.223,282.358,300.19,311.312,296.708,305.52,303.85,312.382,331.863,347.654,354.078,335.098,357.723,387.321,398.175,360.291,0,0,0
646.5,55.162,52.5084,57.3474,57.5285,55.2526,47.8756,40.5247,32.1584,28.401,24.8118,22.3104,18.548,14.7325,11.775,11.1022,9.02678,7.55476,5.04694,3.86151,3.52743,3.29425,4.20989,4.10546,4.29891,5.35384,6.87524,8.91006,12.6636,15.2949,18.8653,22.9474,30.2572,38.0575,56.0375,74.0052,88.6622,104.805,136.838,165.642,178.828,217.73,248.572,264.266,296.847,310.178,329.238,309.18,315.791,321.474,327.992,342.282,365.053,370.269,356.182,381.488,411.089,415.056,368.177,0,0,0
647,58.878,55.9498,60.4605,61.4646,58.0461,51.048,41.5915,34.1838,29.5648,25.9827,23.3392,19.3727,15.048,12.2229,11.793,9.62864,7.93017,5.35052,3.93949,3.62503,3.46186,4.34741,4.33375,4.50105,5.62406,7.25328,9.166,13.2614,15.9059,19.6482,23.8716,31.0785,39.4722,59.1127,76.6591,92.6906,109.084,142.568,170.668,184.006,224.582,259.776,274.817,310.905,323.317,347.236,325.375,332.192,335.019,340.577,356.05,382.622,393.178,378.878,409.2,431.631,430.599,371.831,0,0,0
647.5,62.5392,59.208,63.8685,64.3358,59.5012,53.6049,43.4444,35.7419,30.7798,26.8476,24.0252,20.2632,15.3671,12.7665,12.419,10.2826,8.15094,5.58954,4.02486,3.77159,3.64083,4.45126,4.47454,4.74431,5.82348,7.65668,9.38956,13.7532,16.4476,20.5819,24.5441,32.2675,40.7154,61.9567,79.0302,98.3588,113.3,147.549,177.241,189.695,233.289,267.407,278.779,324.616,338.895,359.899,344.67,346.914,346.728,349.192,372.098,399.974,414.973,403.419,418.744,451.255,447.303,382.479,0,0,0
648,65.5427,62.9873,66.933,65.8274,61.9147,55.227,45.9145,37.7812,31.7352,27.606,25.0288,21.2823,15.8823,13.2814,12.92,10.8398,8.44979,5.89122,4.10141,3.94006,3.77757,4.57921,4.52485,4.98602,5.96832,7.94789,9.48125,14.2539,16.8751,21.7102,25.0819,33.9777,42.0885,63.5287,80.5381,103.391,117.251,153.226,183.037,197.238,239.413,271.386,291.804,332.299,354.714,370.221,356.943,359.995,360.092,359.57,395.769,420.336,436.897,426.953,428.34,461.886,471.43,395.122,0,0,0
648.5,67.6084,66.0335,70.6004,67.3704,64.7793,57.4458,48.717,39.5986,33.2817,28.4715,25.6746,22.0225,16.5098,14.0581,13.2967,11.2447,8.7569,6.07355,4.3003,4.1385,3.85494,4.7227,4.61501,5.17359,6.12592,8.08949,9.63994,14.6553,17.5284,22.9537,25.6195,36.0976,43.4498,65.0017,84.3681,108.366,122.705,158.32,188.471,202.893,244.928,274.277,303.904,338.361,370.745,383.426,363.859,376.301,374.53,373.198,418.402,440.321,454.611,446.518,444.775,474.522,495.373,402.706,0,0,0
649,70.6483,68.02,73.8308,68.2936,67.657,59.4295,51.1862,41.8814,34.9388,29.8877,27.1449,22.7188,17.3023,14.812,13.6476,11.4271,9.09733,6.33442,4.5282,4.34313,3.96437,4.83168,4.69808,5.26071,6.31366,8.23808,9.87586,14.9722,18.0862,23.6641,26.6904,37.0843,45.0392,66.6139,87.4001,112.493,129.3,164.986,193.096,209.293,254.154,279.238,321.297,343.986,391.072,393.957,365,386.131,387.766,387.563,437.122,462.764,472.073,462.796,463.907,487.589,508.162,417.523,0,0,0
649.5,72.5026,70.5155,76.4492,70.55,71.4677,61.6598,52.7499,43.4653,36.4951,30.7151,28.2661,23.1074,18.283,15.516,14.2191,11.4733,9.50598,6.64398,4.83133,4.48843,4.1403,4.90744,4.84291,5.40288,6.49625,8.32322,10.4527,15.3509,18.6054,24.2004,27.9466,37.8594,46.048,68.4151,91.017,113.533,135.416,171.71,201.287,216.578,264.579,293.747,337.068,352.296,403.813,401.323,367.878,398.995,399.459,397.013,454.492,479.548,489.686,474.932,484.793,500.756,518.324,428.615,0,0,0
650,75.2122,73.9741,77.3267,74.1156,73.4501,64.0887,53.2923,44.5779,37.5155,31.269,29.2343,23.7273,19.4569,15.912,14.7447,11.7698,9.88143,6.96999,5.10202,4.54658,4.39009,5.00915,4.9847,5.53752,6.77871,8.57153,10.9556,15.7054,18.8859,24.6873,28.8577,37.8932,47.2349,69.6543,92.7139,113.161,139.308,176.484,211.133,228.777,278.318,312.018,345.971,365.948,408.242,407.777,369.469,407.663,397.354,400.653,467.386,490.524,509.682,482.873,498.639,505.542,515.021,442.912,487.396,0,0
650.5,77.3575,77.3921,78.9298,76.3582,75.6942,66.9454,54.4118,45.7712,37.4174,31.7601,29.9224,25.1361,20.3509,15.9935,15.28,12.2143,10.3354,7.23492,5.27171,4.58973,4.63011,5.16072,5.05474,5.78397,7.05592,8.80068,11.2883,16.3568,19.395,25.5824,29.2498,38.262,49.1235,71.2614,95.4269,114.278,142.598,181.218,216.783,238.613,287.074,327.361,352.373,380.134,410.456,415.32,379.74,413.317,409.856,400.666,481.632,506.178,517.678,492.468,513.872,511.967,527.542,457.049,483.6,0,0
651,80.2442,79.0562,80.346,78.2508,78.2995,69.2046,56.4164,47.5725,37.5362,32.2159,30.4265,26.4315,21.1467,16.0448,15.7291,12.9293,10.8543,7.45372,5.38356,4.6545,4.8437,5.40089,5.18168,5.83166,7.26262,9.10911,11.6399,17.0792,20.0626,26.0893,29.9189,38.5871,49.9322,73.6142,98.123,116.417,144.971,183.383,220.928,249.587,295.018,335.081,359.913,392.06,411.202,432.471,391.645,431.935,423.333,405.568,495.573,517.23,522.599,507.973,535.912,512.888,539.615,465.459,484.531,0,0
651.5,83.5488,80.7306,82.7166,80.254,81.0817,72.612,58.9254,49.5091,37.9119,33.5844,30.955,27.8382,21.8225,16.0999,15.9634,13.452,11.2532,7.69489,5.4212,4.71227,5.03989,5.57926,5.22001,5.96786,7.49437,9.50472,11.9452,17.7176,20.9634,26.122,30.5551,39.4395,50.9807,75.359,101.518,122.698,147.489,186.034,220.273,254.868,300.439,340.65,366.557,397.059,416.124,441.981,403.012,448.077,442.3,422.685,509.839,534.935,530.193,521.994,556.298,530.646,553.537,471.514,495.476,0,0
652,85.4899,81.1302,85.9492,82.3911,84.7517,74.5361,61.0246,51.4281,39.5992,34.5411,32.1707,29.2045,22.5352,16.2363,16.2783,13.7866,11.4963,7.92907,5.43362,4.77783,5.1685,5.80575,5.41659,6.13841,7.63628,9.8419,12.4172,18.1494,21.8324,26.1014,31.614,40.7383,51.6971,77.4791,104.729,125.928,150.226,186.953,221.465,260.067,308.989,346.652,374.424,411.903,425.485,447.653,422.545,472.188,458.65,440.563,521.06,543.669,537.83,535.409,577.412,540.046,573.34,484.018,512.063,0,0
652.5,86.8987,82.2149,88.4009,84.5575,87.0068,76.6467,62.2022,52.1249,41.3137,35.4322,33.6558,29.8207,23.0992,16.7237,16.758,13.862,11.7564,8.17869,5.55467,4.73171,5.29158,5.8696,5.67499,6.28073,7.76926,10.2545,12.8034,18.3998,22.1653,26.1154,32.9826,42.894,53.011,78.6406,107.954,129.468,152.876,190.118,224.019,263.387,315.871,359.448,381.971,429.904,442.972,463.288,437.304,482.503,471.825,467.087,536.515,553.966,558.66,543.496,585.701,566.012,594.168,498.835,534.194,0,0
653,89.6894,83.858,89.401,86.9803,90.9124,78.0755,64.6098,52.845,42.8184,35.9108,35.6777,30.4219,23.8586,17.4808,17.1092,14.166,11.9215,8.39274,5.64991,4.78128,5.31939,6.04988,6.05806,6.54784,7.88917,10.4328,13.1546,18.594,22.4335,27.0582,34.1949,44.0131,55.0643,79.6004,110.808,132.624,155.993,194.052,229.771,268.728,325.003,368.475,388.228,445.314,462.488,476.319,457.001,491.016,488.211,496.536,548.104,558.3,569.329,554.211,593.4,589.614,600.532,520.049,548.103,0,0
653.5,92.0045,86.98,90.5158,87.884,93.1824,78.9592,67.0572,53.8484,43.9039,36.7553,36.6699,31.08,24.9214,18.2668,17.5271,14.4445,12.2004,8.7003,5.82228,4.84016,5.43766,6.1991,6.31084,6.78129,7.93359,10.5123,13.4763,18.7323,22.398,28.4223,34.8844,44.4946,56.2225,82.1897,112.891,135.816,162.243,199.396,238.509,271.786,325.585,370.41,398.01,446.949,485.084,493.553,471.016,493.144,509.965,516.391,564.621,566.688,576.069,572.256,599.299,609.372,619.541,532.522,555.644,0,0
654,95.6207,90.8807,92.132,90.2817,96.0742,81.0489,69.0304,55.2929,45.9158,37.6613,37.6376,31.9217,25.8383,19.0107,18.1812,14.7759,12.5045,9.10146,6.06306,5.11973,5.59761,6.46967,6.46381,7.09717,8.04031,10.5363,13.6997,19.0199,22.7855,29.5107,35.8734,44.3238,58.3201,85.0506,115.84,137.951,167.992,205.307,247.557,278.787,324.382,375.61,403.663,447.831,498.379,510.192,488.172,498.555,517.231,536.658,585.001,575.345,587.135,599.247,608.684,630.566,629.023,540.814,557.242,0,0
654.5,98.2163,94.4635,95.8304,92.7947,98.2819,82.768,69.7735,56.7824,48.388,38.5402,37.8293,32.8292,26.4005,19.6904,18.7637,15.1804,12.7009,9.46035,6.26451,5.45074,5.77119,6.72016,6.53894,7.33589,8.17498,10.6062,14.1385,19.5849,23.6465,30.1505,36.1021,44.7506,60.1606,87.8841,118.818,139.958,173.672,211.991,251.954,287.275,323.686,385.342,412.597,451.764,498.683,520.009,498.126,496.939,524.019,536.695,600.686,588.816,602.852,608.051,629.111,639.918,640.969,544.933,573.349,0,0
655,99.7112,98.9754,99.7864,97.4773,99.7902,84.3754,69.7105,57.8583,50.213,40.0512,38.084,33.624,26.4139,20.1738,19.0941,15.6585,13.1382,9.74522,6.43073,5.86795,5.9472,6.90844,6.60145,7.60792,8.39091,10.8305,14.4646,20.1248,24.4834,30.5203,36.7818,46.3673,62.5242,90.1197,123.698,142.155,176.082,217.58,259.599,296.829,333.887,395.019,419.184,464.483,501.353,532.178,509.889,504.386,528.898,540.729,610.699,599.202,616.687,611.811,646.908,656.802,647.817,553.154,592.22,584.286,0
655.5,103.487,101.713,102.774,102.106,103.414,85.874,71.4369,59.5872,50.97,41.3487,38.0869,34.2588,26.3062,20.4133,19.4995,16.4115,13.3743,9.97807,6.68111,6.07326,6.15992,7.19439,6.77885,7.80407,8.7175,11.0661,14.6611,20.9582,25.0499,30.501,37.711,48.0746,64.4969,92.5087,127.874,144.882,178.991,221.457,267.087,306.335,346.282,407.078,429.721,476.643,512.848,539.811,516.356,515.684,537.555,548.444,612.827,614.772,632.292,607.526,674.506,674.572,658.558,553.709,609.281,584.019,0
656,106.268,104.41,104.351,106.214,105.248,86.9407,73.4326,60.9591,50.6282,43.6367,38.2039,34.3361,26.8718,20.48,19.8963,17.1641,13.7139,10.1227,6.92903,6.15504,6.3553,7.46088,6.90339,8.02011,9.00408,11.3005,14.8134,21.4704,25.5892,31.2489,39.2372,49.4895,66.0422,94.8047,131.797,150.535,184.121,224.698,277.082,319.825,363.894,417.896,442.656,487.65,532.444,543.733,516.494,537.585,549.867,568.117,625.652,635.872,647.06,617.219,688.917,698.999,670.285,565.672,622.701,582.799,0
656.5,109.665,106.882,105.07,109.326,107.108,88.6468,76.1626,62.7228,50.8617,45.0183,39.5863,34.859,27.4377,20.6008,20.4729,17.6694,13.8498,10.287,7.28137,6.28669,6.60206,7.65026,7.04737,8.23749,9.17952,11.5602,14.9896,21.833,25.918,32.7602,40.5012,50.404,67.359,97.4676,135.198,154.493,190.602,229.843,289.621,331.921,375.508,426.972,450.868,494.103,554.297,553.449,521.093,558.503,559.242,583.694,643.155,664.899,666.104,632.331,700.754,706.592,678.344,585.748,621.241,594.226,0
657,112.589,107.39,105.236,109.55,106.797,90.5441,78.098,63.9373,51.597,46.2954,41.1327,35.6681,27.6968,20.7311,21.0863,18.0421,14.0652,10.3317,7.47841,6.38168,6.79123,7.89541,7.19104,8.26476,9.26012,11.8502,15.2133,21.9408,26.2513,34.1449,41.8115,51.353,67.4231,98.0023,134.257,157.048,195.516,234.687,297.811,342.977,384.467,434.777,454.616,497.635,564.831,559.148,530.046,568.492,574.8,596.084,655.559,684.225,688.982,646.518,707.43,700.293,688.814,601.967,623.439,601.632,0
657.5,115.792,110.374,106.506,110.43,105.62,91.1582,79.9969,65.2769,52.3984,47.3075,42.7313,37.1168,28.1491,20.9782,21.3547,18.2963,14.3751,10.3007,7.69053,6.53491,6.94095,7.95296,7.38993,8.25942,9.33914,12.1171,15.6781,22.1276,26.7412,35.1247,41.9153,52.437,68.1059,98.2345,133.183,161.692,197.905,240.16,305.068,345.927,390.269,437.645,459.435,492.723,569.15,565.403,536.721,568.302,583.544,597.568,658.137,689.936,695.072,649.618,717.887,698.168,685.394,610.303,627.681,602.193,0
658,117.654,112.646,107.876,111.71,105.086,92.0731,81.5576,65.1049,53.4925,47.4415,43.8642,37.9248,28.4454,21.3657,21.5003,18.6637,14.5089,10.2974,7.80376,6.52566,6.9905,7.95924,7.46035,8.23155,9.57408,12.3062,16.2021,22.152,26.9988,35.0967,41.7906,53.3036,68.8249,97.1206,131.847,162.435,197.573,243.114,302.28,340.005,399.163,435.584,459.979,495.893,562.273,570.487,542.93,565.356,595.271,595.032,658.495,681.345,696.404,647.988,734.694,700.163,695.38,617.158,633.999,594.467,0
658.5,117.936,115.35,110.35,112.552,105.304,91.5107,81.9574,64.6325,53.909,47.1162,43.8209,38.1984,28.9063,21.7878,21.3852,19.0626,14.6391,10.2976,7.73972,6.56499,7.07338,7.84748,7.45345,8.2281,9.8329,12.3528,16.4232,22.2718,27.1037,34.5069,41.0738,53.2167,69.2129,97.1831,131.024,163.55,196.315,239.06,298.437,331.652,403.126,436.042,455.909,500.039,562.328,571.171,535.09,568.893,592.946,591.498,660.306,669.71,693.662,646.464,731.193,711.709,703.973,624.96,642.378,590.903,0
659,115.678,117.285,112.166,112.894,107.186,92.2026,81.1017,64.1082,54.8587,46.4757,42.6417,38.4744,29.5001,22.1734,21.3576,19.5072,14.6487,10.3105,7.75171,6.45523,7.09673,7.71021,7.43794,8.13535,9.86293,12.3128,16.5702,21.9921,27.4653,33.9205,41.096,52.5317,69.9969,96.9789,132.166,159.568,191.447,234.229,291.574,324.985,406.074,435.329,450.894,512.929,562.891,571.59,536.135,569.358,590.997,591.256,666.122,662.335,694.169,648.093,727.558,720.598,716.009,641.217,639.937,597.171,0
659.5,113.407,116.11,111.092,111.44,108.938,92.1715,80.0393,63.7851,54.8573,45.8431,41.7283,37.4758,29.0952,22.0309,21.5603,19.4028,14.5751,10.4473,7.6874,6.33394,7.06521,7.68412,7.35327,7.96789,9.70981,12.2544,16.2703,22.0389,27.4834,33.6029,41.3516,50.8719,69.7318,95.8414,131.176,153.643,186.495,231.612,283.238,317.014,401.926,432.557,442.191,516.927,557.085,567.981,536.022,572.35,579.609,587.235,659.606,654.163,687.818,645.384,714.85,721.942,708.91,640.643,632.26,610.521,0
660,111.561,113.808,110.645,110.29,109.375,93.4691,78.0014,64.5346,54.2646,45.3814,40.829,35.9119,28.5033,21.663,22.1109,18.9969,14.4388,10.3567,7.85226,6.25316,6.95377,7.52781,7.48479,7.72739,9.27945,12.1338,15.9604,21.826,27.148,32.9069,41.0851,49.632,69.1872,95.8995,129.303,150.313,181.378,233.237,280.965,310.76,391.768,431.056,436.584,516.637,559.965,561.523,541.091,560.797,575.932,587.113,647.776,650.368,673.83,634.347,706.477,716.865,705.111,631.855,617.133,615.578,602.539
660.5,111.353,110.107,109.323,108.861,108.757,93.1308,76.3385,65.0869,53.6409,44.7561,40.7002,34.755,28.0525,21.1416,22.3449,18.3416,14.1809,10.3027,7.87274,6.1176,6.69799,7.41784,7.49798,7.58488,9.00007,11.8054,15.6446,21.6493,26.2499,32.5186,39.4454,48.8174,68.029,94.3793,126.053,149.388,177.042,234.263,280.252,308.304,381.838,428.178,432.716,508.198,557.205,552.525,540.951,543.757,567.335,578.304,634.185,637.437,658.455,626.552,692.396,710.603,701.431,618.908,608.32,605.351,607.772
661,109.797,107.069,107.965,106.171,108.016,93.7204,75.3802,64.6488,52.6137,44.5228,40.7739,33.6217,27.7253,20.8691,22.2853,17.7485,13.9164,10.1474,7.87596,6.0367,6.49376,7.1906,7.5521,7.5733,8.63619,11.4705,15.2057,21.2839,25.3943,31.8412,37.7654,48.5442,66.1085,93.0152,121.225,149.315,174.926,228.134,274.005,308.34,372.09,422.266,432.037,498.167,544.719,543.9,530.533,524.275,561.241,570.404,628.025,620.397,642.489,619.439,681.066,698.979,705.899,606.862,605.212,590.116,603.896
661.5,107.903,104.963,105.961,102.661,106.863,93.4318,74.2253,63.0167,51.4576,43.5556,40.8957,34.2787,27.4002,20.5706,21.6525,17.366,13.6336,9.9571,7.83329,5.94651,6.2968,7.06543,7.36995,7.45709,8.57671,10.9952,15.0357,20.7437,24.255,31.3752,36.1726,48.6785,63.5897,91.2254,118.041,143.927,172.012,219.077,264.285,309.168,364.692,411.468,432.915,486.11,531.261,536.965,515.8,503.943,549.673,560.408,607.631,606.047,630.011,621.328,657.651,673.11,698.855,600.389,595.846,567.681,592.136
662,103.729,103.37,104.21,99.4887,104.311,91.3458,73.3165,60.3408,49.959,43.0104,39.9525,34.6565,26.8197,20.2722,21.2324,17.1372,13.5126,9.71142,7.76918,5.93425,6.20883,6.96699,7.15038,7.34918,8.44225,10.5306,14.6599,20.1119,23.1665,30.8155,35.0312,48.3517,61.6667,87.5875,114.047,138.336,168.135,207.486,251.398,301.525,354.328,398.289,423.889,473.599,511.576,527.209,491.46,483.612,537.732,547.985,581.099,588.505,616.466,610.877,637.272,639.51,677.511,586.97,582.283,547.588,575.605
662.5,99.4747,101.277,101.38,97.6842,100.4,87.9432,70.8729,57.1987,47.8932,41.4951,38.2604,33.9298,26.1395,19.9918,20.6448,16.81,13.5623,9.68865,7.65903,5.96284,6.12475,6.77792,6.8284,7.25318,8.23162,10.3153,14.2661,19.5583,22.4635,29.8872,34.252,46.9969,60.3154,83.8935,110.621,132.525,162.844,199.886,241.03,287.858,338.038,383.919,410.806,459.132,496.016,514.473,470.863,462.152,524.133,533.346,550.352,574.875,596.592,593.091,616.017,610.833,651.535,564.001,557.371,530.755,556.17
663,95.192,96.5125,99.5182,97.0669,94.9855,84.1845,68.1987,56.0064,45.418,40.7142,36.2134,32.075,25.4112,19.4925,19.8074,16.5025,13.4419,9.54195,7.49776,5.96717,6.00155,6.60319,6.61694,6.99074,7.96758,10.0153,13.6736,19.1106,21.5135,28.816,33.2933,45.3865,59.0532,81.2315,107.232,129.296,157.129,193.798,231.86,271.917,326.177,370.936,396.618,445.639,479.616,499.111,449.604,445.003,501.311,516.141,524.492,558.918,571.058,569.49,594.994,593.897,621.585,545.213,529.273,517.583,527.08
663.5,91.027,91.24,95.5475,94.8415,91.3867,81.3115,65.8542,54.9326,44.0554,38.9591,34.3014,30.3674,24.667,19.2398,18.749,16.1315,13.2556,9.47277,7.28202,5.85059,5.75502,6.37972,6.4042,6.77333,7.65176,9.88955,13.2308,18.5068,20.6365,27.6365,32.5209,43.1376,56.7564,78.2834,103.262,127.069,151.128,192.762,225.995,256.896,315.359,355.933,384.302,432.217,458.549,480.468,436.455,427.161,473.678,501.9,506.879,535.39,548.636,552.201,565.396,586.726,605.163,524.629,507.708,501.289,503.485
664,87.6281,85.5656,91.166,91.3796,88.7193,79.0235,63.7232,54.2684,42.5007,36.9627,32.7157,29.3547,23.5365,18.7457,17.6948,15.7295,12.7163,9.56806,7.05467,5.79526,5.53828,6.3062,6.2775,6.48284,7.41708,9.60835,12.8343,17.9915,19.7426,26.2649,31.56,41.0174,53.3743,77.0199,99.635,124.428,144.23,189.354,217.488,246.437,306.418,342.09,373.873,416.274,437.238,463.12,419.727,407.598,448.708,485.187,492.955,510.63,529.543,539.519,542.843,573.217,582.376,505.2,487.047,484.376,478.265
664.5,84.2722,81.3158,86.8759,87.7703,86.6894,76.1524,62.5554,52.2091,41.6929,35.0545,31.7671,28.8975,22.3972,18.4338,17.0731,15.0338,12.2091,9.54675,6.76511,5.59622,5.2702,6.1621,6.13037,6.2686,7.29194,9.31168,12.3956,17.2992,18.9461,25.216,30.4759,38.9546,50.2403,75.0867,96.9801,120.593,138.855,182.07,210.606,233.26,297.955,329.39,357.386,401.124,418.214,438.561,402.389,395.146,429.693,466.564,483.488,491.724,517.631,525.499,526.112,552.465,564.365,479.096,463.961,460.143,464.828
665,82.4377,78.9525,83.8,84.5986,84.6423,72.424,61.0777,50.3855,40.3412,33.8726,31.0813,28.2478,21.3279,17.844,16.6017,14.3743,11.6919,9.58131,6.65127,5.44048,4.99578,5.94759,5.93676,5.99733,7.0053,8.87567,12.037,16.7875,18.1893,23.9045,29.5498,37.0082,48.2321,71.323,93.8924,116.576,134.143,173.018,199.987,224.671,284.24,319.526,344.389,379.691,398.706,413.802,378.45,377.651,416.309,449.165,468.939,482.983,507.109,508.765,511.395,529.298,538.555,446.982,446.803,440.553,445.74
665.5,79.3105,77.3382,82.3903,81.9934,81.4101,68.1645,58.7023,48.0975,39.3652,33.423,30.4556,26.7535,20.5404,17.0955,16.5055,13.809,11.325,9.43501,6.58877,5.26322,4.78487,5.71694,5.6704,5.73994,6.74082,8.45192,11.5226,15.9917,17.4142,23.1037,28.401,34.8514,46.46,68.295,90.7117,110.748,130.429,163.756,190.843,216.026,268.237,308.762,331.406,360.621,380.054,395.985,364.233,363.889,401.358,430.081,446.751,471.93,491.373,480.913,495.342,506.79,514.566,424.276,430.038,424.757,430.619
666,76.0857,74.9914,81.1361,77.8431,77.2749,63.92,54.8715,46.1352,37.4558,32.674,29.9113,25.4826,20.239,16.2369,16.4426,13.3883,11.0335,9.19615,6.56959,5.06063,4.61855,5.41654,5.39252,5.44301,6.45852,8.09747,10.9763,15.2302,16.422,21.9464,27.592,33.5559,45.018,64.3643,88.6248,106.475,124.282,157.295,182.719,208.337,256.614,296.067,317.503,339.277,362.912,383.952,352.99,357.034,385.648,410.358,423.22,458.351,467.443,463.85,481.66,488.572,496.516,408.465,415.73,411.408,411.887
666.5,72.484,71.8968,78.5992,73.4818,72.7886,60.8115,51.3491,44.2318,35.722,31.4049,28.7588,24.6863,19.7856,15.6652,16.2298,12.7798,10.6604,8.90697,6.46827,4.94477,4.53307,5.1687,5.09855,5.26672,6.16354,7.83171,10.3571,14.4143,15.839,21.1025,26.5064,32.4728,43.5222,62.1328,85.0499,100.693,117.575,153.663,174.202,197.58,246.125,282.549,301.82,321.95,350.64,370.982,343.569,349.317,370.452,394.316,405.255,437.47,444.601,446.221,463.307,470.667,480.312,403,404.484,391.747,393.516
667,69.1992,69.0208,75.554,69.8371,68.5213,58.1501,48.1368,42.4235,34.0764,30.1409,27.5271,24.1368,19.1512,15.0694,16.0233,12.4192,10.3329,8.58417,6.37794,4.87799,4.48846,4.94682,4.89604,5.00369,5.90136,7.55394,9.86813,13.7599,15.2519,20.3196,25.4738,31.725,41.9579,59.3287,81.2875,94.4683,111.649,148.981,167.248,189.584,242.272,269.965,286.876,307.208,340.398,355.332,334.774,335.603,358.884,377.358,388.133,419.915,420.62,430.492,445.96,447.965,461.938,396.613,391.908,375.022,374.551
667.5,68.4475,67.234,72.2932,67.5995,65.0138,55.1734,46.9748,41.2347,32.5412,28.9468,26.28,23.3547,18.366,14.6455,15.5106,11.9741,10.0151,8.35627,6.22903,4.89288,4.43535,4.83637,4.67796,4.87186,5.60736,7.3,9.61077,13.3311,14.8055,19.6257,24.5278,30.3464,40.2346,57.0541,76.1707,89.8078,106.903,142.98,161.412,182.185,236.886,258.458,275.476,297.67,328.213,330.113,322.505,317.853,348.229,368.247,370.07,405.721,404.519,412.375,432.343,430.202,448.563,379.264,375.117,364.729,356.989
668,67.5604,65.2776,68.7421,65.9215,62.1116,52.689,45.1561,39.4954,31.3685,28.1415,24.8195,22.676,17.4362,14.268,15.1318,11.7211,9.78741,8.28426,6.1737,4.83888,4.37094,4.76249,4.46369,4.68126,5.39519,6.94081,9.37902,12.8199,14.5548,18.9295,23.5174,29.013,38.456,53.9701,71.7649,85.7398,104.94,136.6,156.194,177.293,230.732,245.332,268.904,291.565,315.508,297.708,309.478,305.319,333.711,356.989,350.816,383.398,385.953,393.557,413.115,412.644,435.215,359.955,361.767,356.682,339.14
668.5,66.7629,62.9346,66.061,64.4299,60.0867,51.4847,44.3863,38.1136,30.548,27.3025,23.7422,21.4194,17.0724,14.0429,14.4667,11.4504,9.43245,8.15065,6.08317,4.7693,4.26148,4.65561,4.34543,4.57731,5.18045,6.62035,9.122,12.2876,14.3846,18.3548,22.8284,27.8721,36.729,51.6113,68.5062,81.8228,103.961,130.096,150.419,171.526,221.115,232.587,262.947,283.647,301.923,271.638,295.302,293.991,317.769,344.719,337.841,368.096,369.459,382.449,394.466,403.95,410.221,341.404,353.078,347.742,325.992
669,63.548,59.9544,63.4547,62.3362,58.6052,50.6308,42.3564,36.768,29.9338,26.4511,22.6588,20.2875,16.7819,13.7578,13.7228,11.2366,9.21683,7.98774,6.01388,4.69002,4.1724,4.52919,4.23113,4.39955,5.0642,6.30857,8.86137,11.6227,14.1639,17.5895,22.3505,26.6928,35.1219,49.6493,66.9971,80.0422,102.422,124.088,143.363,164.572,212.629,226.372,255.715,275.457,286.217,257.394,283.919,289.307,304.701,331.179,331.116,354.108,357.285,371.951,375.051,389.048,379.755,328.839,342.582,334.392,316.56
669.5,60.0159,57.6207,61.5725,59.9631,57.6264,49.6604,40.8366,35.6059,29.5262,25.6872,21.589,19.2651,16.5014,13.3258,12.8444,11.02,9.31648,7.839,5.97118,4.67759,4.06046,4.32757,4.12382,4.2658,4.92384,6.07875,8.52874,11.2611,13.7015,16.7512,21.9301,26.0472,34.1875,47.8878,65.1498,78.1437,100.08,118.638,137.374,157.516,203.088,219.828,246.547,266.626,272.065,254.397,279.199,283.02,294.999,317.556,326.205,343.938,352.931,363.595,356.497,379.307,344.67,320.997,335.154,320.24,309.96
670,56.2132,55.434,59.7675,57.524,56.5317,48.3694,40.2208,34.6482,28.9395,25.1694,20.9423,18.0391,15.8848,12.7529,11.7606,10.7212,9.30918,7.61707,5.92402,4.66718,3.98534,4.16888,3.98134,4.15299,4.79527,5.85504,8.2912,10.9991,13.367,16.0657,21.7011,25.1285,32.7642,46.5094,62.5456,76.7042,98.0054,114.959,132.896,152.958,193.918,215.043,234.089,257.004,261.394,253.824,276.489,274.148,290.964,307.924,323.004,340.279,347.978,349.701,347.478,363.332,329.169,317.785,324.802,307.619,302.324
670.5,54.1346,54.4307,58.1762,55.4489,55.2941,46.9093,39.6065,34.0436,28.0998,25.0349,20.2645,17.6036,15.0876,12.4439,10.9401,10.4121,9.39573,7.49107,5.96173,4.64743,3.93588,3.97431,3.81769,4.01157,4.63914,5.73597,8.00724,10.8208,12.8446,15.6929,20.639,24.1002,31.5915,44.589,58.9974,75.7469,94.9564,111.417,129.797,150.718,185.733,206.273,221.348,249.465,254.12,245.971,270.442,267.199,284.341,298.467,319.398,332.025,342.048,341.46,341.671,350.248,333.064,313.831,315.731,298.813,295.541
671,53.5805,53.4527,56.7272,52.9916,53.8944,46.1005,39.3835,33.0807,27.2536,24.7823,19.9492,17.4234,14.4503,12.3169,10.4576,10.1639,9.26269,7.27697,5.90407,4.66504,3.96864,3.90176,3.66995,3.91796,4.51931,5.70463,7.80202,10.5145,12.6435,15.2454,19.6646,23.2632,30.754,43.3473,55.7772,73.7428,92.8082,108.944,126.132,148.269,178.624,199.814,213.906,242.199,248.764,236.777,256.763,257.789,272.673,289.761,311.367,326.244,332.222,330.156,334.129,338.866,340.024,307.352,307.26,290.002,286.707
671.5,53.7433,52.406,55.0886,50.8031,52.1447,45.5608,38.7754,32.4082,26.4756,24.0045,19.7652,17.4277,14.0437,12.3405,10.2733,10.0127,9.00571,7.11837,5.89269,4.71617,4.04865,3.8454,3.59122,3.80602,4.37558,5.70931,7.5472,10.155,12.3157,14.7775,18.9021,22.4766,30.1915,42.237,54.0108,71.6132,90.7507,105.63,122.479,145.116,172.98,196.805,208.846,236.221,242.77,227.391,244.728,250.769,263.713,279.977,304.121,319.945,319.678,317.849,329.412,327.989,342.965,298.505,301.258,282.229,279.194
672,53.6868,50.9247,53.7743,49.1457,50.8852,45.6335,37.5148,32.0716,25.6675,22.7294,19.6353,17.6272,13.9143,12.1823,10.1026,10.0885,8.81296,6.98476,5.89596,4.76149,4.05996,3.79798,3.5599,3.76632,4.28502,5.55951,7.37419,9.85126,12.1674,14.2355,18.2159,21.9177,29.7946,41.0112,53.3406,68.7835,88.7768,102.979,120.436,141.906,170.19,195.031,202.345,230.994,236.137,220.334,236.367,244.057,255.652,271.191,294.039,308.755,309.176,305.286,322.661,318.91,332.817,285.143,295.836,277.882,271.792
672.5,52.4862,49.2455,52.064,47.6324,48.9536,44.6611,36.9021,31.2806,25.0242,21.7567,19.5024,17.7444,13.7388,11.9433,9.98265,10.1225,8.65597,6.85556,5.94354,4.75608,4.04113,3.78453,3.54586,3.76814,4.1881,5.41984,7.30569,9.58416,11.7377,13.7607,17.6556,21.4896,29.2284,40.1893,53.3488,65.697,86.4624,100.651,118.7,138.132,169.321,191.688,193.414,225.31,235.297,214.967,229.774,237.675,251.511,266.263,285.217,294.994,299.494,293.979,316.328,317.248,324.293,273.189,292.984,268.064,266.408
673,50.8835,47.5643,50.5891,46.5744,48.0601,43.4511,36.2062,30.805,24.7251,21.1732,19.303,17.9999,13.7199,11.5501,9.94533,10.1595,8.42319,6.91769,6.0186,4.8222,3.93167,3.72882,3.4721,3.74529,4.16622,5.29899,7.2599,9.3863,11.4037,13.3922,16.7472,20.7575,28.4377,39.6854,52.4343,63.9657,83.6071,99.0869,114.722,134.45,167.075,185.559,183.392,218.666,233.959,212.89,227.491,232.651,245.446,262.524,277.581,284,291.637,288.702,308.117,313.668,316.959,263.544,287.038,261.792,264.071
673.5,49.762,46.5981,48.8798,45.486,46.5783,41.6822,35.7792,29.8336,24.2441,21.3779,19.1819,18.0225,13.5391,11.2821,9.96674,10.1285,8.1229,7.07601,6.06951,4.87112,3.87022,3.79169,3.387,3.7073,4.07259,5.18272,7.16615,9.29257,11.0216,13.2669,16.1873,19.905,27.4607,39.2488,51.4761,62.1096,80.402,96.0894,110.2,129.604,164.925,179.423,175.482,211.776,228.248,213.319,222.065,228.259,242.914,260.138,269.586,278.858,284.645,286.972,301.307,305.063,308.698,252.657,278.722,256.762,258.006
674,49.4212,46.4608,48.1105,44.4348,45.6417,39.9309,35.1583,29.0819,23.9739,21.5621,19.2439,17.6011,13.2213,11.0249,10.1304,9.94527,8.12413,7.10838,6.0689,4.9859,3.88335,3.83438,3.36418,3.64929,4.02275,5.17296,6.94543,9.28232,10.7298,13.2695,15.7161,19.5248,26.5799,38.5089,50.8506,60.2447,78.7891,93.9504,107.92,125.656,160.288,174.935,173.005,204.805,220.631,217.376,214.782,224.948,236.469,256.025,259.513,278.173,274.694,283.155,292.742,296.962,301.45,246.624,270.856,253.777,248.425
674.5,48.5074,46.3775,47.5779,43.7699,44.2951,38.9757,34.481,28.6632,23.6168,21.3076,19.2116,17.1593,12.9133,10.8765,10.0242,9.72987,7.99222,7.22923,6.02762,5.10484,4.02051,3.90959,3.34748,3.66054,3.98448,5.10428,6.70986,9.17237,10.4289,13.1068,15.5366,19.551,25.9765,38.1528,49.719,59.6061,75.9316,92.915,106.07,121.719,153.292,173.807,173.964,196.88,213.032,217.662,209.213,221.569,230.11,252.391,252.656,276.373,271.386,281.892,287.71,290.669,293.663,241.892,260.822,251.723,237.056
675,48.0564,46.0963,47.5639,43.0581,43.9694,37.8832,33.3082,28.4104,23.3277,21.0529,19.0658,16.4451,12.611,10.7778,9.98815,9.58171,7.77137,7.29292,6.08466,5.32278,4.15721,3.9516,3.33789,3.61885,3.98353,4.99108,6.54985,9.05145,10.2919,12.9956,15.5384,19.8186,25.8798,37.0731,48.3012,59.1932,74.1438,91.4408,103.434,120.695,148.154,171.676,175.315,193.722,208.95,213.95,201.79,218.064,223.623,245.463,248.501,274.523,273.554,278.017,283.865,287.624,287.614,240.122,251.892,245.908,228.976
675.5,46.6429,45.8365,47.5509,42.9186,44.1736,37.2616,31.9901,28.1231,22.8919,20.4064,18.8779,15.794,12.4345,10.6538,10.1738,9.5585,7.70799,7.36731,6.05071,5.53016,4.19215,4.05884,3.35759,3.58462,3.99537,4.88035,6.4849,8.81923,10.2784,12.8466,15.6485,19.8607,25.7575,36.437,47.6163,59.6096,71.727,90.2443,101.929,118.956,142.69,169.671,173.969,191.002,209.49,208.595,198.605,213.917,219.458,236.965,245.488,269.193,278.03,266.464,278.496,282.827,285.502,238.561,243.689,243.469,229.545
676,45.576,45.3462,47.2732,42.5596,44.5509,36.7024,31.4435,27.807,22.5626,20.0774,18.7279,15.2132,12.4059,10.6166,10.6714,9.4453,7.81155,7.40192,6.05551,5.6958,4.20086,4.07592,3.38951,3.54893,4.06278,4.779,6.45107,8.70052,10.1498,12.504,15.6216,19.721,25.568,35.9086,46.8824,59.7731,70.5693,87.9163,99.9357,120.021,142.298,164.92,169.17,190.518,212.535,202.672,196.879,209.411,214.547,230.366,244.253,263.651,279.438,258.283,271.654,278.815,284.438,237.83,239.601,241.722,231.282
676.5,45.5194,44.7913,46.7542,42.4844,44.8579,36.9136,31.3142,27.6618,22.2772,20.1768,18.7391,14.9739,12.4781,10.6963,11.2341,9.46371,8.06931,7.50805,6.1864,5.8303,4.20083,4.10975,3.39429,3.58529,4.11567,4.73908,6.33803,8.58979,10.1722,12.3469,15.3551,19.5396,25.1881,35.2887,46.9533,58.7868,69.2816,86.4163,99.6257,118.232,143.297,164.676,165.248,187.943,215.495,199.178,198.656,205.457,213.954,228.95,241.13,259.085,274.765,249.36,266.202,277.237,285.746,241.225,235.019,240.032,235.215
677,45.5921,44.5168,46.0603,43.1978,44.8548,37.7774,31.3711,27.4734,22.2089,20.2815,18.9243,15.092,12.7444,10.8385,11.7275,9.64993,8.34298,7.62402,6.34736,5.9521,4.34473,4.11224,3.41116,3.66564,4.14408,4.6912,6.31272,8.5826,10.1775,12.1813,15.2336,19.5161,24.8172,35.4544,46.5305,58.2937,69.0073,86.0108,98.5372,119.698,143.558,162.44,161.491,185.237,216.392,197.709,200.378,206.886,213.638,230.993,238.409,255.783,271.203,241.182,265.537,278.527,283.231,246.938,231.73,238.817,235.222
677.5,45.1889,44.258,46.0379,44.047,45.5684,38.8654,31.9983,27.694,22.375,20.5048,19.2409,15.3457,12.9933,10.9999,12.0355,9.79573,8.48456,7.8089,6.46429,6.05402,4.43306,4.16027,3.45343,3.7661,4.12699,4.64574,6.3072,8.42694,10.0746,12.0831,15.1392,19.5675,24.7325,35.0659,45.2553,57.4038,67.9398,86.0176,97.8842,120.21,144.644,161.1,164.568,184.078,215.887,197.468,200.437,209.021,215.729,232.629,236.918,257.986,266.607,244.895,264.42,282.207,282.13,248.625,234.607,239.36,235.786
678,44.786,45.2069,46.1512,44.8073,45.7449,39.1357,32.4508,27.3955,22.3375,20.499,19.6421,15.6806,13.3574,11.2111,12.1617,10.1825,8.67537,8.0168,6.65284,6.08278,4.56564,4.19678,3.4904,3.8187,4.10889,4.65422,6.39108,8.42436,10.0137,12.1991,15.2411,19.7648,24.6499,34.9902,44.571,56.0901,66.2606,85.8642,97.1103,121.348,145.741,159.463,165.249,182.699,212.429,200.359,199.92,212.691,217.343,229.65,235.72,261.736,254.983,246.726,262.911,280.785,281.483,248.488,238.648,237.73,234.208
678.5,45.1244,46.6869,46.0531,45.0072,45.2472,39.1556,32.7285,28.0192,22.957,20.3598,20.002,16.1705,13.4983,11.3617,12.3165,10.4106,8.88117,8.31072,6.75322,6.10186,4.63424,4.29576,3.55218,3.86752,4.20587,4.75664,6.52115,8.5085,9.7265,12.2942,15.453,19.7667,24.9351,34.9666,44.7238,55.4121,66.1268,86.675,97.2559,122.583,144.511,156.87,166.441,186,207.68,203.1,199.769,212.736,217.209,225.793,236.645,263.468,246.128,253.548,261.395,281.434,277.823,245.835,244.877,240.382,234.371
679,46.1507,47.6152,45.5004,44.686,44.6798,38.6848,33.2139,28.6172,23.3473,20.5689,20.4367,16.7543,13.7477,11.7216,12.5418,10.636,9.14172,8.54411,7.09687,6.16247,4.68942,4.36175,3.66445,3.94058,4.32292,4.93434,6.60984,8.80185,9.5949,12.5182,15.7134,19.8124,25.3288,34.962,45.262,55.094,66.7785,87.623,97.0748,121.947,144.966,152.97,167.004,190.081,207.407,204.379,199.17,209.212,217.048,225.88,238.594,261.713,240.867,257.509,257.272,278.582,279.24,243.767,245.501,239.281,233.61
679.5,47.2701,47.9559,44.9229,44.5849,44.445,39.0844,34.0353,28.9299,23.9546,20.8961,20.3633,17.0737,13.8298,12.0359,12.7125,10.9019,9.30878,8.854,7.45001,6.35685,4.7911,4.44905,3.80914,4.06687,4.45865,5.07881,6.69598,8.99357,9.52904,12.7546,15.881,19.7793,25.4704,35.1209,45.8012,54.4807,66.3852,87.6691,98.1489,120.414,145.434,147.535,167.784,191.667,206.471,204.326,198.47,203.529,220.746,226.138,239.033,260.335,242.367,254.341,258.37,276.932,278.234,241.309,245.142,238.81,232.787
680,47.4872,47.5621,44.6058,44.6906,45.1334,39.8396,34.5086,28.3317,24.4068,21.6687,20.3646,17.5926,14.42,12.3661,12.9025,11.0656,9.65102,9.22906,7.76872,6.7166,4.91321,4.49339,3.92119,4.21615,4.54548,5.27388,6.69839,9.05379,9.71246,13.0162,16.0634,20.0333,25.7488,35.067,46.0368,53.7263,66.3914,87.1621,97.5721,118.689,146.546,141.578,166.319,192.846,205.546,203.722,198.146,202.606,222.539,230.179,240.249,256.082,246.242,250.755,259.555,274.034,280.007,239.991,247.176,237.184,231.578
680.5,46.9368,47.2307,44.5992,44.9082,45.0779,40.1706,35.1117,27.6091,24.7824,21.9155,20.2469,17.9669,14.7825,12.5498,13.0276,11.4453,9.88814,9.5053,8.0926,7.05275,5.06474,4.58539,4.08625,4.29661,4.64449,5.44682,6.67628,9.02699,9.87412,13.234,16.0516,20.0858,25.9142,35.4394,45.5522,53.1486,65.0008,85.3511,96.8603,117.534,146.637,140.324,167.312,193.643,206.192,203.306,200.052,204.428,223.798,230.36,240.002,254.468,244.652,245.486,263.435,275.554,279.528,239.977,252.995,237.084,230.097
681,46.3144,46.8014,45.2884,44.5762,44.971,39.9049,34.5011,27.3694,25.3494,22.3588,20.4324,18.212,15.3269,12.6733,13.1757,11.7611,10.1788,9.70225,8.32823,7.32801,5.20498,4.69663,4.17848,4.33859,4.77207,5.53126,6.75853,9.03452,10.2481,13.2748,16.083,19.9036,25.8755,35.6895,44.78,52.7777,65.9208,85.2269,98.1606,116.41,143.47,141.783,166.846,193.89,205.504,202.235,200.717,207.804,223.904,228.089,238.146,250.092,239.635,246.257,265.734,273.499,278.893,240.944,252.268,236.773,231.094
681.5,46.3108,46.7779,45.6972,44.2544,44.3655,39.1543,34.4218,28.3182,25.3557,22.6267,20.6339,18.3443,15.8239,12.8704,13.5258,12.0999,10.2997,9.87548,8.66038,7.53072,5.35116,4.8629,4.34544,4.45161,4.88391,5.65336,6.95596,9.07574,10.4967,13.1406,16.4524,19.6418,25.9279,35.6438,44.3849,52.8025,66.5151,85.8059,99.4119,117.3,141.537,143.957,165.15,194.416,205.982,202.363,201.005,210.138,221.881,227.064,235.612,250.2,237.015,248.112,264.236,274.881,276.959,240.609,250.934,238.333,229.33
682,46.2264,47.4641,46.5714,43.9534,44.1263,39.1424,34.2373,29.4167,25.707,22.5387,20.9104,18.5101,16.1464,13.2465,13.7162,12.4212,10.3549,10.2534,8.97887,7.5603,5.46137,5.05406,4.43822,4.55046,5.02484,5.57911,7.10006,9.19334,10.7001,13.2087,16.6581,19.2734,25.9275,35.6719,44.8558,53.0541,66.269,85.9271,101.644,118.534,140.374,144.824,163.151,192.835,206.089,199.372,200.596,208.015,220.71,222.325,234.016,252.408,233.573,251.473,262.322,272.966,274.482,239.958,247.667,239.667,227.833
682.5,45.7113,48.0789,47.0064,44.0374,44.008,39.4368,34.3108,30.2197,25.8057,22.5465,20.8456,19.0547,15.9233,13.8333,14.294,12.4214,10.6473,10.6845,9.26434,7.64561,5.5259,5.2606,4.55292,4.72531,5.10287,5.55654,7.17642,9.35229,10.9188,13.2701,16.8783,18.9236,25.6474,35.2933,45.1551,53.9113,66.5835,86.638,101.684,119.171,140.64,145.924,159.866,190.355,203.291,196.022,202.95,204.577,220.191,225.496,231.128,251.132,236.718,254.493,259.363,268.618,273.872,238.675,246.754,238.082,226.66
683,45.5201,48.5333,47.7352,44.5421,43.6755,40.155,33.9866,29.9901,26.4161,21.8344,20.7596,19.5689,15.32,14.2656,14.7283,12.4921,10.9125,10.7613,9.30204,7.6521,5.69351,5.44303,4.58583,4.8555,5.13865,5.58694,7.10253,9.25416,10.9253,13.3505,16.5399,19.0304,25.443,35.0701,45.7433,54.3611,65.7769,87.1382,102.508,119.296,142.155,147.747,159.81,187.217,200.537,195.256,204.561,202.692,219.953,228.662,233.588,248.95,238.567,253.926,259.819,265.653,272.093,236.632,246.323,234.126,226.467
683.5,45.1926,48.5398,48.1165,44.1183,44.1108,40.8175,33.7776,29.256,26.8017,21.1063,20.6043,19.7807,14.6218,14.4575,15.1439,12.7295,11.2802,10.5469,9.21616,7.65862,5.77027,5.56528,4.67423,4.94739,5.15501,5.76027,6.9774,9.0529,10.8691,13.4565,16.3959,19.6557,24.9615,34.7806,45.3862,54.8004,64.9209,87.5822,102.466,117.638,143.154,149.588,161.864,182.271,197.11,197.45,203.877,200.053,219.161,230.765,236,246.879,241.204,253.862,262.124,263.061,270.181,228.341,247.878,229.886,226.668
684,45.1312,48.001,48.1439,43.8599,44.261,41.4499,33.8623,27.8406,26.7635,21.1482,20.7313,19.7658,14.4069,14.3244,15.6031,12.7586,11.3052,10.3316,9.06479,7.68213,5.94789,5.64245,4.70926,5.00895,5.16271,5.89642,6.89677,8.9408,10.8896,13.6279,15.9891,20.3979,24.5283,34.3286,44.5186,54.5071,64.5541,86.6486,102.094,115.938,143.574,149.952,162.081,179.344,196.947,199.045,201.027,197.434,218.522,230.733,237.06,244.708,244.952,251.921,264.579,265.648,267.647,223.802,245.804,223.28,225.198
684.5,44.955,47.1046,48.012,43.5623,44.5629,41.7076,33.0727,27.3209,26.7167,21.521,21.1263,19.5232,14.4854,13.968,15.4869,12.792,11.2184,10.3789,9.09293,7.68319,5.94027,5.60131,4.78236,5.01752,5.21888,5.99621,6.81582,9.06965,10.7302,13.6556,16.0264,20.6383,23.9679,33.8859,43.7972,54.6548,63.9173,85.4724,99.8505,114.254,142.361,148.673,164.34,176.641,196.094,199.441,195.417,194.529,214.956,228.114,233.366,242.757,245.252,249.055,263.965,267.485,266.118,221.189,245.854,217.672,224.555
685,44.1185,46.0683,47.3192,43.3507,44.0833,40.9105,32.2449,27.4438,26.2303,21.868,21.2818,19.1337,14.5402,13.708,15.1168,12.6704,10.9238,10.4494,9.17445,7.66059,5.84001,5.53617,4.80653,4.96826,5.27688,6.04028,6.92294,9.21788,10.4911,13.4005,15.9254,20.5191,23.4479,33.3831,42.945,53.8456,64.9634,83.5745,96.2573,114.143,139.926,146.978,161.812,177.69,196.724,195.925,191.869,192.057,211.426,226.053,229.03,238.628,240.171,245.889,263.251,270.025,261.154,223.009,241.692,214.929,223.107
685.5,42.7755,44.5241,46.4538,43.3672,43.4103,39.6127,31.1999,27.7857,25.6627,21.9849,20.9949,18.4784,14.5449,13.5588,14.6197,12.4791,10.7454,10.4027,9.16339,7.55981,5.79317,5.36934,4.73696,4.92482,5.22898,6.02746,6.9913,9.2374,10.3468,12.9714,15.7682,19.8295,23.2481,32.9069,42.2774,52.9017,65.7058,81.6349,92.7875,113.667,138.549,146.013,161.083,177.062,197.86,191.298,188.301,190.364,206.477,227.585,222.577,236.914,235.823,242.369,259.939,266.593,256.306,223.006,238.572,213.551,222.386
686,41.7267,44.0337,45.1542,43.4244,42.7887,38.1895,30.9595,27.6886,25.1478,21.423,20.6753,17.7969,14.4379,13.6332,14.3227,12.5217,10.5694,10.0076,8.9575,7.40157,5.73573,5.24981,4.70778,4.82062,5.19618,5.95128,6.9033,9.18835,10.1937,12.6071,15.3701,19.1945,23.2432,32.3652,40.8162,51.6327,65.7533,79.9658,92.7869,113.895,136.483,146.141,159.654,176.644,195.031,187.091,185.502,188.907,200.358,224.045,219.889,236.54,230.938,240.21,255.246,261.22,253.357,217.916,235.195,216.286,217.376
686.5,40.3414,42.7404,43.3469,42.1748,41.9804,36.5104,30.8155,27.03,24.8222,20.8745,20.1996,17.4795,14.5354,13.5436,14.0229,12.3605,10.4961,9.73728,8.81062,7.32246,5.71579,5.2135,4.60965,4.75944,5.1412,5.77726,6.84283,8.97782,10.1691,12.4941,14.8242,18.7375,23.1354,31.8726,39.6807,50.7465,64.1135,78.38,93.3427,112.239,134.281,146.433,156.1,174.618,192.461,181.23,180.99,187.946,195.726,218.285,217.446,234.076,226.093,235.387,245.271,255.094,250.827,212.64,229.376,215.438,213.769
687,39.623,41.0676,42.4969,40.8797,40.9719,35.5267,30.0893,26.3344,24.4032,20.8325,19.641,17.4172,14.6352,13.4682,13.7174,11.9353,10.4153,9.58194,8.8121,7.3363,5.71975,5.15609,4.54102,4.70877,5.05012,5.77817,6.69,8.66635,10.059,12.464,14.5269,18.5068,22.8804,31.1679,38.6417,49.4371,61.7021,78.2601,94.2919,108.876,131.724,145.995,153.984,170.751,188.344,178.57,176.413,186.036,189.154,212.305,214.334,231.773,227.427,228.97,232.49,246.061,247.976,207.91,223.47,212.864,208.284
687.5,39.3593,40.1718,41.9143,39.9272,40.2152,34.5046,29.076,25.8786,24.0578,20.5607,19.1686,17.3793,14.3288,13.2159,13.6024,11.6446,10.4868,9.68003,8.9621,7.26441,5.62299,5.14681,4.44765,4.72236,5.02778,5.78502,6.64867,8.40537,10.151,12.5238,14.3154,18.624,22.679,30.5834,38.0068,48.076,59.8714,76.5808,93.0145,104.905,129.399,143.497,151.831,168.68,185.023,174.819,170.606,184.801,186.049,206.151,210.16,229.059,226.811,221.8,223.179,238.196,243.174,204.11,215.597,210.751,204.201
688,39.5384,39.0664,41.1716,39.4673,39.5499,33.79,28.4225,25.6926,23.7766,20.7582,18.8413,17.2515,14.0792,12.8648,13.3847,11.3716,10.4756,10.0282,8.84482,7.36498,5.59703,5.15775,4.38113,4.72571,4.98697,5.90745,6.77194,8.20344,10.1768,12.4238,14.2907,18.5713,22.4311,29.9377,37.486,47.2441,58.7484,75.2179,90.564,103.174,127.841,140.45,148.863,164.488,182.615,173.955,166.646,182.557,183.582,204.196,205.245,225.593,226.155,219.053,220.457,234.996,239.411,202.023,211.379,207.512,200.467
688.5,39.4427,39.2308,40.8265,39.7324,39.127,33.648,27.9434,25.5124,23.2546,20.7037,19.0032,17.107,13.8225,12.727,13.2852,11.3725,10.6324,10.3087,8.81217,7.60325,5.55765,5.17409,4.38945,4.75594,4.98177,6.01943,6.83956,8.13291,10.1806,12.2026,14.4092,18.4338,22.5876,29.3751,37.4885,46.9032,58.059,73.3927,88.296,103.158,127.656,136.919,149.437,162.298,178.163,171.197,165.274,180.313,182.331,202.426,202.946,220.195,223.797,220,220.262,230.589,238.114,197.233,208.631,205.311,197.191
689,39.4068,38.9387,40.4132,39.7145,38.2279,33.2387,28.3459,25.5397,22.6248,20.7874,19.2288,16.9096,13.8516,12.7635,13.1801,11.5288,10.6882,10.5412,8.77779,7.88991,5.63625,5.19397,4.52258,4.85728,5.05916,6.04087,7.0433,8.09314,10.0783,12.0896,14.4493,18.1804,22.7139,28.7563,37.1801,46.4818,56.7228,73.1712,85.617,103.478,125.77,133.424,149.506,158.633,173.053,169.709,165.722,177.44,182.579,201.745,200.736,217.267,219.64,219.891,223.689,230.057,235.911,195.722,211.486,200.803,193.341
689.5,39.5943,38.8281,40.2367,39.2698,37.5143,33.4609,28.5971,25.8954,22.0021,20.7629,19.3041,16.9402,13.8901,12.915,13.136,11.7469,10.8357,10.6712,8.89484,8.10214,5.77884,5.25234,4.66023,5.00361,5.1303,6.11137,7.18159,8.09616,9.97596,11.942,14.6703,18.0246,22.8082,27.4346,37.4805,46.5128,55.517,72.7082,84.4668,102.63,124.632,129.566,149.174,155.518,168.11,170.935,166.219,176.031,184.206,199.312,199.894,215.845,210.668,220.432,222.632,229.425,232.232,194.803,211.486,197.331,189.477
690,39.7986,38.7397,40.5627,38.6088,36.8124,33.444,28.7797,26.5994,22.2933,20.6563,19.3856,16.9263,14.0935,13.2586,13.3835,11.9417,11.0005,10.9738,9.12002,8.1046,5.96792,5.34705,4.77909,5.14089,5.21889,6.20535,7.19706,8.09796,9.99036,11.8613,14.6591,18.0963,22.8864,26.3872,37.7636,46.3563,54.9442,72.6641,83.6907,102.633,123.877,125.466,146.895,154.831,169.621,173.304,167.909,175.854,183.478,200.064,201.08,217.367,207.202,222.057,221.566,230.238,230.799,196.07,211.438,195.869,188.126
690.5,39.2599,38.2368,40.3098,38.2289,36.7315,33.6505,28.6485,27.2207,23.1256,20.3695,19.315,16.9242,14.2773,13.5192,13.6258,12.2372,11.1647,11.1315,9.32531,8.08491,6.19834,5.59247,4.91661,5.22895,5.30656,6.26296,7.1405,8.09295,10.1952,11.9553,14.3916,18.2854,22.7081,26.0736,38.4493,47.058,56.2876,72.8927,83.4863,102.493,124.065,123.393,143.791,157.038,173.45,175.648,169.235,176.008,183.679,199.34,203.626,219.118,207.229,223.39,223.534,232.112,227.418,195.147,210.181,197.744,188.434
691,39.1812,38.4634,40.0044,38.4467,36.6864,33.7379,29.1899,27.6669,24.0255,20.1374,19.1069,17.0504,14.7703,13.8488,14.0607,12.4872,11.4523,11.2853,9.57961,8.18852,6.45894,5.78915,5.08048,5.33278,5.49041,6.27938,7.1108,8.28156,10.3838,12.2306,14.3549,18.2808,22.9984,26.8093,39.1795,47.3833,58.4916,73.0337,84.2071,102.868,125.258,124.361,143.575,157.394,177.115,177.914,172.365,179.52,184.519,199.996,207.453,219.69,211.88,223.671,223.564,235.458,226.064,194.279,208.165,200.383,191.278
691.5,39.562,38.3587,39.9973,39.0638,36.7814,34.6726,29.3814,27.859,24.3675,20.4144,18.7664,17.4451,15.0514,14.1606,14.3556,12.8581,11.8,11.4417,9.74285,8.3768,6.71019,5.99374,5.24294,5.45244,5.68702,6.216,7.16563,8.61606,10.7343,12.5026,14.2866,18.6419,23.3342,27.9852,40.0623,47.6345,60.1475,74.09,85.1028,102.943,127.221,128.024,146.467,159.248,176.807,178.266,172.839,183.664,187.297,199,211.927,221.877,212.603,223.727,225.168,241.406,222.024,196.065,207.332,203.699,194.483
692,40.2675,38.2844,39.8125,39.663,36.5993,35.4837,30.1708,28.2191,24.4233,20.5448,18.7797,17.8429,15.4129,14.3588,14.773,13.0765,12.0186,11.652,9.80444,8.48617,6.82343,6.13643,5.30708,5.59935,5.98272,6.18788,7.37435,8.78488,11.0356,12.9105,14.4433,18.6655,23.8153,28.842,40.2157,47.5238,59.1885,74.5434,86.0935,103.544,129.177,133.686,147.479,160.935,174.758,181.99,172.765,185.935,193.267,200.085,213.449,222.583,215.472,225.176,228.782,244.529,220.627,207.25,207.019,204.778,196.753
692.5,40.5429,37.7552,39.9737,40.0524,36.5578,36.0697,30.8568,28.3983,24.3963,21.0033,19.0196,18.1386,15.7316,14.6326,15.0167,13.4835,12.1961,11.9123,9.89537,8.55447,6.89102,6.26311,5.32034,5.70412,6.12963,6.24522,7.45362,8.92354,11.3068,12.9715,14.5901,18.8661,23.977,29.3268,40.0984,46.696,58.6258,74.9758,87.3363,105.73,128.885,136.672,148.652,163.962,175.343,184.008,170.78,185.897,198.296,204.413,213.146,221.5,218.414,227.712,233.974,247.484,220.548,220.283,207.665,202.975,196.736
693,40.658,37.5549,40.2525,40.4356,35.8057,36.3636,31.6631,28.5023,24.3061,21.1969,19.4589,18.4197,16.0521,14.6025,15.2266,13.8603,12.4897,12.2092,10.1565,8.66541,6.88775,6.28424,5.36656,5.72479,6.14841,6.50918,7.61337,8.91103,11.4782,13.1059,14.6867,18.8792,23.7952,29.6047,39.7663,46.7786,58.5732,74.3196,87.6185,107.191,127.623,137.661,147.012,168.762,177.245,185.802,169.631,183.879,201.171,209.787,212.169,220.707,220.968,227.181,238.284,249.675,222.272,232.193,207.448,199.079,195.161
693.5,39.7454,37.6833,40.635,40.8183,35.4889,35.9586,31.9747,28.2128,24.041,20.9552,19.961,18.7538,16.4946,14.5,15.1713,14.1843,12.7155,12.5397,10.4087,8.83877,6.96571,6.32015,5.38652,5.70944,6.06371,6.78013,7.66202,8.91943,11.3924,13.1638,14.636,18.7251,23.15,29.9663,39.7531,47.2482,59.8586,73.2624,86.8531,108.162,124.489,136.499,148.191,172.257,180.724,187.172,170.336,179.996,202.64,215.214,208.337,222.524,222.237,222.18,237.222,250.937,227.841,234.937,204.847,195.767,194.295
694,39.1169,38.188,40.7797,40.9373,36.4125,35.5001,31.8688,27.8066,23.809,20.946,20.349,19.0022,16.8935,14.3521,15.2096,14.1538,12.7751,13.0269,10.7988,9.11873,7.07518,6.36587,5.46144,5.72021,5.9846,6.90441,7.6715,8.83428,11.3726,13.1138,14.5698,18.5104,22.6814,30.3602,39.4075,47.8607,61.0125,73.1841,85.5938,107.214,122.031,134.757,148.206,170.742,180.132,186.826,170.762,179.773,199.056,215.178,205.904,221.684,219.523,219.079,234.289,251.561,235.075,233.927,201.53,193.274,192.068
694.5,38.3845,38.4624,39.625,40.434,37.4188,35.2437,31.6545,27.16,23.903,20.9838,20.6932,19.1192,17.0729,14.3915,15.1699,14.1563,12.7384,13.1485,10.9392,9.32798,7.07288,6.37344,5.51538,5.65574,5.98435,6.93495,7.60332,8.89893,11.2511,13.0685,14.3854,18.4503,22.424,30.7397,39.3925,47.9665,60.5722,71.749,84.3425,106.715,118.711,135.216,146.623,168.198,174.192,185.782,169.463,179.758,193.818,214.445,202.761,219.717,219.017,213.506,229.376,246.798,237.945,232.873,200.536,193.324,189.753
695,37.5753,38.0362,38.1132,39.5431,38.4596,35.3423,31.3665,26.6173,23.9426,21.0619,20.6488,18.939,17.1624,14.5247,15.1438,14.0847,12.5852,13.0568,11.079,9.41416,6.98265,6.40901,5.51367,5.64805,5.9794,6.80853,7.57557,8.84975,11.0617,13.0121,14.4807,18.6922,21.983,31.0707,39.5703,47.3838,60.3974,71.3525,83.8547,106.43,115.803,135.873,143.848,164.101,169.104,179.166,167.868,179.085,190.501,212.993,198.235,214.02,220.392,206.17,224.947,240.382,236.702,230.304,201.503,193.069,186.619
695.5,37.1391,37.6586,37.4841,38.5026,38.7318,35.4329,31.1205,26.4562,23.6908,20.9084,20.3275,18.767,17.0772,14.3977,14.9524,14.208,12.7336,12.7829,11.2955,9.46093,6.90363,6.38336,5.57499,5.69316,5.89247,6.81328,7.62506,8.86889,10.7305,12.7493,14.5131,18.9722,21.9679,31.0315,39.3896,47.4573,59.4426,70.7171,83.8011,105.306,112.592,135.25,142.858,160.494,164.995,173.098,167.292,175.223,188.035,210.553,196.38,208.823,220.152,198.891,224.069,233.723,230.779,226.418,203.657,191.7,183.469
696,36.8292,37.6408,37.978,37.9593,38.2809,35.368,30.6537,26.5517,23.1346,20.4784,20.022,18.8415,16.8299,14.2692,14.7116,14.0141,12.7811,12.6262,11.4655,9.41012,6.84576,6.39787,5.55767,5.75858,5.82564,6.76111,7.59596,8.7437,10.5758,12.4428,14.2741,18.8138,22.0828,30.5026,39.5923,47.1936,58.336,69.5079,85.153,103.347,109.631,133.821,141.055,158.534,161.634,167.681,166.715,173.008,187.646,206.387,194.999,204.64,217.259,193.541,223.949,231.643,219.398,223.119,203.713,187.485,179.117
696.5,36.4758,37.9855,38.2694,37.8486,37.9861,35.0155,30.3592,26.429,22.3976,20.4025,19.9001,18.9931,16.6702,14.1919,14.4865,13.8914,12.6216,12.4143,11.6005,9.33129,6.89856,6.38365,5.52669,5.75118,5.80272,6.80415,7.56871,8.62008,10.7222,12.2286,14.2785,18.4274,22.3171,30.2578,39.2155,47.6766,57.7447,68.4356,84.7269,100.474,107.059,131.589,140.396,157.621,162.083,163.82,167.58,170.998,184.933,205.018,193.055,202.854,209.948,192.983,222.724,229.666,212.803,218.447,201.541,183.482,175.472
697,36.2972,38.3097,38.5176,38.1326,37.7048,34.6513,30.3782,25.8551,21.8964,20.6445,19.7554,18.9787,16.516,14.2057,14.7314,13.713,12.335,12.2485,11.5264,9.20762,7.0314,6.41104,5.54595,5.81507,5.87061,6.95689,7.56394,8.50793,10.8529,12.0721,14.3691,18.2992,22.0704,29.9817,38.7438,47.4773,56.5449,66.8661,83.3393,99.0194,105.652,130.35,137.857,156.076,159.964,163.653,165.31,168.185,181.339,201.891,191.956,200.905,208.349,193.589,219.272,226.734,209.372,214.015,199.432,179.075,172.472
697.5,36.0545,38.0098,37.5697,38.0662,37.3812,34.1633,31.0978,25.098,21.3321,20.9576,19.7873,18.6913,16.4939,14.1593,14.88,13.5088,12.1342,12.127,11.3779,9.21772,7.03181,6.45737,5.5459,5.81329,5.94068,7.01168,7.67811,8.58611,10.8702,11.9171,14.5415,18.0654,22.0381,29.7033,37.9583,46.1877,55.6811,65.9096,83.2491,97.465,104.066,129.189,136.148,155.727,159.654,162.255,161.92,165.417,179.742,200.201,190.1,201.334,206.167,196.88,212.258,222.683,211.955,210.681,197.173,174.117,169.994
698,35.5942,37.3305,36.8905,37.9329,37.5179,33.9059,31.5419,24.961,21.1129,21.2261,19.8011,18.3264,16.4215,13.9527,14.9521,13.3041,12.0774,12.1437,11.2098,9.26745,6.98037,6.49663,5.62906,5.90319,6.14546,7.07963,7.87502,8.6795,10.8956,11.8916,14.7179,18.217,21.7503,29.3129,37.3433,45.5909,55.1446,65.3515,81.8426,95.9359,103.865,127.195,134.553,153.396,161.912,162.369,157.154,163.47,177.371,196.691,189.859,200.824,204.647,199.019,206.719,217.391,212.709,207.575,192.339,172.251,169.864
698.5,35.6694,36.7273,36.6178,37.4352,37.9805,33.5274,31.921,25.4605,21.0372,21.2512,19.8827,17.9479,16.3988,13.7996,15.2999,13.365,12.2876,12.3928,11.2189,9.38212,6.88153,6.65025,5.73261,5.90299,6.20358,7.05287,7.94594,8.85743,10.6729,11.8756,14.6254,18.4032,21.8373,28.7016,36.9644,45.1477,54.1402,65.0107,81.2694,94.3509,102.865,126.601,134.695,151.711,162.028,161.543,153.378,163.771,173.31,192.523,190.292,199.411,204.038,203.309,204.445,210.202,211.704,207.27,187.55,170.677,168.491
699,35.7333,36.5803,37.1453,38.0015,38.3414,33.2012,31.9466,25.7741,21.1507,21.0822,19.755,17.84,16.3226,13.6101,15.39,13.4633,12.406,12.6398,11.3245,9.39002,6.885,6.72741,5.83823,5.89632,6.31319,7.00888,7.96236,9.09446,10.6065,12.0074,14.7196,18.6071,22.0629,28.1614,37.3016,45.4935,53.4489,64.2983,78.2219,93.9285,103.17,124.587,134.088,147.841,159.405,162.036,150.862,162.468,170.208,187.87,188.843,196.993,200.789,200.437,205.271,209.705,210.219,203.928,183.981,170.18,167.002
699.5,35.6491,36.2492,37.7115,38.2252,38.1878,32.7501,31.5813,25.9375,21.1595,20.9873,19.4394,18.0137,16.1914,13.681,15.6388,13.6291,12.4863,12.9766,11.5093,9.48616,7.02835,6.7712,6.00734,5.9741,6.40455,7.19529,8.08516,9.26001,10.4918,12.0549,14.8217,18.6602,22.3869,27.8713,37.1878,45.8409,53.0892,63.3386,75.59,93.0471,103.023,121.469,133.047,146.372,156.596,161.643,148.625,161.743,166.113,185.074,185.856,192.943,195.975,198.451,206.085,207.062,208.571,200.467,184.738,169.819,162.97
700,35.1661,36.0991,38.023,38.1182,37.7662,32.6027,31.3742,25.8547,21.1852,20.6518,19.0667,18.2889,16.2757,13.876,15.5025,13.684,12.5864,13.2074,11.6166,9.78573,7.32112,6.99487,6.08283,6.11124,6.54179,7.41248,8.28223,9.3377,10.4772,12.2766,14.9597,18.9521,22.4932,28.164,36.4785,45.2547,51.9822,62.0625,74.3009,92.8878,101.284,119.017,132.721,142.104,153.025,160.998,148.57,159.225,164.256,183.669,182.166,187.78,191.832,195.708,202.212,206.097,207.386,197.81,184.843,167.203,158.505
700.5,34.8046,35.1209,38.0394,37.1834,37.0204,32.8698,30.6531,26.0594,21.3793,20.4803,18.8826,18.5563,16.3123,14.1822,15.4839,13.6943,12.7813,13.3511,11.786,10.2254,7.71286,7.20773,6.23777,6.32781,6.79823,7.61743,8.44466,9.44044,10.6727,12.5946,14.9063,19.0768,22.4558,28.5404,36.2688,44.5704,50.3064,60.9221,74.1359,90.9365,101.209,118.398,130.325,138.771,151.271,159.352,147.993,155.889,163.676,183.369,177.643,186.082,186.236,191.988,198.856,205.27,206.32,193.287,183.738,164.414,153.285
701,34.7686,34.7779,37.6472,36.5574,36.2759,33.5409,30.3102,25.9164,21.7997,20.3925,19.1271,18.785,16.713,14.2475,15.5104,13.6688,13.1874,13.4073,11.9682,10.6864,8.05823,7.46421,6.36743,6.43162,6.99011,7.82244,8.55342,9.50729,10.9238,12.8564,14.8341,19.2802,21.9484,28.5062,35.6712,43.7898,48.5775,59.6645,73.9886,89.5525,99.1572,117.484,128.548,136.644,148.584,154.616,147.268,152.435,162.5,180.024,176.079,183.929,184.556,189.511,196.155,203.715,205.476,189.797,179.683,160.81,150.175
701.5,34.8967,34.4716,36.7276,35.7475,35.4467,33.3198,29.9576,26.0178,22.1508,20.4526,19.6448,18.8871,17.0279,14.3145,15.7057,13.7068,13.6007,13.3362,12.163,11.1032,8.45864,7.68511,6.48296,6.55094,7.14737,8.02147,8.69228,9.6266,11.0369,12.8497,14.5432,19.0417,21.7232,28.7563,35.2737,43.1621,47.8071,58.0905,73.641,88.4086,97.4969,117.444,125.404,136.888,147.456,151.444,144.805,147.012,162.742,175.096,173.481,181.783,182.952,187.618,193.892,202.593,199.982,185.442,176.212,158.639,145.07
702,34.7143,34.4216,36.1303,35.6977,35.0409,33.3322,30.1631,26.0825,22.3568,20.3073,20.2,18.8679,17.3664,14.1381,16.1498,14.0366,14.0373,13.386,12.3089,11.3987,8.76849,7.93426,6.57072,6.77932,7.25665,8.15342,8.92026,9.63383,11.0894,12.6951,14.3035,18.6713,21.5887,28.6156,35.0393,42.2328,48.9842,56.8395,74.0335,87.5575,95.2671,116.032,122.594,137.92,146.101,148.468,142.348,143.228,162.377,171.082,169.994,179.413,178.38,186.413,190.293,199.512,192.889,182.074,174.397,154.731,141.73
702.5,35.0765,33.9035,35.8143,35.577,35.2656,33.3512,30.5499,26.6163,22.7572,20.5688,20.5184,19.0738,17.422,14.2143,16.3278,14.4511,14.5112,13.4222,12.5235,11.7842,9.15624,8.26063,6.67913,7.05204,7.31269,8.35974,9.32087,9.61714,10.9994,12.5826,14.507,18.3204,21.4876,28.3748,35.1353,41.3608,50.8938,55.7895,73.1262,86.6948,94.4385,115.176,121.219,137.921,144.844,146.438,139.462,142.38,161.804,168.317,168.534,176.416,175.786,183.402,185.826,193.243,183.767,180.188,173.075,152.48,138.971
703,36.0268,33.3953,36.276,35.967,35.8987,33.5695,31.2032,27.124,23.2449,20.8754,20.795,19.1119,17.6217,14.6309,16.5771,14.8275,14.8956,13.7512,12.9377,12.3785,9.56678,8.44645,7.05091,7.36859,7.44137,8.46686,9.62393,9.6432,10.8879,12.6797,14.8531,18.3211,21.6393,28.2643,34.8616,40.1374,51.5346,55.1182,72.2518,84.2636,95.174,113.618,119.684,134.96,143.33,142.728,138.815,140.579,159.279,166.528,166.174,174.171,173.774,180.006,181.538,187.551,175.207,176.987,171.506,150.713,136.507
703.5,36.9483,32.9088,37.0026,36.2401,36.8069,34.0854,31.6793,27.5052,24.0191,21.5391,21.0459,19.1622,18.0853,15.1842,16.7019,15.1442,15.3666,14.2347,13.6496,12.9516,10.1517,8.69387,7.40951,7.64543,7.65521,8.59581,9.70877,9.82322,11.0297,12.9759,15.1119,18.6455,21.7039,27.9574,34.489,39.0201,50.7353,54.7472,71.0848,80.6781,93.4814,113.22,118.693,131.022,140.377,140.024,138.22,140.772,155.951,162.42,169.005,169.764,171.849,176.577,177.832,182.846,170.744,176.057,167.221,148.32,134.278
704,37.17,32.7781,37.1655,36.4948,37.6185,34.3181,31.8819,27.8293,24.6805,21.9634,21.5354,19.4217,18.6608,16.1582,16.8143,15.828,15.8469,15.0501,14.3065,13.6193,10.8424,9.18252,7.93517,7.89508,7.80803,8.97892,9.84026,10.2154,11.122,13.2668,15.414,18.7353,21.935,27.6095,33.894,38.79,49.1509,54.4923,69.6106,78.8446,92.4395,110.04,117.727,128.195,136.183,136.802,138.795,138.388,152.864,158.643,169.746,164.488,169.877,172.964,176.658,178.618,168.206,176.016,165.593,146.878,131.52
704.5,37.2497,33.1554,36.8704,36.6405,38.3409,34.5394,31.8655,28.6165,25.2029,22.7726,22.4218,19.6508,19.3831,17.2553,17.2119,16.7001,16.6179,16.031,15.2633,14.4018,11.723,9.84181,8.35511,8.18155,8.08069,9.40211,10.2965,10.5972,11.3522,13.4431,15.6721,18.9631,22.2414,27.5832,32.991,38.7396,47.8095,54.0779,68.344,78.0764,90.2976,106.931,118.123,124.188,133.799,135.831,137.945,136.617,150.039,156.051,168.415,159.965,164.599,171.366,177.015,176.578,170.329,176.876,165.343,146.216,128.985
705,37.5773,33.5732,36.7984,37.2362,38.4291,35.1083,32.0997,29.476,25.7041,23.6286,23.6497,20.5983,19.8989,18.1672,17.9796,17.9546,17.451,17.1072,16.238,15.244,12.5263,10.7508,8.67985,8.67699,8.54678,9.78414,10.848,10.999,11.7308,13.6793,16.1564,18.9625,22.6535,28.1554,32.7743,39.4557,46.4543,53.7361,67.2771,79.7456,90.2346,104.146,116.825,122.298,131.462,135.866,135.683,136.94,145.691,155.416,166.434,157.495,159.323,167.611,175.306,174.891,172.452,176.595,165.709,145.484,127.814
705.5,37.7107,33.832,37.5277,38.3361,38.8409,35.6529,32.4623,30.1366,26.4687,24.8984,25.2274,21.6446,20.5146,19.4105,19.0516,19.2305,18.4519,18.3478,17.458,16.2792,13.4836,11.7568,9.01243,9.00053,9.02721,10.2092,11.5804,11.4705,12.2978,14.0038,16.8049,19.3833,23.2139,28.5272,32.8517,39.8044,45.5866,53.7695,66.9107,80.6726,90.4364,102.636,115.487,120.577,131.16,135.123,130.892,136.293,140.198,155.671,162.839,156.61,158.797,165.997,173.337,173.171,171.752,174.186,164.28,145.094,127.679
706,37.8083,34.7427,38.625,39.7074,39.6381,36.742,33.1405,30.9735,27.6343,26.1114,26.5493,22.7862,21.2636,20.4949,20.7077,20.6716,19.4598,19.586,18.8499,17.2308,14.4003,12.5823,9.56211,9.69005,9.76221,10.7946,12.1593,12.145,12.8304,14.3518,17.2782,19.79,23.8723,28.8343,33.0123,39.9842,44.8985,54.005,67.3774,80.6571,91.3204,101.914,114.572,120.989,129.559,132.391,129.431,137.577,134.3,155.361,160.018,157.848,159.585,166.245,170.075,170.827,169.448,174.752,163.683,142.578,127.815
706.5,38.2319,36.03,39.6384,41.0101,40.4144,37.8105,34.4036,31.9988,28.629,27.3115,27.7635,23.7946,22.4003,22.1227,22.8291,22.2607,20.682,20.9712,20.561,18.473,15.6048,13.7866,10.2816,10.3254,10.2537,11.5631,12.6005,12.8942,13.4747,14.8416,17.7846,20.4429,24.6612,29.5653,34.2885,39.6671,44.9845,53.9416,68.0131,78.6587,92.4285,101.447,114.501,121.052,128.602,131.247,127.535,136.582,132.829,153.672,158.011,160.426,160.862,165.011,170.055,170.214,169.334,175.857,161.049,142.926,128.082
707,38.9634,38.102,40.5181,41.8482,41.9975,39.0244,36.1781,33.6594,30.082,28.3795,28.9793,24.2894,23.8478,23.8458,24.9444,23.717,22.3677,22.8543,22.2874,20.1274,16.8914,14.7027,11.1656,11.4325,10.8384,12.4644,13.0299,13.5755,14.0926,15.4832,18.5927,21.4763,25.6258,30.2795,35.3281,39.5284,45.3421,52.9999,68.2929,76.4068,92.9733,101.126,115.601,119.963,125.836,130.286,126.965,135.573,133.909,153.114,155.145,162.73,160.396,165.407,170.634,168.621,170.127,174.828,158.267,142.824,127.574
707.5,40.835,39.633,41.583,42.6023,43.407,40.5625,38.2549,35.2687,31.6353,29.4589,30.1783,25.2238,25.6731,25.2265,26.8095,24.8562,23.9475,24.5904,24.1254,22.2516,18.445,16.1698,12.1735,12.5369,11.7512,13.4131,13.5177,14.3088,14.9136,16.4376,19.1702,22.682,26.511,31.2864,36.7272,39.3644,45.6048,52.6804,68.5739,75.3461,92.3881,101.115,116.175,118.34,124.113,131.221,124.806,132.066,138.205,151.373,154.241,164.264,159.828,166.996,170.987,166.904,171.847,171.333,154.261,143.2,128.545
708,42.9971,41.1662,43.1202,43.733,45.7473,42.3017,40.2469,37.674,34.1414,30.6008,31.0307,26.3645,28.2107,26.6574,28.5227,25.698,25.5904,27.2358,25.9756,24.8699,20.1053,17.7066,13.3764,13.7367,12.7655,14.3375,14.4004,15.0382,15.7225,17.3638,20.1525,23.695,27.3422,31.5944,37.2564,39.6376,46.0076,52.2246,67.4119,76.8376,90.6774,101.518,116.831,118.925,123.993,132.961,122.227,129.313,142.595,151.37,153.596,164.121,160.439,169.592,172.862,167.684,174.201,168.505,153.171,142.144,130.831
708.5,45.5428,42.5373,43.4301,45.2841,47.9317,44.7337,42.2251,40.1766,36.7757,33.0361,32.3054,28.7417,30.8186,28.3242,30.4721,27.2881,27.7865,29.3784,28.2134,27.6954,22.1887,19.6,14.6766,14.8655,13.8762,15.5286,15.5731,15.7489,16.7324,18.5046,21.4311,24.5693,28.3484,31.8382,37.8391,40.2381,47.0931,52.4809,66.1375,77.9714,88.7498,102.241,115.455,121.049,123.447,133.925,122.858,130.089,141.796,149.551,153.841,163.565,163.348,173.404,173.399,169.175,174.73,166.602,154.843,142.222,132.981
709,47.4924,44.6817,44.5266,47.3946,50.544,46.7839,44.6323,42.4503,39.3518,35.6537,33.5384,32.1144,32.8495,30.3819,32.5922,29.8663,30.2739,32.1828,30.9296,30.9822,25.039,21.5735,16.0939,15.978,15.2516,16.5593,16.9964,16.4979,18.0277,19.6979,22.7663,25.4796,29.3498,32.8457,38.4025,40.9795,48.0728,52.7401,65.7259,78.5958,87.3744,102.53,113.525,122.872,124.858,135.14,125.687,133.932,139.725,149.51,154.663,163.197,164.741,173.991,175.882,172.712,176.986,170.021,155.799,144.063,134.127
709.5,49.4721,47.1554,46.1693,49.5049,53.9489,49.9874,47.9954,44.7034,41.975,38.8669,35.2662,35.373,34.7263,33.2256,35.5973,33.5042,33.6892,34.9436,33.9124,34.5985,28.2379,23.1628,17.5263,17.2949,16.4779,17.9492,18.4002,17.4197,19.1231,21.0355,24.1209,27.0869,30.68,34.5106,39.2127,42.0231,49.4463,53.7822,67.009,78.2502,87.1324,102.431,112.996,124.797,125.443,137.297,128.815,139.345,137.074,150.361,157.553,163.46,165.51,174.893,177.059,177.457,180.032,172.597,158.618,146.243,135.115
710,51.6736,50.2369,49.2606,52.2858,57.2586,52.5298,51.0537,46.5431,44.8864,41.8177,37.7362,37.8231,36.9859,36.0507,39.0958,37.3235,36.836,37.6352,37.3464,38.2442,31.1982,25.1543,19.2768,18.6029,18.1586,19.4698,19.7822,19.0052,20.2264,22.6865,25.3042,28.9457,32.284,35.7752,40.119,43.1078,50.1131,55.6874,69.4041,78.0762,88.0229,103.43,114.039,124.944,127.284,138.503,132.861,142.61,134.756,152.848,160.905,164.773,167.982,175.816,179.889,180.658,184.276,176.671,162.374,150.179,135.904
710.5,54.6294,53.5054,53.3237,55.4976,59.4882,56.0567,54.883,49.6446,47.8718,43.5715,42.3118,40.603,39.8995,38.6979,42.6527,40.5911,40.4181,41.2684,41.1474,41.6383,33.7769,27.2526,21.3055,20.1928,19.5119,21.3328,21.1319,20.9132,21.5491,24.4879,26.7234,30.5941,33.7439,36.8309,41.0415,44.4407,51.2849,57.5503,71.7156,78.834,89.6049,105.115,116.868,128.548,129.865,140.253,136.522,144.459,137.906,156.666,164.513,168.095,171.357,176.798,182.709,181.317,187.685,178.487,166.508,155.954,139.14
711,59.0081,56.6379,57.5729,58.8791,61.2656,60.1364,58.1356,53.1645,50.3766,46.2325,47.6745,44.4242,43.9435,41.1841,45.9485,44.3569,44.5851,45.2854,45.3983,44.5967,36.3538,29.597,23.2892,21.9158,21.0308,23.2969,22.5849,22.8308,22.9584,26.2512,28.6312,32.25,35.9487,37.9376,42.7319,46.369,52.5237,58.6204,73.1869,78.9339,93.3473,107.36,118.804,132.991,132.989,142.732,141.053,146.427,142.016,161.01,166.471,171.624,176.983,181.231,184.988,185.063,189.436,178.969,173.711,161.335,142.939
711.5,62.3616,59.959,62.0544,62.2205,62.9834,64.1818,62.0486,57.5046,52.9946,48.8738,52.2464,49.3825,47.5932,44.4407,49.812,47.4337,48.6625,49.1271,49.6619,47.5097,39.239,32.205,25.4862,23.6147,22.5179,25.1398,23.9465,24.6788,24.8426,28.0676,31.1458,34.6391,37.8131,39.7876,44.767,48.1656,53.8228,59.5244,74.7783,80.6569,96.1941,110.931,120.51,137.232,134.095,144.889,145.432,148.246,148.216,165.394,168.769,175.752,180.712,183.421,188.809,189.287,191.627,181.329,180.46,167.412,146.86
712,64.6142,62.9576,66.3479,65.5442,65.2723,68.1936,65.9316,61.6966,56.2395,52.9529,55.3033,54.4342,50.7519,47.8794,54.1324,50.548,52.4829,52.997,53.3968,50.8041,42.5158,34.9242,27.498,25.5944,24.2919,26.8838,25.6104,26.5899,26.4813,29.6067,33.7459,37.2634,39.799,42.0997,46.3186,50.0965,55.3887,59.6939,75.2284,83.4822,98.5191,114.502,121.749,141.233,133.76,151.125,150.74,151.3,154.791,167.976,171.99,180.555,182.957,186.955,194.837,196.539,195.233,185.81,184.596,171.883,151.27
712.5,66.7282,67.1693,70.8632,69.1603,69.5044,71.0094,70.8538,65.7223,60.7571,57.9944,57.8252,58.5749,53.9179,52.2789,58.0212,54.0801,56.5988,57.2146,56.383,54.0684,46.4172,37.5561,29.1506,27.6067,26.3329,28.926,27.1165,28.6868,28.0882,31.0206,36.2803,39.2349,41.6071,44.1815,49.1358,51.8606,57.0475,60.7822,76.6739,86.0674,98.8544,119.545,124.737,143.016,133.77,154.929,153.972,155.358,161.073,171.189,177.736,185.656,186.717,191.115,199.3,204.493,198.997,195.203,188.327,173.884,155.907
713,69.8602,70.9704,74.0532,73.762,73.7227,73.1925,74.9854,70.8537,65.0448,62.1629,60.411,61.9378,56.7404,55.7204,62.5481,57.9789,60.1507,61.9658,59.0819,56.819,50.0113,39.8401,30.8919,29.7904,28.3338,30.7599,28.5866,31.1644,29.85,32.7573,38.2685,41.2001,43.9614,45.6897,51.336,53.2493,59.1097,62.5313,77.1434,88.4523,100.505,122.146,129.34,146.306,136.991,156.732,158.768,159.902,164.329,174.576,184.269,188.207,193.712,194.084,205.669,210.251,203.749,206.791,194.649,177.554,161.944
713.5,74.265,73.9185,76.3571,78.7589,78.011,76.0347,79.3566,75.9303,68.9314,66.4435,64.9336,64.4667,59.1012,58.5353,66.8407,62.4492,62.3746,65.8076,62.4988,59.8391,53.4837,42.2164,32.7171,31.8566,30.5021,32.8613,30.1656,33.3383,31.8041,33.9475,39.6446,43.2248,45.6646,47.7204,53.0182,54.8911,61.2715,65.5539,78.6968,90.0176,104.875,124.034,134.896,149.483,144.449,153.976,162.589,165.643,167.762,178.319,189.584,193.345,202.109,199.342,210.147,217.606,206.457,218.957,200,183.798,169.597
714,78.5146,76.8392,79.5732,82.3706,83.1991,80.5819,83.6212,80.9134,73.0511,70.0667,69.3129,67.537,62.0584,61.0365,70.482,65.9606,64.5682,68.792,67.5802,64.3081,56.0108,44.7637,34.7826,33.8319,31.8661,34.5144,31.4387,35.1569,33.7305,35.1585,40.6728,45.2728,47.5109,50.4303,54.4108,55.4056,63.2205,69.8266,80.0418,91.4474,110.697,124.23,140.24,153.699,150.601,152.478,167.704,172.187,170.257,182.306,192.627,199.787,209.317,204.129,213.123,225.766,211.549,229.384,206.348,189.28,176.341
714.5,81.7625,79.1815,82.0068,86.3037,85.4794,85.473,86.1437,85.3489,77.1087,73.8216,75.1597,70.0447,65.8988,64.031,74.4895,69.657,66.8458,71.705,72.1155,69.1381,58.805,46.9305,37.0588,35.9833,33.9314,35.9019,33.6088,36.1316,35.5442,36.7137,42.2266,48.3211,49.4733,53.2122,54.8118,56.8769,64.9344,73.8095,81.6822,93.1361,116.321,126.826,143.637,158.149,157.309,156.578,171.908,178.683,176.764,187.965,198.05,208.399,215.155,209.306,218.951,232.093,218.923,234.86,209.963,194.366,183.557
715,84.8898,81.5473,86.863,89.5917,88.8278,89.0259,89.809,88.6642,82.4284,76.7553,79.1448,73.0708,69.4629,67.8721,77.9234,73.9975,69.7599,75.2963,75.7091,72.7709,62.2542,49.143,39.0026,38.1922,35.5818,37.4089,35.9867,37.1469,37.0017,39.5218,43.8283,50.464,50.9259,55.9528,56.9195,57.9325,65.3412,75.9129,84.7171,95.8904,120.216,128.08,147.924,162.331,162.566,166.029,176.45,185.389,182.97,191.075,204.432,213.587,217.591,214.365,222.172,237.385,229.378,237.963,213.892,198.753,191.268
715.5,89.1488,83.8674,91.0549,93.7165,91.0995,91.6529,92.2636,91.8733,87.1902,80.8029,82.5595,76.1442,73.2507,71.4189,82.3685,79.4968,74.0065,79.3153,79.5497,76.1655,66.068,51.4464,40.7711,40.3601,37.4498,39.3233,38.6045,38.4184,38.6545,41.8637,45.9801,52.6768,53.1178,58.1767,59.4962,60.2368,66.4206,78.0726,85.6106,100.61,123.304,130.742,152.508,167.527,167.663,177.208,179.963,191.359,189.292,196.931,211.665,216.954,219.488,220.541,229.682,241.87,238.429,240.173,212.462,205.237,197.036
716,93.3299,87.0021,93.2812,96.9544,97.108,93.8305,95.5807,94.9915,91.6694,84.2689,85.2251,79.5483,76.529,74.1212,86.3417,83.6511,76.7374,83.0018,83.0154,78.6999,70.9628,54.437,41.686,42.6607,39.4549,41.4944,41.0918,40.7632,40.4487,44.3634,47.8214,54.4062,54.6913,60.6227,62.1771,62.5864,67.4074,79.6676,87.3017,105.898,124.588,133.744,155.579,168.751,173.798,185.785,183.945,195.815,196.532,199.754,219.466,221.216,221.626,227.466,236.309,249.284,246.461,244.411,215.407,210.649,202.15
716.5,97.3151,91.2082,96.638,101.213,103.114,97.6308,99.9769,97.0518,95.3696,87.2613,87.357,83.006,79.8989,78.3533,89.6256,86.7218,79.2401,85.7381,86.9953,82.3856,74.9376,58.1485,41.9932,44.9022,41.9655,44.0976,43.4503,43.1891,42.8172,45.9964,49.3467,56.1209,57.0783,63.5734,64.2654,64.612,68.9258,81.6056,89.8765,110.533,126.168,137.598,158.309,171.864,178.287,190.753,185.588,199.424,201.792,206.256,225.199,225.628,225.634,233.207,246.218,253.791,246.364,248.301,225.237,218.704,203.532
717,100.878,94.5246,98.755,104.901,107.923,102.375,104.918,100.123,98.6544,90.0594,89.4381,86.2851,82.4257,82.5181,91.0087,88.4071,81.72,88.0425,90.4955,85.9075,78.2533,61.8867,42.9042,47.3515,44.3567,46.1284,44.6664,44.8506,44.7457,47.8943,50.505,58.082,58.6625,66.1336,65.6353,67.3488,71.4705,85.0009,93.2713,112.685,128.507,143.049,158.851,176.213,180.583,187.997,188.943,202.657,204.352,211.176,229.159,230.536,231.249,239.93,249.379,261.557,249.833,251.214,236.656,225.721,206.104
717.5,106.051,97.6459,100.95,108.933,110.721,107.627,111.162,103.505,100.98,92.9597,92.2676,90.6327,84.3617,88.0856,93.3212,89.5643,84.1701,91.4365,93.529,89.1101,80.5216,64.1913,44.5298,48.7559,46.0837,48.6765,45.7615,46.0425,46.8119,50.3969,52.2956,60.5791,61.5602,69.1418,67.6185,68.9128,73.3762,88.8061,97.6509,115.181,130.771,148.46,162.163,181.779,183.632,186.045,191.656,207.949,208.066,214.414,232.883,232.825,239.638,244.262,256.191,264.149,250.82,253.754,247.589,231.17,209.475
718,109.868,101.256,102.44,112.785,112.163,111.597,116.082,106.346,103.697,97.8555,96.0739,94.4104,85.8421,92.1648,95.7581,92.5922,88.7423,95.3547,96.2571,93.017,82.7633,65.2916,46.3005,50.1748,48.3959,50.6919,47.7458,48.3724,49.4967,52.1702,55.6418,63.9653,64.7634,70.9387,70.0632,71.0128,75.7366,92.9165,99.6605,117.117,133.903,151.91,165.33,187.883,187.476,185.559,197.367,211.403,212.568,218.413,237.637,237.291,249.277,252.737,262.591,266.399,254.759,257.573,256.306,234.665,215.14
718.5,113.183,104.818,104.776,117.415,115.585,114.384,121.382,108.569,105.562,103.144,101.145,97.9134,89.1822,94.4244,101.481,97.5289,93.5207,100.481,99.7262,96.7272,85.7761,66.1984,49.0391,50.9907,50.1131,52.995,49.9918,51.6637,52.083,53.819,59.359,66.8075,68.2933,70.8418,72.247,71.8893,75.8268,95.7251,100.318,120.545,137.537,154.378,167.953,193.262,193.065,188.838,205.537,215.809,218.943,221.75,245.096,241.865,259.525,259.951,270.572,267.387,261.891,268.751,259.811,238.518,221.407
719,116.574,108.712,107.118,122.206,120.973,117.541,126.757,111.225,109.684,108.08,105.169,102.153,93.3467,97.0317,107.666,103.794,99.9997,105.347,104.773,101.293,89.4385,68.6292,51.453,52.8256,51.8784,55.0865,52.7932,55.3377,53.5512,56.0903,62.9918,69.1935,70.5882,71.1964,72.2117,72.9908,76.0335,96.5398,102.712,123.826,139.816,157.214,171.232,196.873,199.614,195.789,211.909,218.049,227.029,224.949,254.47,250.869,267.172,267.839,275.356,269.957,265.154,281.812,264.409,242.848,228.196
719.5,121.291,112.226,111.001,126.451,127.538,121.301,132.385,116.917,113.85,112.553,107.976,106.635,98.6399,100.4,113.613,108.988,104.417,111.153,111.187,105.686,94.1126,71.8709,55.1478,54.5352,54.1986,56.7634,55.0413,58.1852,55.2528,58.7288,65.3365,71.2777,72.4773,72.5544,72.1151,74.4567,77.2584,95.9882,105.561,126.965,143.567,162.451,173.658,199.598,204.506,199.837,217.41,220.795,233.325,226.045,260.316,260.021,274.294,276.296,274.025,277.299,267.968,291.722,266.116,247.056,232.632
720,126.166,115.817,118.475,129.319,133.681,126.275,138.787,124.726,118.693,115.57,111.145,111.215,103.708,105.242,119.491,114.199,108.475,115.883,116.922,110.744,99.3291,76.4849,58.6266,56.8174,56.3478,59.3531,57.7455,59.8423,56.2289,61.5443,66.815,72.636,74.0234,75.0387,72.9014,76.378,80.2089,95.7865,109.121,128.035,147.667,168.08,175.452,201.781,210.586,204.154,220.808,223.79,237.661,225.825,265.875,267.951,278.012,282.976,275.348,282.302,274.454,294.025,269.893,254.407,240.383
720.5,128.062,121.39,125.039,131.589,138.827,131.698,142.292,131.495,123.735,118.14,115.357,116.183,108.271,109.399,123.266,118.438,112.282,121.305,120.986,116.357,103.226,81.2724,61.6644,58.3498,58.9514,61.0863,60.0227,60.7823,57.7298,63.742,68.3546,74.9322,76.8356,78.2678,75.7883,78.144,84.0383,97.6588,112.25,130.082,151.105,173.999,176.935,202.513,214.384,203.888,221.008,227.874,243.156,227.925,267.302,274.176,281.448,286.542,280.645,296.379,279.57,291.721,276.129,262.737,246.836
721,132.002,126.285,131.284,135.926,144.181,135.82,144.238,136.234,127.721,122.322,119.497,117.685,112.255,113.309,127.857,123.783,115.673,123.782,124.386,121.439,106.114,84.1987,63.727,60.2217,62.291,63.3212,62.5247,61.7453,58.92,65.5358,69.7043,76.951,79.0233,79.8208,78.1445,79.7792,86.3884,99.5202,114.016,132.744,153.266,176.063,179.936,203.261,217.349,205.715,223.99,230.574,245.802,232.613,267.362,275.232,287.808,287.746,293.563,300.58,290.311,294.737,281.699,272.369,250.412
721.5,133.258,131.098,133.021,139.83,150.337,140.015,146.008,138.01,131.287,125.632,117.773,118.21,115.089,117.113,131.473,126.85,120.199,126.575,128.524,123.302,108.617,85.5016,64.3702,62.6055,64.5012,65.0014,64.094,62.7697,61.0534,68.035,71.8987,79.3677,81.6243,81.5146,80.6514,81.7512,88.9612,101.244,116.7,135.142,157.067,175.363,183.883,203.671,223.585,212.65,226.945,227.645,250.993,243.196,266.129,278.56,291.041,285.453,301.672,307.576,300.805,305.969,290.315,281.019,253.253
722,135.975,133.957,134.368,143.645,155.085,141.713,147.119,140.917,133.304,129.721,114.68,118.712,117.94,122.169,134.972,129.82,123.59,127.765,133,125.44,112.29,86.0658,65.526,65.4667,66.4099,66.7131,66.2512,64.9813,63.8436,70.2646,74.4617,81.1641,83.444,83.3483,82.8076,84.54,92.0467,102.173,118.23,139.38,158.507,175.822,185.938,202.63,228.613,221.739,233.665,230.017,257.327,251.281,267.543,281.342,296.143,284.932,308.479,313.886,309.487,317.771,298.236,285.097,254.84
722.5,138.049,137.2,135.826,147.24,159.093,142.553,148.424,143.32,135.082,133.51,115.609,120.646,121.297,125.52,136.664,132.747,127.198,129.407,138.367,126.436,114.075,88.1179,68.2507,68.1953,68.1657,68.32,67.4294,66.5037,66.6471,72.9118,76.1494,83.5362,84.9006,85.8673,85.8848,86.6547,95.2373,103.001,121.02,140.168,160.973,177.394,188.544,201.016,233.143,234.542,237.101,232.397,263.38,259.799,272.668,283.788,297.309,290.596,311.766,320.178,316.481,324.236,304.193,287.382,259.377
723,138.827,139.909,139.634,149.07,164.268,143.37,149.788,145.649,137.899,138.512,121.272,126.424,124.594,129.198,137.594,135.613,131.922,130.395,141.568,128.816,117.64,90.7313,69.2585,71.643,68.564,69.6736,69.7834,68.4691,68.1528,74.328,78.8661,85.3146,86.1702,88.3774,88.7218,87.1074,96.7172,104.685,123.007,138.912,163.417,178,191.517,199.014,232.185,237.282,239.276,238.645,269.657,266.256,281.754,287.588,298.633,295.821,315.625,330.067,319.334,327.748,306.674,289.182,262.09
723.5,140.571,143.84,143.716,151.124,167.869,143.568,150.579,150.492,142.007,143.502,130.295,131.768,127.847,130.249,137.904,139.598,134.46,134.556,142.833,130.333,120.599,92.3685,71.6688,73.7718,69.4598,70.677,71.1168,68.9164,68.4529,75.6081,79.8311,86.9534,88.4043,90.5666,90.5299,88.0585,96.5482,106.476,125.434,139.623,166.462,177.849,193.624,201.561,230.653,238.065,241.044,243.842,272.954,270.823,287.398,288.629,297.872,302.019,316.469,334.54,318.536,328.603,311.578,294.941,268.934
724,142.976,147.746,148.772,154.895,173.235,147.039,154.004,151.948,145.834,147.937,136.864,136.31,130.376,131.558,137.113,143.399,138.369,137.677,144.13,132.113,122.556,94.4162,72.9087,74.3261,70.7781,71.5614,72.3244,68.5954,69.8327,75.5491,80.8004,88.2555,89.5868,90.5841,92.5728,87.9719,96.9631,107.808,126.107,141.184,169.363,176.715,195.507,207.74,228.928,235.639,243.025,247.305,275.842,269.251,290.17,285.995,301.608,304.827,315.731,340.409,320.198,331.636,315.244,298.355,270.169
724.5,146.707,150.86,152.298,158.774,174.523,147.38,158.112,156.31,150.332,151.703,143.353,137.087,132.294,132.133,137.417,144.706,139.615,140.152,145.198,133.535,124.652,95.0553,75.3416,74.251,72.4269,72.5837,73.252,68.0477,70.9041,77.0781,81.2682,89.8263,90.732,91.6078,93.1549,88.6683,97.9374,109.333,123.782,144.283,172.585,178.444,195.597,214.145,231.621,234.856,244.256,250.927,274.682,266.971,287.308,285.996,308.1,306.332,312.55,340.355,324.002,332.706,318.036,300.778,270.797
725,150.73,153.238,153.648,161.541,174.931,152.011,161.019,161.165,154.448,154.209,148.888,136.223,132.708,133.992,140.532,146.221,143.925,140.363,144.658,137.879,126.132,96.3195,77.0803,74.2107,74.2529,74.0495,74.2749,67.2421,72.613,78.2734,82.1078,91.2935,91.2251,93.2031,93.8188,88.2616,97.6713,109.948,122.045,147.465,174.061,177.69,196.089,219.125,233.213,243.958,242.359,251.933,270.97,265.997,283.744,287.048,313.078,309.392,313.996,339.165,330.142,331.932,320.046,298.783,272.335
725.5,153.991,155.522,155.337,162.037,174.685,153.262,162.816,164.234,156.479,155.013,151.647,136.908,133.813,136.56,144.709,146.007,148.207,141.876,146.139,140.298,128.368,97.1573,78.6707,75.1436,75.2653,75.905,74.9427,67.5502,72.7914,78.2459,83.1685,93.3004,91.1879,96.2196,93.8459,87.8261,97.6784,109.184,119.392,150.476,173.6,174.378,196.669,219.824,236.239,247.869,242.573,253.708,263.566,267.62,280.903,290.816,314.883,312.779,312.15,332.692,338.086,334.585,320.472,300.721,273.232
726,155.815,154.153,154.95,160.543,173.866,157.279,164.633,166.054,156.868,155.713,151.352,135.971,136.782,137.448,151.21,146.109,151.254,145.127,145.886,142.209,130.183,99.0672,80.3022,75.6616,75.6894,77.3424,74.8447,69.4158,71.7681,77.2806,83.5257,94.7168,91.6533,97.7395,93.3322,89.8331,96.8562,110.275,119.215,152.852,171.303,169.85,192.803,218.029,239.719,251.189,242.559,255.847,259.703,267.659,281.832,292.372,312.456,318.669,318.596,325.818,338.844,335.01,322.328,305.498,274.383
726.5,156.874,153.384,154.521,159.589,172.042,161.067,166.315,166.047,156.641,155.405,148.471,134.631,139.498,137.102,153.976,146.308,149.696,147.962,146.121,140.184,129.851,101.624,81.196,76.8955,76.0873,78.1242,73.5847,71.8174,71.564,76.685,82.4828,94.5534,91.6022,98.2145,94.0693,91.86,97.5917,111.513,118.496,153.61,166.566,166.084,189.696,216.024,241.662,248.861,247.202,257.004,257.889,267.664,281.792,295.898,308.531,317.69,317.904,324.223,336.447,334.692,327.204,311.578,277.519
727,156.478,151.808,153.104,160.706,171.157,164.003,169.044,163.697,154.474,155.323,143.502,132.01,141.72,137.298,156.236,146.522,145.615,148.756,146.96,138.453,128.383,102.973,81.1573,78.4446,77.0736,77.7438,73.0457,74.2121,71.1,77.4704,81.7713,95.2054,92.7122,96.7239,94.6727,93.0059,98.9902,113.207,120.245,150.795,162.807,163.79,184.199,215.948,241.431,243.803,248.369,258.066,261.901,262.332,283.486,298.325,306.674,322.459,318.075,327.415,336.431,333.862,329.08,311.658,280.32
727.5,157.286,151.079,152.842,163.243,170.414,169.048,172.148,162.989,152.588,154.889,138.934,130.224,143.494,138.254,154.468,147.166,140.47,149.501,146.99,139.616,126.419,102.656,80.9331,79.5356,76.9947,77.2385,73.1167,75.1011,73.1254,78.1969,81.6779,94.8902,92.7774,96.2334,94.5873,93.0736,99.1838,112.076,122.59,146.792,161.42,164.422,181.097,214.435,237.848,242.91,246.275,258.566,259.705,258.513,283.477,298.176,306.273,323.109,323.52,331.007,335.743,335.636,328.412,310.725,286.302
728,156.315,152.692,151.655,164.311,168.315,172.044,173.044,161.269,148.92,152.746,136.243,130.906,143.24,139.734,152.222,144.815,136.05,150.142,148.778,142.5,123.212,101.781,79.3672,79.4214,76.3195,76.1647,73.6931,74.5919,73.5301,76.7364,82.5072,95.0042,93.6611,96.2346,94.6069,91.9603,98.2973,109.409,123.311,143.85,161.03,167.228,182.365,214.871,234.199,243.042,242.665,259.967,258.675,254.773,279.634,290.792,308.399,322.82,322.683,332.41,337.742,336.24,324.134,302.358,290.953
728.5,154.913,154.051,151.658,162.688,167.218,172.447,172.597,160.736,145.112,152.857,134.601,132.883,142.92,141.432,150.875,141.208,133.622,151.204,147.372,143.281,121.628,101.469,79.7131,79.121,74.3433,76.0439,73.7579,74.4018,72.4888,74.9539,84.1845,94.8676,93.0878,96.9711,93.0147,90.7533,97.4657,107.793,123.559,144.33,162.669,172.041,187.926,214.091,227.858,243.33,236.849,257.098,256.43,253.882,277.71,286.894,312.332,317.454,323.607,331.332,334.581,334.924,318.779,295.993,292.813
729,154.573,154.986,152.24,159.935,166.003,170.369,169.219,161.96,144.528,152.786,135.829,134.899,139.421,139.555,150.274,137.759,131.839,152.287,145.66,142.072,120.036,101.516,79.9773,78.3814,72.919,76.826,73.087,73.085,71.6461,74.7285,84.6113,94.0305,93.1016,95.6576,91.2971,89.4617,96.7513,107.815,120.484,143.936,164.133,175.234,193.044,211.052,223.361,245.437,231.393,254.238,255.855,254.338,279.075,285.833,311.275,311.119,320.524,328.529,326.986,332.16,318.046,290.606,291.871
729.5,151.502,152.319,153.009,159.71,166.046,168.431,163.986,161.996,144.932,150.139,137.213,137.074,135.478,136.12,150.312,135.79,132.202,151.114,143.432,141.488,121.573,101.794,79.7763,77.496,71.0021,77.4317,71.5188,71.9712,68.6423,76.1679,83.677,93.1316,92.4866,93.8364,89.7366,88.3736,97.2627,108.32,117.786,144.806,164.062,172.778,192.472,205.958,219.806,239.435,228.124,247.65,252.896,252.735,280.58,288.019,304.076,304.106,318.343,327.492,323.715,325.925,313.031,289.828,288.322
730,149.038,149.237,154.607,161.207,165.525,165.825,163.046,161.162,145.418,146.598,138.884,137.085,132.556,133.395,150.12,136.103,133.36,150.394,142.427,142.036,122.119,100.823,78.0586,77.0636,69.7637,76.8946,69.5679,69.7397,66.8646,77.314,82.717,92.3153,91.0512,92.2072,90.4023,87.7091,97.391,108.829,118.188,145.544,161.557,170.922,189.084,202.332,215.054,230.391,232.11,244.063,246.899,251.703,278.457,289.098,298.535,300.504,313.865,318.886,318.029,317.774,309.386,292.504,287.463
730.5,146.31,146.702,153.169,163.401,161.405,164.719,160.086,157.589,145.199,140.937,139.184,137.061,128.669,130.715,147.928,136.264,134.045,147.705,141.463,142.917,123.231,100.266,76.7673,76.4781,69.0947,75.497,68.2625,68.0877,65.8092,76.7586,81.2435,90.4051,88.0773,90.5936,89.9515,86.9907,96.5743,107.389,118.128,144.224,156.626,169.385,182.951,198.363,212.504,223.46,236.715,237.191,244.33,253.173,274.853,287.277,296.616,294.931,308.562,310.774,314.342,308.983,306.95,290.376,282.677
731,145.349,144.351,151.837,163.082,157.537,161.099,158.235,152.368,143.485,136.644,139.479,137.602,128.113,130.7,145.543,135.899,134.121,142.52,141.612,143.518,123.203,99.0111,75.3613,74.7645,68.7354,72.8321,67.7772,68.2025,66.0124,74.4735,79.6145,88.2944,86.2293,90.0981,89.5248,85.6659,95.9043,106.392,119.363,143.34,153.565,170.301,179.477,196.517,208.002,223.254,238.103,235.097,241.895,254.958,270.379,283.405,294.666,290.258,301.194,305.339,311.54,304.942,300.197,288.515,278.411
731.5,144.79,141.83,148.509,160.21,154.185,156.097,155.86,145.746,140.308,134.812,136.933,136.219,127.343,128.29,142.042,136.463,133.299,138.468,142.126,142.146,120.639,97.2022,74.9961,71.9523,69.5392,72.2095,68.3232,68.1071,66.651,73.1622,77.5716,87.0676,84.7166,89.1201,87.5251,82.0424,95.579,106.684,119.731,140.457,151.237,169.364,174.225,195.199,205.85,222.574,232.811,232.04,242.851,256.127,270.251,273.577,286.653,288.617,298.798,305.176,309.452,302.449,297.941,286.353,273.272
732,144.377,138.114,145.3,156.1,151.3,152.718,152.234,142.143,137.649,134.52,133.95,132.58,125.453,127.043,138.582,135.31,131.746,136.583,140.934,137.867,116.959,93.955,73.7874,69.8009,68.9427,71.4634,68.196,68.3909,66.6794,72.9631,76.5504,86.0102,83.3454,86.718,85.5017,81.0589,94.5939,105.93,117.847,139.649,149.312,165.716,169.455,194.031,201.251,222.016,225.758,229.593,242.576,254.457,271.453,264.48,278.62,286.436,299.659,303.642,304.445,300.74,294.683,284.431,269.135
732.5,143.352,133.656,139.964,151.428,149.334,149.6,151.173,141.101,134.502,134.791,130.995,127.411,124.145,125.372,135.66,134.078,128.607,136.603,138.056,133.107,111.408,89.3773,72.4402,68.1258,67.0834,71.2856,66.4631,66.9793,66.5567,72.327,75.3671,85.3025,82.1069,84.6894,83.7548,80.055,93.1409,103.528,116.639,138.623,148.818,161.278,164.288,193.131,195.461,214.693,221.836,226.507,244.203,249.839,270.193,257.306,271.661,283.771,296.691,296.072,297.856,294.389,294.726,282.656,266.134
733,141.993,131.144,136.442,148.736,147.295,148.525,148.426,140.796,133.363,133.565,127.16,123.422,121.492,124.156,131.738,132.786,124.631,136.301,132.341,129.514,108.47,84.8371,70.5417,67.555,65.3075,70.5797,63.357,64.607,65.5626,71.2768,75.3586,84.2242,81.385,81.3884,81.7384,79.9349,90.6932,100.61,114.623,137.058,144.535,156.53,162.807,190.44,192.382,209.791,222.23,225.5,242.964,243.449,264.194,256.726,266.933,278.989,290.983,287.842,289.107,287.509,290.334,277.609,260.266
733.5,139.872,129.9,134.814,146.879,141.659,144.453,144.815,140.508,132.298,130.141,123.851,118.942,120.929,122.445,128.046,129.606,121.829,134.487,129.98,128.457,106.982,82.5203,68.429,66.0636,62.8823,69.3667,61.4124,61.5931,63.584,68.6859,75.0527,81.5852,80.2915,79.514,80.4094,78.5658,88.5715,97.0767,112.097,131.75,140.197,153.445,163.931,187.116,192.321,205.183,220.681,224.582,240.201,240.02,257.54,256.635,263.691,271.981,281.251,282.432,279.582,280.887,281.509,271.86,253.965
734,137.27,129.339,133.244,144.537,136.465,140.294,142.507,138.88,132.168,127.196,121.106,114.223,119.496,119.223,123.885,125.34,119.326,129.482,130.09,127.277,105.246,81.2515,65.8924,63.9691,61.5743,67.5693,60.687,59.0948,61.5699,66.482,73.794,78.1546,79.4672,78.2645,78.1239,76.9356,85.7313,95.0237,109.545,125.696,136.516,153.116,163.798,180.728,195.034,200.796,216.145,222.978,234.139,231.758,250.09,251.915,256.525,267.27,271.998,280.299,273.356,276.903,273.192,266.3,247.497
734.5,133.773,127.735,130.432,141.069,133.232,137.682,139.44,135.368,130.512,123.352,117.23,110.133,118.048,115.16,120.531,120.523,117.299,125.014,129.893,124.147,103.177,80.72,64.1551,62.0382,60.5828,64.948,60.8827,57.6687,59.404,64.2411,71.3133,74.4145,77.185,77.6493,75.7557,76.0877,83.4636,92.4274,108.363,120.422,131.845,152.894,160.906,177.204,197.308,197.541,208.533,219.515,228.248,221.325,245.162,246.772,247.855,261.631,264.198,275.757,269.885,273.582,265.807,260.542,242.562
735,129.793,124.523,126.088,136.542,131.424,136.482,137.611,132.734,126.518,119.883,114.432,108.549,116.074,112.45,119.455,116.086,113.644,120.57,129.638,121.242,100.341,80.0336,62.1643,60.092,59.7603,61.957,60.7351,56.7127,57.4096,61.343,68.7659,71.8303,75.1961,76.0675,73.8061,74.9492,80.6083,90.3065,106.167,118.491,126.831,154.094,157.711,173.125,196.026,192.888,201.63,215.121,221.126,210.685,238.562,239.162,242.969,255.631,260.618,272.19,264.809,264.732,258.401,256.595,238.108
735.5,126.474,119.482,121.295,133.125,129.586,135.822,135.988,128.351,121.814,115.383,111.036,108.929,113.987,109.247,115.355,114.741,111.353,119.191,127.813,118.211,98.3828,79.255,60.3928,59.0687,58.5331,59.4631,59.311,55.9552,56.4428,59.7857,66.7313,69.7778,73.3565,74.5677,72.3488,73.4959,78.0428,88.1033,104.021,119.865,122.565,151.709,154.974,168.079,189.989,186.908,197.855,210.667,211.788,201.999,233.808,234.504,239.728,245.828,258.01,269.78,260.901,259.805,250.607,253.107,232.609
736,122.472,115.982,116.889,129.81,126.737,134.296,134.229,124.756,115.721,111.632,108.182,109.098,112.025,107.27,112.199,111.896,110.934,118.243,123.24,114.537,95.433,78.0488,58.5025,57.2483,57.5475,56.8319,56.752,54.8141,55.1014,58.5979,65.1974,68.2703,71.0872,72.2183,71.628,72.1989,77.1288,85.6257,100.176,119.102,119.299,146.977,150.229,164.892,184.204,180.911,194.827,204.86,206.067,202.02,228.523,226.666,238.462,239.831,254.909,266.968,256.897,250.664,240.481,249.674,223.717
736.5,118.645,113.35,113.278,125.524,122.326,131.419,129.577,120.272,111.156,108.893,105.332,106.657,109.604,105.513,109.04,110.212,109.527,116.549,118.881,112.169,94.2529,76.5707,57.2132,55.9436,56.1056,55.4906,54.3934,53.5207,54.3207,57.0961,63.9988,66.683,69.3808,70.0395,70.9358,69.3646,75.9153,84.6302,97.0648,116.421,118.266,140.169,147.607,162.728,179.14,175.119,192.286,198.878,199.611,204.127,224.48,221.454,234.636,235.017,249.622,261.661,250.5,244.364,237.11,244.379,214.775
737,116.73,111.688,110.848,121.373,118.707,128.007,125.585,115.744,108.248,106.319,103.423,102.838,106.35,102.407,104.923,106.936,106.88,112.454,113.554,109.679,92.2903,75.3416,55.9607,54.84,54.6357,54.5503,52.294,51.9066,54.295,56.0471,61.878,65.1006,67.3014,68.289,68.8145,66.6017,75.2483,84.0569,94.771,112.114,116.554,133.49,145.662,162.75,174.01,172.109,187.737,191.956,194.158,203.375,219.601,218.763,229.165,231.417,242.439,252.372,243.721,234.09,238.174,238.02,210.768
737.5,114.995,110.161,108.868,116.678,115.069,122.855,120.931,111.48,105.605,105.57,100.844,97.3828,101.826,100.173,101.75,103.776,102.752,106.794,107.997,105.372,89.4181,73.2565,55.309,53.746,52.858,53.7231,50.6685,50.5269,53.8114,54.5146,59.8217,62.82,65.2147,66.0717,67.6679,63.0747,73.2373,82.3172,93.6847,108.911,116.724,130.747,145.403,163.027,171.082,170.525,182.519,187.035,187.784,200.621,214.265,210.672,220.749,222.787,238.1,241.875,237.086,228.084,239.171,231.334,209.57
738,112.478,108.298,107.042,112.599,112.383,118.148,116.785,108.318,103.372,102.071,97.0277,91.0987,98.8009,96.5909,99.0048,100.211,99.485,101.974,101.675,102.87,86.0344,70.4954,53.8279,52.943,51.4961,53.0348,49.2016,49.2197,52.6824,53.2678,57.7668,61.3978,63.5543,64.6593,66.2018,61.473,70.6733,80.0534,92.9235,107.038,117.182,130.337,143.834,160.66,165.353,167.756,177.666,181.509,183.14,196.872,209.822,205.423,215.398,210.671,233.704,234.196,231.505,223.181,237.288,224.175,208.532
738.5,108.871,104.737,103.926,109.678,110.456,113.395,111.767,106.331,100.01,98.0862,93.2891,85.6827,94.6689,93.041,96.6816,96.9113,95.9522,97.0963,95.1871,100.055,81.4078,67.754,51.614,50.903,49.3365,51.9189,47.9901,47.0087,49.963,51.7216,55.44,59.9271,62.1822,63.2298,65.0007,60.4396,69.4186,76.9059,91.0873,105.111,114.638,128.965,139.941,155.234,158.767,165.682,173.177,178.57,181.016,192.766,204.161,197.261,211.512,199.705,227.169,227.813,228.277,221.605,229.021,214.815,206.226
739,104.235,100.643,100.123,104.854,106.883,110.047,108.87,104.285,97.9179,94.5922,91.0012,82.7036,91.2284,88.6435,94.6669,93.6762,92.4899,93.8841,89.6462,97.5798,76.9403,64.6276,48.8899,49.0178,47.46,49.8573,46.8456,44.7102,47.5576,49.5227,53.8323,57.8597,60.4804,61.4469,62.8081,59.5199,68.0227,74.2415,88.9142,102.514,112.554,127.194,135.978,149.599,152.126,162.672,170.843,176.181,180.485,189.71,198.122,194.611,210.826,193.741,219.014,224.82,222.287,218.023,220.334,207.932,199.935
739.5,100.431,96.1088,96.6911,99.978,103.133,106.548,105.626,100.864,96.9679,90.5474,89.3815,82.3833,88.3481,85.4293,92.6775,90.7253,88.9128,90.1059,86.2764,92.2658,73.5013,62.0029,46.1341,46.5822,45.5062,47.2622,46.107,43.3443,44.8931,47.0246,51.9784,56.1183,59.3594,59.6518,60.0892,57.2756,66.6247,72.8572,87.0986,98.4818,108.721,121.485,131.942,143.37,146.545,158.765,165.646,172.159,179.216,184.719,194.282,192.421,209.078,191.62,212.964,222.351,216.421,212.727,215.61,201.977,193.307
740,96.3797,93.3089,95.129,96.5841,99.313,102.639,101.433,96.442,95.5904,87.0434,87.8103,81.5315,84.5886,81.8297,88.9791,86.8506,86.0448,87.8309,83.8649,87.6762,71.8721,59.7456,44.3348,45.1097,44.1965,44.1353,44.4447,42.7254,43.1272,45.4059,50.1671,54.2054,57.1817,56.5982,58.1507,54.9702,65.0307,70.9748,83.976,93.6802,105.917,117.141,127.666,139.913,141.794,155.84,162.782,169.06,175.199,179.101,187.218,191.064,202.629,191.379,210.27,219.316,209.935,209.408,209.197,195.748,187.804
740.5,93.8363,89.9135,93.1212,94.4879,95.0792,99.1125,97.4534,92.8453,92.9044,84.0688,84.9359,78.767,82.283,78.5148,84.7717,84.0541,82.7322,85.9149,81.064,83.4325,71.4392,56.7961,43.3186,43.5152,43.2836,42.1583,42.9951,41.8779,41.5327,44.1797,47.8823,52.093,54.575,53.9872,56.1037,52.9102,63.3708,69.7058,80.5937,89.2836,103.308,112.388,124.314,136.351,138.644,151.585,158.332,164.015,170.55,172.253,182.608,188.542,195.231,188.767,207.259,215.12,206.274,206.821,204.578,190.39,181.617
741,91.1396,89.0603,91.6133,93.8544,91.2025,95.0554,93.633,89.5841,89.6678,80.7441,82.3041,75.971,79.5334,75.4398,80.7287,81.5537,78.5715,84.2815,78.2659,81.0277,70.8403,54.5279,42.1378,42.3803,42.1904,40.9907,41.8405,40.0153,39.8148,42.9944,45.437,50.4716,52.5779,51.6531,54.5618,51.3469,61.7887,69.0048,78.0893,85.8821,101.836,108.105,121.128,132.745,136.428,148.827,152.586,159.352,165.479,165.945,179.256,183.703,189.073,186.198,202.709,209.265,201.472,203.911,200.12,184.374,175.291
741.5,90.0701,88.9091,88.4122,92.5634,88.4158,92.5033,90.9279,87.534,86.3281,78.5914,79.7683,73.0379,76.4347,71.9798,77.5952,79.5907,74.1912,82.221,75.8579,78.5519,68.4732,52.5571,40.8462,41.2431,41.1706,40.1229,40.3912,38.3478,38.5461,41.1433,43.6409,48.2912,50.5463,50.086,53.4513,50.139,59.7285,68.0747,74.4254,83.2762,98.6637,104.799,118.927,130.181,133.37,144.01,146.385,154.225,159.99,160.236,174.806,177.461,184.239,182.365,194.17,202.532,196.496,197.335,195.312,177.611,168.397
742,87.1574,86.0742,84.9395,89.4361,87.0618,88.7957,88.1688,84.4025,84.0832,76.1604,76.1003,70.4446,73.102,67.9959,75.2475,76.1967,70.7,79.4567,73.4816,74.0122,64.966,50.6335,39.4276,39.5071,39.4446,39.4169,38.604,36.808,37.3036,39.2101,42.183,47.0666,48.395,48.8152,52.5359,49.0283,57.0599,67.1035,72.7172,80.7728,95.1515,103.384,116.471,124.935,130.333,137.424,140.583,147.729,154.024,155.833,169.786,172.175,179.812,179.872,188.501,195.239,190.227,193.002,189.898,175.654,162.176
742.5,84.1976,83.1198,80.8446,85.8555,85.4553,85.9678,84.9335,81.5741,80.2769,73.8171,73.1989,67.5882,69.7578,65.552,74.066,73.5772,67.5694,75.8265,71.1007,70.7039,61.0142,49.04,38.3732,37.425,37.4861,37.9668,36.6798,35.8966,35.9671,37.7265,40.9312,45.1413,45.87,47.3172,51.0711,46.9587,54.6111,65.5493,70.2395,79.0655,90.8997,101.041,112.994,120.223,127.42,133.699,135.936,143.406,148.284,150.903,163.277,168.273,171.664,176.566,185.718,187.87,186.412,186.796,184.344,171.481,156.957
743,80.9488,79.0052,77.6039,82.0475,83.975,83.249,81.2072,78.3904,75.8195,70.9862,69.9938,66.0126,66.7271,62.9538,70.9639,70.8938,64.208,72.6948,67.6958,67.3407,58.8043,47.3981,37.2685,35.0378,35.8184,36.8743,34.7443,35.3005,34.9507,36.502,39.5794,43.6259,43.5765,45.4737,49.2734,45.0689,52.2806,63.394,69.036,76.5399,88.8826,99.7067,110.126,115.093,125.503,129.848,133.674,138.706,143.73,146.452,157.509,165.424,164.142,171.544,183.498,181.359,183.536,182.419,178.779,168.131,151.291
743.5,77.3811,76.362,74.0804,78.0431,81.137,80.7142,78.228,75.8696,71.4297,67.5046,67.5696,63.2951,64.3066,60.8519,68.5188,67.4943,61.1363,69.9153,64.583,63.7206,57.3788,45.9067,36.3752,32.9076,34.2994,35.5624,33.3537,33.7779,33.6265,35.67,38.678,42.0248,41.6349,44.6015,47.0567,43.5487,50.1691,60.1811,67.887,74.3012,87.1846,97.3131,107.079,111.098,122.916,126.784,130.811,133.633,140.562,142.813,153.492,161.998,158.182,166.757,178.883,175.527,179.64,178.684,173.947,163.838,151.154
744,75.1723,73.6752,70.2269,74.0088,77.9722,78.1891,75.9449,74.5784,67.7937,64.4014,64.7783,61.8966,61.7384,59.2682,65.6746,64.4911,58.0784,67.7617,62.3193,60.9774,55.7212,44.7907,34.8084,31.4613,33.0069,33.9594,32.022,33.1305,32.4863,34.2417,37.6311,40.3932,39.7981,43.7495,44.989,42.043,49.1348,57.7417,66.6061,72.7811,86.1039,95.3099,105.184,108.273,120.185,122.803,128.879,129.458,138.153,140.328,148.825,156.164,154.066,162.46,170.953,170.601,175.094,174.909,167.841,155.892,148.946
744.5,71.4423,69.9059,67.5417,70.3801,74.2836,75.5414,73.2941,72.4033,65.1519,62.0971,61.3103,58.7187,58.9525,56.947,64.1219,61.2638,56.8153,64.8434,60.494,57.9864,54.0322,43.3681,33.2542,30.3637,31.881,32.6754,30.4516,31.8792,31.4637,32.9652,36.4392,39.225,38.1468,42.0728,43.5553,41.3573,48.4862,55.3395,64.7609,72.2036,83.4336,92.9245,103.211,106.371,117.448,118.516,126.296,125.776,134.813,135.241,143.484,148.467,153.964,157.94,162.628,165.665,167.094,170.186,159.698,148.965,147.341
745,69.0104,65.7605,65.204,68.0571,70.2579,72.8345,70.263,70.9943,63.1073,59.9476,58.6603,56.2779,56.8003,55.0871,61.9128,59.2584,54.7814,62.739,58.1389,56.6475,51.7588,41.206,31.9569,29.1408,30.5009,30.9053,29.3034,30.8042,30.2446,31.7709,34.817,37.8591,37.2536,40.7087,41.6573,40.6038,48.1102,53.753,62.2439,71.3844,81.023,90.2075,100.513,103.886,113.213,115.135,123.139,123.197,132.418,130.049,139.74,142.748,152.185,152.186,154.405,159.953,159.965,164.377,154.082,144.157,144.553
745.5,64.8891,61.904,63.253,65.3446,65.7106,70.3037,67.4095,68.1444,60.6474,57.0416,56.2497,53.9351,54.9093,52.8747,59.6133,57.2155,52.9583,60.5922,56.322,55.5663,49.7306,39.1709,30.6,28.1484,29.2174,29.5803,28.3645,29.2857,29.113,30.1458,33.5724,36.5135,36.6525,39.1102,40.2538,39.5324,46.3709,52.5051,59.9356,70.0667,79.2874,87.6367,97.7427,102.389,108.293,110.754,119.2,118.577,127.094,124.738,136.19,138.522,149.732,145.512,149.347,154.92,153.393,157.131,148.001,139.975,141.107
746,61.3873,59.1477,61.0517,63.7094,63.4944,66.5172,65.0253,64.8996,58.569,54.5121,54.3126,51.6245,52.6903,50.2324,57.2557,56.1822,51.3491,58.7014,53.6353,53.9856,47.5982,36.5169,29.5953,26.9082,27.5553,28.5007,27.5806,27.4674,27.6854,28.7527,32.4741,35.0918,35.5528,37.8991,38.4661,38.6345,44.8459,51.0993,58.6858,67.5091,77.7034,84.0483,95.2423,100.563,103.904,107.068,115.533,115.191,120.125,121.02,133.865,134.182,146.392,141.403,145,151.514,149.801,150.49,146.485,138.908,137.843
746.5,58.216,56.4955,58.9239,60.7185,62.5291,62.856,63.0816,61.0692,56.6181,52.3089,52.799,48.9338,50.3007,47.8119,53.9438,53.7021,50.0487,56.6519,52.1264,50.9015,45.2013,34.51,28.212,26.2415,26.0323,27.2954,26.8854,26.0446,26.8037,27.3833,31.5189,34.0171,34.8433,37.1852,37.3153,37.5706,43.4254,49.7221,57.4268,63.9533,75.8132,82.1077,92.3418,99.4094,100.952,103.675,112.151,110.878,115.329,117.855,129.858,131.606,141.668,137.307,140.074,150.748,145.869,145.527,141.916,136.623,133.872
747,56.3728,55.6798,57.1945,58.5675,62.2663,59.7148,61.4367,57.4509,55.5615,50.8656,50.7232,46.8277,48.3558,45.4394,51.1612,51.4318,49.2794,53.5644,49.1174,48.0466,42.532,33.202,26.6612,25.4332,24.5944,26.2663,26.1888,25.0847,26.0328,26.4296,30.7457,32.9675,33.921,35.8803,35.9484,36.3441,42.2296,48.0851,55.2433,61.4079,73.8944,79.2737,90.2984,96.6936,98.8927,99.8665,107.083,107.33,113.262,113.344,124.732,126.646,136.257,135.031,134.445,145.722,142.661,141.773,137.331,133.369,129.167
747.5,54.4182,54.1212,56.0273,56.6657,61.1031,57.5243,59.4846,54.4119,54.4881,49.5889,48.5995,45.3213,46.0106,43.8754,48.2798,49.4399,47.6106,50.8098,46.6032,46.553,40.509,31.6211,25.2454,24.8001,23.7843,25.2749,25.3343,24.1325,25.2014,25.6875,29.8011,32.2658,32.7139,34.7345,34.8,35.6874,41.3518,46.4375,53.9012,59.6415,72.6723,77.0648,87.9983,94.9652,97.3655,97.3569,102.373,103.854,112.72,108.67,120.042,122.475,130.494,130.326,130.154,140.846,138.052,136.854,132.926,130.127,125.271
748,52.7273,52.2982,54.3199,55.2486,59.0351,56.1553,56.5095,51.7273,53.3721,47.9512,45.8037,43.9558,44.8138,43.0698,46.2118,47.6921,44.8202,48.1131,44.1454,45.1614,38.6641,30.4952,24.292,23.9609,23.1214,24.2487,24.6607,23.1696,24.2903,25.0599,28.816,31.1638,31.5953,33.1326,34.0418,34.5275,40.2034,44.9413,52.3254,58.468,71.2982,75.3692,84.4763,92.8252,95.774,95.3818,99.144,99.4444,110.967,105.464,116.326,117.739,126.193,126.103,126.991,133.466,134.365,133.342,128.601,126.209,122.25
748.5,51.1633,50.5677,52.4505,52.7835,57.0981,54.5079,53.7607,49.9669,51.5956,45.7973,43.5679,42.6204,43.5567,41.6292,43.8326,46.6481,42.5546,45.0246,42.7217,43.9124,36.8835,28.9987,23.1451,22.9097,22.3065,23.2387,23.6386,22.2053,22.9864,24.1927,27.6308,29.7737,30.3934,31.4597,33.5284,33.3915,38.7497,43.7137,51.524,57.1844,67.9366,74.5932,80.7364,90.6346,94.1175,92.7042,97.1859,96.3101,107.275,103.342,113.263,114.228,122.533,122.799,123.57,129.67,132.063,128.297,124.274,122.237,118.573
749,49.7533,49.1947,50.2034,50.4084,55.0135,52.8655,51.0567,48.477,49.4455,43.6856,41.9715,40.9513,42.4243,40.6557,42.5772,44.5727,40.1619,42.1753,41.0277,41.8459,35.4211,27.9089,22.3771,21.9287,21.3725,22.1072,22.6504,21.216,21.8457,23.5796,26.0778,28.3741,29.0593,30.2514,32.9207,32.5213,37.0403,42.0736,50.7844,56.0131,64.183,73.3615,76.8032,87.6148,91.7152,90.754,94.7501,95.0827,104.652,101.598,109.574,111.886,119.66,119.566,119.917,126.35,130.119,124.359,119.255,117.657,115.039
749.5,48.2716,48.7048,48.5643,48.3246,53.2964,50.7063,49.0602,47.1325,46.8814,42.0028,40.5907,39.3564,41.3244,39.3297,40.8902,42.777,38.846,39.9587,39.6167,40.4346,33.7152,27.1844,22.0175,20.8776,20.2812,21.2474,21.6024,20.4246,21.1856,22.7071,24.705,27.1334,27.5329,29.2265,31.875,31.3355,34.9788,40.0022,48.8436,54.1824,62.302,72.521,74.2683,84.7242,90.1383,88.2778,91.8953,94.5238,102.85,99.3209,106.107,110.496,116.552,117.327,116.728,123.912,127.871,120.402,115.208,113.68,111.757
750,46.7458,47.4733,47.2213,46.3176,51.1768,48.7294,47.0743,45.4646,44.2127,40.3044,39.7182,37.6511,39.4858,37.5161,39.8475,40.757,37.7007,39.4652,38.055,39.3535,32.1201,26.4307,21.4562,19.8107,19.3831,20.4865,20.7182,19.6927,20.5229,22.2365,23.5834,26.4969,26.3178,28.3782,30.5229,30.3614,33.7194,39.1789,46.6475,53.1158,61.2981,69.8598,74.0022,81.8846,86.7256,86.6591,89.4638,94.0538,100.796,97.0457,102.891,108.834,111.391,113.044,114.13,119.825,125.132,117.592,110.791,109.409,108.233
750.5,45.477,45.5451,45.7353,43.7542,49.1249,46.4513,45.5745,43.8593,41.8634,38.6282,38.5883,36.1037,37.3573,35.2322,38.7079,38.8903,36.5854,39.0555,36.3355,38.7417,31.4849,25.6257,20.8895,18.8661,18.4735,19.7269,19.5921,18.7882,19.6496,21.4038,22.4954,25.5278,25.4833,27.3349,29.5035,29.3007,32.5053,38.2203,44.4639,51.8901,60.868,67.8717,73.1735,80.4625,84.3084,85.5711,87.4963,91.8381,98.4445,93.5208,100.393,105.554,106.529,109.285,112.892,116.714,122.728,114.456,108.151,105.793,102.089
751,44.2069,42.7549,43.7141,41.686,47.4873,44.0665,44.0996,42.1826,39.4732,37.4211,37.1683,35.2003,35.5706,33.0939,37.6346,37.5188,35.3498,38.2235,35.5973,36.9526,30.7271,24.3829,19.7644,18.0521,17.8421,18.9244,18.762,17.9325,18.765,20.4363,21.5925,24.5182,24.8091,26.2841,28.6518,28.5286,31.6163,37.025,43.3413,51.0185,59.2783,65.2652,71.0794,78.6375,81.3461,83.6079,85.7328,87.7815,95.4289,89.9374,98.1535,101.892,100.72,105.098,110.791,112.512,118.167,110.708,106.683,103.01,95.0346
751.5,42.3575,40.6687,42.6391,40.0567,45.6683,41.5921,43.0872,40.6786,38.1003,36.3344,35.6297,34.1975,34.3058,31.4011,36.5207,35.9791,34.3478,37.2139,34.5797,34.8797,30.0341,23.2696,18.5691,17.3091,17.2813,18.0771,17.785,17.2493,17.8937,19.3272,20.6648,23.464,24.3178,25.281,28.3719,27.8416,31.2231,35.8562,42.4303,49.7118,56.4082,63.3405,67.8636,76.296,78.2386,81.1992,84.5416,84.0284,92.7695,85.7702,93.5485,98.2428,96.3908,100.687,106.463,110.059,113.681,106.864,104.842,100.478,91.9653
752,40.564,39.1277,40.9503,39.2107,43.6997,39.4678,42.4015,39.3516,36.2667,35.1841,33.7596,32.6873,32.9881,30.0763,35.4428,34.8192,32.7422,34.9373,33.3668,32.3148,28.7683,22.3149,17.2654,16.5285,16.7434,17.3002,16.9052,16.6248,17.1572,18.0592,20.1304,22.216,23.6396,24.181,27.5386,26.8542,30.58,34.8369,41.8632,47.8174,54.7926,60.8939,64.5603,74.1052,76.3179,77.4425,82.1821,80.9986,89.4757,83.3818,88.1691,94.5933,94.7163,96.1735,101.68,107.16,108.623,102.462,103.444,98.9492,90.6001
752.5,38.8059,37.5316,38.999,38.408,41.4332,38.1951,40.9695,37.7892,35.3696,33.903,32.5968,31.2348,31.77,28.727,34.3281,33.6084,31.5881,33.2929,32.1843,30.6479,27.0934,21.4259,16.2606,15.7068,16.2289,16.4508,16.3477,16.3442,16.4856,17.2564,19.5961,21.6776,22.7461,23.3298,26.5108,25.8604,29.9291,33.6237,40.6333,46.3502,53.0567,58.1246,62.2401,72.1128,74.551,74.2035,79.2662,79.82,85.067,81.8986,85.0705,92.8221,93.0802,93.0796,98.3452,104.217,103.053,100.2,100.292,95.4415,92.2134
753,37.492,35.7831,37.4338,37.6364,39.326,37.0141,39.3031,36.6369,34.4676,32.0765,31.9872,29.9816,30.1813,27.8659,33.2587,32.2323,30.8807,32.0288,30.2256,29.5373,26.0324,20.8394,15.3705,15.4095,15.7508,15.662,15.843,15.7637,15.7944,16.6555,18.9006,20.9576,21.8137,22.4283,25.1175,24.5384,28.8344,32.5458,39.4276,44.6963,51.4372,55.9895,60.5021,69.9189,72.2358,71.2349,77.0559,78.7959,80.3776,80.4825,83.7674,89.6593,89.2657,90.2539,95.0311,101.476,98.7957,98.6838,95.3475,90.3277,89.5113
753.5,36.3969,33.9581,35.4357,37.1439,37.015,35.8465,37.2582,35.4824,33.4658,30.692,31.4569,28.8838,28.8092,26.9669,31.9915,30.5296,29.8133,31.1727,28.5178,28.8388,25.364,20.3516,15.066,15.0234,15.2874,14.9148,15.4856,15.1734,14.9739,16.2378,18.1253,20.2991,21.0514,21.6003,23.7464,23.5782,28.0074,31.1479,37.9953,43.1259,50.1216,53.8351,59.028,67.6132,69.5494,68.6016,74.7433,77.4662,77.2706,78.6603,83.177,86.8529,85.8676,88.6252,92.8056,97.7098,94.624,98.0968,91.4137,87.4887,85.24
754,35.267,33.499,34.535,36.0227,35.6292,35.1316,35.2728,34.4332,32.5638,29.3952,30.3854,28.0273,27.4853,26.1816,30.4783,29.0054,28.7889,30.0558,26.4386,28.2534,24.7979,19.5205,14.7042,14.6334,14.7399,14.3974,14.9079,14.6418,14.1473,15.973,17.5438,19.6624,20.2934,21.0375,22.4313,22.7232,26.8068,29.4403,36.7901,41.5146,48.2659,52.5713,57.881,65.6274,66.3203,66.7344,72.7132,75.0931,75.1545,77.1323,82.4377,83.5137,82.7056,86.6978,91.1676,93.4274,91.1447,96.3849,87.5905,84.8983,82.7094
754.5,34.0724,32.392,33.2558,34.7105,34.4312,34.7503,33.7428,33.3855,31.237,28.3502,29.4533,27.0184,26.4445,25.0358,29.3442,27.4403,27.4783,28.4619,24.8185,27.4905,24.0256,18.8767,14.3253,13.9977,14.1928,14.0273,14.2823,14.1954,13.5141,15.4305,17.0021,18.9315,19.59,20.1995,21.3808,22.2776,25.9433,28.5121,35.2391,39.7902,46.2001,50.8604,56.6138,63.0388,64.3182,65.4808,69.8446,72.1304,74.1273,75.3851,79.4368,80.5886,80.7228,84.1481,89.3606,90.3269,88.1928,92.3024,85.1653,84.0506,80.2824
755,32.7611,31.7755,32.0851,32.8587,33.138,33.9375,32.9377,31.9622,30.2094,27.5536,28.5884,26.0714,25.4216,23.8582,28.3305,26.3928,26.3686,26.5622,23.9159,26.3767,22.8285,18.2285,13.8919,13.3386,13.5187,13.5432,13.928,13.8009,13.1506,14.9327,16.3227,18.2907,18.7796,19.1667,20.6052,21.5877,25.0595,27.4381,34.2413,37.8764,44.4237,48.9105,55.0364,60.0144,62.5879,63.678,66.9364,68.8282,72.8382,73.8549,75.2604,78.344,78.8192,80.6698,87.0095,88.1039,84.8803,88.4312,83.6284,82.635,79.0438
755.5,31.5139,30.5542,30.6713,31.498,31.6011,32.3169,31.985,30.4295,29.1139,26.6496,27.905,25.0805,24.5426,23.0879,27.8514,25.8071,25.3789,25.2515,23.1124,25.2599,21.5331,17.6159,13.265,12.8608,13.0646,12.9203,13.5233,13.3491,13.0384,14.2019,15.6126,17.5927,17.8886,18.0667,19.9459,20.7413,23.9631,26.583,33.5371,35.986,42.8017,46.5681,53.3646,57.4994,61.9034,62.298,64.0167,66.7249,70.8493,71.3515,71.6536,77.0565,76.2449,77.2247,84.9222,87.0872,82.2104,85.3969,81.8036,79.6074,77.4111
756,30.1041,29.4907,29.268,30.1285,30.0254,30.9038,31.3635,29.0187,27.6859,25.7512,26.6747,24.2281,23.8745,22.6682,26.8966,25.2509,24.3454,24.3001,22.7043,24.0844,20.6493,17.0327,12.8944,12.4337,12.7185,12.2739,12.8649,12.7735,12.8048,13.5129,15.0683,16.8768,16.9197,17.4087,19.2974,19.9006,23.0391,25.6777,33.1375,34.4161,41.7189,45.129,52.5677,56.0852,60.6398,60.667,61.2586,65.0374,68.7137,67.3152,69.6668,75.5647,73.9977,74.8195,82.067,85.1884,79.6475,84.3014,80.5759,77.1438,76.088
756.5,28.8601,28.5248,28.0879,29.1454,28.3472,29.7456,30.2954,27.7497,26.5601,24.9035,25.4905,23.256,23.0279,22.1157,26.0141,24.5927,23.5648,23.7873,22.372,23.2287,19.8085,16.2681,12.5382,11.9925,12.2313,11.659,12.2349,12.1607,12.4464,12.9734,14.2541,16.0667,16.3143,16.9004,18.9397,19.1601,22.0808,24.7909,32.386,33.3668,40.5598,43.6312,51.3625,54.8611,59.6708,58.98,58.747,63.1239,65.9919,62.9506,69.0281,73.2693,72.4271,73.9235,79.3292,81.9382,77.2283,82.6112,78.7003,73.5072,74.0387
757,27.838,27.2376,27.277,28.3543,27.2623,28.7057,29.1866,26.7464,25.3503,24.1751,23.9213,22.4825,22.5552,21.5685,25.0711,23.5488,22.6715,22.9207,21.9962,22.5989,19.3334,15.6362,12.1906,11.4818,11.7013,11.152,11.5903,11.5722,11.9949,12.5895,13.6895,15.4538,15.8852,16.6225,18.5189,19.0446,21.5311,24.1315,31.4016,33.4805,39.8637,42.9488,50.0506,53.9371,57.1834,57.4188,56.7696,61.6664,64.3568,59.3685,69.3053,70.4736,70.7763,72.5208,76.3447,78.5044,75.1115,80.4409,76.3091,71.0673,71.8209
757.5,26.8847,25.8157,26.6047,27.2628,26.3663,27.4456,27.902,26.1467,24.3913,23.658,22.7268,21.737,21.9867,20.6295,24.1263,22.4094,21.5311,21.8992,21.7951,21.7473,18.5797,15.0919,11.7364,10.966,11.0132,10.6545,10.937,10.9526,11.5026,12.0406,13.0542,14.991,15.6335,16.3122,18.0041,18.368,20.9748,23.425,29.9519,32.9954,38.7213,41.9156,47.5258,51.8115,54.5811,55.0033,55.4428,60.0272,61.8805,57.3351,67.4663,67.8296,68.7297,71.1692,73.1901,75.6385,72.8443,78.1387,74.3369,69.1437,68.9152
758,25.8829,24.3841,25.7707,26.0731,26.0599,26.4158,26.9486,25.3847,23.5853,22.7033,21.6171,20.9253,21.35,19.7789,23.242,21.4165,20.5052,21.0081,21.3768,20.8517,17.8891,14.6869,11.1701,10.5103,10.6616,10.14,10.5004,10.4728,11.255,11.7037,12.7294,14.6729,15.0492,15.8279,17.654,17.8717,20.6736,22.5347,28.8023,32.8129,37.5391,41.8923,45.7066,50.1319,52.2739,52.4011,55.3999,58.7626,60.2853,56.6317,66.0706,64.2846,67.2737,69.3448,69.9457,74.0861,70.7365,75.0631,72.8346,67.4707,66.047
758.5,24.8096,23.5737,24.9339,24.6974,25.5118,25.62,26.0091,24.5211,22.8237,21.825,20.7689,20.3882,20.4916,18.944,22.1312,20.3534,19.4106,20.2083,20.9609,20.1905,17.1259,14.0834,10.5914,10.08,10.1632,9.56577,10.102,10.161,10.9101,11.376,12.3573,14.4053,14.3669,15.4989,17.2367,17.3059,20.1242,22.1721,27.6439,32.0995,36.0089,40.597,44.1968,48.6785,50.6444,50.3477,54.0181,57.0968,58.3339,55.5602,64.0564,61.2499,64.733,66.8103,66.6652,72.1367,69.6827,72.5669,70.855,65.6852,63.4275
759,23.8537,22.8757,23.5267,23.482,24.4754,24.6335,25.0296,23.6224,22.1533,21.1274,20.048,19.7404,19.5196,18.181,21.2335,19.6687,18.7468,19.5198,20.5166,19.1492,16.4277,13.502,10.2198,9.67528,9.8595,9.08689,9.73034,9.85716,10.6165,11.3084,12.229,13.6958,13.8073,15.0403,16.5318,16.6048,19.57,21.5535,26.6141,31.5459,34.5318,39.2655,43.4706,47.6786,49.7078,49.4867,51.4233,55.6908,56.9733,54.6685,61.6732,59.4953,62.7971,64.4834,65.4376,70.4115,67.9861,69.8393,68.1579,63.5552,61.1217
759.5,22.8492,21.6813,22.4747,23.2551,23.5883,23.8298,24.0438,22.7554,21.419,20.3237,19.452,19.2655,18.6923,17.4418,20.0172,18.9561,18.4269,19.1923,19.6122,18.1892,16.1299,13.0052,9.8188,9.28505,9.43243,8.76815,9.49365,9.65232,10.2264,11.1899,12.0013,13.1735,13.395,14.4351,16.0132,16.0538,19.1172,21.3339,26.18,30.7885,33.5869,37.6829,42.5863,47.1991,48.5002,49.594,48.2597,54.3102,55.8674,52.9274,59.9265,58.8297,61.0969,62.8301,65.1008,68.7898,66.5044,67.8489,64.7008,61.1633,59.1033
760,22.0128,20.7809,21.896,23.249,22.376,23.1934,23.0923,22.0992,20.8353,19.6171,18.8424,18.8326,18.1207,16.8516,19.1325,18.2238,18.0244,18.7028,18.6691,17.3248,16.0148,12.7713,9.64979,8.7605,9.10784,8.69367,9.24469,9.30557,9.76525,10.7979,11.6059,12.6809,13.2868,13.957,15.1647,15.4582,18.4775,20.9891,25.6402,30.2688,33.1166,36.5798,41.4771,46.3116,46.8715,49.4238,46.1563,53.2151,53.7361,51.5819,58.0752,58.9785,59.5527,61.8521,64.8364,66.7168,64.945,66.1193,62.4763,59.5498,57.9662
760.5,21.5822,20.2003,21.4832,23.335,21.5816,22.7272,22.0236,21.3608,20.0659,18.8818,18.6365,18.1425,17.6469,16.6297,18.354,17.4922,17.4573,18.2946,17.8424,16.6135,15.6655,12.4881,9.271,8.34588,8.83349,8.66116,9.06015,8.88783,9.33869,10.283,11.3089,12.2989,13.2141,13.7059,14.6065,15.1254,18.057,20.4394,25.1639,29.347,32.7554,35.6253,40.3399,44.97,45.1453,49.365,44.2707,52.0081,51.789,49.8206,56.359,57.8556,57.4087,60.2767,63.0855,65.4467,64.1725,65.4965,60.3999,57.3514,55.8807
761,21.284,20.4559,21.2311,23.1408,20.9887,22.1492,21.3425,20.6213,19.3451,18.1868,18.3817,17.1748,17.192,16.3033,17.93,16.8085,16.6201,17.7249,17.069,16.2607,15.0684,12.2115,8.98292,7.90433,8.64576,8.61328,8.85092,8.49022,9.22119,9.82542,10.8885,11.959,13.0609,13.6338,13.9346,14.7723,17.4231,19.8927,24.4024,28.2914,32.4519,35.4565,39.0114,42.4471,43.9177,48.1063,42.1632,50.4604,50.5766,49.1399,54.3345,56.1495,55.4355,59.0705,60.4144,63.1272,63.0812,64.3154,59.9152,55.8337,54.6868
761.5,21.1162,20.7775,20.8039,22.4681,20.8809,21.5752,20.6776,19.938,18.745,17.7638,18.0518,16.2718,16.6211,15.9186,17.4453,16.3933,16.3864,17.2579,16.4099,15.9852,14.4074,11.8761,8.72543,7.63991,8.40651,8.58713,8.63136,8.21983,8.95618,9.48307,10.4988,11.5999,12.8097,13.451,13.3522,14.6251,16.6059,19.292,23.6437,27.3241,31.7461,35.0982,37.6629,40.4473,43.4124,46.4696,39.0889,49.0786,49.2191,48.646,53.6118,54.7137,53.4061,58.4197,58.992,60.5596,62.0068,62.3837,58.9027,53.9125,52.9779
762,20.9145,20.3559,20.179,21.5056,21.0561,21.0056,20.2874,19.3357,18.3984,17.2724,17.5534,15.5956,16.0211,15.4541,16.8858,16.112,15.9395,16.3931,15.8275,15.6259,13.6491,11.4795,8.2872,7.58794,8.13851,8.49956,8.41743,8.08403,8.64871,9.28507,10.1397,11.205,12.3145,13.1574,12.8336,14.3328,15.9111,19.169,22.7318,26.9329,30.8981,34.1934,36.3115,38.9204,43.0129,44.4136,37.3569,47.5213,47.8002,47.6653,53.0055,53.5682,51.4041,58.3333,58.1578,59.1787,60.2509,60.1949,57.5809,52.7743,51.9481
762.5,20.3001,19.4482,19.6764,20.7473,20.8964,20.3957,19.9553,18.8586,18.1481,16.7048,16.7142,15.3369,15.5186,14.9819,16.368,15.9161,15.6878,15.6515,15.1471,15.2101,12.9938,11.1869,7.90776,7.53357,7.95241,8.42467,8.19038,7.92516,8.27981,8.92165,9.82598,10.7082,11.7723,12.5795,12.5959,14.0511,15.4255,19.1333,22.0391,26.3496,29.8784,33.3691,35.4088,38.413,42.4799,42.548,36.8702,45.769,46.6098,46.875,52.8354,52.5795,50.1253,57.3094,57.2053,57.7576,58.9112,57.9213,56.6166,51.7772,51.3505
763,19.8639,18.8221,19.2535,20.0999,20.2362,19.7888,19.3153,18.207,17.8928,16.221,16.206,15.0122,14.9406,14.5501,15.8207,15.59,15.381,14.9652,14.6964,14.7758,12.5652,10.7591,7.41077,7.49625,7.69695,8.06086,8.00275,7.79733,7.99652,8.63362,9.53568,10.2868,11.4129,11.8651,12.745,13.7157,15.1911,18.8773,21.3377,25.885,28.7736,32.4094,34.9906,37.6268,41.5077,40.4094,37.5367,43.8427,45.1883,46.0419,51.0089,51.6024,48.5836,54.7779,56.0958,56.5045,56.7009,55.5482,55.5964,50.7861,51.1495
763.5,19.1655,18.3167,18.9062,19.5429,19.4297,19.1288,18.5049,17.7408,17.3376,15.8584,15.6368,14.631,14.5481,13.9452,15.4899,15.2452,15.0758,14.793,14.1683,14.3165,12.1888,10.2178,7.03211,7.32126,7.45201,7.55391,7.74846,7.57111,7.88528,8.41644,9.2537,10.0492,10.9878,11.2698,12.8127,13.3539,15.2062,18.3488,20.591,24.8732,27.5524,31.5229,34.8359,37.4154,40.0048,40.0016,38.2055,42.6371,44.5296,44.7011,49.1154,50.3739,47.6641,51.761,54.4014,54.6961,54.9463,53.4714,54.29,50.129,50.1705
764,18.6204,18.0707,18.7359,19.0155,18.6598,18.8185,17.815,17.1444,16.6205,15.7931,15.1933,14.2344,14.2771,13.3554,15.1533,14.83,14.7595,14.6186,13.776,14.1315,12.0532,9.86236,6.82549,7.07792,7.23345,7.22342,7.48878,7.43384,7.72065,8.29725,8.94295,9.93288,10.7293,10.9258,12.7277,12.8103,15.3583,17.8031,20.1898,23.9413,26.7197,30.8541,34.2948,36.9229,38.9697,39.0961,37.5493,41.4248,43.5858,42.9807,47.205,48.7407,47.4601,49.072,53.8314,53.062,53.6022,51.3101,52.8166,49.9772,49.254
764.5,17.8483,17.9447,18.3705,18.4613,17.9621,18.4696,17.5423,16.6677,15.8664,15.6852,14.594,13.6441,14.0117,13.0051,14.9066,14.495,14.2018,14.3743,13.5373,13.8166,11.678,9.41789,6.72025,6.85111,7.01851,7.03255,7.25137,7.22762,7.6154,8.16682,8.76891,9.77185,10.5256,10.783,12.3885,12.4095,15.4297,17.3202,19.8659,23.5248,26.2599,29.7987,33.3318,36.3084,37.7458,38.98,37.1907,40.7754,42.074,41.2497,45.6124,47.6618,47.0758,46.608,52.8293,51.6717,52.6437,49.8038,51.323,48.988,47.9377
765,17.1811,17.4342,17.869,17.9113,17.3299,18.2941,17.52,16.1862,15.1952,15.4902,14.2551,13.1859,13.912,12.8441,14.6835,13.9468,13.5701,13.9436,13.3219,13.5695,11.0679,9.39029,6.59248,6.63454,6.84515,6.96016,7.00323,6.9249,7.34356,7.96019,8.61307,9.59951,10.4364,10.7786,12.0798,12.1319,15.4269,17.1893,19.4912,23.055,25.8218,29.2711,32.3351,35.8292,37.0007,38.4826,36.4133,40.1432,41.2536,39.7483,44.6885,46.5698,46.5524,45.1742,51.6593,51.0793,51.5511,48.1904,49.6023,47.6996,46.7408
765.5,16.6815,17.2766,17.1217,17.4454,16.698,17.8483,17.321,15.6781,14.5917,15.2556,13.9725,12.7535,13.4741,12.6876,14.3361,13.3166,13.1972,13.3397,13.0568,13.1993,10.672,9.15027,6.5335,6.38082,6.67829,6.82827,6.83217,6.75777,7.04057,7.63547,8.45309,9.34473,10.3424,10.6403,11.801,12.076,15.0803,16.7363,19.307,22.6119,24.7741,28.4395,31.4405,34.8606,36.3303,38.5446,35.8648,39.6363,40.2834,37.8231,43.514,45.7269,45.7485,43.6466,49.9999,49.9607,50.2068,47.4899,48.7297,45.8338,45.8776
766,16.2595,16.9182,16.6017,17.1596,16.3925,17.1204,16.9506,15.1055,14.3062,14.9434,13.8251,12.402,13.0917,12.4724,14.035,12.8028,12.8408,12.8291,12.6631,12.8631,10.228,8.91527,6.43928,6.20492,6.6031,6.7145,6.68184,6.659,6.8119,7.39651,8.20658,9.17709,10.1585,10.3652,11.4315,12.0387,14.5641,16.2445,18.7049,22.3586,23.613,27.5158,30.6547,33.8095,35.7626,37.7665,35.6345,39.1447,39.7926,36.5046,42.9419,44.9902,44.6138,43.3131,48.0222,48.2733,49.2756,47.6206,47.6378,44.2672,44.9289
766.5,15.9947,16.5936,16.0711,16.7077,16.3002,16.5325,16.5534,14.8489,14.0574,14.7017,13.4252,12.18,12.7173,12.2535,13.7793,12.4779,12.6542,12.5473,12.2566,12.5739,9.98621,8.69477,6.46542,6.07811,6.5413,6.5705,6.537,6.61972,6.65323,7.15458,8.00342,8.98474,9.95031,10.1707,10.8874,12.0145,13.987,15.7756,18.3456,21.9189,22.7429,26.9742,29.7686,32.4521,35.006,37.0862,35.3843,38.2408,39.0943,36.3084,42.4063,44.0672,43.6631,43.4049,46.4272,46.6611,48.0195,48.0188,46.6129,43.1188,43.4544
767,15.6325,16.0216,15.8981,16.302,16.3652,15.927,16.2707,14.3221,13.647,14.3021,13.0479,12.0353,12.3217,11.9147,13.3921,12.4865,12.4365,12.3464,11.9838,12.137,9.6668,8.57972,6.36231,6.09676,6.53675,6.42119,6.47521,6.54679,6.5622,6.93898,7.76484,8.76442,9.75406,9.90869,10.246,11.8317,13.4302,15.423,17.6847,21.3572,21.7387,26.3166,28.293,31.1384,33.9304,35.918,34.4959,37.1054,38.3638,36.2518,41.7213,42.9602,43.0016,43.686,45.2434,45.4423,47.2973,47.3881,45.4393,42.1986,42.2346
767.5,15.2311,15.3179,15.7209,15.7627,16.2244,15.6883,15.8452,14.0583,13.1648,13.9571,12.618,11.892,12.0359,11.7359,13.0392,12.227,12.2804,12.1242,11.8715,11.8744,9.42212,8.3068,6.28948,6.19392,6.45463,6.31224,6.37315,6.41,6.41516,6.81321,7.46268,8.46518,9.65874,9.79489,10.04,11.4639,12.8877,14.9873,17.1184,20.6865,21.0338,25.7261,27.5656,30.3233,33.134,34.6103,33.6606,36.1275,37.6547,36.4789,40.7258,42.0294,41.852,43.1966,44.8323,45.4122,46.3748,46.2543,44.4228,40.4379,41.0157
768,14.8864,14.4919,15.5751,15.353,16.0054,15.3425,15.2918,13.9187,12.7944,13.5381,12.1732,11.7317,11.6339,11.4468,12.6217,11.9422,12.1858,11.8347,11.6694,11.6072,9.2942,8.07352,6.10375,6.15017,6.41686,6.1681,6.2832,6.25499,6.16336,6.69508,7.25184,8.31046,9.44256,9.57224,10.0401,11.11,12.5463,14.7006,16.493,20.0163,20.9674,25.0761,27.0463,29.8038,32.5383,33.7099,32.8652,35.376,36.8451,35.7834,39.5529,40.8599,40.9902,42.128,44.4116,45.1886,45.6164,44.3486,43.6318,39.1207,39.8799
768.5,14.424,14.0998,15.184,15.0429,15.7498,15.0963,14.9517,13.6116,12.4524,13.1178,11.9276,11.492,11.2837,11.2268,12.3613,11.7642,12.0439,11.6579,11.3692,11.2815,9.3218,7.92607,5.97503,6.00036,6.25457,6.10503,6.21612,6.06251,5.8956,6.53964,7.13491,8.04436,9.12209,9.29113,10.0951,10.8402,12.0926,14.4258,15.9968,19.2866,21.0208,24.3641,27.1317,29.0513,32.1137,32.4689,32.1539,34.8209,36.0613,34.4176,38.7737,39.8165,40.1119,40.7394,43.1715,44.9303,44.3124,42.9783,42.7697,38.0395,39.5672
769,14.1979,13.7652,14.6481,14.9297,15.4156,14.9572,14.7867,13.3449,12.3159,12.811,11.5083,11.1785,11.0451,10.8976,12.0836,11.606,11.9643,11.2761,10.9932,11.0805,9.30576,7.84496,5.76559,5.84929,6.04957,5.94309,6.16518,5.86287,5.81485,6.43205,7.04384,7.76922,8.70589,9.05238,10.0221,10.6968,11.7177,14.2509,15.8526,18.8199,21.0354,23.8225,26.6995,28.254,31.4418,31.627,31.5321,34.5543,35.1956,33.3599,37.8295,38.7712,39.0797,40.0372,41.9372,44.2661,43.02,41.3929,41.6956,37.5298,38.4477
769.5,13.8022,13.5611,14.0639,14.8553,14.9674,14.8894,14.6307,12.96,12.2144,12.4979,11.3995,10.8455,10.8398,10.6256,11.773,11.1812,11.8238,11.0842,10.6284,10.7534,9.17365,7.77721,5.65675,5.70555,5.77661,5.84967,6.05639,5.61376,5.76444,6.33177,6.93528,7.64839,8.41803,8.78908,9.86034,10.5432,11.2518,13.8529,15.8455,18.2498,20.699,23.2629,25.8931,27.2925,30.1442,30.9884,30.6052,33.767,34.4076,32.206,37.4566,37.7908,37.946,39.6668,40.4033,43.2195,41.2578,39.8676,40.3447,37.3895,37.5168
770,13.4477,13.2616,13.7039,14.5979,14.532,14.764,14.2102,12.7414,12.0852,12.2195,11.3267,10.5302,10.6079,10.2277,11.2068,10.8895,11.5129,10.9698,10.2653,10.5186,9.04345,7.54563,5.55959,5.65665,5.5963,5.61315,5.98076,5.45119,5.76804,6.19425,6.73462,7.51368,8.25212,8.62478,9.73437,10.1706,11.0398,13.3941,15.6868,17.9973,20.0355,22.7263,24.9615,26.7351,29.31,30.4191,29.7098,32.8684,33.4024,31.344,36.3094,37.1234,36.7929,39.3908,39.3869,42.1928,40.161,37.956,38.0225,36.559,35.9165
770.5,13.0034,12.8709,13.4923,14.3326,14.124,14.3195,13.8343,12.57,12.1149,11.8882,11.3897,10.3139,10.2251,9.96546,10.7261,10.4467,11.193,10.6795,9.97187,10.5283,8.93508,7.30697,5.56262,5.54438,5.47844,5.46118,5.84978,5.40261,5.74429,6.0405,6.50554,7.46727,8.14309,8.4812,9.64837,9.88039,10.9187,13.0237,15.5034,17.5639,19.5803,21.7568,24.6838,26.3637,28.4987,29.6779,29.1532,31.911,32.819,31.5411,34.8046,36.1397,35.8448,37.8387,38.0249,41.3904,39.8294,37.0096,36.1079,35.4202,34.7237
771,12.821,12.6287,13.2898,13.8313,13.8578,13.8762,13.6628,12.3082,11.9927,11.646,11.4184,10.2624,9.83489,9.76723,10.4955,10.2679,10.7677,10.6801,9.83406,10.5137,8.75847,7.15508,5.58993,5.39522,5.36677,5.31559,5.64126,5.31441,5.5297,5.90879,6.22871,7.36967,7.91991,8.29739,9.42778,9.43861,10.9239,12.6292,15.227,16.9716,19.0779,20.4459,24.5896,26.0847,28.2812,28.4732,28.786,31.267,32.2426,31.8611,33.6325,35.1533,35.3541,36.0683,36.156,40.0838,39.5222,36.7409,35.1183,34.2194,33.9024
771.5,12.7362,12.4139,12.9494,13.4408,13.6828,13.3225,13.4158,12.0931,11.7193,11.4752,11.1492,10.2557,9.65716,9.64411,10.493,10.1895,10.5333,10.5698,9.69765,10.3799,8.53817,7.01237,5.53095,5.21995,5.28018,5.17254,5.46546,5.2488,5.37994,5.74783,6.02127,7.14426,7.71312,8.06502,9.211,9.22936,10.7389,12.4275,14.922,16.3935,18.4466,19.6254,24.7381,25.6865,28.0785,27.7478,28.1636,30.718,31.6553,31.7312,33.1231,34.1517,35.0207,34.5559,34.6285,39.0425,38.7927,36.9242,34.8959,33.2751,32.8891
772,12.6795,11.9317,12.5209,12.8016,13.2599,12.8773,13.0311,11.8525,11.4627,11.3652,10.808,9.9531,9.69452,9.6726,10.6578,10.0307,10.2226,10.3322,9.61358,10.1657,8.27311,6.92409,5.41785,5.10603,5.2459,5.06837,5.2903,5.16072,5.26423,5.65994,5.91564,7.03456,7.482,7.91835,8.91339,8.93566,10.4647,12.0374,14.6301,15.9453,18.2684,19.1903,24.4871,25.182,27.4419,27.271,27.4937,29.8568,30.6998,31.3552,32.8722,33.4351,34.6546,33.9375,33.4151,37.5344,37.9581,37.3396,35.6841,31.5137,32.2001
772.5,12.5802,11.5242,12.0942,12.1698,12.9363,12.6153,12.6844,11.7429,10.9274,11.1854,10.4673,9.65845,9.7871,9.52196,10.5661,9.86927,10.0219,10.1088,9.4493,9.91858,8.0637,6.79171,5.28948,5.02319,5.22029,5.02913,5.21542,5.08321,5.20106,5.61928,5.9933,6.96874,7.19528,7.65936,8.62504,8.70756,10.1409,11.5932,14.2127,15.8161,17.8649,19.3951,23.7403,24.786,26.8008,26.7891,26.5285,28.8841,30.036,30.482,32.6354,33.0455,33.5911,33.2567,32.6186,36.2599,36.7567,36.277,34.9518,29.7412,30.9374
773,12.4665,11.1545,11.8991,11.9421,12.7275,12.2627,12.4808,11.5537,10.5596,11.0171,10.2187,9.30495,9.79373,9.52293,10.4492,9.60284,9.85896,9.85511,9.38057,9.81177,7.82938,6.68062,5.21319,4.97309,5.01988,4.97679,5.13021,4.97055,5.14585,5.53894,5.96491,6.87483,7.00915,7.42471,8.31442,8.41626,9.83503,11.1603,13.8972,15.6698,17.6823,19.2472,22.7425,24.2847,25.7852,26.5491,25.7546,27.7782,29.5749,29.8287,31.766,32.1949,32.8713,32.7825,31.6292,35.3743,35.6699,35.3763,33.9029,28.4787,29.93
773.5,12.2302,10.9386,11.8516,11.8098,12.5172,12.2002,12.309,11.3019,10.2231,10.8401,10.0106,9.26186,9.61493,9.34815,10.2994,9.44828,9.65424,9.70525,9.34459,9.68062,7.63367,6.53493,5.07331,4.90045,4.84725,4.93026,5.11196,4.88123,5.09834,5.40924,5.89714,6.78963,6.79688,7.19047,8.04641,8.19532,9.62193,10.8283,13.5145,15.4357,17.2523,18.741,21.7674,23.8518,24.5705,25.7065,25.2027,26.6298,29.0782,28.9446,30.8204,31.2707,31.9292,31.8448,30.6123,34.2735,34.7545,34.0271,32.3329,27.8236,29.3868
774,11.8224,10.8084,11.8731,11.8765,12.5343,12.0725,12.2754,11.2331,10.0345,10.516,9.94998,9.24053,9.4547,9.15532,10.1983,9.35124,9.47277,9.73427,9.3976,9.52333,7.46166,6.40812,4.89345,4.74905,4.63775,4.85209,5.06041,4.76101,5.05667,5.34257,5.74984,6.68885,6.57117,6.98393,7.84872,8.08406,9.55066,10.5727,13.1809,15.1904,16.6381,18.2769,20.9245,23.2243,23.7317,25.038,25.0623,25.762,28.2287,28.2073,30.0577,30.5448,30.68,30.9594,30.2944,33.2429,33.9221,32.8382,31.2441,27.8247,28.9423
774.5,11.5871,10.7155,11.815,11.8629,12.2342,11.9718,12.1774,11.0735,9.95856,10.3017,9.81171,9.2106,9.31681,8.94414,10.1728,9.27624,9.56066,9.70532,9.33276,9.24235,7.40424,6.33964,4.83741,4.68121,4.55585,4.79184,4.96946,4.6701,4.94103,5.32943,5.48879,6.5652,6.46275,6.83809,7.69219,8.06208,9.37483,10.3251,12.9059,15.0413,16.0979,17.7306,20.4806,22.6974,23.1425,24.1714,24.8134,25.2576,26.7611,27.6265,29.505,29.458,29.7017,30.2637,30.3784,32.1486,33.3954,32.0378,30.6937,27.8366,28.5167
775,11.2577,10.6226,11.6797,11.8684,11.9109,11.8741,11.9202,10.961,9.84286,10.1735,9.65175,9.17921,9.23895,8.813,9.88309,9.1231,9.64351,9.66529,9.17602,8.98235,7.3271,6.27478,4.78279,4.6211,4.49623,4.70646,4.86083,4.57577,4.87854,5.32077,5.38951,6.43039,6.39554,6.72233,7.61441,7.96964,9.23436,9.98807,12.5367,14.9276,15.7683,17.5695,20.157,21.9819,22.7963,23.3818,23.985,25.019,25.5603,26.9539,28.787,28.7025,28.5271,29.9373,30.2167,31.4044,32.5013,30.7839,30.5168,27.7132,28.3442
775.5,10.9627,10.5525,11.4167,11.8779,11.5346,11.6911,11.5471,10.8146,9.83893,10.075,9.36368,9.13604,9.10712,8.64119,9.71988,9.08912,9.64746,9.50608,9.04182,8.80306,7.2433,6.17938,4.80978,4.58388,4.38744,4.68691,4.73611,4.49876,4.83071,5.20837,5.31523,6.29191,6.38836,6.66512,7.42339,7.77895,8.95272,9.78674,12.0604,14.5932,15.6362,17.0745,20.0038,21.2323,22.177,22.6588,23.0987,24.9036,24.6344,25.9799,28.0333,27.6474,27.9609,29.3511,29.9184,30.6757,32.055,29.5659,30.3338,27.7242,27.6978
776,10.5731,10.4785,11.1599,11.6202,11.1102,11.62,11.177,10.7611,9.91537,9.91334,9.08984,8.98538,8.77983,8.51148,9.4431,9.00007,9.63483,9.29877,9.03803,8.69596,7.18131,6.10462,4.75274,4.47491,4.31646,4.65034,4.72854,4.44356,4.7842,5.01383,5.32502,6.19102,6.45898,6.70124,7.23356,7.53808,8.70279,9.6325,11.5954,14.1757,15.4273,16.7908,19.4242,20.502,21.5545,21.8134,22.326,24.6531,24.0253,24.5005,27.0608,27.1437,27.5216,29.2333,29.44,29.9288,30.9186,28.0772,29.7408,27.1253,26.948
776.5,10.1852,10.3478,10.9352,11.198,10.981,11.4466,10.8747,10.6272,9.93367,9.58392,8.95427,8.8149,8.54635,8.28614,9.24683,8.81901,9.5855,9.14867,8.87088,8.48468,7.26607,6.09413,4.73744,4.35366,4.28422,4.64793,4.6755,4.35689,4.69818,4.81622,5.36866,6.11802,6.40315,6.79385,7.0448,7.28167,8.39937,9.7643,11.3801,13.5992,15.1981,16.4684,18.8765,19.9798,21.0379,21.0657,21.8774,24.0842,24.0342,23.1069,26.2938,26.3733,27.035,29.1677,29.0168,29.1213,30.2462,27.2978,28.7988,26.6435,26.0352
777,9.97299,10.0649,10.6864,10.6141,10.8597,11.0822,10.8716,10.4687,9.92988,9.28394,8.90944,8.64555,8.40424,8.06715,9.07695,8.68058,9.31761,8.99179,8.77169,8.36078,7.235,6.06473,4.70249,4.28183,4.30933,4.68916,4.62039,4.32926,4.62482,4.66415,5.35821,6.05955,6.3612,6.76058,6.96557,7.10602,8.13069,9.76606,11.289,13.0396,14.8033,16.2672,18.3484,19.6731,20.7172,20.0909,21.6817,23.3357,23.5343,22.2923,25.855,25.4512,26.7481,29.0631,28.1466,28.7766,28.96,27.0085,28.0112,25.9221,24.9004
777.5,9.85336,9.78961,10.3812,9.95474,10.875,10.8994,10.7761,10.2692,9.58283,9.02459,8.88239,8.40267,8.45481,7.86105,9.05328,8.37425,9.1905,8.89069,8.53382,8.28589,7.19276,6.05102,4.64639,4.28245,4.41877,4.66241,4.52543,4.28871,4.45241,4.66301,5.33912,5.90466,6.30342,6.62305,6.96699,6.91206,8.06127,9.43786,11.3512,12.5875,14.3769,16.1802,17.5083,19.3864,20.3509,19.6047,21.2621,22.717,23.2784,22.1955,25.0672,24.7217,26.115,28.603,27.1294,28.5976,27.8201,27.0472,26.7833,25.2165,24.4449
778,9.9056,9.587,10.124,9.69005,10.9958,10.8654,10.7705,10.1779,9.34318,8.86314,8.76145,8.26411,8.45758,7.82585,9.10346,8.39967,8.87373,8.75189,8.41619,8.25637,7.13669,5.95028,4.65679,4.30314,4.48845,4.68461,4.48614,4.24542,4.38188,4.66836,5.27989,5.68412,6.29017,6.43327,6.90952,6.85426,7.91688,9.19372,11.2583,12.3515,14.042,15.8294,16.7821,18.8868,19.7915,19.4435,20.3468,22.1913,22.5044,22.1891,24.2705,24.0166,25.718,27.6693,26.4645,28.5634,26.7805,27.2571,26.0861,24.8178,24.2785
778.5,9.8,9.59571,9.84843,9.59384,11.0646,10.8622,10.6755,10.1063,9.14507,8.67006,8.59174,8.13614,8.41712,7.77624,9.1159,8.45614,8.66175,8.65834,8.29069,8.27238,7.15429,5.8627,4.57081,4.30032,4.4805,4.62582,4.42126,4.21548,4.37328,4.71948,5.20694,5.5397,6.19078,6.30771,6.76163,6.66623,7.82197,8.94152,10.9069,12.1592,13.5151,15.2906,16.1954,18.3928,19.2812,19.3422,19.3897,21.716,22.0855,21.9181,23.4198,23.843,25.0207,26.7648,25.6707,28.2498,25.6458,27.0569,25.4757,24.4167,24.2007
779,9.69745,9.49621,9.67713,9.73469,11.1008,10.8716,10.5113,9.9936,8.91944,8.47116,8.58673,8.12673,8.33963,7.7139,9.07819,8.50166,8.49996,8.50514,8.18231,8.3309,7.28651,5.80553,4.56652,4.2557,4.42413,4.57181,4.37303,4.17681,4.3638,4.73388,5.05192,5.4619,6.1281,6.20325,6.54283,6.52699,7.53983,8.80601,10.5279,11.9343,13.0468,14.7823,15.7657,17.7789,19.0248,19.2284,18.9842,21.4892,21.6942,21.2753,23.1774,23.4184,24.4903,26.0966,25.4586,27.6615,24.7516,26.3031,24.9071,23.8339,23.7752
779.5,9.46924,9.51277,9.54792,9.83067,10.8701,10.5945,10.3663,9.74055,8.68554,8.45164,8.64221,8.05604,8.21324,7.70945,9.05,8.38294,8.16195,8.38002,8.259,8.33121,7.24413,5.73215,4.53331,4.22895,4.30937,4.53294,4.28157,4.10988,4.37052,4.72251,4.97311,5.42915,6.03582,6.16742,6.30017,6.41888,7.37202,8.67176,10.1409,11.7055,12.6228,14.2626,15.5975,17.0727,19.0241,18.8005,18.7424,21.0213,21.375,20.7035,23.0711,23.1541,24.0161,25.5281,24.9193,26.7529,24.2214,25.6541,24.302,23.1318,23.328
780,9.15314,9.31681,9.46157,9.87972,10.6312,10.4067,10.3052,9.5067,8.46491,8.46653,8.64427,7.91269,7.98394,7.69407,8.87921,8.18876,8.07665,8.09549,8.26386,8.36888,7.0729,5.63877,4.55139,4.26429,4.2511,4.51901,4.21258,4.04182,4.34784,4.66141,4.91351,5.40313,5.9117,6.1447,6.27983,6.3019,7.3397,8.40575,9.84769,11.5914,12.2998,13.8251,15.2723,16.5217,18.7986,18.7805,18.7994,20.6913,20.9967,20.3098,22.957,22.4916,23.6967,24.7684,24.0916,25.7445,23.435,25.0901,23.8458,22.4712,22.6316
780.5,8.8607,9.22775,9.42405,9.86272,10.2717,10.2016,10.0808,9.26357,8.35868,8.51403,8.65662,7.69333,7.78901,7.71503,8.79805,7.99244,8.08381,8.00178,8.21685,8.23065,6.92899,5.54723,4.53896,4.22685,4.22132,4.52875,4.1619,4.0188,4.31443,4.53227,4.88708,5.29506,5.78799,6.10063,6.2128,6.30509,7.39051,8.21692,9.72514,11.5211,12.2262,13.7827,15.0533,16.1989,18.3834,18.7263,18.7436,19.9817,20.3737,20.4191,22.6184,21.7205,23.2559,23.9732,22.9934,24.9987,22.9475,24.6301,23.2284,22.2848,22.2268
781,8.61691,9.06744,9.29378,9.77186,10.1131,10.0189,9.81997,9.11737,8.4682,8.40759,8.56643,7.5028,7.67646,7.67641,8.47236,7.90954,8.14914,7.9759,8.10739,8.13269,6.787,5.48836,4.51643,4.15874,4.23825,4.4739,4.16591,4.03036,4.26741,4.40445,4.85,5.26524,5.67261,6.05085,6.22912,6.22272,7.36946,7.9488,9.69356,11.3737,12.1269,13.7603,14.9123,16.2316,17.8221,18.6958,18.5005,19.1969,19.9953,20.2624,22.0344,20.9,22.8213,23.1885,21.913,24.2665,22.4154,24.2379,22.9711,21.8377,21.7423
781.5,8.49472,8.91596,9.13858,9.66702,9.96576,10.0043,9.47311,8.98868,8.5717,8.36018,8.56633,7.36309,7.70631,7.60182,8.22749,7.77642,8.21947,7.9712,8.0448,8.02665,6.7898,5.50867,4.47842,4.09128,4.2362,4.38703,4.15653,3.99569,4.16524,4.2985,4.83918,5.28299,5.61434,5.95614,6.21479,6.15357,7.26823,7.72983,9.56414,11.0959,12.0865,13.8708,14.7673,16.1957,17.1683,18.4617,18.4137,18.7574,19.6705,20.0692,21.5115,20.8417,22.4926,22.6012,21.3981,23.7326,21.9565,24.1384,22.449,21.866,21.3088
782,8.4508,8.84791,8.88748,9.58104,9.78193,9.95105,9.22574,8.93265,8.53998,8.40537,8.44762,7.27088,7.7603,7.63944,8.05682,7.61978,8.28183,8.00484,8.11289,8.12442,6.88797,5.5275,4.37085,3.99948,4.22125,4.22569,4.17128,3.94087,4.12385,4.26027,4.82042,5.29507,5.54769,5.79737,6.16899,6.0725,7.08421,7.50551,9.27901,10.6686,11.9856,13.5831,14.6129,16.0056,16.9653,17.8096,17.9523,18.4276,19.4132,20.0923,21.144,20.6361,22.0798,21.9551,21.5653,23.3193,21.478,23.5443,22.0067,21.4345,20.7539
782.5,8.49898,8.6168,8.70088,9.53131,9.60295,9.98369,9.04564,8.84056,8.36432,8.54177,8.28838,7.26445,7.77499,7.63787,7.9651,7.42611,8.29401,7.98753,7.95956,7.92644,6.9076,5.38686,4.30294,3.90741,4.18129,4.15527,4.20266,3.85318,4.0628,4.23648,4.78294,5.26273,5.49739,5.68226,6.11474,6.02352,6.88395,7.20581,8.89512,10.4514,11.8014,13.2665,14.4206,15.5667,16.793,17.2658,17.536,18.198,19.2904,19.8919,20.7704,20.8105,21.7154,21.0819,22.0196,23.1612,21.0463,23.1785,21.6611,21.2754,20.2948
783,8.56336,8.44821,8.64016,9.54313,9.41898,9.84289,8.97171,8.65856,8.12236,8.65367,8.11214,7.23617,7.62162,7.61377,8.0039,7.38165,8.20159,7.95858,7.82973,7.76656,6.76893,5.32175,4.18001,3.90167,4.12966,4.10108,4.19309,3.81609,3.98902,4.22265,4.78104,5.26937,5.40498,5.56032,5.93132,5.9086,6.75655,7.06757,8.57818,10.2734,11.5244,12.9314,14.182,15.3164,16.5541,16.9137,17.0946,17.9349,19.1201,19.5618,20.3471,20.3323,20.9827,20.5191,22.0191,23.0346,20.501,22.739,21.3991,20.9972,19.9162
783.5,8.69968,8.27073,8.67401,9.55044,9.34016,9.62262,9.04718,8.66752,8.18976,8.48484,7.90549,7.14999,7.50213,7.47467,8.08562,7.42642,8.07098,7.84928,7.70719,7.6378,6.68524,5.22302,4.1663,3.77729,4.13661,4.10817,4.18432,3.81341,3.96988,4.17636,4.71104,5.14318,5.38454,5.41319,5.74746,5.77944,6.59015,6.92359,8.32162,10.0928,11.2073,12.7465,13.9462,15.1118,16.1322,16.7406,16.5761,17.3553,18.9388,19.1787,19.9019,19.6526,20.3179,20.4102,21.4054,22.7739,20.0427,22.3176,21.2003,20.7295,19.6295
784,8.73581,8.3041,8.80916,9.42907,9.28254,9.48936,9.12464,8.6473,8.30297,8.27547,7.68725,7.10529,7.24739,7.35991,8.01964,7.43633,7.91917,7.71299,7.64329,7.77094,6.51435,5.2323,4.1616,3.75516,4.10625,4.07349,4.11674,3.77065,3.94125,4.06836,4.58042,5.04739,5.42619,5.33192,5.62798,5.68828,6.51298,6.88821,8.26705,9.95007,11.1108,12.5563,13.7471,14.9496,15.6175,16.5708,16.2656,16.9734,18.792,18.5634,19.3208,19.3695,19.9361,20.6215,20.8033,22.4342,19.6702,22.0493,20.9795,20.1575,19.5301
784.5,8.54093,8.31174,8.93514,9.11714,9.21822,9.35945,9.22867,8.61188,8.47629,8.15264,7.39298,7.14616,7.1103,7.30783,8.04352,7.39253,7.67109,7.63389,7.59878,7.82615,6.47018,5.33879,4.17888,3.71918,4.03465,4.09852,4.05779,3.74275,3.96659,4.01846,4.51001,5.00887,5.39235,5.28711,5.4984,5.57564,6.48194,6.84776,8.06021,9.86434,10.8915,12.4305,13.4206,14.4834,15.1943,16.4778,16.0052,16.6424,18.5638,18.1569,18.8709,19.1466,19.4569,20.6454,20.2845,21.6951,19.4576,21.5164,20.7855,19.5427,19.3609
785,8.23547,8.26228,9.04676,8.7276,9.08778,9.2282,9.22154,8.62577,8.5411,8.08895,7.14172,7.21479,7.13828,7.23859,7.94347,7.28709,7.38257,7.53456,7.61053,7.72257,6.29978,5.35299,4.14993,3.66937,3.99019,4.13439,4.01708,3.68785,3.96519,4.01437,4.43721,4.95238,5.31356,5.25591,5.37167,5.53187,6.45208,6.86253,8.05476,9.64402,10.7693,12.2987,13.1187,14.0624,14.8102,16.3506,16.0911,16.5142,18.4413,17.948,18.5535,18.9884,19.2402,20.6798,20.1648,21.1894,19.2159,21.0302,20.5134,19.1005,19.0419
785.5,8.02822,8.14163,9.01217,8.40257,9.00078,8.98975,9.1063,8.48486,8.53529,8.0742,7.13536,7.26428,7.32473,7.17952,7.80084,7.3144,7.08225,7.6394,7.59502,7.5238,6.2309,5.38602,4.11389,3.65614,3.92674,4.15773,3.97287,3.65883,3.85495,4.0445,4.42926,4.92287,5.04408,5.26614,5.29862,5.54965,6.40841,6.86262,7.98753,9.50208,10.5049,12.0118,12.7468,13.5999,14.5917,16.2166,16.0377,16.3209,17.9202,17.7569,18.445,18.8485,19.0227,20.5316,20.0315,20.8011,18.9651,20.6104,20.3534,18.7297,18.6364
786,7.86252,8.0901,8.9725,8.23669,9.00717,8.88911,8.96011,8.47474,8.41409,7.91289,7.22683,7.2097,7.50471,7.10508,7.70594,7.34727,6.99491,7.57635,7.54519,7.25321,6.3009,5.284,4.1034,3.59635,3.92736,4.1236,3.89046,3.58427,3.78609,4.04782,4.43881,4.83174,4.77154,5.31057,5.23738,5.55948,6.23179,6.8098,7.92785,9.18792,10.3258,11.6717,12.5571,13.4146,14.3752,15.8309,16.021,15.9224,17.404,17.5852,18.1914,18.4637,18.9945,20.1649,19.9457,20.8696,18.7815,20.3813,20.1535,18.288,18.3813
786.5,7.81899,8.06709,8.88942,8.32125,8.96123,8.90371,8.82889,8.19506,8.29736,7.79651,7.4345,7.1678,7.52244,6.97545,7.65454,7.20765,7.00524,7.55516,7.5194,6.97384,6.25325,5.26274,4.06056,3.56492,3.9597,4.03752,3.89287,3.48333,3.72484,3.95561,4.43922,4.76438,4.69744,5.27445,5.17532,5.49403,5.907,6.55452,7.83099,9.06632,10.1542,11.4023,12.3596,13.422,14.4335,15.3812,15.7919,15.6493,17.2306,17.4169,18.0931,18.25,18.9562,19.7763,19.5663,21.0249,18.6414,20.1683,19.9519,17.5765,18.1911
787,7.74785,8.04087,8.77751,8.4849,8.77544,9.03233,8.73476,8.07172,8.09038,7.72592,7.573,7.02865,7.32398,6.87557,7.64992,7.04113,7.17596,7.55805,7.48869,6.70933,6.16738,5.21444,4.05225,3.53052,3.957,3.97816,3.86454,3.42523,3.74276,3.94592,4.39355,4.74723,4.72913,5.15288,5.09496,5.35461,5.63109,6.4204,7.77949,9.0719,10.0482,11.1651,12.2944,13.3626,14.5062,15.0935,15.5506,15.6047,16.9981,17.2845,18.1084,18.0048,18.9413,19.1236,18.7724,20.9211,18.4244,19.9133,19.8649,17.1836,18.1252
787.5,7.71663,8.00532,8.54753,8.66062,8.50803,9.06777,8.69334,7.93432,8.04759,7.72086,7.59602,6.98998,7.13777,6.69779,7.67297,7.00194,7.19671,7.54594,7.48736,6.59448,6.10595,5.14348,4.09142,3.4775,3.93039,3.9319,3.90798,3.35737,3.74893,3.90702,4.31439,4.70926,4.87074,5.04144,5.02883,5.19232,5.40526,6.32408,7.82884,9.02801,9.839,11.0187,12.3679,13.1727,14.4505,14.7169,15.3007,15.6411,16.9309,17.1244,17.9389,17.5937,18.7331,18.8511,17.7679,20.7542,18.1022,19.4241,19.4844,16.8369,17.6824
788,7.82882,7.90301,8.41731,8.65798,8.21127,8.95009,8.65156,7.94965,8.01482,7.70463,7.36275,6.94789,7.07305,6.63617,7.6141,7.03259,7.13509,7.55707,7.42795,6.73141,6.0488,5.1173,4.08765,3.44839,3.92911,3.92118,3.93628,3.34377,3.73238,3.87151,4.2578,4.66406,4.83403,4.99522,5.04334,5.0408,5.42344,6.30579,7.80928,8.87962,9.59709,10.8019,12.2809,13.0007,14.3705,14.4158,14.9125,15.4621,16.7003,16.9016,17.7719,17.4764,18.535,18.2555,17.4838,20.3636,17.8982,19.3663,19.1217,16.5882,16.9775
788.5,7.83817,8.0033,8.32467,8.44661,8.21998,8.91524,8.69934,7.91595,7.74001,7.65182,7.11828,6.81593,7.05512,6.57382,7.63103,7.06741,7.1109,7.56043,7.33621,6.92371,6.0569,5.07791,4.07616,3.44708,3.89959,3.88604,3.91643,3.34851,3.70229,3.79617,4.24802,4.65804,4.7952,5.01333,5.052,4.96655,5.46299,6.31335,7.70919,8.77803,9.55686,10.6886,12.0595,12.9338,14.2618,14.0229,14.6235,15.0594,16.504,16.4328,17.4417,17.2468,18.0195,18.0062,17.4003,19.8493,17.717,19.3068,18.6894,16.1405,16.3434
789,7.80483,8.00541,8.30599,8.2948,8.31643,8.75893,8.55541,7.90217,7.51896,7.56885,6.96079,6.68409,7.02712,6.58767,7.58437,7.05765,7.24369,7.51567,7.21154,6.96108,6.15004,5.10518,3.99957,3.47173,3.87592,3.83349,3.90015,3.37985,3.6926,3.7227,4.24318,4.62738,4.74714,5.0312,4.99017,4.94771,5.64828,6.25503,7.64015,8.6744,9.5283,10.4366,11.9195,12.7698,14.153,13.663,14.353,14.4548,16.4127,16.1107,17.0069,17.3315,17.6183,17.5835,17.5032,19.2519,17.434,19.3077,18.4143,15.4798,15.9095
789.5,7.74851,7.89315,8.14973,8.31475,8.41269,8.49042,8.47721,7.82402,7.28272,7.38255,6.93621,6.651,6.92882,6.64636,7.51519,6.99614,7.22897,7.43762,7.07407,6.87872,6.26228,5.02429,3.97117,3.47387,3.78495,3.8319,3.87999,3.45315,3.71333,3.70725,4.22111,4.60821,4.68316,5.04319,4.94163,4.95659,5.74037,6.19849,7.50215,8.55678,9.46083,10.2578,11.8412,12.7359,14.1037,13.2529,14.237,13.8495,16.2072,15.964,16.9479,17.1587,17.2532,17.4419,17.6213,18.8007,17.136,19.046,18.1999,15.3871,15.6805
790,7.66438,7.84029,7.93238,8.39693,8.22809,8.13571,8.21718,7.82655,7.25318,7.35751,6.99711,6.5934,6.82922,6.61554,7.50896,6.96314,7.17519,7.34753,6.94919,6.7243,6.29064,5.02601,3.96116,3.47895,3.67849,3.81859,3.87569,3.51827,3.6586,3.73166,4.2257,4.50335,4.6442,5.01499,4.9345,4.9451,5.75571,6.15186,7.45358,8.55347,9.21819,10.064,11.7523,12.5045,14.0157,13.0553,13.9296,13.4864,16.0508,15.8773,16.8025,16.956,16.9453,17.3338,17.3813,18.6284,16.909,18.6858,17.91,15.7822,15.6028
790.5,7.5088,7.72041,7.74725,8.45528,8.02481,7.80887,8.03447,7.77499,7.29846,7.30421,6.97038,6.61239,6.83401,6.56448,7.47589,6.87471,6.97321,7.23216,6.83693,6.73974,6.25196,4.90754,3.9422,3.46364,3.59102,3.73448,3.85597,3.52953,3.5986,3.67806,4.18677,4.39867,4.55294,4.9327,4.88356,4.9426,5.59473,6.15739,7.34317,8.55722,9.07826,9.97349,11.5575,12.3347,13.9127,13.0602,13.5147,13.5186,15.7189,15.7517,16.6509,16.483,16.7359,17.2527,17.1895,18.439,16.6925,18.365,17.5506,16.2308,15.7326
791,7.41408,7.58526,7.64308,8.47493,7.8065,7.66369,7.95228,7.67547,7.20242,7.29558,6.91962,6.61213,6.77655,6.38672,7.48258,6.79898,6.85068,7.15463,6.76053,6.88378,6.15193,4.81597,3.87469,3.4774,3.51986,3.60195,3.77688,3.48182,3.55844,3.65429,4.15508,4.35436,4.43236,4.89167,4.87075,4.85168,5.37821,6.15167,7.22393,8.51223,8.82717,9.96405,11.1593,12.1749,13.5231,13.1591,13.1496,13.5239,15.4127,15.1265,16.3716,16.0752,16.4306,17.119,17.0358,18.1616,16.2724,18.2033,17.1289,16.4575,15.783
791.5,7.33588,7.53433,7.57174,8.37901,7.79547,7.68472,7.93858,7.60352,7.04202,7.23322,6.82228,6.63894,6.72721,6.23871,7.32006,6.76069,6.66776,7.07079,6.71449,6.98125,6.04846,4.73325,3.77323,3.52236,3.51139,3.5373,3.66721,3.42727,3.5616,3.59171,4.082,4.33675,4.32957,4.81267,4.73943,4.68105,5.21674,6.09615,7.13619,8.42967,8.62471,9.83842,10.6738,11.8501,13.0449,13.2554,12.838,13.5338,15.1036,14.6784,16.0059,15.9105,16.2223,16.9446,17.0028,17.68,15.7569,17.9974,16.6446,16.4549,15.8626
792,7.27257,7.37122,7.5824,8.19255,7.78054,7.71683,8.02294,7.33565,6.87395,7.03584,6.70811,6.71646,6.58517,6.14203,7.17472,6.6732,6.66199,7.16983,6.69977,6.90835,5.94928,4.63918,3.69752,3.55964,3.51112,3.51951,3.59088,3.29359,3.59731,3.63328,4.06438,4.32158,4.25242,4.69995,4.66041,4.53832,5.08952,5.95528,7.02854,8.14448,8.3393,9.72262,10.3881,11.7214,12.4832,13.2039,12.6057,13.5006,14.946,14.3604,15.7264,15.7573,16.0384,16.9493,17.1794,17.1795,15.3439,17.5072,16.4169,16.2164,15.6231
792.5,7.26851,7.20984,7.62341,7.99068,7.87493,7.91697,8.15513,7.18356,6.758,7.04339,6.62593,6.67177,6.49656,6.13286,7.06042,6.62529,6.71216,7.07059,6.63278,6.69508,5.80508,4.54841,3.61868,3.59665,3.54175,3.58494,3.53445,3.27556,3.55625,3.66344,3.99451,4.29933,4.21094,4.5732,4.61518,4.4747,5.0021,5.89509,6.92425,8.04149,8.12653,9.56319,10.3691,11.4857,12.2278,12.8507,12.3397,13.3914,14.7471,14.1384,15.5525,15.8937,15.7393,16.7058,17.1078,16.8573,15.0103,17.3157,16.4608,16.1836,15.1996
793,7.17148,6.9988,7.58875,7.7182,7.93588,8.0447,8.11918,6.98403,6.72419,7.01138,6.46742,6.56937,6.44369,6.15008,6.92285,6.54856,6.79421,7.05713,6.54273,6.46562,5.71364,4.53537,3.6022,3.5909,3.46473,3.62516,3.48926,3.26595,3.51917,3.65022,3.93672,4.24243,4.16489,4.46136,4.63712,4.42485,4.95038,5.7993,6.71294,7.91536,8.09391,9.49959,10.422,11.3046,12.0588,12.7021,12.2757,13.3881,14.4978,14.094,15.2821,15.8421,15.4973,16.3575,16.8056,16.6444,14.9204,16.9994,16.4572,15.8788,14.9665
793.5,7.20849,6.81957,7.50568,7.54661,7.96555,8.12167,8.07257,6.83394,6.75013,6.95553,6.41053,6.46004,6.42528,6.1844,6.84997,6.4892,6.82718,6.90476,6.44887,6.33288,5.63452,4.48696,3.56418,3.50697,3.42918,3.53885,3.50965,3.27933,3.45817,3.58872,3.90471,4.14074,4.14368,4.36614,4.63475,4.43995,4.86693,5.69465,6.58128,7.80975,8.18095,9.41806,10.4401,11.0619,12.0976,12.5808,12.4182,13.4693,14.2971,14.0202,15.1266,15.662,15.3698,16.1481,15.9962,16.6483,14.9013,16.8776,16.5866,15.5756,14.8111
794,7.15881,6.81005,7.39955,7.31569,7.97624,8.08297,7.95865,6.73405,6.83647,6.96252,6.29101,6.33371,6.42114,6.14614,6.71458,6.43406,6.67588,6.69695,6.31827,6.36281,5.66065,4.46139,3.53699,3.44612,3.39223,3.44852,3.5412,3.29586,3.39002,3.55143,3.87692,4.02281,4.09796,4.29137,4.55744,4.42671,4.93707,5.58175,6.43167,7.65808,8.19315,9.34021,10.2951,10.765,12.0922,12.6421,12.5529,13.383,14.1969,13.9314,14.9247,15.1235,15.3654,15.8675,15.4365,16.6747,14.9533,16.6937,16.5205,15.2398,14.7873
794.5,7.25054,6.76928,7.2017,7.24438,7.99813,8.05217,7.83428,6.63369,6.97455,6.86858,6.242,6.30015,6.37376,6.16577,6.53959,6.38774,6.50802,6.51482,6.27284,6.33969,5.65328,4.42958,3.53329,3.36708,3.34397,3.35425,3.53885,3.28327,3.30075,3.51015,3.84854,3.91286,4.10002,4.28881,4.44136,4.35096,4.91889,5.48707,6.39229,7.51762,8.05081,9.24085,10.1266,10.7841,12.0656,12.567,12.5189,13.3282,14.1214,14.0257,14.8988,14.6908,15.3015,15.8492,15.0046,16.5593,14.8192,16.7187,16.349,14.7799,14.83
795,7.24167,6.69203,7.09098,7.14158,8.02699,7.97384,7.81061,6.64789,7.09284,6.91797,6.24652,6.27973,6.38702,6.14783,6.3675,6.31481,6.33803,6.46038,6.28889,6.32561,5.59798,4.30938,3.52991,3.36652,3.3497,3.29682,3.50761,3.29119,3.23109,3.46354,3.84828,3.91872,3.99468,4.3488,4.35635,4.29514,4.85927,5.36561,6.37398,7.34694,7.98518,9.08854,10.0355,10.7534,11.8651,12.4858,12.3849,12.8934,13.9546,14.0449,14.7988,14.4016,15.1725,15.3912,14.7937,16.4532,14.4205,16.7001,16.0629,14.2895,14.6653
795.5,7.03149,6.53029,6.89809,7.0729,8.05716,7.96409,7.74279,6.74093,7.09915,6.79238,6.19711,6.24162,6.32019,6.09856,6.27312,6.32315,6.2726,6.46094,6.34178,6.38822,5.53127,4.20001,3.46302,3.3559,3.2685,3.28919,3.39538,3.20455,3.17744,3.45242,3.83363,3.9171,3.90974,4.38956,4.27786,4.25303,4.61772,5.26499,6.3704,7.30946,7.96728,9.07692,9.87895,10.6965,11.7134,12.5491,12.3128,12.5264,13.7399,13.8927,14.7871,14.3845,14.837,15.0778,14.9616,16.0838,13.8309,16.7303,15.873,13.8783,14.3578
796,6.77485,6.5273,6.81011,6.94027,8.01743,7.73714,7.70325,6.79763,7.05756,6.6812,6.23212,6.1801,6.21489,5.9671,6.1623,6.31714,6.37418,6.42243,6.39109,6.35436,5.37914,4.15566,3.41042,3.33588,3.20981,3.31174,3.33147,3.16431,3.15018,3.42226,3.76403,3.8554,3.84759,4.3416,4.20163,4.18975,4.44263,5.18938,6.37787,7.21565,7.88223,8.95621,9.85434,10.4972,11.6657,12.296,12.0582,12.292,13.5198,13.6837,14.7788,14.6822,14.6408,14.9408,15.0254,15.8342,13.4191,16.4702,15.5678,13.7372,13.992
796.5,6.61298,6.56602,6.71096,6.85826,7.9016,7.4755,7.54973,6.81658,6.8433,6.47975,6.18357,6.05208,6.06081,5.8512,6.20516,6.19121,6.45587,6.28241,6.39971,6.27087,5.2652,4.20011,3.36113,3.28246,3.18332,3.29471,3.25332,3.15185,3.07757,3.40122,3.68996,3.72214,3.84491,4.25295,4.13187,4.12123,4.31499,5.21391,6.2452,7.03285,7.90195,8.79619,9.71497,10.4156,11.7261,11.7968,11.9325,12.1081,13.3089,13.4162,14.5685,14.7111,14.2716,14.9514,14.9625,15.7625,13.1548,16.3533,15.3146,13.7051,13.7184
797,6.53047,6.62647,6.74187,6.89153,7.73265,7.21963,7.43656,6.72696,6.72639,6.2518,6.08181,5.97744,5.93456,5.78178,6.22335,5.97195,6.50962,6.16198,6.36037,6.12102,5.20923,4.24599,3.28761,3.17399,3.19061,3.28692,3.24681,3.1542,3.03028,3.37875,3.59905,3.52682,3.91223,4.1757,4.12158,4.03217,4.23907,5.23631,6.18048,6.99226,7.83946,8.54585,9.60028,10.3938,11.7187,11.4295,11.858,12.1452,13.1077,13.2657,14.1658,14.7213,13.9407,15.0727,14.9506,15.4412,13.0405,16.0281,15.0497,13.8425,13.5471
797.5,6.51209,6.56361,6.71695,6.92377,7.45216,6.97064,7.20982,6.64276,6.52273,6.18713,6.04264,5.87039,5.79265,5.76369,6.19326,5.79664,6.38745,6.1437,6.26761,6.0217,5.09484,4.26509,3.23248,3.10762,3.14868,3.19487,3.20702,3.14075,2.99179,3.37511,3.53156,3.46679,3.9459,4.07512,4.13746,4.02152,4.17945,5.18443,6.04466,6.87837,7.76003,8.38593,9.56882,10.4933,11.6085,11.2932,11.7695,12.1175,12.8779,13.1431,13.6379,14.5682,13.8918,14.9567,14.7061,15.2908,12.9527,15.8018,14.9723,13.9176,13.723
798,6.51699,6.54463,6.69391,6.94186,7.29148,6.88798,7.05969,6.47974,6.36396,6.21391,6.05143,5.83377,5.72942,5.69017,6.14361,5.70941,6.20698,6.13684,6.09744,5.94274,5.02362,4.23472,3.22436,3.04373,3.16766,3.14819,3.16792,3.06919,2.99346,3.31302,3.48407,3.50842,3.94754,3.97142,4.05716,4.0241,4.07683,5.09951,5.95883,6.80635,7.67578,8.21118,9.46375,10.564,11.4271,11.3829,11.5907,12.0933,12.6572,13.0448,12.8314,14.4237,13.8657,14.6962,14.4984,14.9824,12.7792,15.6297,14.7777,13.7323,13.5676
798.5,6.44236,6.52135,6.58157,6.97315,7.09234,6.81218,6.92593,6.43091,6.15981,6.2914,5.99264,5.82809,5.54875,5.596,6.07368,5.69903,6.21293,6.09749,5.9606,5.8952,4.96361,4.12808,3.24947,3.0796,3.16702,3.08104,3.14753,3.05496,3.02002,3.2832,3.46587,3.56261,3.91826,3.8814,3.98535,4.06194,4.07358,4.99335,5.82515,6.74149,7.50878,8.23894,9.35818,10.3875,11.0832,11.4391,11.3065,12.0682,12.5123,12.9448,12.4224,14.1406,13.8626,14.6077,14.4637,14.8097,12.7438,15.3894,14.6728,13.5211,13.3576
799,6.35005,6.52494,6.42413,6.91733,6.98551,6.75992,6.76288,6.35588,5.9365,6.28261,5.93159,5.79075,5.42051,5.49966,6.04143,5.70348,6.21963,6.04158,5.88324,5.86025,4.88448,3.99956,3.23577,3.06667,3.19969,3.06273,3.11345,3.02065,3.05726,3.23855,3.42709,3.54305,3.8818,3.80798,3.86775,4.07928,4.10099,4.91332,5.74401,6.65822,7.35126,8.22848,9.15823,10.1211,10.6747,11.4882,10.9819,11.8768,12.4375,12.7128,12.3785,13.8702,13.6911,14.4318,14.4316,14.7751,12.6272,15.1674,14.3346,13.3015,13.0737
799.5,6.1733,6.3673,6.4075,6.88028,6.90187,6.6835,6.69607,6.39278,5.74254,6.18565,5.78589,5.71421,5.30971,5.41329,6.01989,5.68637,6.18169,5.98354,5.79359,5.75775,4.84259,3.91573,3.20446,3.07589,3.17119,3.05761,3.0898,3.00249,3.04058,3.18557,3.34637,3.44973,3.8381,3.83071,3.83734,4.07361,4.05902,4.83646,5.65307,6.64957,7.1805,8.15955,8.89261,9.81976,10.4273,11.3116,10.8226,11.6062,12.2465,12.3992,12.7282,13.5544,13.2986,14.2391,13.9869,14.7206,12.4977,14.8648,14.0695,13.1183,12.8542
800,6.00361,6.17362,6.35388,6.79009,6.643,6.58792,6.64032,6.35572,5.73314,6.07935,5.68551,5.58083,5.31494,5.3496,6.04795,5.64307,5.99263,5.98755,5.81395,5.67506,4.80289,3.81748,3.20205,3.05433,3.09299,3.02053,3.08122,2.93115,3.03196,3.08707,3.278,3.43617,3.76414,3.84801,3.80491,3.99688,3.99289,4.73067,5.67018,6.60194,6.97889,8.11119,8.70252,9.68803,10.2536,11.1385,10.7286,11.4552,11.7315,12.1564,13.0291,13.2539,13.0471,13.9627,13.6797,14.552,12.4481,14.6231,13.854,12.9662,12.636
