TITLE,
DATA TYPE,FLUORESCENCE SPECTRUM
ORIGIN,JASCO
OWNER,
DATE,2023/08/04
TIME,11:39:49
SPECTROMETER/DATA SYSTEM,JASCO Corp., FP-8550, Rev. 1.00
DELTAX,0.5
XUNITS,NANOMETERS
YUNITS,INTENSITY
FIRSTX,  500.0000
LASTX,  800.0000
NPOINTS,     601
FIRSTY,    22.47608
MAXY,   330.19186
MINY,     5.60517
XYDATA
,350,355,360,365,370,375,380,385,390,395,400,405,410,415,420,425,430,435,440,445,450,455,460,465,470,475,480,485,490,495,500,505,510,515,520,525,530,535,540,545,550,555,560,565,570,575,580,585,590,595,600,605,610,615,620,625,630,635,640,645,650
500,22.4761,21.4045,20.2412,19.9276,18.3314,16.1857,15.1762,15.2435,15.0676,15.8799,16.0616,16.1023,15.1321,14.5644,13.7292,13.8475,12.8084,11.642,10.791,10.5727,10.7926,11.7166,11.5351,11.1159,10.2731,12.5188,20.4965,87.6992,341.417,0,0,0,0,0,0,0,0,0,0,0,0,0,0,0,0,0,0,0,0,0,0,0,0,0,0,0,0,0,0,0,0
500.5,22.3711,21.2771,20.1427,19.7212,18.1642,16.3311,15.1372,15.2581,15.0935,15.8061,16.2352,16.3143,15.0897,14.5295,13.9425,13.8219,12.9761,11.5322,10.8559,10.6729,10.8958,11.6933,11.5734,11.0712,10.2983,12.3134,18.919,75.7509,317.504,0,0,0,0,0,0,0,0,0,0,0,0,0,0,0,0,0,0,0,0,0,0,0,0,0,0,0,0,0,0,0,0
501,22.2724,21.053,20.229,19.4963,18.0581,16.368,15.3768,15.127,15.1639,15.8696,16.325,16.4386,15.1372,14.5398,14.1024,13.7748,13.1332,11.5295,10.8556,10.7637,10.9196,11.8201,11.5845,11.1818,10.3551,12.2241,17.5933,65.1168,291.761,0,0,0,0,0,0,0,0,0,0,0,0,0,0,0,0,0,0,0,0,0,0,0,0,0,0,0,0,0,0,0,0
501.5,22.1001,20.9038,20.3276,19.4185,17.9346,16.4026,15.5681,14.9788,15.3116,15.9343,16.3612,16.4601,15.0668,14.3127,14.1613,13.7153,13.1784,11.4365,10.8297,10.8716,10.8961,11.7141,11.8055,11.0493,10.2921,11.9927,16.6992,55.741,265.991,0,0,0,0,0,0,0,0,0,0,0,0,0,0,0,0,0,0,0,0,0,0,0,0,0,0,0,0,0,0,0,0
502,21.8782,20.7346,20.4192,19.5597,18.0265,16.4264,15.5949,15.079,15.4328,15.9141,16.3189,16.5861,15.0504,14.3838,14.232,13.7997,13.2808,11.5827,10.8479,10.9761,11.0428,11.745,11.7665,11.1696,10.3217,11.9278,15.9005,47.2473,241.043,0,0,0,0,0,0,0,0,0,0,0,0,0,0,0,0,0,0,0,0,0,0,0,0,0,0,0,0,0,0,0,0
502.5,21.7799,20.6476,20.4197,19.6165,18.2725,16.495,15.719,14.8447,15.6904,16.1302,16.32,16.6222,15.0508,14.3096,14.1346,13.8811,13.226,11.698,10.7868,10.9203,11.0688,11.7815,11.7215,11.1196,10.2733,11.6957,15.3113,40.2504,216.975,0,0,0,0,0,0,0,0,0,0,0,0,0,0,0,0,0,0,0,0,0,0,0,0,0,0,0,0,0,0,0,0
503,21.5593,20.6169,20.5998,19.5683,18.3689,16.6105,15.5839,15.086,15.7921,16.1893,16.2643,16.8486,15.1847,14.6412,14.095,13.9789,13.2766,11.7955,10.759,10.6985,11.1483,11.7728,11.6029,11.1724,10.3649,11.6717,14.7039,34.738,192.017,0,0,0,0,0,0,0,0,0,0,0,0,0,0,0,0,0,0,0,0,0,0,0,0,0,0,0,0,0,0,0,0
503.5,21.5713,20.5198,20.474,19.6416,18.1875,16.6969,15.5511,15.0668,15.9275,16.3775,16.1975,16.9941,15.4898,14.739,14.0362,14.1534,13.476,11.9196,10.8645,10.6764,11.1846,11.983,11.5581,11.2115,10.5395,11.4608,14.1099,30.4458,169.336,0,0,0,0,0,0,0,0,0,0,0,0,0,0,0,0,0,0,0,0,0,0,0,0,0,0,0,0,0,0,0,0
504,21.5105,20.3751,20.4636,19.7186,18.174,16.8223,15.6161,15.0217,15.9697,16.3818,16.3069,17.065,15.6095,14.8948,14.0835,14.326,13.5811,11.9614,10.9572,10.6441,11.1528,11.9005,11.4384,11.3599,10.5598,11.3294,13.7097,26.862,147.394,0,0,0,0,0,0,0,0,0,0,0,0,0,0,0,0,0,0,0,0,0,0,0,0,0,0,0,0,0,0,0,0
504.5,21.5413,20.4378,20.3033,19.9467,17.9809,16.8692,15.4318,15.0515,16.0089,16.2597,16.2757,17.0895,15.7609,15.0422,14.2404,14.317,13.7146,12.0756,11.0374,10.7968,11.2316,12.0298,11.4529,11.1229,10.6728,11.0549,13.325,23.5191,127.112,0,0,0,0,0,0,0,0,0,0,0,0,0,0,0,0,0,0,0,0,0,0,0,0,0,0,0,0,0,0,0,0
505,21.3848,20.3675,20.2035,19.9987,18.0089,16.8537,15.506,15.0494,16.0763,16.184,16.3149,16.9743,15.8002,15.0237,14.3177,14.4703,13.7717,12.0584,11.2233,10.8305,11.2916,12.0719,11.4731,11.2236,10.7045,10.9344,13.1075,21.2057,109.65,354.609,0,0,0,0,0,0,0,0,0,0,0,0,0,0,0,0,0,0,0,0,0,0,0,0,0,0,0,0,0,0,0
505.5,21.2574,20.4358,20.014,19.9744,17.9623,16.7357,15.5814,15.2471,15.8604,16.0391,16.4764,17.0069,15.8815,15.0785,14.4283,14.5572,13.6184,12.2271,11.2041,10.9179,11.36,12.2182,11.6386,11.1793,10.601,10.7248,12.8693,19.3716,93.7,325.223,0,0,0,0,0,0,0,0,0,0,0,0,0,0,0,0,0,0,0,0,0,0,0,0,0,0,0,0,0,0,0
506,21.0069,20.5285,20.1191,19.9351,18.0415,16.636,15.7816,15.4595,15.7924,16.107,16.6959,16.9742,16.1467,15.0828,14.5184,14.6275,13.6317,12.2962,11.2083,11.0751,11.5974,12.4008,11.7605,11.3381,10.5167,10.7189,12.8636,18.2042,80.3864,296.732,0,0,0,0,0,0,0,0,0,0,0,0,0,0,0,0,0,0,0,0,0,0,0,0,0,0,0,0,0,0,0
506.5,21.0089,20.5202,20.1466,19.9093,17.9735,16.7105,15.8795,15.6009,15.8506,16.1466,16.7335,16.9518,16.2494,15.2052,14.6675,14.6805,13.6081,12.4757,11.2422,11.1881,11.7212,12.5303,11.9176,11.3886,10.4916,10.6401,12.6168,17.166,68.5609,270.608,0,0,0,0,0,0,0,0,0,0,0,0,0,0,0,0,0,0,0,0,0,0,0,0,0,0,0,0,0,0,0
507,21.0742,20.3433,20.1773,19.9966,17.9991,16.5123,15.9955,15.7934,16.0142,16.2781,16.7844,17.0016,16.1823,15.209,14.57,14.5428,13.6314,12.5079,11.4284,11.3366,11.8511,12.6144,11.9466,11.2857,10.6228,10.6211,12.5894,16.1761,57.8111,249.188,0,0,0,0,0,0,0,0,0,0,0,0,0,0,0,0,0,0,0,0,0,0,0,0,0,0,0,0,0,0,0
507.5,21.0859,20.1192,20.1742,19.92,18.1273,16.4535,15.9474,15.7785,16.101,16.443,16.6986,16.8671,16.076,15.3688,14.5624,14.4821,13.5775,12.531,11.5234,11.4103,11.8516,12.6331,12.0222,11.1705,10.7336,10.5913,12.429,15.3734,49.191,224.922,0,0,0,0,0,0,0,0,0,0,0,0,0,0,0,0,0,0,0,0,0,0,0,0,0,0,0,0,0,0,0
508,21.1612,19.7229,20.3169,19.9335,18.1744,16.32,15.9497,15.8733,16.1095,16.3789,16.9465,16.8995,16.0974,15.4214,14.4391,14.5261,13.6366,12.5618,11.5518,11.4274,11.8606,12.7564,12.0926,11.1173,10.8936,10.6642,12.4462,14.5729,42.0705,199.481,0,0,0,0,0,0,0,0,0,0,0,0,0,0,0,0,0,0,0,0,0,0,0,0,0,0,0,0,0,0,0
508.5,20.8652,19.5825,20.2783,19.8437,18.181,16.3024,15.9229,15.7783,16.0602,16.3552,17.0728,16.9204,16.1371,15.5507,14.6717,14.5912,13.6071,12.7003,11.4753,11.484,11.7109,12.5863,12.1155,11.0224,10.8625,10.6873,12.2042,13.9228,36.3972,176.629,0,0,0,0,0,0,0,0,0,0,0,0,0,0,0,0,0,0,0,0,0,0,0,0,0,0,0,0,0,0,0
509,20.8491,19.6832,20.432,19.7963,18.2397,16.5059,15.996,15.7115,15.9862,16.3856,17.2087,17.1312,16.2919,15.7145,14.9545,14.6516,13.6886,12.7424,11.4656,11.5863,11.7062,12.7018,12.0583,10.9908,10.8845,10.6035,12.0073,13.6457,31.5386,154.364,0,0,0,0,0,0,0,0,0,0,0,0,0,0,0,0,0,0,0,0,0,0,0,0,0,0,0,0,0,0,0
509.5,20.9639,20.0056,20.1759,19.6203,18.2022,16.5934,16.0337,15.7664,15.6596,16.3658,17.1404,17.2964,16.251,15.776,15.0036,14.828,13.7953,12.773,11.4441,11.6882,11.7402,12.6549,11.9564,10.9177,10.9159,10.7749,11.7381,13.461,27.6343,136.425,0,0,0,0,0,0,0,0,0,0,0,0,0,0,0,0,0,0,0,0,0,0,0,0,0,0,0,0,0,0,0
510,21.0124,20.4737,20.2184,19.7444,18.2681,16.8215,16.0022,15.656,15.765,16.3312,17.0978,17.302,16.338,15.7232,14.9624,14.8736,13.9172,12.78,11.4476,11.781,11.8128,12.6809,11.9085,10.8901,10.9155,10.6954,11.6342,13.4982,24.3216,118.649,379.711,0,0,0,0,0,0,0,0,0,0,0,0,0,0,0,0,0,0,0,0,0,0,0,0,0,0,0,0,0,0
510.5,20.9206,20.1746,20.063,19.7384,18.2691,16.948,16.1593,15.5937,15.8283,16.2548,17.1175,17.1305,16.3192,15.6659,14.9012,14.9409,13.9628,12.7655,11.5125,11.8847,11.9158,12.7365,11.9327,10.8841,10.8041,10.8889,11.6105,13.306,21.7028,103.717,352.237,0,0,0,0,0,0,0,0,0,0,0,0,0,0,0,0,0,0,0,0,0,0,0,0,0,0,0,0,0,0
511,20.9229,19.9038,19.9306,19.7131,18.2144,16.9729,16.5049,15.7389,15.8748,16.2186,17.0853,17.0226,16.3436,15.4348,14.9247,15.0246,14.0975,12.8062,11.5177,12.0092,11.992,12.6791,11.9353,10.8254,10.6512,10.9265,11.4927,13.0726,19.4292,89.2631,322.401,0,0,0,0,0,0,0,0,0,0,0,0,0,0,0,0,0,0,0,0,0,0,0,0,0,0,0,0,0,0
511.5,20.9906,19.6438,19.8436,19.6282,18.2021,16.9771,17.0281,15.723,15.8653,16.0801,17.0696,16.9193,16.3889,15.4077,15.0102,14.8341,14.1834,12.9137,11.622,12.1334,12.1029,12.6564,12.1299,10.7343,10.537,11.0355,11.2879,12.8006,17.8275,76.6128,296.876,0,0,0,0,0,0,0,0,0,0,0,0,0,0,0,0,0,0,0,0,0,0,0,0,0,0,0,0,0,0
512,20.8227,19.7721,19.7591,19.5178,18.2861,16.9346,17.108,15.8552,15.7928,15.9016,17.0126,16.9474,16.3316,15.3446,15.0533,14.8348,14.3169,12.9123,11.5498,12.1523,12.2143,12.8222,12.127,10.6874,10.3978,11.1264,11.0918,12.595,16.7451,64.7017,268.222,0,0,0,0,0,0,0,0,0,0,0,0,0,0,0,0,0,0,0,0,0,0,0,0,0,0,0,0,0,0
512.5,20.9232,20.1913,19.968,19.4955,18.2438,16.7836,16.8739,16.0595,15.8434,15.8573,16.9614,16.8488,16.4485,15.442,15.2708,14.8233,14.3175,12.9427,11.5838,12.1836,12.1986,12.8753,12.181,10.6981,10.2633,11.1233,10.9854,12.3646,15.9386,54.9293,241.938,0,0,0,0,0,0,0,0,0,0,0,0,0,0,0,0,0,0,0,0,0,0,0,0,0,0,0,0,0,0
513,20.8984,20.421,19.8744,19.5302,18.3028,16.8361,16.368,16.1144,15.6866,16.089,16.7954,16.6574,16.4664,15.401,15.2623,14.8722,14.2209,12.9474,11.7172,12.1393,12.1814,13.0735,12.1466,10.7975,10.1362,11.0433,10.9791,12.1413,15.2989,47.0185,215.466,0,0,0,0,0,0,0,0,0,0,0,0,0,0,0,0,0,0,0,0,0,0,0,0,0,0,0,0,0,0
513.5,21.1909,20.3909,19.9363,19.3735,18.3,16.7062,16.1243,15.9563,15.589,16.2719,16.8957,16.6186,16.4811,15.3158,15.2716,14.8705,13.9951,13.0258,11.7669,12.1106,12.2941,13.1003,11.9945,10.8294,10.0249,10.9604,10.9642,11.886,14.4273,40.4301,191.009,0,0,0,0,0,0,0,0,0,0,0,0,0,0,0,0,0,0,0,0,0,0,0,0,0,0,0,0,0,0
514,21.3333,20.2798,20.0579,19.3194,18.2836,16.7887,16.0599,15.6382,15.5672,16.4592,16.7641,16.7074,16.4397,15.4286,15.1703,15.0412,13.8686,13.0219,11.8095,12.0897,12.4493,13.1611,12.0092,10.8428,9.90708,10.8657,10.9894,11.7039,13.882,34.737,171.198,0,0,0,0,0,0,0,0,0,0,0,0,0,0,0,0,0,0,0,0,0,0,0,0,0,0,0,0,0,0
514.5,21.2686,20.2379,20.0713,19.203,17.9856,16.6312,16.0993,15.6072,15.5125,16.6313,16.7335,16.9424,16.2798,15.4458,15.0106,15.2046,13.8474,12.9587,11.8596,11.9994,12.5485,13.1831,11.9509,10.8835,9.84854,10.7994,11.0463,11.514,13.3592,29.8571,151.477,0,0,0,0,0,0,0,0,0,0,0,0,0,0,0,0,0,0,0,0,0,0,0,0,0,0,0,0,0,0
515,21.3291,20.3354,20.0648,19.2591,17.9493,16.6544,16.1726,15.7729,15.7199,16.6517,16.7907,16.9252,16.0449,15.5214,14.9787,15.3622,13.9857,12.8247,11.8502,12.0488,12.3667,13.1284,11.9058,10.7961,9.80868,10.8023,11.1096,11.4316,13.155,25.6703,132.5,417.9,0,0,0,0,0,0,0,0,0,0,0,0,0,0,0,0,0,0,0,0,0,0,0,0,0,0,0,0,0
515.5,21.162,20.1924,19.9865,19.2048,17.7356,16.7595,16.0709,15.774,15.6858,16.7698,16.8838,16.8581,16.0118,15.3832,15.0813,15.3787,14.2391,12.775,11.9888,11.9374,12.4344,13.1314,11.8928,10.811,9.90108,10.6913,11.0453,11.2756,12.956,22.5645,115.162,384.508,0,0,0,0,0,0,0,0,0,0,0,0,0,0,0,0,0,0,0,0,0,0,0,0,0,0,0,0,0
516,21.199,19.9904,19.8715,18.9132,17.582,16.8098,15.9933,15.7995,15.7055,16.747,17.0533,16.9209,15.9914,15.2684,15.1836,15.3989,14.4228,12.6982,11.935,12.0247,12.4364,13.1012,11.9004,10.7648,9.93298,10.6293,11.0602,11.1155,12.7889,20.0595,98.6026,356.152,0,0,0,0,0,0,0,0,0,0,0,0,0,0,0,0,0,0,0,0,0,0,0,0,0,0,0,0,0
516.5,21.0692,19.9773,19.751,18.8954,17.7491,16.9026,15.8915,15.73,15.7522,16.9037,16.872,16.907,15.9702,15.3154,15.1098,15.3249,14.4652,12.684,11.8646,11.958,12.6076,13.0269,11.9163,10.7061,9.94442,10.5117,11.0268,10.9749,12.5827,18.1066,84.8411,326.662,0,0,0,0,0,0,0,0,0,0,0,0,0,0,0,0,0,0,0,0,0,0,0,0,0,0,0,0,0
517,20.979,19.8129,19.6365,18.8115,17.6257,16.6611,15.7359,15.6498,15.5996,16.8779,16.8769,16.9231,15.8748,15.3267,15.231,15.2542,14.5145,12.799,11.7353,11.9143,12.5578,13.0493,11.9479,10.6907,9.82918,10.3685,10.9694,10.8277,12.3236,16.7099,71.679,294.535,0,0,0,0,0,0,0,0,0,0,0,0,0,0,0,0,0,0,0,0,0,0,0,0,0,0,0,0,0
517.5,20.7801,19.7793,19.5199,18.8854,17.5218,16.567,15.6697,15.5098,15.7245,16.846,16.9214,16.9814,15.8262,15.2977,15.3213,15.1458,14.352,12.8063,11.6252,11.9139,12.5076,13.1508,11.8759,10.6465,9.81242,10.194,10.8382,10.7659,12.0243,15.6698,60.8532,265.865,0,0,0,0,0,0,0,0,0,0,0,0,0,0,0,0,0,0,0,0,0,0,0,0,0,0,0,0,0
518,20.6008,19.4276,19.45,18.7116,17.4616,16.3714,15.6218,15.5247,15.675,16.7733,16.7449,16.8405,15.7525,15.1595,15.2712,14.8349,14.2094,12.7655,11.5696,11.8607,12.4801,13.157,11.7978,10.8074,9.80878,9.94285,10.7615,10.4846,11.8504,14.6994,51.9565,235.743,0,0,0,0,0,0,0,0,0,0,0,0,0,0,0,0,0,0,0,0,0,0,0,0,0,0,0,0,0
518.5,20.2519,19.0458,19.392,18.3707,17.4243,16.1309,15.4579,15.5622,15.6193,16.7314,16.826,16.7579,15.733,15.1946,15.332,14.6488,14.1389,12.7339,11.4805,11.7665,12.4968,13.1813,11.8845,10.8846,9.83305,9.72661,10.7466,10.3068,11.6185,14.102,44.4138,208.886,0,0,0,0,0,0,0,0,0,0,0,0,0,0,0,0,0,0,0,0,0,0,0,0,0,0,0,0,0
519,20.0984,18.9219,19.401,18.2435,17.3326,15.9451,15.4144,15.5419,15.5093,16.6188,16.7196,16.6664,15.5452,15.1665,15.3266,14.5952,14.1424,12.5757,11.3043,11.7147,12.4793,13.078,12.0105,10.9866,9.84403,9.55766,10.7118,10.3679,11.4719,13.6826,38.4767,182.574,0,0,0,0,0,0,0,0,0,0,0,0,0,0,0,0,0,0,0,0,0,0,0,0,0,0,0,0,0
519.5,20.0744,18.9032,19.3324,18.0721,17.285,15.7163,15.3224,15.5902,15.4194,16.5961,16.7538,16.4848,15.4432,15.0949,15.2544,14.6157,14.0417,12.4852,11.14,11.5089,12.4385,13.0023,11.8638,10.9972,9.89523,9.44216,10.6488,10.4482,11.1966,13.3323,32.5698,161.562,0,0,0,0,0,0,0,0,0,0,0,0,0,0,0,0,0,0,0,0,0,0,0,0,0,0,0,0,0
520,20.0012,18.9824,19.1872,18.1551,17.1714,15.792,15.2724,15.593,15.3948,16.4284,16.6741,16.3059,15.3395,15.0665,15.2106,14.693,13.8819,12.5484,11.1438,11.4112,12.351,12.9858,11.8624,10.9405,9.85285,9.33751,10.5801,10.5247,10.8547,13.0506,28.1085,140.614,429.833,0,0,0,0,0,0,0,0,0,0,0,0,0,0,0,0,0,0,0,0,0,0,0,0,0,0,0,0
520.5,19.7121,19.0314,18.9314,18.0764,16.7693,15.7626,14.9883,15.4513,15.4485,16.2262,16.5449,16.1665,15.3202,15.0493,15.0121,14.688,13.6383,12.5678,11.205,11.4421,12.3232,12.953,11.7004,10.8893,9.86058,9.23761,10.3656,10.4149,10.6168,12.6255,24.3359,121.928,396.711,0,0,0,0,0,0,0,0,0,0,0,0,0,0,0,0,0,0,0,0,0,0,0,0,0,0,0,0
521,19.5812,18.9631,18.7684,17.954,16.6255,15.8058,14.9873,15.2895,15.4346,16.1695,16.4624,16.048,15.2829,15.0148,15.0016,14.7398,13.5099,12.519,11.2843,11.5647,12.391,12.9804,11.8014,10.8068,9.84906,9.20969,10.1841,10.3794,10.4966,12.3977,21.6245,105.7,363.793,0,0,0,0,0,0,0,0,0,0,0,0,0,0,0,0,0,0,0,0,0,0,0,0,0,0,0,0
521.5,19.4018,19.0579,18.4891,17.859,16.331,15.7869,14.7547,15.0439,15.2417,16.1656,16.2939,15.8751,15.2435,14.9669,14.847,14.5277,13.3926,12.5888,11.2864,11.446,12.3126,12.9619,11.6669,10.6909,9.78077,9.21187,9.99804,10.2952,10.3659,12.0842,19.2448,91.0185,329.363,0,0,0,0,0,0,0,0,0,0,0,0,0,0,0,0,0,0,0,0,0,0,0,0,0,0,0,0
522,19.5374,18.8403,18.2239,17.6836,16.4494,15.7218,14.74,14.8559,15,16.0276,16.1216,15.8166,15.1114,14.7897,14.7561,14.4505,13.3919,12.4534,11.2755,11.5018,12.3625,12.986,11.7704,10.6138,9.63999,9.13494,9.77508,10.3036,10.3166,11.8671,17.3161,78.1396,295.648,0,0,0,0,0,0,0,0,0,0,0,0,0,0,0,0,0,0,0,0,0,0,0,0,0,0,0,0
522.5,19.4781,18.6297,18.1081,17.4228,16.5498,15.6678,14.6057,14.7594,14.9591,15.8685,16.0206,15.6787,15.1429,14.6718,14.5695,14.2412,13.3043,12.3335,11.3284,11.3714,12.3627,12.9703,11.7837,10.5006,9.50643,9.07322,9.59239,10.16,10.1463,11.6196,15.9481,67.0648,264.602,0,0,0,0,0,0,0,0,0,0,0,0,0,0,0,0,0,0,0,0,0,0,0,0,0,0,0,0
523,19.3644,18.4578,17.9869,17.2445,16.5991,15.5558,14.4779,14.5962,14.8462,15.6675,15.7836,15.6137,14.9203,14.6438,14.2702,14.0401,13.2665,12.2064,11.1842,11.3237,12.2741,12.8807,11.8578,10.4643,9.42971,9.06579,9.37869,10.1107,9.84603,11.3821,14.8611,57.0635,233.509,0,0,0,0,0,0,0,0,0,0,0,0,0,0,0,0,0,0,0,0,0,0,0,0,0,0,0,0
523.5,19.2786,18.2997,17.8688,16.9504,16.4236,15.3159,14.3298,14.4884,14.7406,15.4655,15.7185,15.4733,14.8026,14.4192,14.1417,14.0378,13.1761,11.9363,11.0479,11.2371,12.1493,12.6548,11.7932,10.4008,9.40434,9.12116,9.24502,9.94581,9.70941,11.2096,14.0317,48.2765,207.411,0,0,0,0,0,0,0,0,0,0,0,0,0,0,0,0,0,0,0,0,0,0,0,0,0,0,0,0
524,18.9914,18.1005,17.6841,16.8695,16.2791,15.2381,14.253,14.2691,14.7325,15.3923,15.5744,15.23,14.5941,14.2648,13.9904,14.0105,12.905,11.8005,10.8854,11.106,12.0137,12.5276,11.7729,10.3492,9.25178,9.07025,9.1255,9.97837,9.5352,10.9547,13.4019,40.4472,181.454,0,0,0,0,0,0,0,0,0,0,0,0,0,0,0,0,0,0,0,0,0,0,0,0,0,0,0,0
524.5,18.8307,17.8799,17.4253,16.7097,16.1489,15.1312,14.2908,13.787,14.6415,15.1957,15.3965,14.9898,14.4456,14.0213,13.8017,13.9981,12.6521,11.5575,10.6977,10.9727,11.9325,12.3998,11.6605,10.251,9.06284,9.0342,8.99268,9.80646,9.64117,10.7331,12.923,34.0939,158.11,0,0,0,0,0,0,0,0,0,0,0,0,0,0,0,0,0,0,0,0,0,0,0,0,0,0,0,0
525,18.5163,17.5837,17.0391,16.4606,16.0863,15.1188,14.313,13.648,14.6097,15.0197,15.1906,14.7375,14.2457,13.8234,13.5574,13.8494,12.5434,11.4914,10.6037,10.9203,11.9212,12.3438,11.6121,10.2074,8.98178,8.94157,8.89628,9.73717,9.67254,10.4389,12.5499,28.8629,135.959,455.539,0,0,0,0,0,0,0,0,0,0,0,0,0,0,0,0,0,0,0,0,0,0,0,0,0,0,0
525.5,18.2799,17.3349,16.6506,16.3192,15.792,14.9819,14.0579,13.4459,14.5228,14.7882,15.0883,14.6408,14.1241,13.6145,13.2898,13.7301,12.6145,11.5248,10.5726,10.8576,11.8892,12.2292,11.4984,10.0781,8.96048,8.90395,8.72533,9.54306,9.77693,10.2405,12.2303,24.7205,116.104,415.489,0,0,0,0,0,0,0,0,0,0,0,0,0,0,0,0,0,0,0,0,0,0,0,0,0,0,0
526,18.0301,17.219,16.4169,15.9849,15.5259,14.7558,13.8411,13.4723,14.239,14.5484,14.8267,14.6206,14.1654,13.4929,13.1248,13.685,12.6659,11.3898,10.5343,10.7325,11.7806,12.1321,11.412,10.1273,8.84093,8.77094,8.7556,9.40682,9.74091,9.9908,11.9801,21.4147,100.092,376.478,0,0,0,0,0,0,0,0,0,0,0,0,0,0,0,0,0,0,0,0,0,0,0,0,0,0,0
526.5,17.7902,17.1497,16.3418,15.7881,15.2416,14.5289,13.5393,13.5945,14.1811,14.1705,14.6052,14.5681,14.0589,13.2973,13.0802,13.5031,12.6553,11.3886,10.3702,10.5994,11.7926,12.0677,11.3674,10.0799,8.87504,8.69907,8.69036,9.11198,9.78654,9.85203,11.6471,19.1579,87.2726,341.139,0,0,0,0,0,0,0,0,0,0,0,0,0,0,0,0,0,0,0,0,0,0,0,0,0,0,0
527,17.5438,17.0549,16.3761,15.4732,15.1079,14.2854,13.4869,13.4549,13.9819,13.94,14.4785,14.569,14.0159,13.2022,13.0283,13.2797,12.5466,11.1737,10.319,10.4317,11.5594,11.9367,11.3267,10.0585,8.91638,8.66298,8.6185,8.86906,9.72216,9.57643,11.389,17.2569,75.196,306.267,0,0,0,0,0,0,0,0,0,0,0,0,0,0,0,0,0,0,0,0,0,0,0,0,0,0,0
527.5,17.2205,16.8981,16.2981,15.3269,14.9045,13.9955,13.1733,13.4329,13.5387,13.7081,14.4549,14.3335,13.8373,13.0741,12.8892,13.1438,12.4307,11.1255,10.2941,10.3602,11.3739,11.9733,11.2752,9.96024,9.04078,8.62461,8.61054,8.5942,9.71341,9.47633,11.1202,15.8605,65.0287,271.782,0,0,0,0,0,0,0,0,0,0,0,0,0,0,0,0,0,0,0,0,0,0,0,0,0,0,0
528,16.901,16.7346,16.1522,14.8934,14.7938,13.7399,13.0743,13.3072,13.4334,13.3478,14.4104,14.3457,13.4939,12.9782,12.8603,12.9971,12.2526,10.8126,10.2232,10.3095,11.1813,11.8809,11.248,9.86443,9.07595,8.58188,8.59789,8.38307,9.71682,9.24023,10.9303,14.771,55.3986,240.52,0,0,0,0,0,0,0,0,0,0,0,0,0,0,0,0,0,0,0,0,0,0,0,0,0,0,0
528.5,16.737,16.5524,15.7333,14.9267,14.6817,13.5818,12.7751,12.9592,13.3107,13.2024,14.328,14.2733,13.2094,12.9841,12.6449,12.8558,12.2592,10.6887,10.1907,10.249,11.1277,11.8302,11.1316,9.79004,8.98246,8.51921,8.53547,8.31012,9.6588,9.05062,10.7066,13.7963,47.0392,212.681,0,0,0,0,0,0,0,0,0,0,0,0,0,0,0,0,0,0,0,0,0,0,0,0,0,0,0
529,16.4725,16.3332,15.569,14.8142,14.4271,13.4814,12.3723,12.7653,13.3597,13.0869,14.1093,14.1492,13.0355,13.0557,12.5422,12.6202,12.188,10.6943,10.0597,10.1816,10.9271,11.7578,11.1401,9.85957,8.91683,8.49001,8.47504,8.23281,9.63833,8.90092,10.4444,13.2712,40.1187,188.114,0,0,0,0,0,0,0,0,0,0,0,0,0,0,0,0,0,0,0,0,0,0,0,0,0,0,0
529.5,16.4592,16.1181,15.3153,14.7496,14.3832,13.3912,12.5232,12.5987,13.2499,13.2675,14.0192,13.9458,13.0546,12.9382,12.5396,12.3445,12.146,10.6002,9.95442,10.0377,10.8325,11.6713,11.0693,9.76453,8.83772,8.4544,8.33533,8.14884,9.51166,8.80907,10.2774,12.7633,34.161,166.22,0,0,0,0,0,0,0,0,0,0,0,0,0,0,0,0,0,0,0,0,0,0,0,0,0,0,0
530,16.2531,15.8126,15.3319,14.6092,13.9232,13.3665,12.4366,12.5372,13.0691,13.2724,13.6467,13.7483,12.9386,12.7296,12.448,12.226,12.0651,10.5201,9.87062,9.93174,10.7382,11.6642,11.0771,9.75346,8.81297,8.45143,8.2587,8.04514,9.33965,8.88344,10.1329,12.4494,29.418,145.507,440.444,0,0,0,0,0,0,0,0,0,0,0,0,0,0,0,0,0,0,0,0,0,0,0,0,0,0
530.5,15.9341,15.6127,15.3615,14.4427,13.7033,13.1353,12.493,12.5289,12.9931,13.3503,13.3695,13.204,12.8133,12.5475,12.3657,12.0614,11.9099,10.4118,9.73359,9.81103,10.7061,11.5441,10.9105,9.58636,8.79473,8.40337,8.20182,7.82466,9.18663,8.84331,9.9746,11.9703,25.3557,127.147,405.325,0,0,0,0,0,0,0,0,0,0,0,0,0,0,0,0,0,0,0,0,0,0,0,0,0,0
531,15.8594,15.3883,15.2559,14.2024,13.4507,12.9746,12.4593,12.4571,12.8118,13.1922,13.0718,12.8258,12.6276,12.3652,12.251,11.9777,11.6923,10.324,9.6515,9.7322,10.627,11.5243,10.8723,9.51552,8.77491,8.44603,8.16041,7.80336,9.02744,8.87051,9.79863,11.6919,22.1372,110.643,365.429,0,0,0,0,0,0,0,0,0,0,0,0,0,0,0,0,0,0,0,0,0,0,0,0,0,0
531.5,15.7732,15.3034,15.1791,14.0061,13.1606,12.8918,12.304,12.4008,12.6522,12.9903,12.9824,12.6928,12.5383,12.2562,12.0048,11.8552,11.5824,10.0845,9.57,9.63517,10.5802,11.5747,10.8625,9.50628,8.75684,8.44468,8.10111,7.71983,8.83659,8.91693,9.64647,11.4729,19.6989,95.7221,326.074,0,0,0,0,0,0,0,0,0,0,0,0,0,0,0,0,0,0,0,0,0,0,0,0,0,0
532,15.7557,15.2386,14.9068,13.8877,13.1346,12.7326,12.0623,12.3373,12.5907,12.8483,12.9004,12.4052,12.4004,12.1163,11.7463,11.8396,11.4407,9.95935,9.52992,9.53906,10.474,11.5288,10.9301,9.48759,8.67881,8.45485,8.03098,7.71022,8.62459,8.90237,9.41707,11.2698,17.9836,82.2749,292.76,0,0,0,0,0,0,0,0,0,0,0,0,0,0,0,0,0,0,0,0,0,0,0,0,0,0
532.5,15.7632,15.0483,14.7676,13.7616,13.1161,12.6411,11.9273,12.2033,12.4785,12.7953,12.9063,12.692,12.2056,12.0405,11.5549,11.8049,11.2863,9.96209,9.43931,9.51943,10.463,11.433,10.9467,9.39778,8.67475,8.4018,7.96743,7.7104,8.47045,8.90908,9.27181,11.0935,16.5263,70.2742,262.697,0,0,0,0,0,0,0,0,0,0,0,0,0,0,0,0,0,0,0,0,0,0,0,0,0,0
533,15.5732,14.8562,14.5241,13.5941,13.0923,12.3663,11.8634,12.0087,12.3617,12.6678,12.806,12.5673,12.0427,12.0237,11.3549,11.6861,11.1014,10.0461,9.4569,9.48862,10.4374,11.3891,10.8986,9.34326,8.61899,8.34271,8.00064,7.739,8.3205,8.94048,9.16237,10.9432,15.3461,60.3263,236.101,0,0,0,0,0,0,0,0,0,0,0,0,0,0,0,0,0,0,0,0,0,0,0,0,0,0
533.5,15.4172,14.472,14.3096,13.4675,12.966,12.2368,11.7661,11.7795,12.2644,12.6064,12.8128,12.5738,11.9355,11.8932,11.2821,11.6004,11.0031,10.1174,9.2881,9.43461,10.432,11.0852,10.8441,9.3669,8.57956,8.28015,7.94115,7.75336,8.26645,8.84928,9.20671,10.847,14.5287,51.6897,210.149,0,0,0,0,0,0,0,0,0,0,0,0,0,0,0,0,0,0,0,0,0,0,0,0,0,0
534,15.2744,14.413,14.1101,13.3877,12.9957,12.0967,11.7259,11.7672,12.1962,12.5734,12.7441,12.47,11.8777,11.6355,11.1851,11.3061,10.9623,10.2311,9.17201,9.37817,10.1567,10.9966,10.7605,9.40319,8.58833,8.22875,7.91234,7.72603,8.13434,8.84493,9.20912,10.6451,13.9371,44.1046,184.662,0,0,0,0,0,0,0,0,0,0,0,0,0,0,0,0,0,0,0,0,0,0,0,0,0,0
534.5,15.1743,14.3832,14.0838,13.2693,12.9034,11.9889,11.6662,11.8207,11.9919,12.4286,12.7361,12.4219,11.962,11.3835,11.1992,11.1485,10.8044,10.2533,9.04083,9.34099,10.1199,10.8021,10.6076,9.47865,8.56486,8.17947,7.85805,7.82429,8.07955,8.80607,9.17023,10.4859,13.3605,37.6995,161.643,0,0,0,0,0,0,0,0,0,0,0,0,0,0,0,0,0,0,0,0,0,0,0,0,0,0
535,15.0829,14.3006,13.8913,13.1904,12.9541,11.814,11.6143,11.8852,11.8925,12.4843,12.71,12.4017,11.9264,11.2369,11.1399,11.1676,10.7809,10.2369,9.00208,9.30692,10.0584,10.7486,10.5303,9.50717,8.57767,8.15797,7.85425,7.87363,7.94398,8.72352,9.13572,10.3033,12.8921,32.467,142.255,460.209,0,0,0,0,0,0,0,0,0,0,0,0,0,0,0,0,0,0,0,0,0,0,0,0,0
535.5,14.9061,14.3137,13.8771,13.009,12.8434,11.7179,11.6049,11.7749,11.7542,12.3678,12.5486,12.4602,11.7574,11.2615,11.1334,11.1552,10.5748,10.0998,8.91293,9.2551,10.0982,10.7435,10.3513,9.40803,8.48032,8.22618,7.81574,7.87786,8.02626,8.67674,9.08317,10.1173,12.3402,28.1026,124.354,421.054,0,0,0,0,0,0,0,0,0,0,0,0,0,0,0,0,0,0,0,0,0,0,0,0,0
536,14.8002,14.1732,13.8333,12.8637,12.7154,11.7691,11.391,11.5634,11.7024,12.2753,12.47,12.3935,11.6065,11.3051,11.1765,11.1783,10.5836,9.9658,8.89704,9.16872,10.1605,10.7271,10.289,9.37804,8.42083,8.18703,7.86614,7.90617,8.0397,8.44572,9.1043,9.97674,12.0012,24.7771,109.03,383.83,0,0,0,0,0,0,0,0,0,0,0,0,0,0,0,0,0,0,0,0,0,0,0,0,0
536.5,14.7709,14.0795,13.8841,12.7171,12.4572,11.6558,11.3127,11.2576,11.6549,12.2285,12.3902,12.309,11.386,11.2817,11.0554,11.0668,10.4346,9.92136,8.75972,9.10431,10.1925,10.6758,10.2083,9.39315,8.392,8.17633,7.86877,7.85224,8.02674,8.29717,8.99451,9.91955,11.7561,22.219,95.386,347.842,0,0,0,0,0,0,0,0,0,0,0,0,0,0,0,0,0,0,0,0,0,0,0,0,0
537,14.549,13.937,13.7692,12.6693,12.2984,11.5358,11.0612,11.0993,11.454,12.0465,12.3497,12.12,11.1762,11.1926,10.9001,11.0242,10.3995,9.8782,8.74454,9.10083,10.1701,10.7617,10.2149,9.42634,8.45658,8.05205,7.83331,7.83123,7.98009,8.02595,8.96349,9.80293,11.5947,20.0832,83.2477,312.019,0,0,0,0,0,0,0,0,0,0,0,0,0,0,0,0,0,0,0,0,0,0,0,0,0
537.5,14.4929,14.0017,13.6214,12.7822,11.8562,11.5097,11.089,10.9472,11.4311,11.9264,12.2673,11.9015,11.0668,11.0065,10.7235,10.8616,10.3839,9.84436,8.62947,9.15895,10.0881,10.7985,10.2105,9.4942,8.58192,7.99437,7.85613,7.87579,7.96374,8.00533,8.98657,9.70296,11.4312,18.4493,72.0941,276.606,0,0,0,0,0,0,0,0,0,0,0,0,0,0,0,0,0,0,0,0,0,0,0,0,0
538,14.391,13.8717,13.4353,12.7479,11.7248,11.4776,10.9868,11.0002,11.3862,11.8476,12.0065,11.7517,10.953,10.977,10.6488,10.8651,10.3225,9.68466,8.59828,9.03521,10.0001,10.8014,10.2574,9.54852,8.57819,7.99927,7.8963,7.89944,7.99024,7.88361,9.106,9.62005,11.3383,17.18,63.2115,250.153,0,0,0,0,0,0,0,0,0,0,0,0,0,0,0,0,0,0,0,0,0,0,0,0,0
538.5,14.3358,13.765,13.2442,12.792,11.6471,11.4582,10.8923,10.9724,11.4197,11.9232,11.8596,11.5211,11.0713,10.7589,10.5726,10.7559,10.3107,9.55662,8.49211,8.97072,9.90202,10.7962,10.3052,9.58039,8.64493,8.15306,7.92271,7.94409,7.96971,7.93726,9.18326,9.41126,11.1387,16.3197,54.0753,221.237,0,0,0,0,0,0,0,0,0,0,0,0,0,0,0,0,0,0,0,0,0,0,0,0,0
539,14.3165,13.6281,13.0652,12.8769,11.656,11.2944,10.8461,10.8633,11.4705,11.8616,11.7493,11.4553,10.9521,10.6935,10.621,10.7197,10.2261,9.43794,8.53257,8.9225,9.93477,10.736,10.2377,9.45974,8.73024,8.20013,7.9515,7.96553,7.99169,7.96031,9.24719,9.32337,11.0101,15.4394,46.467,194.284,0,0,0,0,0,0,0,0,0,0,0,0,0,0,0,0,0,0,0,0,0,0,0,0,0
539.5,14.2443,13.569,13.0143,12.7804,11.7036,11.1604,10.8921,10.8427,11.4074,11.7278,11.7848,11.4149,10.8893,10.6288,10.5349,10.6509,10.1908,9.38818,8.56634,8.88055,9.91542,10.5969,10.2818,9.33076,8.84,8.18463,7.85512,7.94642,7.99217,8.0319,9.25185,9.16749,10.8143,14.9447,39.9941,169.382,0,0,0,0,0,0,0,0,0,0,0,0,0,0,0,0,0,0,0,0,0,0,0,0,0
540,14.2028,13.5704,12.9862,12.7695,11.6547,10.8797,10.7724,10.6961,11.3936,11.6164,11.6686,11.3466,10.8228,10.5152,10.4702,10.6271,10.0975,9.43177,8.68209,8.81823,9.90217,10.4247,10.2349,9.19132,8.83226,8.24319,7.82122,7.9157,8.07567,7.97177,9.27765,9.26509,10.7813,14.4612,34.7115,147.769,435.686,0,0,0,0,0,0,0,0,0,0,0,0,0,0,0,0,0,0,0,0,0,0,0,0
540.5,13.9686,13.3966,12.9655,12.643,11.5175,10.8973,10.5696,10.5982,11.3613,11.6174,11.5511,11.1523,10.8588,10.5063,10.2768,10.5484,9.95757,9.36276,8.74545,8.75577,9.79191,10.2867,10.2079,9.00866,8.7399,8.16593,7.84684,7.95861,8.08156,7.93167,9.23914,9.29877,10.6615,14.3888,30.2737,131.755,399.611,0,0,0,0,0,0,0,0,0,0,0,0,0,0,0,0,0,0,0,0,0,0,0,0
541,13.7761,13.3211,12.9153,12.514,11.4568,10.9275,10.4738,10.5523,11.2879,11.5457,11.3349,11.0619,10.9525,10.3291,10.1031,10.4914,9.83929,9.28419,8.7425,8.63138,9.63324,10.1352,10.0548,8.97918,8.65843,8.19646,7.91696,7.90126,8.15906,7.89449,9.12644,9.29476,10.6865,14.2088,26.9643,116.909,368.137,0,0,0,0,0,0,0,0,0,0,0,0,0,0,0,0,0,0,0,0,0,0,0,0
541.5,13.6823,13.2582,12.8082,12.346,11.4583,10.9932,10.2568,10.4052,11.1239,11.3903,11.2043,11.1335,10.9011,10.0688,10.0705,10.3619,9.7829,9.07714,8.67351,8.56549,9.52979,10.0442,10.0487,8.9271,8.58999,8.18616,8.00992,7.88489,8.12809,7.86115,9.07866,9.33483,10.6175,14.016,24.2594,102.813,338.926,0,0,0,0,0,0,0,0,0,0,0,0,0,0,0,0,0,0,0,0,0,0,0,0
542,13.6162,13.13,12.666,12.1911,11.3549,10.9691,10.2735,10.4159,11.0355,11.1836,11.0904,11.1717,10.8627,10.091,10.0222,10.2671,9.72377,8.93453,8.60066,8.46731,9.42451,9.92748,9.9087,8.96609,8.54149,8.20132,8.00688,7.94758,8.08733,7.92077,9.03008,9.4021,10.5438,13.6848,22.2064,89.8156,307.089,0,0,0,0,0,0,0,0,0,0,0,0,0,0,0,0,0,0,0,0,0,0,0,0
542.5,13.5355,13.1017,12.5267,12.1112,11.3452,10.7983,10.2778,10.3045,10.8678,11.01,10.9335,11.1683,10.7238,10.0874,9.89302,10.1403,9.61205,8.80599,8.54254,8.47608,9.30254,9.95357,9.9277,8.93564,8.42379,8.23993,8.04199,7.94121,8.03424,7.82688,8.91711,9.50964,10.4526,13.4576,20.4642,79.247,275.679,0,0,0,0,0,0,0,0,0,0,0,0,0,0,0,0,0,0,0,0,0,0,0,0
543,13.5152,12.8752,12.5098,12.0472,11.147,10.6561,10.297,10.3145,10.7649,10.9535,10.7499,10.977,10.5811,10.1283,9.82757,10.052,9.51154,8.687,8.48939,8.43627,9.14725,9.92922,9.80504,8.968,8.35708,8.29452,8.01489,8.03158,8.07737,7.84465,8.79993,9.5443,10.4661,13.2022,19.1777,68.2688,246.216,0,0,0,0,0,0,0,0,0,0,0,0,0,0,0,0,0,0,0,0,0,0,0,0
543.5,13.4103,12.6606,12.4749,12.0916,11.1649,10.5464,10.1819,10.2121,10.657,10.8948,10.7572,10.9013,10.4739,9.984,9.73807,9.98442,9.38789,8.65251,8.44583,8.38286,9.01924,9.95422,9.75988,8.97612,8.16226,8.33911,8.0974,8.12829,8.06254,7.82694,8.74657,9.64163,10.4418,13.0691,18.2744,59.6032,219.645,0,0,0,0,0,0,0,0,0,0,0,0,0,0,0,0,0,0,0,0,0,0,0,0
544,13.3032,12.5179,12.3943,11.9327,11.0324,10.5779,10.0488,10.2021,10.5635,10.8245,10.6898,10.8842,10.3068,9.88484,9.69926,9.80988,9.20555,8.57679,8.35956,8.34807,8.9772,9.91334,9.57662,9.03283,8.25161,8.36621,8.10817,8.23846,8.07422,7.91505,8.73752,9.85075,10.5096,12.9835,17.5091,51.6933,195.983,0,0,0,0,0,0,0,0,0,0,0,0,0,0,0,0,0,0,0,0,0,0,0,0
544.5,13.2669,12.5389,12.2659,11.8302,11.144,10.486,9.94448,10.107,10.39,10.7632,10.7044,10.7658,10.1249,9.71356,9.6244,9.58915,9.16233,8.58704,8.32772,8.41742,8.91443,9.84586,9.46281,8.9944,8.41029,8.24002,8.11039,8.24601,8.0638,7.97736,8.75242,10.0319,10.558,13.0776,17.0981,45.2409,174.77,0,0,0,0,0,0,0,0,0,0,0,0,0,0,0,0,0,0,0,0,0,0,0,0
545,13.1017,12.4851,12.1307,11.7505,11.0195,10.3279,9.93793,10.0083,10.2818,10.5761,10.604,10.7431,9.91286,9.54617,9.53518,9.30768,9.16525,8.52097,8.17288,8.4038,8.92692,9.71679,9.36262,8.94755,8.49403,8.13185,8.07284,8.28413,8.09661,8.02649,8.7833,10.202,10.5946,12.914,16.7539,39.6692,154.161,421.777,0,0,0,0,0,0,0,0,0,0,0,0,0,0,0,0,0,0,0,0,0,0,0
545.5,13.0015,12.4424,12.1201,11.6079,10.9212,10.1856,10.018,10.0241,10.2181,10.4725,10.4813,10.5246,9.78662,9.38385,9.36348,9.21342,9.02919,8.37681,8.06191,8.3199,8.80082,9.59003,9.28892,8.88721,8.53944,8.07024,8.13372,8.28963,8.00941,7.99628,8.93628,10.1808,10.5886,12.9268,16.7678,34.7418,135.313,395.112,0,0,0,0,0,0,0,0,0,0,0,0,0,0,0,0,0,0,0,0,0,0,0
546,12.8735,12.3173,11.962,11.4502,10.8937,10.0976,10.0205,9.86168,10.1632,10.4009,10.293,10.2993,9.62863,9.30965,9.25568,9.17425,8.92248,8.31149,7.9153,8.22074,8.78308,9.50101,9.30304,8.92468,8.48344,7.99279,8.17392,8.33903,7.98451,8.05662,8.99494,10.1217,10.7087,12.8126,16.5331,31.2192,119.559,364.04,0,0,0,0,0,0,0,0,0,0,0,0,0,0,0,0,0,0,0,0,0,0,0
546.5,12.743,12.1511,11.9051,11.2825,10.8271,10.0168,9.89053,9.74349,10.1066,10.3013,10.2711,10.0785,9.47504,9.19524,9.05798,9.16566,8.71994,8.15754,7.77734,7.99642,8.73636,9.51112,9.30577,8.88222,8.38407,7.97963,8.25261,8.31009,7.94053,8.14609,9.05828,10.0635,10.8761,12.7861,16.435,28.2283,106.162,334.482,0,0,0,0,0,0,0,0,0,0,0,0,0,0,0,0,0,0,0,0,0,0,0
547,12.5667,12.1,11.6803,11.2108,10.6437,9.97221,9.83866,9.6081,9.91101,10.1614,10.2156,9.92789,9.30728,9.00249,8.99274,9.0265,8.64514,8.03227,7.66342,7.92872,8.67592,9.41793,9.22413,8.86703,8.41133,7.87305,8.2809,8.24743,7.89617,8.13299,9.06143,10.0073,10.8405,12.7367,16.0908,26.0978,93.8665,303.744,0,0,0,0,0,0,0,0,0,0,0,0,0,0,0,0,0,0,0,0,0,0,0
547.5,12.3751,12.0061,11.5303,11.1389,10.5016,9.82636,9.81271,9.53513,9.73602,9.99037,10.2452,9.85506,9.29963,8.83697,8.79189,8.97435,8.56345,7.85446,7.64146,7.72376,8.69236,9.37864,9.14493,8.80397,8.31498,7.90993,8.23681,8.0996,7.95364,8.16491,9.15774,10.0081,10.9082,12.9072,15.9793,24.3172,82.5615,272.152,0,0,0,0,0,0,0,0,0,0,0,0,0,0,0,0,0,0,0,0,0,0,0
548,12.2521,11.8954,11.3104,11.0717,10.3973,9.70231,9.71953,9.44432,9.52349,9.87611,10.0225,9.69208,9.28283,8.86512,8.80311,8.8505,8.42238,7.68083,7.57175,7.60582,8.68724,9.29704,9.00886,8.74714,8.28563,8.04023,8.2398,8.06778,7.97463,8.24892,9.0994,10.037,11.0944,12.9215,15.7575,22.8025,72.2269,243.649,0,0,0,0,0,0,0,0,0,0,0,0,0,0,0,0,0,0,0,0,0,0,0
548.5,12.1013,11.7978,11.1391,10.9857,10.184,9.4808,9.53063,9.3661,9.44373,9.72139,9.98058,9.5459,9.26849,8.73476,8.70901,8.82902,8.29457,7.68803,7.52116,7.52498,8.53576,9.21024,8.91233,8.61645,8.22814,8.10578,8.12745,8.16797,8.07187,8.26751,9.1302,9.97454,11.128,13.0137,15.6322,21.653,63.6557,217.64,0,0,0,0,0,0,0,0,0,0,0,0,0,0,0,0,0,0,0,0,0,0,0
549,11.997,11.7073,11.0742,10.8636,10.0965,9.381,9.35774,9.21165,9.3753,9.52442,9.83288,9.39699,9.28657,8.79048,8.6686,8.79566,8.23295,7.66761,7.36651,7.49609,8.43124,9.10733,8.80915,8.54995,8.24636,8.19158,8.12767,8.23129,8.1654,8.31839,9.08117,9.94706,11.2318,13.0312,15.8239,20.7554,55.996,194.269,0,0,0,0,0,0,0,0,0,0,0,0,0,0,0,0,0,0,0,0,0,0,0
549.5,11.8858,11.6017,10.9722,10.6959,10.109,9.36395,9.16105,9.16508,9.34072,9.3751,9.83774,9.34719,9.14611,8.62418,8.48575,8.79667,8.21163,7.73221,7.28005,7.43547,8.28508,9.01662,8.74743,8.43145,8.21171,8.11448,8.1482,8.32694,8.17949,8.34977,9.09852,9.86987,11.2488,12.984,15.7734,20.249,49.8744,172.448,0,0,0,0,0,0,0,0,0,0,0,0,0,0,0,0,0,0,0,0,0,0,0
550,11.7249,11.4433,10.8273,10.5745,10.0793,9.38374,9.11344,9.08564,9.34789,9.26745,9.55372,9.43706,9.07688,8.56693,8.3293,8.73673,8.14136,7.65025,7.14372,7.37893,8.23691,8.90185,8.67356,8.30983,8.25641,8.07237,8.17608,8.28308,8.28513,8.3426,9.22344,9.91195,11.2919,12.9875,15.6259,19.8992,44.0356,152.88,436.966,0,0,0,0,0,0,0,0,0,0,0,0,0,0,0,0,0,0,0,0,0,0
550.5,11.5983,11.3448,10.6813,10.4143,9.96411,9.4837,9.00387,9.04678,9.30168,9.38727,9.37024,9.44827,8.95574,8.49504,8.23197,8.54715,8.0684,7.57001,7.07675,7.29972,8.17108,8.77703,8.66875,8.14684,8.23397,8.01004,8.22798,8.27725,8.3213,8.36216,9.19659,9.86275,11.4204,13.0189,15.4933,19.6722,39.0285,134.947,405.793,0,0,0,0,0,0,0,0,0,0,0,0,0,0,0,0,0,0,0,0,0,0
551,11.4248,11.1357,10.5312,10.2953,9.83416,9.37699,8.90985,8.97735,9.19498,9.33487,9.17563,9.50527,8.80762,8.46042,8.21172,8.42696,7.99198,7.51089,6.98235,7.24657,8.09521,8.60721,8.58503,7.96417,8.21697,7.9132,8.2333,8.25582,8.25338,8.23653,9.17705,9.91632,11.404,13.162,15.4003,19.456,34.9375,118.709,374.199,0,0,0,0,0,0,0,0,0,0,0,0,0,0,0,0,0,0,0,0,0,0
551.5,11.3573,11.0878,10.6683,10.1952,9.70023,9.3357,8.86651,8.8615,9.03234,9.29023,9.17065,9.41751,8.63619,8.40627,8.18503,8.27964,7.92133,7.46759,6.97754,7.21877,8.0329,8.35261,8.47544,7.83959,8.11854,7.91348,8.32072,8.28401,8.19398,8.17039,9.19693,10.0032,11.4572,13.1461,15.3436,19.0989,31.5648,104.535,341.41,0,0,0,0,0,0,0,0,0,0,0,0,0,0,0,0,0,0,0,0,0,0
552,11.2917,10.9907,10.5942,10.0693,9.63123,9.27069,8.76508,8.69534,8.8222,9.2469,9.05996,9.2904,8.50041,8.31393,8.13665,8.16312,7.73949,7.3925,6.89386,7.15614,7.8814,8.15787,8.34577,7.74642,7.96587,7.86469,8.42204,8.29656,8.1709,8.14339,9.17195,9.89963,11.406,13.1949,15.3914,18.7191,29.1406,92.0058,312.933,0,0,0,0,0,0,0,0,0,0,0,0,0,0,0,0,0,0,0,0,0,0
552.5,11.2467,10.9264,10.4442,9.84766,9.4786,9.21689,8.63989,8.61007,8.67114,9.22001,8.95945,9.18473,8.40452,8.19528,8.07607,8.05384,7.66999,7.28207,6.78768,7.00871,7.81612,8.08867,8.14447,7.76707,7.78823,7.77222,8.33474,8.32769,8.02013,8.17849,9.23796,9.83121,11.3628,13.2152,15.0797,18.4851,27.0325,82.0942,283.938,0,0,0,0,0,0,0,0,0,0,0,0,0,0,0,0,0,0,0,0,0,0
553,11.1069,10.8085,10.3937,9.754,9.26114,9.10714,8.55559,8.51015,8.5129,9.13299,8.86222,9.02901,8.25345,8.10177,7.95416,7.95595,7.54522,7.23176,6.68156,6.93298,7.60385,8.06959,8.0752,7.72512,7.64939,7.72926,8.30971,8.33269,7.97423,8.25565,9.29497,9.72932,11.3188,13.2462,14.9666,18.3109,25.5464,72.8012,253.689,0,0,0,0,0,0,0,0,0,0,0,0,0,0,0,0,0,0,0,0,0,0
553.5,10.9845,10.6858,10.3052,9.62249,9.08461,8.90655,8.5295,8.40342,8.48519,9.05207,8.74268,8.90884,8.10905,8.03743,7.82875,7.92696,7.46982,7.09754,6.56562,6.8664,7.50543,8.1747,7.98438,7.69939,7.56414,7.64764,8.18504,8.3792,7.9327,8.26331,9.12824,9.81364,11.4333,13.3274,14.9557,18.1808,24.2994,64.656,225.637,0,0,0,0,0,0,0,0,0,0,0,0,0,0,0,0,0,0,0,0,0,0
554,10.8228,10.5021,10.2108,9.59132,8.84508,8.74158,8.33222,8.38853,8.47141,8.89297,8.83882,8.78358,7.96216,7.93815,7.64753,7.85194,7.36874,6.98215,6.4184,6.79033,7.45975,7.96094,7.98879,7.63273,7.4335,7.6667,8.08216,8.37038,7.99487,8.1913,9.17934,9.95327,11.4677,13.2949,15.0809,18.0352,23.6423,57.0402,196.264,0,0,0,0,0,0,0,0,0,0,0,0,0,0,0,0,0,0,0,0,0,0
554.5,10.6232,10.326,10.0627,9.53905,8.80349,8.57308,8.20192,8.27478,8.43127,8.70439,8.80028,8.681,7.91863,7.85555,7.55746,7.72572,7.22651,6.79176,6.37132,6.71301,7.43747,7.89418,7.9436,7.54784,7.35558,7.65059,8.0438,8.38862,8.01486,8.14452,9.13573,10.105,11.5254,13.4108,15.0948,17.7459,23.0376,50.5188,173.762,0,0,0,0,0,0,0,0,0,0,0,0,0,0,0,0,0,0,0,0,0,0
555,10.4855,10.1822,9.9752,9.504,8.77047,8.42946,7.9911,8.17874,8.26539,8.56884,8.72596,8.54125,7.86861,7.71441,7.43383,7.62538,7.18481,6.60879,6.21765,6.57782,7.4089,7.72823,7.8272,7.37928,7.20566,7.62904,8.0413,8.39915,7.97183,8.12549,9.19136,9.99439,11.4432,13.3991,15.0446,17.5494,22.5185,45.405,153.607,423.301,0,0,0,0,0,0,0,0,0,0,0,0,0,0,0,0,0,0,0,0,0
555.5,10.36,9.96748,9.74092,9.43969,8.7143,8.27898,7.85402,8.05995,8.1338,8.43748,8.5735,8.46688,7.80277,7.5495,7.31889,7.49847,7.13409,6.5297,6.19168,6.4718,7.33423,7.72657,7.69297,7.2367,7.16491,7.51729,8.02001,8.30968,7.91993,8.18793,9.21984,9.86092,11.3852,13.347,14.9794,17.3808,22.0783,41.2006,136.324,392.204,0,0,0,0,0,0,0,0,0,0,0,0,0,0,0,0,0,0,0,0,0
556,10.198,9.81249,9.57547,9.23926,8.67635,8.10124,7.77807,7.98359,7.98466,8.27524,8.43171,8.37386,7.66737,7.43238,7.26553,7.40466,7.01909,6.40662,6.03839,6.34738,7.22524,7.67829,7.53697,7.11099,7.16614,7.43921,8.02757,8.20502,7.93092,8.21661,9.23438,9.80241,11.305,13.4016,14.7017,17.2563,21.6416,37.7283,122.765,357.333,0,0,0,0,0,0,0,0,0,0,0,0,0,0,0,0,0,0,0,0,0
556.5,10.1166,9.68387,9.47879,9.14213,8.54933,7.95695,7.70609,7.99518,7.91662,8.19417,8.30397,8.26941,7.54841,7.3438,7.19296,7.27969,6.88436,6.36896,5.92402,6.17516,7.14091,7.69441,7.36647,7.03362,7.14824,7.3673,7.94924,8.21366,7.87683,8.35381,9.13758,9.69196,11.2692,13.2764,14.5943,17.1271,21.3525,34.5902,109.002,327.482,0,0,0,0,0,0,0,0,0,0,0,0,0,0,0,0,0,0,0,0,0
557,9.9654,9.58953,9.43367,8.96253,8.42216,7.83567,7.69882,7.95889,7.72526,8.09716,8.26127,8.1869,7.46088,7.32328,7.14114,7.19659,6.7641,6.23891,5.86535,6.11225,7.05988,7.6405,7.28191,7.05334,7.10439,7.3947,7.92813,8.21511,7.87211,8.2276,9.18468,9.73543,11.2819,13.1732,14.5998,17.0815,20.9854,32.0625,97.738,296.45,0,0,0,0,0,0,0,0,0,0,0,0,0,0,0,0,0,0,0,0,0
557.5,9.87613,9.51239,9.37759,8.91844,8.32659,7.60213,7.76178,7.85795,7.58662,7.95359,8.0339,8.01499,7.41286,7.25061,7.06383,7.07948,6.66802,6.1746,5.74401,6.01181,7.01489,7.58164,7.29384,6.97586,7.04005,7.48008,7.89413,8.25812,7.85438,8.21647,9.05629,9.78673,11.2827,13.2488,14.8866,16.9284,20.6588,30.0974,87.4012,265.127,0,0,0,0,0,0,0,0,0,0,0,0,0,0,0,0,0,0,0,0,0
558,9.75379,9.31202,9.23501,8.81458,8.21489,7.60202,7.70207,7.69757,7.57331,7.83671,7.89175,7.91402,7.32122,7.11837,6.9613,6.87076,6.59434,6.08415,5.63921,5.97685,6.95853,7.46614,7.27791,6.88502,6.95997,7.38354,7.86814,8.26481,7.91852,8.1412,9.06637,9.75015,11.3368,13.3119,14.8379,16.8686,20.3385,28.3609,78.7775,238.701,0,0,0,0,0,0,0,0,0,0,0,0,0,0,0,0,0,0,0,0,0
558.5,9.64257,9.18192,9.05972,8.752,8.1347,7.55429,7.60997,7.60236,7.47539,7.75304,7.75643,7.76992,7.08759,6.98874,6.90984,6.78429,6.52029,6.0557,5.61864,5.78886,6.81355,7.3945,7.29192,6.7749,6.95746,7.25022,7.93,8.25474,7.99264,8.10266,9.05356,9.80167,11.3776,13.2414,15.0697,16.8508,20.1765,27.0946,69.7518,210.738,0,0,0,0,0,0,0,0,0,0,0,0,0,0,0,0,0,0,0,0,0
559,9.48412,9.09999,8.88774,8.64079,7.99427,7.61773,7.54594,7.56901,7.48002,7.68693,7.65849,7.70895,6.98191,6.89545,6.78202,6.65091,6.404,6.03104,5.54777,5.69893,6.73264,7.30242,7.16839,6.68575,6.90775,7.1083,7.90435,8.22829,8.04199,8.08257,9.0379,9.81402,11.4324,13.143,15.1991,17.1918,20.0218,26.1396,62.3001,187.155,0,0,0,0,0,0,0,0,0,0,0,0,0,0,0,0,0,0,0,0,0
559.5,9.34783,8.99104,8.81653,8.54746,7.83377,7.61273,7.43025,7.4896,7.29294,7.69462,7.60201,7.58102,6.75924,6.80457,6.69096,6.58858,6.36262,5.94012,5.56221,5.60166,6.58071,7.28018,7.0604,6.65654,6.79325,7.02778,7.9421,8.20638,8.08594,8.01204,9.00542,9.81027,11.3995,13.1306,15.3488,17.3192,19.7601,25.3515,55.2422,168.102,0,0,0,0,0,0,0,0,0,0,0,0,0,0,0,0,0,0,0,0,0
560,9.27503,8.96559,8.73478,8.27941,7.78386,7.59773,7.34167,7.3542,7.24803,7.60268,7.53405,7.45349,6.60004,6.75024,6.57183,6.49153,6.28976,5.88002,5.53045,5.59066,6.45235,7.19618,7.00082,6.65375,6.67962,7.03878,7.87775,8.20236,8.15835,8.03735,8.99385,9.8945,11.5419,13.3549,15.4581,17.4383,19.392,24.5595,50.0363,152.678,392.774,0,0,0,0,0,0,0,0,0,0,0,0,0,0,0,0,0,0,0,0
560.5,9.23887,8.82713,8.72332,8.16623,7.74488,7.50587,7.21005,7.25936,7.07985,7.4896,7.47585,7.34161,6.62941,6.63497,6.44606,6.37512,6.15796,5.78476,5.43934,5.50421,6.37831,7.15538,6.90071,6.57782,6.64897,7.06838,7.91173,8.15758,8.1641,8.11923,9.00936,9.96636,11.5524,13.5649,15.7065,17.5203,19.4497,24.3468,45.278,135.643,364.894,0,0,0,0,0,0,0,0,0,0,0,0,0,0,0,0,0,0,0,0
561,9.06361,8.77798,8.61885,8.09984,7.81382,7.43228,7.11093,7.23445,7.02386,7.42606,7.50974,7.30768,6.51354,6.54509,6.34103,6.34337,6.05722,5.68744,5.31423,5.42885,6.29415,7.14336,6.78844,6.48695,6.58866,6.99636,7.75782,8.16871,8.20995,8.1959,9.10212,10.0668,11.6631,13.8476,15.8476,17.5261,19.6202,24.3889,41.2106,121.764,333.817,0,0,0,0,0,0,0,0,0,0,0,0,0,0,0,0,0,0,0,0
561.5,9.02619,8.71208,8.51908,8.07399,7.73594,7.3601,6.95787,7.15085,7.04206,7.33105,7.47361,7.33039,6.55072,6.46532,6.23122,6.2409,5.92064,5.58402,5.20812,5.41056,6.18655,7.15557,6.64838,6.35042,6.5934,6.91069,7.74283,8.19776,8.25502,8.33359,9.14558,10.2877,11.6477,14.1447,16.1446,17.776,20.1477,24.3539,38.0557,108.997,301.49,0,0,0,0,0,0,0,0,0,0,0,0,0,0,0,0,0,0,0,0
562,8.96666,8.69713,8.45494,8.10402,7.63207,7.27799,6.84931,7.09273,7.0067,7.27499,7.45777,7.31081,6.58591,6.3721,6.14047,6.14515,5.8611,5.50047,5.19062,5.35412,6.08518,7.05939,6.545,6.29494,6.47349,6.85188,7.68205,8.21642,8.31227,8.56026,9.2036,10.4759,11.8375,14.386,16.6215,17.8912,20.4242,24.4861,36.317,97.555,273.199,0,0,0,0,0,0,0,0,0,0,0,0,0,0,0,0,0,0,0,0
562.5,9.02593,8.77531,8.33043,8.08673,7.63988,7.21683,6.90976,7.06701,6.99039,7.25652,7.39114,7.27986,6.5538,6.25359,6.06839,6.04822,5.79007,5.44449,5.1908,5.35709,5.91039,7.04097,6.51555,6.23866,6.47956,6.73609,7.69835,8.2535,8.34314,8.67253,9.36022,10.5418,11.8115,14.6346,17.1694,18.4427,21.0882,24.7412,35.1636,88.2312,248.053,0,0,0,0,0,0,0,0,0,0,0,0,0,0,0,0,0,0,0,0
563,9.02443,8.78891,8.25982,8.11786,7.64716,7.22639,6.91677,6.99882,7.02166,7.14608,7.35367,7.23693,6.58358,6.20781,5.99959,5.97045,5.74213,5.33287,5.11337,5.29864,5.85358,6.91397,6.50303,6.16887,6.43646,6.62363,7.71123,8.27291,8.45913,8.82735,9.47974,10.6312,12.1862,15.0313,17.8185,18.9367,21.4275,25.1746,34.4808,79.8393,223.171,0,0,0,0,0,0,0,0,0,0,0,0,0,0,0,0,0,0,0,0
563.5,9.03822,8.78041,8.14191,8.07783,7.67946,7.24415,6.92123,7.00856,7.04001,7.13854,7.37291,7.13457,6.5526,6.1319,5.89469,5.93255,5.71946,5.20868,4.99896,5.24747,5.81996,6.80616,6.50791,6.19313,6.41576,6.56549,7.76373,8.3477,8.58292,8.91315,9.69581,10.7678,12.5788,15.4601,18.5788,19.5978,22.1195,26.0936,34.2351,72.6667,201.286,0,0,0,0,0,0,0,0,0,0,0,0,0,0,0,0,0,0,0,0
564,8.99413,8.73914,8.15381,7.97056,7.74097,7.25098,6.96569,7.00703,7.03917,7.15761,7.33285,7.04815,6.51516,6.12146,5.81573,5.79327,5.64528,5.13683,4.82989,5.18979,5.81641,6.65323,6.53923,6.1183,6.30904,6.56982,7.82193,8.51942,8.80447,9.07743,9.95612,11.1176,12.9994,16.161,19.2012,20.4889,22.9775,26.6005,33.9886,66.6433,180.727,0,0,0,0,0,0,0,0,0,0,0,0,0,0,0,0,0,0,0,0
564.5,8.93296,8.70156,8.21482,7.95215,7.78097,7.32409,6.9949,7.03666,7.10866,7.25746,7.39305,6.98416,6.51083,6.10073,5.74844,5.68436,5.57327,5.05386,4.72724,5.14009,5.79096,6.57101,6.57796,6.18157,6.30597,6.68018,7.89949,8.66754,9.06039,9.37227,10.2567,11.4038,13.4662,16.9386,19.9641,21.5734,24.0221,27.1905,34.2992,62.39,163.93,0,0,0,0,0,0,0,0,0,0,0,0,0,0,0,0,0,0,0,0
565,8.93064,8.65928,8.32128,8.15054,7.84669,7.38902,7.0422,7.04458,7.24643,7.3757,7.4268,6.99387,6.46685,6.11395,5.62005,5.60047,5.47096,5.01295,4.63434,5.02499,5.72986,6.56521,6.57118,6.18002,6.31191,6.7475,7.93279,8.82575,9.29568,9.73649,10.6108,11.9783,13.9598,17.811,20.8489,22.8688,25.3123,28.1556,35.3955,58.2602,150.109,369.832,0,0,0,0,0,0,0,0,0,0,0,0,0,0,0,0,0,0,0
565.5,8.91537,8.71637,8.37496,8.35484,7.95838,7.48592,7.07941,7.13073,7.35186,7.38881,7.46901,7.10039,6.42803,6.0599,5.55335,5.50361,5.39641,4.96493,4.62585,4.94561,5.68855,6.6126,6.58549,6.21604,6.43341,6.75913,8.01374,9.0361,9.56934,10.176,10.9735,12.531,14.6234,18.7552,21.7995,24.3889,26.866,29.3885,36.8796,56.1051,136.562,346.503,0,0,0,0,0,0,0,0,0,0,0,0,0,0,0,0,0,0,0
566,9.04378,8.82948,8.44059,8.50245,8.10837,7.60888,7.17382,7.31256,7.41324,7.38715,7.54858,7.08638,6.36257,6.00162,5.53175,5.4994,5.29322,4.96294,4.58714,4.83014,5.62039,6.5512,6.61909,6.2086,6.50432,6.86233,8.06594,9.27101,9.85971,10.7072,11.2824,13.0336,15.2718,19.5248,23.2757,26.0224,28.6643,31.0765,39.2275,55.2129,125.179,320.24,0,0,0,0,0,0,0,0,0,0,0,0,0,0,0,0,0,0,0
566.5,9.13066,9.02956,8.71705,8.66031,8.26236,7.77703,7.34386,7.46842,7.50201,7.3971,7.60436,7.03829,6.36901,5.84459,5.56495,5.45673,5.24445,4.89181,4.57641,4.81421,5.56946,6.49403,6.72954,6.29179,6.61438,7.10541,8.1606,9.46049,10.1974,11.1887,11.8185,13.6951,16.0449,20.7193,24.7306,27.385,30.5082,33.5125,41.4393,54.7406,117.544,294.572,0,0,0,0,0,0,0,0,0,0,0,0,0,0,0,0,0,0,0
567,9.29415,9.12243,8.91709,8.76751,8.4507,7.8804,7.53326,7.58373,7.62571,7.45345,7.71541,6.97513,6.35971,5.786,5.53201,5.44784,5.19345,4.8844,4.5191,4.71683,5.52173,6.36159,6.70728,6.32585,6.71651,7.28481,8.35798,9.79642,10.5011,11.7153,12.3772,14.4664,16.695,21.7762,26.4473,29.3367,32.4133,35.2355,43.7815,55.799,109.645,271.377,0,0,0,0,0,0,0,0,0,0,0,0,0,0,0,0,0,0,0
567.5,9.36909,9.23153,9.18057,8.94775,8.66434,8.14287,7.78597,7.54509,7.80056,7.67356,7.84839,6.99509,6.35461,5.75516,5.55902,5.35599,5.13663,4.77618,4.442,4.70927,5.50958,6.27179,6.6902,6.34941,6.80733,7.44348,8.54202,10.088,10.9413,12.2518,13.1552,15.2747,17.7449,23.056,28.5079,31.4966,34.8384,37.8251,46.1763,56.2172,102.443,248.549,0,0,0,0,0,0,0,0,0,0,0,0,0,0,0,0,0,0,0
568,9.48935,9.29576,9.30867,9.2665,8.83576,8.30049,7.99888,7.78355,8.05299,7.87953,7.9282,7.22254,6.38558,5.77716,5.48936,5.22983,5.05492,4.75005,4.41427,4.6349,5.49478,6.25359,6.60903,6.38014,6.90536,7.61774,8.78682,10.5073,11.3722,12.8607,14.0101,16.0924,18.9474,24.3331,30.4315,33.8708,36.7277,40.5707,48.8997,57.1339,96.9085,227.185,0,0,0,0,0,0,0,0,0,0,0,0,0,0,0,0,0,0,0
568.5,9.66824,9.38196,9.50667,9.43529,9.06898,8.62041,8.25884,8.02457,8.25287,8.13901,8.12754,7.36567,6.39192,5.83237,5.43576,5.14726,4.97536,4.69093,4.39739,4.6463,5.48443,6.26706,6.56113,6.48069,6.97535,7.78462,8.97285,10.6892,11.9129,13.4881,14.8576,16.8526,20.2471,25.8417,31.7352,36.2175,39.9601,43.5593,52.1465,59.6529,93.1336,210.735,0,0,0,0,0,0,0,0,0,0,0,0,0,0,0,0,0,0,0
569,9.85571,9.64802,9.73632,9.71633,9.3336,8.95492,8.41339,8.43583,8.43168,8.30323,8.15555,7.59353,6.454,5.90626,5.42965,5.15255,4.93413,4.71279,4.44207,4.67162,5.42146,6.22762,6.62101,6.58011,7.08304,7.97449,9.25937,10.9606,12.4237,14.0948,15.6591,17.8318,21.5956,27.1815,34.1337,38.9518,42.3175,47.3493,55.744,62.2638,91.1851,195.02,0,0,0,0,0,0,0,0,0,0,0,0,0,0,0,0,0,0,0
569.5,9.98503,9.86689,10.1268,10.0516,9.73556,9.29936,8.72487,8.69635,8.63427,8.44783,8.35176,7.74345,6.45336,5.92851,5.40604,5.13834,4.88603,4.66224,4.36091,4.64427,5.38853,6.2227,6.69127,6.71412,7.16309,8.25075,9.54019,11.4368,12.9437,14.7643,16.5973,18.8667,22.9674,28.9407,36.3323,41.8762,45.5012,51.1388,58.7925,66.5409,90.4779,183.418,0,0,0,0,0,0,0,0,0,0,0,0,0,0,0,0,0,0,0
570,10.2099,10.2359,10.4678,10.4742,10.1294,9.71044,8.91003,9.04849,8.88561,8.60651,8.53532,7.86045,6.46167,5.93338,5.38861,5.15037,4.90542,4.59571,4.31698,4.6055,5.34804,6.14861,6.7785,6.79313,7.25534,8.39041,9.89311,11.9889,13.4766,15.3405,17.1802,20.035,24.2627,30.4654,39.0245,44.7194,48.3971,55.4608,62.5167,70.1016,90.2402,172.431,370.076,0,0,0,0,0,0,0,0,0,0,0,0,0,0,0,0,0,0
570.5,10.257,10.5692,10.8414,10.8637,10.5129,10.0714,9.18012,9.26899,9.27861,8.80036,8.70303,7.95998,6.47856,5.84564,5.41367,5.16098,4.91948,4.56679,4.26707,4.61411,5.34525,6.14543,6.85556,6.89105,7.35932,8.62123,10.267,12.6149,14.0201,16.166,18.1503,21.1016,25.8913,32.6194,41.4379,48.2615,51.8623,59.1413,66.2739,75.3529,90.9643,163.195,348.919,0,0,0,0,0,0,0,0,0,0,0,0,0,0,0,0,0,0
571,10.5136,10.8924,11.1658,11.2114,10.8147,10.429,9.64294,9.59591,9.64565,8.97607,8.93752,8.08578,6.59869,5.85003,5.37753,5.12396,4.90582,4.53072,4.2217,4.57455,5.28571,6.19625,6.90712,6.97851,7.46195,8.80159,10.6912,13.0551,14.5678,17.0656,19.0371,22.1447,27.5752,34.4229,44.2245,51.4517,55.3236,62.3866,70.5367,80.1509,92.3236,156.482,329.896,0,0,0,0,0,0,0,0,0,0,0,0,0,0,0,0,0,0
571.5,10.7714,11.3468,11.5075,11.5729,11.1081,10.8352,10.1353,9.85124,9.95874,9.39046,9.09919,8.28138,6.73598,5.89536,5.47703,5.12011,4.90627,4.47819,4.1733,4.57625,5.26424,6.306,6.9898,7.08531,7.57883,9.0802,10.9152,13.3855,15.2008,17.8623,20.101,23.1708,29.3591,36.7323,46.889,54.0477,59.349,65.7738,75.4671,85.5763,94.8651,152.695,313.932,0,0,0,0,0,0,0,0,0,0,0,0,0,0,0,0,0,0
572,11.1479,11.8398,12.0086,11.9841,11.5412,11.2182,10.6574,10.1755,10.3673,9.79325,9.38406,8.47293,6.83061,6.00513,5.45879,5.17455,4.91686,4.47852,4.12531,4.57252,5.26827,6.31263,7.01919,7.24612,7.61843,9.32075,11.2162,13.7252,15.7097,18.7319,21.2759,24.6002,31.3701,39.1165,49.6768,57.3864,63.3173,69.6886,80.6987,91.1603,98.9591,149.176,298.65,0,0,0,0,0,0,0,0,0,0,0,0,0,0,0,0,0,0
572.5,11.6646,12.3134,12.5138,12.4715,12.0405,11.714,11.2061,10.6513,10.619,10.1242,9.68256,8.76299,7.03783,6.19141,5.56821,5.17892,4.92755,4.46621,4.15193,4.567,5.34762,6.16476,7.07913,7.38052,7.78295,9.49387,11.4991,14.3397,16.41,19.6526,22.5353,26.382,33.4154,41.7693,52.6478,61.323,68.091,74.7307,85.6142,96.3296,104.017,148.155,284.671,0,0,0,0,0,0,0,0,0,0,0,0,0,0,0,0,0,0
573,12.2221,12.7438,13.1288,12.9099,12.6574,12.191,11.6641,11.1988,11.0744,10.3713,10.0116,8.93416,7.21955,6.27985,5.50124,5.177,4.93659,4.44708,4.15776,4.55404,5.44549,6.17765,7.06982,7.59441,7.96532,9.72231,11.8944,14.8209,17.2113,20.6786,23.9977,28.032,35.5323,44.8275,56.3982,67.259,73.0218,80.3972,91.2611,101.764,109.909,146.472,269.876,0,0,0,0,0,0,0,0,0,0,0,0,0,0,0,0,0,0
573.5,12.7633,13.0748,13.7851,13.4816,13.2915,12.872,12.0764,11.7028,11.4577,10.838,10.3808,9.14704,7.19763,6.34621,5.55058,5.19503,4.94353,4.45497,4.14804,4.5736,5.50256,6.28091,7.08464,7.75948,8.15287,10.0171,12.5195,15.5977,17.8169,21.7348,25.3618,29.5491,37.6114,48.095,60.2884,72.4043,78.4496,86.5534,98.0991,107.076,115.214,146.666,260.815,0,0,0,0,0,0,0,0,0,0,0,0,0,0,0,0,0,0
574,13.2379,13.2649,14.3153,14.0672,14.0329,13.5756,12.592,12.2317,11.9276,11.2075,10.8269,9.4051,7.40047,6.35243,5.53535,5.23925,4.91088,4.45116,4.14439,4.60321,5.51712,6.43423,7.28265,7.95328,8.40584,10.2751,13.0711,16.2249,18.5893,22.7667,26.809,31.1872,39.646,50.6738,64.5043,76.8602,83.6842,92.301,103.842,112.619,121.339,148.119,250.2,0,0,0,0,0,0,0,0,0,0,0,0,0,0,0,0,0,0
574.5,13.6843,13.8271,14.8097,14.6319,14.7805,14.2218,13.182,12.6966,12.3924,11.5777,11.1732,9.7274,7.57815,6.46258,5.57244,5.24075,4.88625,4.46904,4.18496,4.57626,5.58829,6.52776,7.43288,8.09226,8.60299,10.4684,13.6349,16.9522,19.5062,23.7999,28.2814,32.8376,41.4326,54.1519,67.5304,80.2645,88.5029,97.6939,109.107,120.134,127.787,150.424,243.834,0,0,0,0,0,0,0,0,0,0,0,0,0,0,0,0,0,0
575,14.0516,14.3972,15.2921,15.1421,15.3745,14.668,13.7152,13.0271,12.8588,12.0142,11.4863,9.98313,7.84794,6.55192,5.62493,5.24011,4.84758,4.46201,4.1974,4.62308,5.5948,6.76474,7.59249,8.22447,8.86072,10.7635,14.143,17.5046,20.385,25.0486,29.54,34.6272,43.5374,56.6913,71.8862,84.1868,93.4168,101.326,114.929,127.059,133.447,153.96,235.856,421.022,0,0,0,0,0,0,0,0,0,0,0,0,0,0,0,0,0
575.5,14.4535,14.9689,15.7055,15.7021,15.8864,14.9211,14.3184,13.4045,13.1903,12.3736,11.6885,10.2561,8.05347,6.70633,5.6209,5.19505,4.8342,4.41552,4.20453,4.62596,5.60869,6.81723,7.68964,8.24425,9.14639,11.0568,14.6352,18.1525,21.2064,26.1742,30.5548,35.9343,45.6023,59.225,74.9107,87.3431,97.9054,104.95,120.92,133.235,140.128,158.363,230.02,405.993,0,0,0,0,0,0,0,0,0,0,0,0,0,0,0,0,0
576,14.8798,15.3263,15.9926,16.1078,16.4807,15.3133,14.7113,13.7076,13.5354,12.601,11.9217,10.4255,8.21123,6.81201,5.66222,5.16942,4.80265,4.34738,4.17296,4.5558,5.58555,6.88416,7.82805,8.33249,9.37298,11.3794,15.0979,18.576,21.8683,27.1327,31.5518,37.4412,47.2343,61.2471,75.845,91.7266,102.401,109.378,126.631,138.671,145.875,162.058,225.657,388.013,0,0,0,0,0,0,0,0,0,0,0,0,0,0,0,0,0
576.5,14.9931,15.4383,16.2961,16.6673,16.8517,15.4167,15.0246,13.9637,13.8097,12.8046,12.1503,10.6081,8.26301,6.86056,5.69168,5.19469,4.75062,4.3426,4.14129,4.54117,5.63219,6.91197,7.88428,8.34934,9.46446,11.7466,15.4074,18.9681,22.2122,27.7448,32.3046,38.5963,48.7721,63.0424,77.2357,95.2789,106.404,113.628,131.273,143.287,150.781,164.049,223.353,368.889,0,0,0,0,0,0,0,0,0,0,0,0,0,0,0,0,0
577,15.1141,15.7139,16.6486,17.0522,17.2801,15.797,15.2268,13.921,13.8315,13.0009,12.4799,10.7246,8.38966,6.90167,5.7085,5.22114,4.70912,4.36809,4.12672,4.46012,5.64665,6.86006,7.92788,8.42163,9.53895,12.0106,15.7022,19.3393,22.5229,28.1623,32.8089,39.7502,49.1019,64.8195,78.693,97.9869,108.29,118.258,135.684,146.845,154.645,166.351,220.042,351.22,0,0,0,0,0,0,0,0,0,0,0,0,0,0,0,0,0
577.5,15.1254,15.7441,16.8783,17.4571,17.4166,16.1713,15.4003,14.0538,13.9933,13.2233,12.684,10.8173,8.51725,6.92212,5.65977,5.21791,4.67809,4.30511,4.10535,4.4376,5.61349,6.87856,7.84587,8.3928,9.61245,12.1459,15.832,19.5474,22.6073,28.3407,32.8972,40.3004,50.1207,65.2576,80.6956,98.2398,109.553,120.836,137.183,147.92,157.21,167.7,216.751,336.857,0,0,0,0,0,0,0,0,0,0,0,0,0,0,0,0,0
578,15.0713,15.7518,16.9154,17.6495,17.5045,16.3123,15.4892,14.2909,14.1114,13.3753,12.7825,10.9174,8.54439,6.87636,5.63344,5.19989,4.66355,4.22962,4.09192,4.44324,5.61875,6.88842,7.74082,8.33196,9.70608,12.1259,15.8006,19.7294,22.5388,28.1231,33.0415,40.7103,50.3137,65.7199,82.4028,98.9128,110.162,121.482,138.599,148.139,159.724,168.641,210.042,323.822,0,0,0,0,0,0,0,0,0,0,0,0,0,0,0,0,0
578.5,14.8606,15.8975,16.9108,17.79,17.6036,16.4425,15.5325,14.4673,14.2186,13.4185,12.6936,10.9611,8.57185,6.8902,5.56623,5.16929,4.57312,4.14988,4.03902,4.44392,5.50594,6.86936,7.63851,8.37893,9.72462,12.0793,15.7232,19.7174,22.9211,27.9968,32.5152,40.6989,50.7904,65.2108,81.8814,99.014,110.497,121.292,139.286,148.374,160.772,169.598,205.54,307.668,0,0,0,0,0,0,0,0,0,0,0,0,0,0,0,0,0
579,14.5969,15.5973,16.7006,17.7057,17.5534,16.4046,15.5598,14.5178,14.3946,13.4162,12.6812,10.8746,8.49015,6.75733,5.53315,5.09439,4.49209,4.11124,3.97708,4.38487,5.38682,6.8914,7.52059,8.28855,9.79166,11.9894,15.4827,19.544,22.8667,27.5562,32.2998,40.7374,49.9277,64.5985,82.003,100.443,111.434,120.641,137.463,148.532,160.623,169.758,199.315,291.888,0,0,0,0,0,0,0,0,0,0,0,0,0,0,0,0,0
579.5,14.453,15.3938,16.414,17.6551,17.5011,16.0124,15.546,14.2656,14.3318,13.2874,12.6009,10.801,8.38288,6.65787,5.56718,5.0087,4.4327,4.09262,3.97578,4.31644,5.32515,6.83813,7.36612,8.1909,9.63857,11.8859,15.2633,19.3072,22.6697,27.014,31.609,40.4983,49.0462,63.2467,81.0107,100.981,109.334,119.508,135.092,145.699,158.828,168.704,195.537,275.257,0,0,0,0,0,0,0,0,0,0,0,0,0,0,0,0,0
580,14.3847,15.047,16.2058,17.1688,17.2512,15.6865,15.1979,14.0339,14.2131,12.8646,12.4158,10.6601,8.31487,6.56849,5.49552,4.95777,4.37609,4.05609,3.95883,4.26016,5.26383,6.64714,7.10474,7.99479,9.48327,11.7348,14.9955,19.0116,22.1773,26.6669,30.792,39.9619,48.6295,62.1086,81.0491,99.0842,108.83,117.376,132.085,143.118,157.034,164.149,187.521,260.066,431.399,0,0,0,0,0,0,0,0,0,0,0,0,0,0,0,0
580.5,14.1601,14.8843,15.8192,16.8845,16.7118,15.3193,14.933,13.6053,14.0299,12.5898,12.3718,10.5769,8.1733,6.50024,5.44213,4.82509,4.37164,3.99421,3.96567,4.22509,5.22536,6.50577,7.00403,7.71536,9.33895,11.5587,14.8297,18.7257,21.6067,26.0732,30.3476,38.8609,47.5312,60.5986,79.4531,96.9847,105.463,114.645,128.903,139.935,152.717,159.953,178.097,242.828,408.641,0,0,0,0,0,0,0,0,0,0,0,0,0,0,0,0
581,13.9233,14.8781,15.5003,16.3631,16.233,15.0401,14.5357,13.279,13.8628,12.3434,12.1562,10.3725,7.95776,6.42138,5.38203,4.7267,4.31439,3.95879,3.87538,4.17559,5.26968,6.36809,6.93022,7.56946,9.13648,11.3503,14.6254,18.2913,20.8054,25.5834,29.5634,37.4277,46.8881,59.495,76.2414,92.4852,102.149,111.754,125.542,137.194,147.007,154.179,168.777,229.784,380.169,0,0,0,0,0,0,0,0,0,0,0,0,0,0,0,0
581.5,13.6528,14.8136,15.2001,15.7541,15.7432,14.9808,14.3068,12.9706,13.4001,12.2041,11.9309,10.1482,7.74137,6.20081,5.30033,4.65972,4.26773,3.89059,3.7997,4.10399,5.16201,6.27767,6.9314,7.42877,8.92527,11.1534,14.3893,17.7176,20.2203,24.7953,28.8031,36.1425,45.459,57.8246,72.4902,88.4369,98.6911,107.803,120.644,132.827,142.289,149.189,161.159,215.466,358.662,0,0,0,0,0,0,0,0,0,0,0,0,0,0,0,0
582,13.322,14.5814,14.8022,15.295,15.2719,14.7582,13.8957,12.5951,12.9884,11.9852,11.5346,9.85045,7.44574,6.11582,5.27667,4.68799,4.27628,3.85091,3.74599,3.97658,5.0419,6.08557,6.84593,7.38414,8.74945,10.8016,13.9519,16.9142,19.8128,23.7719,27.917,35.0723,44.0443,55.814,69.8514,84.7505,94.1219,102.964,116.608,127.8,135.891,143.06,154.075,203.775,331.003,0,0,0,0,0,0,0,0,0,0,0,0,0,0,0,0
582.5,13.0064,14.1876,14.5441,14.8944,14.7016,14.3002,13.5116,12.4086,12.5923,11.5798,11.2203,9.5775,7.19508,5.97546,5.16403,4.66513,4.20413,3.80076,3.63279,3.91075,4.87002,5.92566,6.72091,7.29531,8.39319,10.5369,13.5439,16.4278,19.3254,22.8304,27.0048,34.0497,42.4354,53.4614,67.0472,81.355,90.2355,98.0897,111.809,122.972,131.564,137.487,149.17,191.778,307.365,0,0,0,0,0,0,0,0,0,0,0,0,0,0,0,0
583,12.8709,13.8378,14.2411,14.5855,14.189,13.7782,13.0464,12.173,12.3043,11.2295,10.8386,9.28267,7.04508,5.9467,5.07932,4.58643,4.10387,3.74798,3.56405,3.87488,4.70809,5.68415,6.5,7.10179,8.11079,10.2362,13.0354,15.8619,18.7446,21.94,26.0293,32.4415,40.6745,50.9933,65.197,78.6346,86.8226,94.2673,107.583,119.275,125.61,130.726,142.659,181.93,283.139,0,0,0,0,0,0,0,0,0,0,0,0,0,0,0,0
583.5,12.5284,13.4288,13.9608,14.1354,13.6244,13.3177,12.7048,12.0363,12.0697,10.9913,10.5278,9.08401,6.9247,5.89923,4.95154,4.48933,3.96547,3.70758,3.50355,3.80069,4.60076,5.54519,6.3433,6.9565,7.81337,9.94206,12.701,15.4846,18.0201,21.2658,25.142,31.2747,38.7098,49.0688,61.8834,75.161,84.2048,91.9978,103.492,114.151,120.036,124.695,135.781,169.573,259.576,0,0,0,0,0,0,0,0,0,0,0,0,0,0,0,0
584,12.1036,13.0002,13.6792,13.4174,13.2977,12.9444,12.2856,11.7315,11.7158,10.5989,10.1933,8.865,6.89006,5.79502,4.86949,4.36597,3.87112,3.63894,3.4693,3.78592,4.56203,5.47878,6.13829,6.72759,7.58687,9.7545,12.2648,14.8967,17.2643,20.644,23.9598,29.9082,37.2563,46.7782,59.6197,72.0928,81.2443,88.4845,100.108,109.248,115.467,121.054,129.9,160.232,240.311,0,0,0,0,0,0,0,0,0,0,0,0,0,0,0,0
584.5,11.6614,12.455,13.2726,12.9694,12.8941,12.4231,11.8628,11.4052,11.3417,10.3731,9.88347,8.59616,6.76277,5.64307,4.75302,4.295,3.85977,3.59928,3.43915,3.73881,4.5141,5.41045,5.96805,6.54657,7.37495,9.46105,11.9307,14.3127,16.7387,19.9357,23.1209,28.905,35.7387,45.2803,56.8648,69.5497,78.2662,84.9293,96.3091,103.534,110.782,115.998,123.551,149.671,221.257,0,0,0,0,0,0,0,0,0,0,0,0,0,0,0,0
585,11.308,12.1032,12.8812,12.419,12.5123,12.1067,11.292,10.9666,10.954,10.182,9.5826,8.35172,6.58066,5.51464,4.69862,4.17334,3.84764,3.51815,3.38924,3.74443,4.49985,5.28179,5.84245,6.38927,7.24671,9.28653,11.4879,13.8365,16.2376,19.3436,22.2062,27.4219,34.4487,43.4282,54.4002,68.0474,75.1805,81.3575,92.2444,98.5196,105.993,110.391,118.838,139.708,204.452,336.98,0,0,0,0,0,0,0,0,0,0,0,0,0,0,0
585.5,11.0246,11.5719,12.3749,12.0626,12.1503,11.5962,10.7835,10.564,10.56,10.0038,9.39718,8.07179,6.53486,5.46546,4.6386,4.08712,3.80573,3.47064,3.31686,3.67826,4.39351,5.21237,5.69636,6.25524,7.02569,8.92379,11.0363,13.4212,15.6724,18.7783,21.3244,26.3934,32.9799,42.2739,52.5784,65.1988,72.5542,77.821,88.1887,94.8151,101.09,104.625,113.263,130.909,190.208,315.548,0,0,0,0,0,0,0,0,0,0,0,0,0,0,0
586,10.732,11.1577,11.8232,11.6325,11.8474,11.242,10.472,10.1652,10.2366,9.72628,9.14146,7.87625,6.30742,5.39857,4.55211,4.00757,3.75989,3.41353,3.22527,3.64897,4.27628,5.08907,5.59258,6.0749,6.82908,8.60494,10.6482,12.9496,15.1139,17.9339,20.3199,25.4292,31.8021,40.9618,50.5176,62.2533,68.9489,74.3715,85.3718,90.5782,96.9655,100.501,108.679,121.058,175.142,293.435,0,0,0,0,0,0,0,0,0,0,0,0,0,0,0
586.5,10.3672,10.9927,11.2863,11.3212,11.4665,10.9379,10.1102,9.78009,9.99299,9.37188,8.90851,7.71744,6.21543,5.28838,4.45724,3.92391,3.66539,3.36889,3.20141,3.58889,4.13895,4.98857,5.47941,5.96803,6.52719,8.31237,10.3615,12.5106,14.6259,17.1705,19.3419,24.4835,30.5682,39.5902,49.0667,59.4003,65.9242,70.8958,81.6123,87.708,92.9914,96.8669,104.099,113.866,163.168,271.506,0,0,0,0,0,0,0,0,0,0,0,0,0,0,0
587,10.0759,10.8176,10.8591,10.947,11.1302,10.5105,9.87895,9.45132,9.75175,9.07766,8.69982,7.48235,5.99832,5.14012,4.3593,3.82556,3.60479,3.31066,3.13091,3.54243,4.05135,4.88049,5.32906,5.75807,6.41101,8.0107,10.0715,11.8829,14.0708,16.4268,18.4825,23.61,29.4994,37.8854,46.9491,56.618,62.7591,67.4576,78.8238,82.802,89.0098,94.0668,99.4818,106.335,150.987,250.333,0,0,0,0,0,0,0,0,0,0,0,0,0,0,0
587.5,9.78278,10.5573,10.5577,10.5758,10.6415,10.139,9.54016,9.1947,9.34699,8.89096,8.48093,7.25023,5.89659,5.0049,4.2952,3.78847,3.57674,3.24292,3.0976,3.45557,4.022,4.72943,5.20029,5.62068,6.27272,7.71741,9.62313,11.4491,13.5138,15.6522,17.6431,22.7809,28.4968,36.358,44.9499,53.9083,58.9468,64.0267,75.5455,78.0373,85.8051,89.7514,95.0884,99.1441,139.965,232.212,0,0,0,0,0,0,0,0,0,0,0,0,0,0,0
588,9.37569,10.2827,10.2273,10.2492,10.1499,9.81277,9.32033,8.84875,8.85803,8.56949,8.29832,7.07197,5.73918,4.84807,4.28589,3.77328,3.54853,3.15078,3.05481,3.39068,4.03489,4.69266,4.99419,5.46888,6.11673,7.42526,9.29208,11.0134,12.9261,15.0477,17.1873,21.8929,27.3164,34.5253,42.975,51.3594,55.67,61.5774,72.4258,74.5821,81.4684,85.6366,90.6419,94.5441,130.519,214.485,0,0,0,0,0,0,0,0,0,0,0,0,0,0,0
588.5,9.20913,9.92352,9.87047,9.84744,9.8198,9.44128,9.08879,8.61851,8.42288,8.22854,8.04393,6.92741,5.63435,4.71812,4.2459,3.81483,3.5408,3.05789,3.01395,3.34339,3.98931,4.56174,4.90888,5.34969,5.90944,7.26779,8.92777,10.7142,12.4618,14.3715,16.5847,21.1098,26.2058,33.2305,41.2011,48.9106,53.0039,58.7468,68.4875,71.6222,77.6986,81.7153,86.1549,88.6778,121.442,196.616,0,0,0,0,0,0,0,0,0,0,0,0,0,0,0
589,8.94708,9.5265,9.54394,9.57578,9.49764,9.09591,8.76553,8.36239,7.97888,7.98362,7.78735,6.78907,5.41022,4.61575,4.15865,3.82665,3.48526,2.98203,2.97322,3.30084,3.90058,4.47555,4.74062,5.12537,5.78673,7.05442,8.51349,10.2463,11.9103,13.9804,16.082,20.3693,25.0641,31.6905,39.0002,46.9182,50.9455,56.1888,65.5625,68.8546,74.023,78.5188,81.7324,84.0293,113.537,179.001,0,0,0,0,0,0,0,0,0,0,0,0,0,0,0
589.5,8.80895,9.2065,9.18671,9.32334,9.30052,8.7698,8.45509,8.13746,7.74746,7.83309,7.47713,6.61702,5.30568,4.55331,4.13031,3.78516,3.44792,2.90897,2.92553,3.19042,3.80391,4.36398,4.67952,4.9598,5.60753,6.78514,8.27983,9.77134,11.4977,13.4005,15.3015,19.3161,23.9087,30.3411,37.0306,45.0729,49.0314,52.7375,62.819,65.9797,70.7229,75.0065,77.7749,79.0451,105.162,162.754,0,0,0,0,0,0,0,0,0,0,0,0,0,0,0
590,8.53067,8.90223,9.04064,9.02136,8.97783,8.49962,8.20436,7.89262,7.51686,7.56269,7.18664,6.44113,5.18968,4.51457,4.05847,3.75187,3.39774,2.88938,2.90981,3.12269,3.73165,4.26054,4.54888,4.80981,5.45709,6.6365,7.99214,9.3485,10.9582,12.874,14.7302,18.406,22.8753,29.0055,35.3375,42.7575,46.893,50.9027,60.8216,63.5327,68.0279,71.4647,73.9801,75.6629,97.9369,149.205,240.011,0,0,0,0,0,0,0,0,0,0,0,0,0,0
590.5,8.26721,8.71699,8.85328,8.72303,8.5739,8.18108,7.96845,7.73174,7.27758,7.34793,6.99384,6.33635,5.12335,4.43285,4.02447,3.75546,3.37194,2.84958,2.88038,3.06851,3.71215,4.21412,4.50745,4.74572,5.32115,6.43944,7.83031,9.0486,10.4838,12.4184,14.045,17.515,21.8678,27.8015,33.5182,40.7222,45.1595,48.5117,58.0892,60.3016,65.3451,67.9866,70.6008,73.0214,91.0336,137.079,222.132,0,0,0,0,0,0,0,0,0,0,0,0,0,0
591,7.95928,8.4172,8.69974,8.48962,8.19237,7.90127,7.69039,7.6474,7.13441,7.12,6.86813,6.18595,5.05937,4.32064,3.95143,3.69322,3.34679,2.84288,2.82943,3.05061,3.65778,4.1269,4.4111,4.61148,5.1894,6.28139,7.59134,8.62801,10.0168,11.9471,13.3826,16.8337,20.7469,26.5306,32.6064,38.6053,43.3877,46.7003,55.574,57.8412,62.551,65.0039,67.7256,70.0746,84.632,125.981,205.289,0,0,0,0,0,0,0,0,0,0,0,0,0,0
591.5,7.85035,8.11515,8.51388,8.34579,7.92093,7.60786,7.36478,7.44616,6.95852,7.07524,6.72378,6.07037,4.90623,4.24479,3.87588,3.68603,3.33597,2.84121,2.78084,3.04634,3.55503,4.04997,4.30287,4.53946,5.10647,6.07458,7.43325,8.37364,9.73059,11.5833,12.9758,15.994,19.9574,25.4121,31.4564,37.1897,41.6464,44.6006,53.3729,54.5474,60.1078,62.0187,65.2097,67.685,78.8058,115.102,189.127,0,0,0,0,0,0,0,0,0,0,0,0,0,0
592,7.72663,7.88047,8.27557,8.12512,7.75702,7.31654,7.12038,7.25311,6.80914,6.92476,6.59775,5.88217,4.82542,4.16522,3.84214,3.63699,3.33496,2.83095,2.73161,2.99048,3.50629,3.95554,4.11528,4.43793,4.95241,5.81803,7.23155,8.16996,9.45902,11.1627,12.3579,15.4094,19.3296,24.4266,30.0537,36.1056,40.0305,42.6927,51.0921,53.2335,57.3894,59.4375,62.8112,65.0129,74.2392,105.224,172.429,0,0,0,0,0,0,0,0,0,0,0,0,0,0
592.5,7.60083,7.73328,8.00631,7.84446,7.66711,7.17164,6.97161,7.01536,6.65607,6.7453,6.44812,5.75982,4.71785,4.15456,3.79226,3.63536,3.33166,2.77779,2.67612,2.97145,3.45904,3.92624,4.02598,4.40133,4.81187,5.66191,7.07098,7.85995,9.29773,10.7669,11.7316,14.6581,18.7942,23.8583,28.8815,34.9407,38.5927,41.6371,48.7871,51.1538,54.9833,56.8948,60.6356,62.3244,69.868,95.689,158.369,0,0,0,0,0,0,0,0,0,0,0,0,0,0
593,7.42459,7.5053,7.75348,7.56679,7.51391,7.01293,6.83425,6.76578,6.64128,6.49946,6.3093,5.59914,4.65598,4.0842,3.76474,3.58743,3.30175,2.76052,2.63483,2.90867,3.46594,3.94237,3.95844,4.31134,4.67934,5.50117,6.89259,7.75528,8.97826,10.2581,11.341,14.3517,18.1544,23.0219,27.7347,33.6367,37.3058,40.5535,46.5621,49.53,52.8903,54.4494,58.4438,60.0267,66.2316,87.4457,143.643,0,0,0,0,0,0,0,0,0,0,0,0,0,0
593.5,7.27734,7.38077,7.56861,7.3713,7.32476,6.94034,6.7161,6.66061,6.58016,6.34295,6.24341,5.46583,4.60816,3.99631,3.72262,3.57501,3.2851,2.7173,2.58741,2.89122,3.39867,3.86885,3.9688,4.22989,4.59902,5.42172,6.72243,7.64417,8.7486,9.85243,10.9323,13.8832,17.4605,22.3621,27.0628,32.3523,35.9107,39.1216,44.236,47.9811,50.692,52.4522,55.7327,57.5253,62.9117,80.173,130.58,0,0,0,0,0,0,0,0,0,0,0,0,0,0
594,7.1293,7.29002,7.47603,7.25077,7.15832,6.61267,6.48694,6.5788,6.3832,6.26285,6.03839,5.37592,4.49744,3.94209,3.69176,3.51322,3.24491,2.70984,2.56681,2.84712,3.34208,3.78214,3.96737,4.11558,4.5379,5.34319,6.60991,7.59046,8.49087,9.53353,10.6829,13.4608,16.7783,21.5538,26.4293,31.3115,34.6815,37.9332,42.7406,46.7263,48.4565,50.6373,53.2486,54.744,60.6905,73.9701,117.635,0,0,0,0,0,0,0,0,0,0,0,0,0,0
594.5,7.01516,7.2049,7.35721,7.2052,7.05212,6.43935,6.36587,6.46389,6.21337,6.25282,5.91487,5.21561,4.38874,3.89632,3.67866,3.44532,3.20833,2.68437,2.54951,2.76692,3.26466,3.67422,3.92648,4.02984,4.47322,5.23945,6.43632,7.40031,8.1949,9.25009,10.4792,13.0079,16.2953,20.9592,25.712,30.2477,33.4848,36.4939,41.3372,45.2883,47.231,49.2384,51.4604,52.449,58.3162,69.1861,105.266,0,0,0,0,0,0,0,0,0,0,0,0,0,0
595,6.93532,7.09797,7.22043,7.02099,6.80869,6.2373,6.25444,6.33052,6.01829,6.11066,5.7467,5.16741,4.31977,3.82836,3.56606,3.35598,3.19183,2.6755,2.52205,2.70552,3.2434,3.60712,3.83367,3.93959,4.34562,5.16355,6.30488,7.2442,7.97448,9.06638,10.1255,12.6242,15.8208,20.2057,25.105,29.4139,32.3026,35.4332,39.8247,44.1441,45.3794,48.0874,49.7617,50.0647,56.0357,64.2955,95.2517,193.504,0,0,0,0,0,0,0,0,0,0,0,0,0
595.5,6.84732,7.0219,7.03376,6.90694,6.68651,6.207,6.1313,6.13416,5.91644,6.02171,5.64916,5.08031,4.24809,3.80112,3.52135,3.33154,3.18559,2.66012,2.47994,2.66791,3.19347,3.53465,3.76905,3.85722,4.2595,4.98253,6.14256,7.03126,7.77891,8.69895,10.0596,12.2215,15.4981,19.6164,24.3728,28.3568,31.0904,34.3927,38.8041,42.7502,44.2056,45.8061,48.5778,48.6509,53.9965,60.4553,85.8629,180.601,0,0,0,0,0,0,0,0,0,0,0,0,0
596,6.76552,6.90402,6.91819,6.72596,6.56611,6.21387,5.99144,5.99471,5.91144,5.88358,5.57093,4.99577,4.16986,3.71805,3.44824,3.32022,3.17114,2.64667,2.44769,2.65416,3.17646,3.51621,3.67649,3.81429,4.10453,4.86792,5.99464,6.82914,7.51224,8.46955,9.83564,11.9671,15.0439,19.002,23.6743,27.0082,30.1028,33.6904,37.0065,41.1559,42.5687,44.3949,46.8124,46.9499,52.009,56.8408,76.835,166.65,0,0,0,0,0,0,0,0,0,0,0,0,0
596.5,6.6929,6.78882,6.8397,6.64188,6.54645,6.1925,5.85627,5.84019,5.86282,5.79311,5.42094,4.87472,4.16516,3.67928,3.41392,3.34404,3.13531,2.64222,2.39916,2.62214,3.09212,3.50406,3.67706,3.79829,4.00399,4.79005,5.84107,6.65429,7.37571,8.30256,9.58703,11.657,14.624,18.5585,22.9875,26.4808,29.0995,32.7262,35.7144,39.1646,41.2597,42.6248,45.2925,45.8559,49.9696,53.3807,68.9899,153.854,0,0,0,0,0,0,0,0,0,0,0,0,0
597,6.56581,6.70565,6.6844,6.53824,6.51654,6.1118,5.77177,5.7588,5.7951,5.74562,5.38406,4.83969,4.15232,3.64277,3.41091,3.30535,3.1119,2.62292,2.37607,2.60807,3.06813,3.4688,3.60501,3.76552,3.90904,4.73875,5.67261,6.54553,7.12727,8.2254,9.31007,11.3541,14.2781,17.9058,22.2374,25.8012,28.4609,31.8823,34.4837,37.7636,40.4924,41.6086,44.2409,44.3358,48.263,50.5498,62.9434,141.807,0,0,0,0,0,0,0,0,0,0,0,0,0
597.5,6.46854,6.55808,6.53077,6.42374,6.42724,6.00228,5.63866,5.63462,5.7095,5.70051,5.30669,4.77528,4.12812,3.63363,3.35262,3.28381,3.03735,2.5784,2.38152,2.58542,3.02559,3.44555,3.56927,3.75654,3.89953,4.67828,5.58232,6.47173,6.95664,8.10651,8.98494,10.9885,13.916,17.5559,21.6026,24.9366,27.6259,30.7763,33.8342,36.9721,39.5537,40.7541,43.0755,43.3477,46.6258,47.6672,57.6921,129.73,0,0,0,0,0,0,0,0,0,0,0,0,0
598,6.50759,6.42581,6.3512,6.37654,6.28354,5.93589,5.5218,5.58003,5.6095,5.63524,5.236,4.86223,4.10426,3.594,3.33565,3.23313,3.00482,2.57021,2.3553,2.57487,2.99064,3.42228,3.49095,3.6678,3.89057,4.53816,5.40831,6.37551,6.79006,7.99656,8.79301,10.7134,13.5506,17.0287,21.1309,24.3454,26.8639,29.9276,33.2497,36.1448,38.5487,39.6845,42.3794,42.1333,45.0519,45.713,53.1792,116.82,0,0,0,0,0,0,0,0,0,0,0,0,0
598.5,6.42737,6.31683,6.25839,6.26637,6.16182,5.83845,5.43304,5.53544,5.53838,5.55814,5.1906,4.82174,4.05014,3.56857,3.2714,3.21935,2.97919,2.55304,2.34888,2.55197,2.9427,3.42465,3.44771,3.62118,3.83256,4.45294,5.31879,6.24865,6.65796,7.85184,8.64752,10.4904,13.2438,16.6124,20.8297,24.0818,26.1942,28.9239,32.8116,35.2218,37.7462,38.8712,40.8749,41.3178,44.1572,44.0152,48.6713,104.852,0,0,0,0,0,0,0,0,0,0,0,0,0
599,6.40071,6.23653,6.2291,6.19988,6.03086,5.8231,5.33343,5.5291,5.46718,5.45432,5.16762,4.7685,4.00214,3.51112,3.2448,3.17385,2.98639,2.54154,2.32815,2.51985,2.92248,3.38536,3.40954,3.58926,3.80068,4.28966,5.22094,6.1561,6.5994,7.71353,8.46465,10.3092,12.9801,15.9157,20.2501,23.7532,25.439,28.2676,32.219,34.2338,37.0859,38.3213,40.0271,40.1046,42.8196,42.4467,44.5181,95.3042,0,0,0,0,0,0,0,0,0,0,0,0,0
599.5,6.32208,6.12136,6.18295,6.08285,5.96184,5.73609,5.18658,5.42607,5.44169,5.37792,5.14906,4.71443,3.95731,3.5001,3.18652,3.12473,2.96838,2.5251,2.30008,2.48866,2.8867,3.30471,3.35731,3.52714,3.74991,4.18049,5.11692,6.06964,6.52772,7.56552,8.27683,10.1732,12.6297,15.5302,19.6342,23.3134,24.8926,27.8747,31.8806,33.8257,36.5258,37.2152,38.9427,39.2116,41.8992,40.5992,40.7709,85.5112,0,0,0,0,0,0,0,0,0,0,0,0,0
600,6.24694,6.1183,6.06831,5.9777,5.92444,5.64847,5.12604,5.29511,5.45717,5.34934,5.16715,4.58491,3.9488,3.43605,3.12541,3.11931,2.94485,2.487,2.29327,2.46147,2.87068,3.25927,3.34277,3.51022,3.72743,4.08712,4.97134,5.88349,6.39845,7.27182,8.16416,10.0182,12.3023,15.0234,19.2007,22.649,24.4764,27.286,31.2231,33.3872,35.5951,36.6461,38.1276,38.6943,41.1464,39.004,37.4795,76.8838,177.979,0,0,0,0,0,0,0,0,0,0,0,0
600.5,6.22205,6.02441,6.10115,5.91105,5.89763,5.61077,5.11738,5.22526,5.45208,5.33587,5.15417,4.52631,3.86491,3.39795,3.08893,3.08053,2.90952,2.46705,2.28192,2.43615,2.83648,3.20508,3.30978,3.48031,3.72937,4.07409,4.89749,5.76086,6.29256,7.11356,7.92563,9.94131,12.0926,14.8477,18.8229,22.2645,23.8143,26.6882,30.5255,32.8578,35.2833,35.8311,37.3033,38.3773,40.5775,37.9958,35.0316,69.4414,164.424,0,0,0,0,0,0,0,0,0,0,0,0
601,6.14494,6.01958,6.05103,5.80762,5.91626,5.56951,5.15974,5.23749,5.35958,5.2557,5.09507,4.47221,3.88226,3.36677,3.08152,3.06298,2.89505,2.44005,2.26871,2.42625,2.78031,3.18443,3.28427,3.45718,3.67183,4.03105,4.80877,5.62418,6.18625,6.92514,7.85616,9.73217,11.851,14.7037,18.5306,21.7922,23.3764,26.2213,29.9486,31.7513,34.7384,35.425,36.6329,37.67,39.881,37.1777,32.7677,62.7095,151.554,0,0,0,0,0,0,0,0,0,0,0,0
601.5,6.09552,5.98462,6.09282,5.78683,5.86458,5.56288,5.09958,5.24584,5.28271,5.23474,4.96515,4.38972,3.81856,3.32579,3.04955,3.02439,2.88029,2.4298,2.23813,2.4025,2.70768,3.14204,3.23701,3.44706,3.64305,4.01129,4.7795,5.46107,6.10013,6.76922,7.74798,9.58618,11.5386,14.5483,17.9903,21.3601,22.9028,25.8818,29.3183,30.6976,34.2197,34.7,35.8835,36.7739,39.0733,36.6638,31.2959,56.7774,139.215,0,0,0,0,0,0,0,0,0,0,0,0
602,6.07517,5.94469,6.06356,5.71405,5.84773,5.51783,5.03851,5.16715,5.24445,5.18982,4.91483,4.36597,3.80837,3.28275,3.01652,2.99757,2.84337,2.44333,2.23181,2.37523,2.66173,3.10956,3.20308,3.37556,3.6114,3.9923,4.72976,5.32466,6.03107,6.614,7.6512,9.42109,11.294,14.4055,17.6121,20.8667,22.4558,25.4953,29.132,30.2305,33.8349,34.4352,35.4385,35.4433,38.2124,36.0656,29.3782,51.4286,129.152,0,0,0,0,0,0,0,0,0,0,0,0
602.5,5.98537,5.88118,6.0467,5.63841,5.82972,5.46112,5.04967,5.08896,5.15562,5.18937,4.85589,4.30125,3.76916,3.28473,2.9645,2.94047,2.82975,2.43446,2.21862,2.36916,2.65604,3.07115,3.18693,3.35076,3.55005,3.95846,4.64315,5.21597,5.93018,6.47645,7.60662,9.2898,11.0228,14.2442,17.3372,20.3467,22.2544,24.9749,28.7905,29.9521,33.4143,33.8924,34.8794,34.6461,37.864,35.4184,27.8781,46.9209,118.002,0,0,0,0,0,0,0,0,0,0,0,0
603,5.97273,5.85572,6.03026,5.63588,5.81008,5.37989,5.01749,5.03256,5.13441,5.16261,4.83779,4.2831,3.70549,3.22792,2.94657,2.89373,2.79504,2.4217,2.19849,2.34998,2.66751,3.04013,3.13701,3.28623,3.51736,3.85587,4.58828,5.2235,5.82022,6.35876,7.49588,9.19819,10.8038,13.9724,17.2188,20.0261,22.0085,24.1336,28.2943,30.2316,32.9,33.4452,34.5454,34.0868,36.9955,35.0718,26.7106,43.0027,108.184,0,0,0,0,0,0,0,0,0,0,0,0
603.5,5.88727,5.88638,5.94948,5.61687,5.80142,5.3351,5.03916,5.00374,5.10459,5.13282,4.78283,4.24504,3.6907,3.22758,2.95928,2.87767,2.77144,2.4106,2.18811,2.32279,2.67897,3.01989,3.10595,3.25734,3.47089,3.81757,4.55969,5.20469,5.71032,6.28747,7.40808,9.04383,10.664,13.8192,17.0161,19.7653,21.8145,23.3827,28.0574,30.2318,32.6803,33.2758,34.6014,34.0446,36.8828,34.3895,25.6998,39.5167,96.4087,0,0,0,0,0,0,0,0,0,0,0,0
604,5.90061,5.85937,5.93289,5.7121,5.79398,5.32684,5.01462,5.07317,5.06495,5.08869,4.71829,4.19934,3.71363,3.19373,2.94997,2.8412,2.73528,2.42049,2.17513,2.28904,2.65939,3.01553,3.07358,3.20015,3.45666,3.78303,4.56789,5.20076,5.66301,6.26692,7.26234,8.85969,10.5943,13.639,16.7202,19.3374,21.6936,23.3507,27.7086,30.1187,32.2763,32.6954,34.1135,34.195,35.8213,33.8264,24.9669,36.8199,86.7413,0,0,0,0,0,0,0,0,0,0,0,0
604.5,5.87515,5.90343,5.87423,5.72139,5.76205,5.27085,5.00634,4.94898,5.01512,5.05675,4.67224,4.11702,3.69934,3.17862,2.93722,2.81112,2.69463,2.40419,2.17879,2.2699,2.66465,2.99394,3.08756,3.17233,3.40909,3.78452,4.57612,5.12541,5.62058,6.26767,7.06029,8.72081,10.4799,13.436,16.5203,18.8848,21.4731,23.4017,27.3926,29.6135,31.8402,32.4067,33.9272,33.9806,35.4325,33.2416,24.5797,34.3126,77.9983,0,0,0,0,0,0,0,0,0,0,0,0
605,5.82365,5.85059,5.91183,5.76817,5.73607,5.26093,5.02256,4.89527,4.94667,5.02088,4.64781,4.0312,3.66385,3.1648,2.88458,2.81558,2.66795,2.40288,2.17953,2.25,2.63329,2.95908,3.02982,3.14705,3.3538,3.7811,4.55324,5.01248,5.49724,6.2285,6.99073,8.55634,10.3642,13.2176,16.3532,18.5419,21.0469,23.3543,27.1765,29.6181,31.3999,32,33.148,33.4708,35.0304,32.8369,24.2296,31.9706,70.7044,160.916,0,0,0,0,0,0,0,0,0,0,0
605.5,5.81474,5.85281,5.88948,5.75446,5.62384,5.26032,5.01338,4.87223,4.9458,5.04559,4.60146,4.04739,3.62063,3.18499,2.84496,2.77335,2.63821,2.40259,2.16065,2.26756,2.60721,2.92347,2.98759,3.11785,3.30323,3.72236,4.42946,4.93098,5.46919,6.12396,6.93575,8.41928,10.2394,13.0162,16.2206,18.3591,20.601,23.1376,27.0669,29.3956,31.2349,31.7493,32.6976,32.8152,35.0395,32.6928,24.1197,29.8485,64.3685,150.959,0,0,0,0,0,0,0,0,0,0,0
606,5.77572,5.75334,5.87183,5.7526,5.50183,5.31355,4.95074,4.95884,4.90221,5.01938,4.6512,4.13177,3.63486,3.18288,2.83519,2.79646,2.61332,2.36777,2.14719,2.23979,2.57256,2.90519,2.94593,3.09487,3.24365,3.68351,4.31626,4.86869,5.41699,6.02795,6.81092,8.30533,10.0038,13.0207,16.0655,18.1032,20.3933,23.0872,26.8815,29.2682,31.3546,31.5481,31.9932,32.4767,35.019,32.191,23.8286,27.8922,58.7337,140.845,0,0,0,0,0,0,0,0,0,0,0
606.5,5.77434,5.7535,5.87263,5.69722,5.44297,5.23642,4.9198,5.02395,4.87826,4.98644,4.65164,4.1448,3.5947,3.20614,2.81894,2.76017,2.58537,2.32397,2.1292,2.23574,2.55325,2.87697,2.94214,3.04482,3.2356,3.66371,4.21928,4.80258,5.33214,5.96995,6.71433,8.17349,9.89682,12.8099,15.7861,17.8307,19.953,22.8601,26.5594,28.933,31.0832,31.1704,31.7575,32.0824,34.6795,31.6376,23.7035,26.1029,53.8623,130.456,0,0,0,0,0,0,0,0,0,0,0
607,5.79883,5.77144,5.84024,5.74736,5.48135,5.28071,4.92322,5.08038,4.89384,4.9746,4.68001,4.14583,3.64544,3.21745,2.81333,2.77596,2.56494,2.27431,2.09811,2.20202,2.51803,2.86274,2.93063,2.98063,3.1926,3.64482,4.18601,4.82057,5.2788,5.9031,6.61799,8.07739,9.88264,12.6327,15.5286,17.602,19.8392,22.8029,26.2289,28.4433,30.9399,30.8293,31.618,32.2686,34.5305,31.0558,23.4753,24.6524,49.735,120.64,0,0,0,0,0,0,0,0,0,0,0
607.5,5.78295,5.80931,5.79919,5.81687,5.5982,5.23616,4.97492,5.05733,4.90954,4.93404,4.63839,4.161,3.65705,3.19545,2.8265,2.7477,2.54687,2.26775,2.07427,2.20175,2.48531,2.84618,2.91787,2.93623,3.14852,3.61909,4.17531,4.76653,5.20891,5.88688,6.56072,7.95826,9.83479,12.2563,15.1764,17.4867,19.7614,22.3899,25.754,27.9857,30.3529,30.6791,31.5854,32.2049,34.3776,30.6291,23.1958,23.5271,45.8441,111.19,0,0,0,0,0,0,0,0,0,0,0
608,5.73485,5.77609,5.81469,5.82979,5.64628,5.2364,5.05101,5.02054,4.9173,4.97851,4.65622,4.13817,3.68128,3.21769,2.81829,2.75442,2.53686,2.27418,2.05643,2.17803,2.45519,2.82872,2.8898,2.91898,3.12282,3.59072,4.13205,4.75498,5.25194,5.85544,6.46697,7.95351,9.75228,12.1588,14.8897,17.4138,19.7203,22.0053,25.4037,27.6063,30.1214,30.6003,31.6205,31.9615,34.1084,30.207,22.932,22.8526,42.4818,101.993,0,0,0,0,0,0,0,0,0,0,0
608.5,5.75493,5.76907,5.83065,5.83569,5.65621,5.22206,5.03651,5.03065,4.93537,4.9011,4.63879,4.12416,3.67368,3.16044,2.82327,2.75,2.52735,2.28747,2.05675,2.18725,2.42724,2.79737,2.81882,2.91685,3.13526,3.56292,4.05277,4.68883,5.2176,5.80462,6.39419,7.77293,9.64259,11.9485,14.637,17.1681,19.6431,21.6886,25.1443,27.1446,30.0139,30.4049,31.5485,31.5204,33.8687,30.0036,22.8874,22.2195,39.6287,92.8923,0,0,0,0,0,0,0,0,0,0,0
609,5.70072,5.7859,5.8419,5.83905,5.58702,5.21228,5.03283,5.07927,4.95367,4.84217,4.60266,4.09578,3.64623,3.1455,2.79868,2.76065,2.50679,2.2589,2.05868,2.15371,2.38606,2.76461,2.78837,2.93438,3.09496,3.54179,3.99418,4.60491,5.1504,5.75919,6.3543,7.69513,9.59735,11.845,14.4917,16.9593,19.511,21.5247,24.8842,27.1048,29.9554,30.1802,31.2552,30.9605,33.5431,29.6587,22.8313,21.5659,36.8342,84.0291,0,0,0,0,0,0,0,0,0,0,0
609.5,5.74238,5.82963,5.79273,5.88846,5.58327,5.26167,5.01539,5.08976,4.93482,4.80986,4.66363,4.07747,3.59242,3.14099,2.81282,2.73029,2.48019,2.23063,2.0313,2.13689,2.36895,2.73713,2.75057,2.9145,3.04376,3.5268,3.96808,4.54366,5.09209,5.66451,6.2886,7.62286,9.49741,11.6455,14.4227,16.8064,18.9983,21.4682,24.6552,26.9128,29.4635,30.1805,31.1319,30.7126,33.2069,29.6174,22.6479,21.0345,34.3667,75.8742,0,0,0,0,0,0,0,0,0,0,0
610,5.76,5.84715,5.69515,5.93036,5.63191,5.36136,5.00026,5.03676,4.90928,4.78261,4.68316,4.10125,3.5857,3.15615,2.79773,2.73056,2.43308,2.21391,2.04954,2.10598,2.3417,2.70263,2.75199,2.87461,3.007,3.48962,3.95053,4.46039,5.01396,5.59933,6.27299,7.59082,9.40712,11.5342,14.3454,16.6968,18.6427,21.3065,24.4535,26.9525,29.3753,29.873,30.8708,30.542,32.7946,29.6652,22.3938,20.6136,32.2608,68.5705,146.941,0,0,0,0,0,0,0,0,0,0
610.5,5.84352,5.83035,5.64879,5.94242,5.72018,5.38765,5.07139,4.97587,4.88666,4.79347,4.73732,4.13947,3.56206,3.1101,2.82157,2.70346,2.42555,2.21556,2.02345,2.117,2.33477,2.657,2.76919,2.8461,3.00678,3.46188,3.91825,4.4464,4.91235,5.53328,6.22252,7.57426,9.23301,11.4736,14.2946,16.5739,18.4504,21.0279,24.0496,26.9847,28.9709,29.7954,30.2688,30.4572,32.5191,29.5372,22.4495,20.6032,30.4229,61.8899,137.825,0,0,0,0,0,0,0,0,0,0
611,5.80955,5.90774,5.67972,5.88382,5.79934,5.41247,5.046,4.96591,4.91362,4.82259,4.7401,4.17069,3.55634,3.11093,2.80842,2.69004,2.43902,2.20209,2.00781,2.10397,2.3251,2.61158,2.75556,2.80918,3.02499,3.45659,3.85557,4.42662,4.89172,5.49044,6.23444,7.45719,9.15701,11.435,14.1507,16.3447,18.256,20.5659,23.7204,26.8905,29.0517,29.4642,30.5313,30.4062,32.0343,29.114,22.4264,20.5428,28.7098,56.6582,130.768,0,0,0,0,0,0,0,0,0,0
611.5,5.82636,5.93705,5.73591,5.89264,5.72672,5.42203,5.05112,4.94854,4.97828,4.81979,4.7198,4.16203,3.51326,3.13207,2.8212,2.66888,2.41133,2.16931,1.98036,2.1115,2.3211,2.57549,2.7389,2.79662,3.00533,3.40949,3.86501,4.38651,4.8134,5.40549,6.14298,7.40908,9.02834,11.2602,14.1166,15.9971,18.0074,20.3816,23.5304,26.5692,28.885,29.2219,30.4898,30.2638,31.7939,28.9271,22.1539,20.534,27.3709,52.2548,122.902,0,0,0,0,0,0,0,0,0,0
612,5.78347,5.97215,5.82699,5.86428,5.71985,5.44204,5.06043,4.90073,4.96589,4.83306,4.67141,4.10158,3.5432,3.17482,2.83661,2.63509,2.43292,2.1247,1.9545,2.10752,2.33422,2.56081,2.73867,2.77427,2.98828,3.36515,3.85884,4.33319,4.86739,5.38186,6.08933,7.29917,8.88837,11.1874,13.8795,15.5942,17.8629,20.1965,23.4156,26.2032,28.8923,29.1044,30.7866,30.1858,31.5924,28.5767,21.8843,20.4626,25.965,48.602,113.306,0,0,0,0,0,0,0,0,0,0
612.5,5.76109,5.95913,5.8977,5.87958,5.68156,5.41899,5.08947,4.84567,4.948,4.84781,4.67085,4.0954,3.53683,3.18927,2.82338,2.61911,2.4289,2.08059,1.96426,2.08574,2.28987,2.55397,2.69392,2.76242,2.96564,3.37464,3.81252,4.30065,4.80608,5.30454,6.05332,7.25408,8.77261,11.1369,13.8049,15.5345,17.558,20.0722,23.2341,25.8948,28.6342,28.9293,30.5936,30.2124,31.8482,28.5699,21.553,20.2776,24.8792,45.377,104.868,0,0,0,0,0,0,0,0,0,0
613,5.77018,5.90648,5.92228,5.8599,5.70574,5.45207,5.11722,4.88428,4.88713,4.84177,4.64981,4.05457,3.59449,3.1573,2.82963,2.57563,2.45203,2.06812,1.98754,2.06683,2.2638,2.5716,2.70344,2.72077,2.97495,3.35665,3.75068,4.28303,4.79801,5.26792,5.97467,7.17044,8.67915,11.1629,13.6198,15.3496,17.3953,19.9364,23.2097,25.7586,28.2734,28.7655,30.4421,30.2345,31.6718,28.6188,21.4503,19.9945,23.7679,42.2813,95.8107,0,0,0,0,0,0,0,0,0,0
613.5,5.73351,5.90067,5.93645,5.9342,5.74116,5.41916,5.11457,4.94295,4.90579,4.83623,4.68779,4.04511,3.56571,3.14373,2.80958,2.57184,2.4679,2.06857,1.95489,2.04887,2.21918,2.55378,2.65787,2.68428,2.9505,3.34274,3.7138,4.24939,4.76788,5.27345,5.95603,7.08719,8.74904,11.0969,13.5029,15.1813,17.1222,19.6235,23.0895,25.6577,28.1365,28.9032,30.1439,30.3549,31.6227,28.7705,21.3373,19.9192,23.1435,39.4978,88.554,0,0,0,0,0,0,0,0,0,0
614,5.70891,5.89721,5.86765,5.96104,5.77725,5.39652,5.09651,5.02019,4.9071,4.87597,4.65097,4.06173,3.55186,3.11768,2.82998,2.58359,2.45418,2.04628,1.92884,2.04416,2.20586,2.52955,2.6738,2.65996,2.96067,3.32076,3.66061,4.22767,4.8076,5.26827,5.89973,6.9965,8.7066,10.9859,13.364,15.1712,16.756,19.3927,23.0503,25.42,27.9745,28.8648,30.1576,30.248,31.4683,28.7587,21.4986,19.699,22.6848,37.1854,80.3845,0,0,0,0,0,0,0,0,0,0
614.5,5.67013,5.89068,5.84126,6.00487,5.82405,5.38613,5.10221,5.04137,4.91461,4.86669,4.65093,4.10862,3.54811,3.14774,2.81318,2.62294,2.42315,2.06307,1.92289,2.03089,2.21663,2.50253,2.66391,2.65168,2.93778,3.30701,3.68888,4.20043,4.74917,5.22883,5.85122,6.89866,8.68539,10.93,13.3416,15.3049,16.7118,19.3897,22.817,25.2652,28.0793,28.849,29.8252,30.2294,30.892,28.6531,21.5501,19.766,22.2292,34.9618,72.7822,0,0,0,0,0,0,0,0,0,0
615,5.64134,5.90258,5.78429,6.04811,5.85262,5.40339,5.12956,5.03714,4.90933,4.91113,4.68294,4.08751,3.55759,3.14668,2.81075,2.64952,2.39808,2.0771,1.93459,2.02797,2.22505,2.49495,2.65125,2.65076,2.92177,3.26589,3.64636,4.20457,4.70077,5.20434,5.82266,6.7451,8.5212,10.8814,13.2146,15.3404,16.6633,19.2907,22.619,25.0902,28.0235,28.722,29.7686,30.1511,30.2577,28.3683,21.5579,19.8524,22.1502,33.1798,66.2743,135.115,0,0,0,0,0,0,0,0,0
615.5,5.61199,5.89355,5.84849,6.02025,5.87433,5.4786,5.10609,5.07065,4.87753,4.95596,4.64084,4.10891,3.53298,3.15271,2.83819,2.64642,2.36218,2.09015,1.94184,2.02562,2.23306,2.50555,2.62786,2.65813,2.88085,3.24992,3.63307,4.1503,4.63642,5.13831,5.80122,6.70878,8.44174,10.7508,13.2571,15.457,16.6457,19.1694,22.5493,25.0307,28.0581,28.604,29.8548,30.1321,30.1883,28.3481,21.1603,19.6827,21.9886,31.3138,60.5713,128.653,0,0,0,0,0,0,0,0,0
616,5.60517,5.89271,5.89714,6.04093,5.91368,5.48351,5.10859,5.05273,4.93385,4.98626,4.73717,4.09422,3.56267,3.14492,2.84816,2.65608,2.39201,2.11988,1.93822,2.02932,2.21551,2.52542,2.57182,2.64773,2.85281,3.20446,3.62374,4.08857,4.5892,5.08541,5.76443,6.66449,8.31733,10.5588,13.1746,15.2175,16.5088,18.9199,22.0679,25.0386,27.8574,28.5078,30.0039,30.125,30.4929,28.1287,21.0838,19.8683,21.923,29.7585,55.7352,120.846,0,0,0,0,0,0,0,0,0
616.5,5.62392,5.93294,5.98924,6.03048,5.94559,5.51975,5.10648,5.05761,4.93945,4.9776,4.68751,4.11865,3.59095,3.16129,2.83826,2.64307,2.39062,2.12832,1.93366,2.02725,2.19109,2.49645,2.52784,2.635,2.84327,3.18519,3.62997,4.06992,4.58425,5.07885,5.70671,6.7001,8.27602,10.4251,13.1103,15.218,16.4193,18.5894,21.976,24.8828,27.9653,28.7075,29.8927,30.2678,30.7839,28.0022,21.0232,19.8159,21.6658,28.4587,51.94,112.965,0,0,0,0,0,0,0,0,0
617,5.6814,5.94131,6.05834,6.02914,5.97757,5.59206,5.22642,5.12024,4.98225,4.97424,4.72918,4.19247,3.57779,3.15363,2.80435,2.65645,2.42794,2.1183,1.9403,2.01533,2.17352,2.48746,2.5067,2.60974,2.82753,3.18573,3.66156,4.08819,4.57144,5.09573,5.59782,6.71028,8.17871,10.4789,13.0612,15.0051,16.382,18.5336,21.8353,24.8186,27.9613,28.5482,29.9962,29.951,31.4638,28.0277,21.2212,19.9623,21.558,27.5854,48.4912,105.538,0,0,0,0,0,0,0,0,0
617.5,5.72223,6.01465,6.15644,6.08839,6.03244,5.60137,5.28082,5.16652,4.94358,4.98156,4.66862,4.20545,3.63639,3.21383,2.79463,2.66296,2.41395,2.11096,1.94065,2.01511,2.17998,2.47838,2.49541,2.59654,2.81389,3.17881,3.67159,4.09386,4.55582,5.08109,5.53832,6.71595,8.15429,10.624,13.0868,14.9723,16.586,18.4011,21.669,24.5097,27.9387,28.6523,30.0668,29.9957,31.6287,28.0057,21.4277,19.9446,21.4642,26.8273,45.5139,97.9871,0,0,0,0,0,0,0,0,0
618,5.88193,6.08401,6.18814,6.13108,6.10114,5.63767,5.34421,5.19226,4.94036,4.99562,4.64132,4.29712,3.66956,3.23921,2.77451,2.67631,2.44631,2.10259,1.92054,1.99114,2.17515,2.45162,2.50743,2.54238,2.77236,3.19527,3.69705,4.06685,4.57175,5.01483,5.5178,6.66378,8.1151,10.7326,12.9882,14.8714,16.3723,18.5765,21.759,24.5812,27.7886,28.6526,30.1684,30.0242,31.8415,28.4283,21.4654,20.1571,21.3403,26.3052,42.8806,90.0442,0,0,0,0,0,0,0,0,0
618.5,5.99979,6.18348,6.19808,6.20661,6.20664,5.59755,5.3828,5.22089,4.95457,5.01753,4.67626,4.32819,3.7073,3.26588,2.80432,2.67688,2.43523,2.08431,1.91509,2.00975,2.1795,2.45328,2.52016,2.52349,2.72961,3.18913,3.67958,4.04887,4.56262,5.02123,5.53252,6.60429,8.18476,10.8783,13.1001,14.8048,16.3133,18.6354,21.7478,24.7027,27.8781,28.6881,30.3589,30.4215,32.0317,28.511,21.7759,20.2416,21.4348,25.5285,41.0447,83.3083,0,0,0,0,0,0,0,0,0
619,6.08452,6.28571,6.22405,6.27052,6.25544,5.6241,5.41219,5.19152,4.96052,4.99932,4.67664,4.3542,3.74583,3.29536,2.84267,2.68015,2.45372,2.07155,1.88147,1.99911,2.19293,2.42235,2.50168,2.50156,2.70185,3.1609,3.66941,3.99788,4.59309,4.96654,5.59226,6.58473,8.16857,10.91,13.1193,14.7872,16.2516,18.8383,21.5693,24.9727,27.8,28.5685,30.3868,31.3231,32.2558,28.776,22.1478,20.524,21.4462,25.1679,38.7686,76.7448,0,0,0,0,0,0,0,0,0
619.5,6.16679,6.44301,6.33062,6.39529,6.36145,5.63861,5.46937,5.21944,5.03277,4.96943,4.69978,4.40056,3.77416,3.31763,2.87039,2.68589,2.45791,2.0665,1.85361,1.99755,2.17353,2.39955,2.46926,2.49144,2.7103,3.1531,3.65916,4.01102,4.62243,4.96701,5.56309,6.60537,8.22262,10.9044,13.2176,14.7762,16.3859,19.0849,21.535,25.1051,27.9532,28.5407,30.584,31.7556,32.4727,29.2459,22.4622,20.8185,21.7021,24.668,37.2709,71.4987,0,0,0,0,0,0,0,0,0
620,6.21981,6.54754,6.4279,6.5079,6.51974,5.70834,5.56619,5.25679,5.14229,5.00399,4.68426,4.38197,3.80869,3.29883,2.88719,2.68842,2.4479,2.08918,1.84878,1.98438,2.17941,2.42539,2.45303,2.50881,2.70468,3.15405,3.64953,4.01617,4.62487,4.93641,5.56627,6.66923,8.2173,10.827,13.3093,14.7725,16.6061,19.0876,21.7417,25.0136,28.1072,28.8256,30.9577,32.3001,32.8198,29.677,23.1473,21.0205,21.972,24.8354,35.7274,66.7125,132.511,0,0,0,0,0,0,0,0
620.5,6.77378,6.85833,6.93996,7.03628,6.99651,6.25598,5.32323,4.6443,4.28116,3.82535,3.67856,3.18724,2.66918,2.24988,1.92296,1.64647,1.47989,1.25768,1.09891,1.13668,1.23815,1.38478,1.49206,1.59495,1.77564,2.09261,2.64724,3.19347,3.56279,4.19793,4.88081,5.97796,7.62489,9.60102,11.5259,14.0448,15.9846,18.1463,21.1227,23.9386,26.4445,28.4202,29.201,31.7898,32.929,29.2364,23.5818,21.2096,22.8805,25.7047,34.3391,63.4692,126.017,0,0,0,0,0,0,0,0
621,6.79502,7.01567,7.04394,7.15622,7.11639,6.46531,5.41,4.74667,4.37185,3.87059,3.68965,3.25581,2.67486,2.27329,1.98631,1.695,1.47293,1.25689,1.11009,1.15578,1.24633,1.40578,1.4998,1.60421,1.78953,2.09476,2.64896,3.1871,3.5806,4.17125,4.8381,6.02729,7.62559,9.64307,11.717,14.0039,16.186,18.3587,21.5046,24.1027,26.7085,28.4502,29.7858,32.5609,33.3025,29.8114,24.0199,21.64,23.3763,25.9737,33.8275,58.9044,119.398,0,0,0,0,0,0,0,0
621.5,6.88856,7.22152,7.28195,7.36575,7.17244,6.60823,5.43979,4.88238,4.45162,3.96767,3.75719,3.31285,2.73238,2.29034,2.0421,1.73307,1.48005,1.27793,1.11388,1.15967,1.24727,1.41817,1.49079,1.60572,1.78962,2.14242,2.65578,3.21582,3.59431,4.15031,4.88933,6.12757,7.68976,9.7164,11.8684,14.1739,16.5015,18.7193,21.7562,24.2797,27.1215,28.8369,30.4625,33.2709,33.851,30.3869,24.5333,21.9805,23.9511,26.1414,33.103,55.1953,114.014,0,0,0,0,0,0,0,0
622,7.08913,7.41403,7.47831,7.64203,7.32403,6.73552,5.63734,5.04914,4.53539,4.11575,3.78515,3.37434,2.80213,2.32481,2.06951,1.78474,1.51728,1.2847,1.12288,1.16128,1.26213,1.42664,1.49448,1.59544,1.78823,2.15252,2.66838,3.23995,3.60428,4.17005,4.91933,6.22354,7.74413,9.7747,12.0549,14.2541,16.5499,18.8263,22.2647,24.5453,27.198,29.3244,30.9694,34.1116,34.7702,31.2098,25.1682,22.5301,24.5277,26.5639,32.8056,52.2006,107.844,0,0,0,0,0,0,0,0
622.5,7.27745,7.64843,7.73242,7.9268,7.53735,6.95325,5.81611,5.17042,4.64178,4.251,3.87208,3.41053,2.89234,2.38124,2.11516,1.83163,1.54283,1.31709,1.14631,1.17332,1.25232,1.43077,1.53083,1.59344,1.78296,2.17423,2.6876,3.23439,3.61178,4.22111,5.05915,6.32577,7.87725,9.89083,12.197,14.5361,16.8878,19.186,22.6921,25.1733,27.7075,29.9833,31.9647,35.0193,35.5889,32.093,25.6495,23.0879,25.222,27.3167,32.6542,50.0125,101.585,0,0,0,0,0,0,0,0
623,7.49767,7.89162,7.98913,8.27329,7.78701,7.10878,6.08152,5.31,4.79263,4.34614,3.94725,3.51951,2.99608,2.45483,2.1663,1.85109,1.60704,1.35069,1.16595,1.18913,1.24059,1.4274,1.54244,1.59316,1.7831,2.17589,2.71361,3.27396,3.70467,4.36193,5.16812,6.32023,7.90223,10.0254,12.3858,14.6928,17.1351,19.5334,23.1675,25.7176,28.3781,30.8484,32.2318,35.9287,36.8562,33.045,26.6771,24.0527,25.8729,27.8644,32.8675,48.0997,95.5249,0,0,0,0,0,0,0,0
623.5,7.75874,8.15342,8.1907,8.5603,8.05131,7.3856,6.32045,5.40252,4.91019,4.48596,4.06889,3.63396,3.06854,2.55949,2.22528,1.89086,1.65585,1.37295,1.1965,1.20472,1.27476,1.44504,1.55088,1.60447,1.81389,2.2012,2.72062,3.31439,3.78019,4.51441,5.21145,6.37528,8.05479,10.1744,12.6246,15.0281,17.5823,19.9502,23.7351,26.4545,28.9133,31.6148,33.1865,36.7671,38.2873,34.1377,27.684,24.9769,26.8426,28.9087,32.8717,46.5753,89.9163,0,0,0,0,0,0,0,0
624,8.01874,8.47779,8.56277,8.90224,8.35869,7.75708,6.52245,5.58562,5.07756,4.60542,4.22821,3.76276,3.15447,2.64665,2.28704,1.97369,1.69914,1.39216,1.20637,1.23216,1.28339,1.46271,1.56624,1.63279,1.85222,2.21024,2.75508,3.36553,3.89446,4.58812,5.29268,6.44822,8.23263,10.4118,12.8409,15.3098,18.0368,20.4583,24.497,27.1963,29.9995,32.6402,33.9029,38.1685,39.1199,35.2632,28.6775,26.2418,27.8678,29.963,33.209,46.1102,85.5959,0,0,0,0,0,0,0,0
624.5,8.33554,8.9574,8.95209,9.24113,8.74547,8.17308,6.83012,5.85113,5.25784,4.82844,4.428,3.92251,3.24172,2.74082,2.35252,2.05238,1.75402,1.41154,1.23545,1.25992,1.32007,1.49563,1.56856,1.63015,1.8712,2.24214,2.76707,3.41061,3.95121,4.66952,5.37922,6.52196,8.48897,10.6183,13.2115,15.9095,18.5973,21.1307,25.0246,28.1682,30.9789,33.92,34.6731,39.5905,40.4761,36.7075,29.7912,27.4653,29.3036,31.0501,33.8756,46.3414,80.9049,0,0,0,0,0,0,0,0
625,8.81226,9.35592,9.41201,9.65122,9.27965,8.54474,7.21924,6.17781,5.48398,5.01124,4.66034,4.06872,3.36243,2.85497,2.46759,2.15943,1.78405,1.45026,1.27169,1.2784,1.35455,1.52313,1.59721,1.65104,1.904,2.24359,2.83621,3.47739,4.00061,4.64647,5.46679,6.69324,8.64636,10.9427,13.5108,16.5492,19.0757,21.6449,25.8115,29.1611,32.4222,34.9844,36.8587,40.8738,41.9569,38.377,31.1934,29.0982,30.8487,32.7173,35.0342,46.2854,77.2523,133.256,0,0,0,0,0,0,0
625.5,9.19943,9.86567,9.95306,10.2161,9.73921,9.02012,7.57176,6.47161,5.75438,5.25523,4.90009,4.22917,3.44127,2.98654,2.59662,2.27433,1.84697,1.5031,1.30825,1.31192,1.40471,1.5542,1.60461,1.66772,1.9105,2.2511,2.91576,3.55683,4.05422,4.80692,5.53828,6.79305,8.91718,11.2144,14.2822,17.2183,19.6591,22.4272,26.4609,30.3793,33.7269,36.4676,38.2657,42.4517,44.1802,40.0075,33.1076,30.8462,32.7122,34.3729,36.5107,46.782,73.5907,130.343,0,0,0,0,0,0,0
626,9.78297,10.4322,10.5383,10.7062,10.2543,9.50799,8.01745,6.7829,6.0335,5.48724,5.08727,4.37704,3.61265,3.15595,2.74006,2.40754,1.94978,1.54652,1.35185,1.33964,1.44879,1.59898,1.64001,1.70638,1.9673,2.31394,3.00482,3.67575,4.15497,4.93202,5.6833,7.07056,9.14544,11.5964,14.7552,17.8429,20.307,23.2555,27.5264,31.4053,35.1674,38.0832,40.0391,44.2585,47.0567,42.1734,34.9715,32.4717,34.3237,36.4482,37.9323,47.139,70.6083,126.752,0,0,0,0,0,0,0
626.5,10.4262,11.0264,11.0856,11.3745,10.7552,10.1153,8.38452,7.17038,6.35783,5.76287,5.37666,4.56387,3.86023,3.32097,2.90767,2.48939,2.04257,1.62295,1.38651,1.35996,1.49435,1.62989,1.67863,1.74405,2.01198,2.36815,3.10543,3.78254,4.31516,5.14364,5.85796,7.34666,9.51009,12.1295,15.3758,18.5744,21.1898,24.2474,28.804,33.0211,36.3915,39.6067,41.9646,46.4821,49.1074,44.4355,37.1354,34.4121,36.2459,38.3091,39.8101,48.085,68.7396,123.276,0,0,0,0,0,0,0
627,11.0594,11.5968,11.7353,12.0328,11.4155,10.8069,8.90809,7.63003,6.67712,6.0378,5.70657,4.82307,4.16372,3.50683,3.04957,2.58434,2.17579,1.6779,1.42153,1.40014,1.52257,1.66654,1.73205,1.78863,2.05616,2.43705,3.21323,3.94123,4.43095,5.34629,6.09037,7.65298,9.87681,12.5227,15.9769,19.0762,22.1237,25.3325,30.2439,34.6704,38.0938,41.6334,43.6373,48.7716,51.7635,46.5246,39.5187,36.3074,38.2927,40.7047,41.6947,49.0856,67.7611,119.866,0,0,0,0,0,0,0
627.5,11.7952,12.1981,12.3047,12.8443,12.2544,11.478,9.43666,8.16163,7.03548,6.36721,6.05431,5.18806,4.39336,3.65346,3.22322,2.69063,2.26999,1.73021,1.46256,1.44092,1.54259,1.69851,1.76984,1.83054,2.13189,2.50824,3.30635,4.07339,4.58814,5.58319,6.44506,8.06755,10.3533,13.1156,16.8175,20.0186,23.288,26.5736,31.6907,36.7527,40.2566,43.8844,45.8036,51.4654,53.5946,49.052,42.0727,38.986,40.6275,43.6788,44.2595,50.9548,68.33,116.76,0,0,0,0,0,0,0
628,12.5763,12.9582,13.1498,13.772,12.957,12.2716,10.0985,8.62562,7.47053,6.76342,6.52361,5.52777,4.66605,3.85675,3.40827,2.81171,2.37949,1.80098,1.5264,1.49271,1.57521,1.73863,1.81909,1.87837,2.2088,2.61694,3.41957,4.25521,4.74278,5.83153,6.74764,8.45377,10.8079,13.5469,17.9661,21.1518,24.5215,27.9883,33.3655,38.8201,42.7557,46.3965,47.9845,53.5295,56.7932,52.2748,45.2613,41.7085,43.6093,46.7285,46.9396,53.3219,69.423,114.279,0,0,0,0,0,0,0
628.5,13.5023,13.7935,14.0373,14.7904,13.8939,13.1292,10.725,9.24008,8.06326,7.26886,6.91727,5.94529,4.97623,4.06078,3.59718,2.89559,2.5014,1.87084,1.57896,1.55679,1.61887,1.80773,1.89492,1.93349,2.30477,2.71214,3.5298,4.32095,4.95595,6.09395,7.13049,9.02492,11.3392,14.3392,18.9556,22.4669,26.1229,29.8589,34.9402,40.8142,45.5925,48.7207,50.81,56.8402,60.3295,55.5077,48.121,45.3842,46.5816,50.4107,50.2593,56.4128,70.9834,110.87,0,0,0,0,0,0,0
629,14.5362,14.9871,15.1238,15.9479,14.78,14.0713,11.5681,9.94986,8.71677,7.76422,7.31637,6.34565,5.18265,4.38603,3.81481,3.07287,2.64341,1.98185,1.63832,1.62961,1.69269,1.86754,1.95264,2.01548,2.39144,2.86695,3.61366,4.47148,5.17477,6.36901,7.42075,9.48679,11.912,15.2357,19.8801,23.7593,27.647,31.7338,37.1382,43.2662,48.7384,51.8009,53.9868,60.3898,64.987,59.8402,51.7969,48.9345,50.5446,53.8496,53.5986,59.8357,73.1052,109.011,0,0,0,0,0,0,0
629.5,15.6308,16.2106,16.2595,17.1102,15.8286,15.0312,12.5515,10.7553,9.43597,8.20374,7.80192,6.85618,5.55605,4.64205,4.05001,3.27026,2.79271,2.08427,1.69102,1.67734,1.75429,1.96322,2.04351,2.09897,2.46306,3.00957,3.77049,4.65815,5.50862,6.65326,7.76595,10.0542,12.5703,16.1131,20.8434,25.0313,29.4066,33.6673,39.4183,45.7138,51.6393,53.9984,57.5841,65.1258,70.3116,64.1255,55.7998,52.9183,55.5551,58.1556,57.8262,63.3038,74.9919,107.486,0,0,0,0,0,0,0
630,16.8916,17.4601,17.3761,18.2281,16.9626,16.1099,13.5383,11.5228,10.1236,8.7552,8.27774,7.31715,5.94895,4.91276,4.30009,3.54081,2.9575,2.20377,1.75181,1.74371,1.8418,2.04243,2.12706,2.18107,2.56102,3.15057,3.92618,4.9009,5.76484,6.99783,8.20343,10.5938,13.1926,17.2269,22.1787,26.5251,30.777,35.6136,41.668,48.6862,54.5139,58.1907,61.3059,69.2154,75.6028,69.7245,60.5541,56.8984,60.0527,62.5722,62.8894,67.5455,77.8686,108.518,156.247,0,0,0,0,0,0
630.5,18.2283,18.7528,18.8051,19.499,18.3909,17.4696,14.6647,12.4329,10.928,9.44792,8.89064,7.83666,6.43909,5.2296,4.62453,3.82427,3.08622,2.3182,1.84379,1.82237,1.91342,2.14117,2.23087,2.29083,2.66647,3.31085,4.19576,5.16566,6.04845,7.38679,8.69002,11.1377,14.1823,18.209,23.5011,28.3869,32.416,37.5683,44.6273,51.598,58.202,61.5615,65.8188,74.1959,80.783,74.7764,65.3168,61.2147,65.0307,67.4579,68.8309,72.2976,81.6364,110.384,155.694,0,0,0,0,0,0
631,19.6382,20.2023,20.3729,20.8987,19.9445,18.8783,15.7825,13.3429,11.817,10.1057,9.50356,8.41444,6.91116,5.59155,4.93398,4.0791,3.28845,2.47302,1.95551,1.88757,2.00205,2.22808,2.32436,2.38602,2.80023,3.43671,4.3954,5.47584,6.36567,7.78931,9.25921,11.8293,15.0827,19.3645,25.0613,30.3186,34.0887,39.7374,47.759,55.0705,61.9281,65.7781,70.5249,79.4492,85.9482,80.6377,69.739,66.5673,69.8163,73.454,74.0049,77.9669,85.6589,112.616,156.876,0,0,0,0,0,0
631.5,20.7883,21.8737,22.1933,22.5538,21.4219,20.4319,17.1455,14.4742,12.7042,10.8986,10.1264,8.99915,7.29464,6.02225,5.23146,4.39754,3.46014,2.62749,2.06045,1.96377,2.08402,2.33113,2.39231,2.54682,2.94638,3.57883,4.60694,5.81842,6.75312,8.14161,9.83198,12.6051,15.9435,20.942,26.3856,32.382,36.305,42.5127,51.2058,59.2516,67.0066,70.4859,75.2187,86.2921,91.4496,86.8756,75.7454,72.1449,75.2658,79.3815,79.0888,83.9195,92.3242,116.343,159.711,0,0,0,0,0,0
632,22.2245,23.6458,24.1539,24.1356,23.2295,22.1595,18.5276,15.6478,13.5765,11.6973,10.6926,9.59603,7.8643,6.47372,5.5394,4.71067,3.71519,2.78819,2.17547,2.05831,2.20119,2.41613,2.52687,2.68242,3.10544,3.73213,4.8914,6.17877,7.12137,8.66174,10.535,13.2835,16.8908,22.5676,28.0891,34.5842,38.8948,44.7163,54.1934,63.5883,71.5797,76.1642,81.1334,92.8173,98.8634,93.9773,81.3265,77.9171,81.6699,86.6615,85.7461,90.347,96.6079,120.313,161.863,0,0,0,0,0,0
632.5,23.8061,25.4664,26.2649,25.9474,25.4194,23.9298,19.9888,16.8391,14.4796,12.5821,11.4491,10.2541,8.47693,6.88243,5.90376,5.03327,3.96957,2.94412,2.31817,2.16643,2.29202,2.48861,2.64066,2.84288,3.25698,3.93532,5.16661,6.54456,7.68866,9.13906,11.255,14.1365,18.0624,24.3115,30.0741,37.0472,41.2145,47.7998,58.1098,67.8495,76.8861,82.9351,87.3292,99.2804,106.354,100.653,88.4487,84.6968,88.2715,94.1267,92.9415,97.9466,103.949,125.144,166.007,0,0,0,0,0,0
633,25.65,27.3444,28.6608,28.1452,27.7312,25.8457,21.4122,17.9124,15.4248,13.5258,12.2119,10.9747,9.18546,7.50942,6.30731,5.40843,4.28552,3.12036,2.44646,2.26959,2.40096,2.61155,2.79756,2.95465,3.41281,4.1355,5.44996,6.93592,8.19709,9.7337,12.0347,14.8913,19.3084,25.7769,32.3662,39.5985,44.5718,50.893,62.3069,72.0598,82.3153,89.1921,94.2509,106.805,115.295,109.69,96.6554,91.8325,95.6285,102.133,101.08,105.612,110.816,131.328,168.513,0,0,0,0,0,0
633.5,28.1237,29.4131,31.0593,30.4043,29.7567,28.0922,23.2127,19.3179,16.6401,14.6345,13.1722,11.8448,9.64407,8.1589,6.82002,5.78194,4.54755,3.34293,2.59311,2.35441,2.52217,2.73135,2.9169,3.07729,3.58003,4.41808,5.77671,7.41662,8.75834,10.4114,12.8231,15.8221,20.4188,27.404,34.4463,42.0243,47.5842,54.9325,66.243,76.8037,88.4909,95.4982,101.277,113.609,123.592,117.643,104.63,99.7499,103.037,110.533,109.903,114.559,118.806,138.267,171.435,0,0,0,0,0,0
634,30.4665,32.0224,33.6835,32.8281,32.0933,30.4813,25.0715,20.4427,17.7938,15.6988,14.3014,12.8201,10.2017,8.81129,7.2401,6.24569,4.85061,3.58892,2.74516,2.44106,2.63087,2.87286,3.07267,3.24467,3.79524,4.72406,6.13987,7.91754,9.24661,11.0559,13.7088,16.8985,21.784,29.2691,36.6057,44.9988,51.15,58.8195,70.5316,81.5114,94.8026,102.117,108.857,122.175,132.863,127.798,113.904,108.95,111.352,117.863,119.054,123.532,127.463,146.119,175.549,0,0,0,0,0,0
634.5,32.8182,34.7927,36.582,35.4835,33.967,32.7983,26.8354,22.0031,19.0094,17.0653,15.4969,13.7916,10.7793,9.41835,7.62156,6.7554,5.16079,3.82036,2.90995,2.57243,2.74712,3.02443,3.2172,3.39191,4.01685,4.98593,6.51782,8.40533,9.82762,11.6979,14.6522,18.0567,23.198,31.2148,39.2665,47.9073,54.6824,63.7735,75.812,87.8524,101.35,109.19,116.685,130.021,142.76,138.11,123.921,119.451,120.714,126.307,129.679,134.158,136.979,155.147,182.359,0,0,0,0,0,0
635,35.5015,37.9834,39.3382,38.7418,36.6216,35.6076,28.8825,23.736,20.1851,18.4029,16.6473,14.7724,11.4135,9.9958,8.12707,7.21063,5.48102,4.00825,3.06061,2.73751,2.90218,3.19277,3.39041,3.5724,4.27201,5.21107,6.87898,8.89653,10.3724,12.4031,15.5443,19.286,24.5837,33.5261,41.8043,51.6332,58.608,68.134,81.3012,93.6985,107.892,118.157,126.855,140.009,149.955,150.334,134.105,130.314,131.823,136.891,140.33,145.04,146.657,164.955,188.094,243.66,0,0,0,0,0
635.5,38.8018,40.74,42.7255,42.4386,40.2795,38.279,31.0409,25.608,21.6527,19.9247,17.8995,15.8085,12.4053,10.73,8.65971,7.69401,5.90421,4.2428,3.23426,2.94598,3.03867,3.36642,3.57207,3.73986,4.47354,5.49837,7.33512,9.45941,10.9198,13.1987,16.7531,20.4098,26.3551,35.5484,45.1373,54.9288,62.2544,74.0564,87.4292,99.3396,115.569,127.121,136.813,149.244,159.775,161.056,145.058,142.327,142.541,149.693,150.155,156.214,158.454,175.762,196.748,251.552,0,0,0,0,0
636,42.0487,44.0526,45.8988,46.1375,43.6978,41.2614,33.4718,27.5572,23.5854,21.4587,19.1899,16.8816,13.3814,11.4672,9.32075,8.18849,6.36926,4.49306,3.47943,3.12082,3.2299,3.58183,3.76135,3.91247,4.69579,5.73553,7.75209,9.93833,11.3899,14.0335,17.737,21.5764,27.9821,38.445,48.0498,58.8108,66.5436,79.0457,92.9468,104.837,124.663,136.287,148.118,159.007,170.258,174.886,155.845,154.402,153.166,161.994,162.527,169.684,169.501,186.72,203.68,261.183,0,0,0,0,0
636.5,45.3147,46.6489,49.3555,49.2448,47.1867,44.0752,36.516,29.6677,25.4306,23.1805,20.7444,17.9161,14.3536,12.4101,10.0196,8.69555,6.84194,4.78526,3.69701,3.26525,3.37572,3.77342,3.9417,4.16375,4.92941,6.19501,8.1259,10.5993,12.0682,14.9929,18.881,22.8042,30.1519,40.7551,51.9639,62.7025,70.8629,85.4577,99.3884,111.594,134.242,146.462,159.549,168.914,183.08,186.563,167.757,166.95,164.657,175.6,174.716,180.026,183,198.323,211.566,270.502,0,0,0,0,0
637,48.8855,49.186,52.783,52.4936,50.2571,47.2747,39.3645,31.6974,27.4543,24.8188,22.3058,19.1085,15.1961,13.3705,10.7537,9.26641,7.26889,5.13149,3.92802,3.40578,3.52883,3.93747,4.15425,4.3724,5.16398,6.55747,8.54661,11.1768,12.7312,15.8526,20.0176,24.2372,32.1104,43.4309,55.308,66.7721,74.8775,90.9607,106.132,119.594,144.138,157.133,172.095,179.92,194.961,199.894,180.203,179.02,178.196,188.104,186.693,193.202,195.476,209.896,221.254,279.254,0,0,0,0,0
637.5,52.5142,51.3399,56.1091,56.7347,53.4103,50.8638,42.4649,34.1406,29.6382,26.5806,23.7888,20.5739,16.2734,14.3747,11.5212,9.80664,7.71652,5.51836,4.14636,3.56561,3.70135,4.09938,4.34705,4.59329,5.45425,6.9731,9.06559,11.8086,13.7572,16.8086,21.3185,25.9993,34.3013,45.6954,58.2287,71.5493,80.3217,97.2591,113.162,128.62,153.339,168.039,183.69,191.698,210.309,211.404,193.562,189.951,189.75,201.125,201.411,206.676,209.269,222.135,233.303,288.988,0,0,0,0,0
638,56.6469,55.1687,60.0461,61.0559,57.5314,54.4427,44.6672,36.7464,31.354,28.0366,25.4526,22.0375,17.3178,15.2823,12.3851,10.2557,8.17571,5.87483,4.41545,3.70412,3.86689,4.29725,4.56887,4.82577,5.70505,7.4029,9.50856,12.4907,14.6687,17.732,22.539,28.0257,36.4846,48.4002,61.7519,75.6373,85.2745,103.622,120.627,137.122,158.391,178.455,193.885,204.89,223.993,224.683,206.657,201.013,205.25,214.921,216.514,221.575,224.897,235.843,244.222,298.758,0,0,0,0,0
638.5,60.7047,58.8851,64.1359,66.6474,61.5226,57.7486,46.9939,39.4515,33.2253,29.894,27.2923,23.1494,18.9236,16.1241,13.1066,10.8401,8.66808,6.18941,4.64236,3.83753,4.07949,4.51502,4.7215,5.03919,6.05508,7.75439,10.1107,13.155,15.5069,18.7667,23.8279,29.8167,38.3803,51.1525,65.239,80.6167,90.9679,109.793,128.384,147.178,167.212,189.971,203.74,218.519,238.623,238.928,221.122,213.711,216.887,228.017,227.737,232.317,241.116,249.79,256.851,309.664,0,0,0,0,0
639,64.9286,64.1715,68.1266,70.6066,65.0795,61.1497,48.8374,42.6226,35.3699,31.5502,28.8315,24.656,20.186,16.8892,13.9498,11.4999,9.19712,6.54737,4.84717,4.07964,4.25406,4.75394,4.91167,5.26128,6.39995,8.00729,10.6558,13.8427,16.5484,19.9321,24.9923,31.7228,40.5912,53.9169,70.3572,84.9286,95.6716,116.258,136.098,156.287,178.697,200.504,215.19,231.093,252.797,255.693,233.881,227.848,231.525,242.803,246.293,247.235,258.861,264.311,269.668,319.57,0,0,0,0,0
639.5,69.2108,68.5329,72.701,74.6395,69.7132,64.6074,51.1679,45.0775,37.887,32.9532,30.4326,26.1504,21.5223,17.6931,14.7648,12.1185,9.60017,6.81831,5.12057,4.32107,4.48944,5.01942,5.08966,5.54795,6.80522,8.49157,11.2841,14.5626,17.4021,21.1568,26.1767,33.3417,43.1535,56.878,73.8268,88.0733,101.094,122.7,143.863,166.295,190.525,211.973,226.193,243.167,264.646,272.072,248.137,242.112,245.353,258.753,260.326,260.549,273.796,276.952,282.359,331.718,0,0,0,0,0
640,73.7059,72.7104,76.6365,78.8304,74.2031,68.651,55.1589,47.5983,40.1694,34.5706,31.8165,27.4479,22.7561,18.7592,15.6133,12.76,10.0866,7.16283,5.37647,4.63723,4.7236,5.26527,5.34339,5.76393,7.16494,8.7672,11.6726,15.2836,18.3584,22.5126,27.8016,35.1997,45.0306,59.5451,77.9546,92.4331,105.353,127.209,151.53,175.863,203.077,221.206,236.264,256.767,278.626,286.353,264.501,258.588,261.03,270.539,275.94,278.018,288.504,289.984,298.476,341.85,388.936,0,0,0,0
640.5,77.9166,77.9003,81.0744,83.2646,77.7957,72.3968,58.5511,50.5102,42.0527,36.2711,33.347,28.8801,24.0099,19.5878,16.5002,13.5344,10.6845,7.54304,5.67398,4.87728,4.98755,5.50796,5.63585,6.03809,7.45864,9.17243,12.2782,16.0119,19.0892,23.5918,28.7816,36.4927,47.3018,62.4559,79.7234,97.348,110.847,132.798,159.971,185.569,212.106,231.515,246.556,270.818,292.543,298.768,280.724,272.274,274.542,285.831,292.653,290.423,302.682,303.651,313.529,354.484,397.129,0,0,0,0
641,82.602,82.5977,86.2281,88.4841,82.0152,75.7587,63.5349,53.3386,44.2119,38.8086,34.9835,30.2972,25.3613,20.4169,17.3078,14.4908,11.3721,7.89778,5.90057,5.08328,5.20503,5.75767,5.80818,6.34727,7.71806,9.69366,12.6389,16.642,20.0491,24.8273,30.5012,37.7955,49.4178,65.5053,82.6023,102.32,116.248,139.287,167.705,195.732,222.47,243.499,257.977,286.527,307.957,312.273,299.133,287.87,293.612,300.876,307.865,305.82,318.051,318.782,327.027,365.473,408.565,0,0,0,0
641.5,86.7339,87.384,91.1027,93.5415,85.8497,79.3333,67.0532,56.4847,46.0593,41.4333,36.9357,31.5164,26.5095,21.7197,18.3806,15.3984,12.1142,8.30586,6.19482,5.36921,5.40831,5.955,6.05344,6.57382,7.90864,10.1998,13.2223,17.3045,20.8638,25.8465,31.5619,39.5493,52.2129,68.3257,86.277,107.534,122.475,147.114,174.421,204.632,230.561,256.04,270.263,301.411,326.264,321.693,311.6,304.599,309.322,321.794,324.311,325.789,334.951,339.226,342.571,377.932,424.113,0,0,0,0
642,91.0447,91.5189,96.2635,95.5218,90.1471,83.7465,70.6947,59.4776,48.4047,44.508,39.6733,33.582,27.8007,23.0903,19.348,16.2807,12.7968,8.72657,6.38247,5.63987,5.57354,6.21693,6.30964,6.85013,8.27099,10.401,13.757,18.1149,21.7998,26.7959,32.8621,41.4728,54.5809,71.1923,90.6836,111.767,128.013,155.385,184.581,216.832,242.427,268.245,281.527,315.562,343.417,336.78,325.637,321.251,327.243,336.313,341.103,344.596,355.633,357.427,361.065,393.908,441.134,0,0,0,0
642.5,95.2259,95.5848,101.754,100.529,95.518,89.0832,74.3276,62.6454,51.6298,46.3007,42.497,35.6355,28.9577,24.4635,20.4874,17.2219,13.4703,9.1912,6.63839,5.99755,5.89691,6.50243,6.62199,7.07094,8.51899,10.8148,14.3069,18.8978,22.6738,28.159,34.2111,43.4621,57.2242,74.2139,95.8748,117.469,133.129,163.661,192.633,226.474,255.099,281.527,297.613,331.605,365.106,352.951,342.086,337.064,344.146,354.925,361.726,361.839,376.497,378.984,382.786,411.664,458.318,0,0,0,0
643,100.417,100.748,106.66,105.828,99.5388,94.9178,78.0242,65.7155,54.067,48.9272,44.5195,38.0948,29.8471,25.6884,21.3703,17.9822,13.9709,9.60048,6.91836,6.28571,6.18166,6.83963,6.91078,7.31966,8.95074,11.2546,15.0745,19.6862,23.5089,29.3625,35.8828,45.6079,59.4757,77.8023,101.067,121.972,139.866,169.488,202.894,237.646,266.209,290.912,314.439,348.122,382.613,371.695,358.386,354.203,363.838,372.317,378.774,378.882,398.884,395.589,403.198,428.487,474.39,0,0,0,0
643.5,106.531,106.771,111.713,112.131,105.154,100.288,82.307,69.1108,57.0994,51.2981,46.7113,40.4642,31.4081,26.8765,22.4397,18.8949,14.7593,10.2285,7.39387,6.45924,6.50401,7.1525,7.18864,7.60585,9.28216,11.6328,15.8153,20.1983,24.0211,30.5922,37.5402,47.2931,62.1009,81.1458,105.127,127.577,145.585,176.718,211.756,247.732,276.667,304.405,334.287,365.555,398.293,382.966,380.094,372.864,384.127,395.03,401.335,398.16,417.673,414.439,424.207,452.773,487.888,0,0,0,0
644,112.567,112.829,118.137,120.846,109.514,105.335,86.0908,73.18,60.1672,54.8644,48.9699,42.8029,33.3948,28.1287,23.5661,20.0092,15.4644,10.6948,7.80377,6.7605,6.84807,7.4269,7.42818,7.94832,9.74836,12.2834,16.2681,20.7999,25.1739,31.6087,39.4902,49.0941,64.5577,84.7438,109.481,132.545,151.652,183.944,220.745,258.679,290.179,316.712,351.268,384.471,414.424,400.719,398.376,392.22,403.791,414.279,424.051,416.217,440.077,438.995,444.493,474.307,509.505,0,0,0,0
644.5,117.864,119.287,125.683,127.247,114.293,110.741,90.7129,76.9952,64.4457,58.1367,52.1443,45.1066,35.4557,29.7399,25.0829,20.7942,16.2124,11.1841,8.31006,7.0206,7.12691,7.697,7.82647,8.27859,10.0826,12.6721,16.9291,21.5569,26.3408,32.9291,40.9244,50.9308,67.7653,90.434,113.314,139.342,159.576,194.441,231.229,270.159,303.471,331.464,368.716,399.274,432.112,411.537,422.517,413.285,426.456,436.201,448.416,444.98,462.85,466.478,468.477,495.878,530.172,0,0,0,0
645,124.593,124.778,134.161,133.685,120.361,117.588,94.8043,80.6572,67.7384,61.5499,54.8705,47.5962,37.5649,31.5675,26.5004,21.8628,17.1095,11.7379,8.74943,7.35548,7.42633,8.02673,8.13636,8.7102,10.6182,13.4018,17.6991,22.6944,27.5289,34.3575,43.1253,52.9851,71.4514,94.9754,119.815,145.429,167.318,204.515,243.865,282.445,320.233,347.087,388.648,417.459,450.12,432.692,445.17,437.762,450.61,457.314,469.952,471.458,490.139,493.158,495.096,521.183,553.626,555.972,0,0,0
645.5,130.975,131.033,142.189,140.972,125.555,124.189,100.242,84.3709,70.0517,63.3406,57.6368,49.388,39.1678,33.4526,27.7503,22.8252,18.1849,12.5187,9.08879,7.7625,7.71401,8.36926,8.63484,9.08593,10.916,14.0309,18.7738,23.8062,28.55,35.8938,45.0719,54.6993,74.6855,99.6086,125.314,151.971,173.843,214.615,253.757,293.277,334.32,363.8,409.884,432.192,471.844,453.428,461.834,461.451,472.195,480.244,494.447,498.136,516.047,519.494,522.611,537.905,574.939,575.075,0,0,0
646,138.387,138.743,149.539,147.64,133.913,130.774,106.056,88.147,74.0125,66.3763,60.2403,51.9698,41.3223,35.78,29.0498,24.1844,19.1294,13.296,9.36496,8.05996,8.04024,8.74319,9.00589,9.43399,11.3791,14.8123,19.3297,24.9479,29.5656,37.7228,47.5207,57.6655,77.7091,104.119,131.02,158.167,181.467,223.512,265.567,306.724,346.817,382.936,429.044,447.329,493.755,481.62,477.554,486.065,497.301,502.921,516.845,524.601,539.442,545.563,552.209,566.227,595.691,597.252,0,0,0
646.5,145.237,146.511,155.014,156.017,140.574,138.31,113.516,91.5026,77.284,69.4947,62.788,54.5083,42.8902,37.4162,30.1917,25.7946,19.964,13.9226,9.77777,8.42017,8.37929,9.12159,9.28168,9.82556,11.7367,15.3104,20.0941,25.7989,30.8683,39.4216,49.2606,59.9353,80.067,108.61,136.263,165.335,189.057,230.389,276.362,318.998,364.397,395.703,447.194,466.748,519.822,512.625,494.905,513.627,522.892,529.182,542.072,551.291,564.754,570.863,581.649,589.882,614.495,614.888,0,0,0
647,152.444,154.391,160.235,163.899,149.063,145.544,119.675,95.5206,81.7627,72.6786,66.0999,56.7781,45.1378,39.3884,31.668,27.4238,20.9308,14.5104,10.0341,8.80529,8.83541,9.4671,9.68431,10.1511,12.2306,15.8407,20.8121,27.1345,32.197,41.1045,51.0442,63.137,83.6025,111.612,141.641,172.004,197.681,237.493,288.03,332.559,379.284,416.27,464.552,489.841,542.662,540.136,517.468,539.806,549.825,554.471,567.162,579.889,588.27,594.216,607.934,616.937,639.576,631.743,0,0,0
647.5,159.954,163.567,166.988,172.388,157.363,152.486,126.279,99.631,85.8231,76.7819,69.3203,59.5184,47.2346,41.1618,33.3637,28.7635,21.5949,14.9974,10.7485,9.18466,9.23341,9.92255,10.0548,10.6015,12.8154,16.2594,21.6853,28.2265,33.9949,42.3173,52.58,64.4573,86.6393,114.38,148.63,180.165,208.422,246.591,297.267,343.874,396.785,433.742,484.401,516.47,569.58,560.824,536.311,562.741,574.797,583.118,590.783,599.911,619.309,618.494,628.766,640.388,665.151,652.182,0,0,0
648,168.007,171.075,175.096,179.44,165.633,158.805,131.553,104.607,89.1578,80.5231,73.0887,62.1915,49.7344,43.3533,34.8809,30.3193,22.5378,15.7726,11.2381,9.449,9.58149,10.3348,10.2843,10.9861,13.1931,16.7544,22.7558,29.3328,35.3542,43.5406,54.2913,66.2317,90.1847,118.985,153.952,186.274,218.313,257.74,303.937,356.484,413.149,457.638,500.012,539.377,591.762,585.131,558.073,583.005,601.076,607.834,614.937,623.595,645.729,647.109,652.136,665.856,695.9,676.075,0,0,0
648.5,172.921,179.045,185.054,183.998,173.785,163.437,136.352,110.043,93.5809,83.7446,75.9964,64.1194,51.655,44.9622,36.1916,31.4821,23.5475,16.5189,11.8505,9.88241,9.96726,10.7418,10.745,11.3436,13.4532,17.4149,23.6914,30.1204,36.5119,44.8589,55.121,68.2202,92.4117,123.902,159.137,192.737,225.963,267.319,314.783,370.145,424.006,471.568,524.63,562.899,614.82,605.444,582.981,607.385,624.555,630.24,636.231,646.873,670.917,668.907,676.823,693.852,721.993,695.145,0,0,0
649,179.26,185.53,195.564,189.056,181.071,168.17,143.052,115.709,97.0484,86.9459,79.0614,67.1253,53.7675,46.5127,37.39,32.8324,24.5564,17.1473,12.3392,10.3463,10.2566,11.2764,10.9976,11.8209,13.7735,17.9323,24.1623,31.2016,37.7365,46.2735,57.1012,71.2155,95.5906,128.804,163.349,196.723,233.195,274.814,326.633,383.63,434.561,490.354,539.684,583.172,636.729,630.324,610.052,623.957,643.734,648.771,663.538,674.227,691.698,685.764,703.231,723.912,740.359,710.941,0,0,0
649.5,183.513,191.46,203.665,194.905,187.572,173.069,148.249,120.698,101.435,90.098,82.1592,70.302,56.4887,47.6239,38.7995,34.1124,25.6529,17.5791,12.799,10.857,10.7068,11.5798,11.5528,12.1863,14.2029,18.4685,24.5234,32.3984,38.7147,48.6901,58.9771,73.2559,98.2571,134.039,168.914,200.569,240.016,282.726,339.503,399.011,450.094,508.129,556.723,601.47,656.601,652.809,628.653,652.73,665.265,668.08,691.114,705.193,708.167,702.053,731.513,749.481,760.371,731.484,0,0,0
650,190.538,198.651,212.161,202.365,195.684,178.323,153.009,125.331,105.042,92.8999,85.3548,74.0586,59.2592,48.8683,40.0712,35.0973,26.5999,18.1753,13.2766,11.1856,11.0626,12.0943,11.9724,12.6445,14.5748,18.8065,24.9939,33.5193,40.1417,50.3246,60.8487,75.6797,101.918,137.896,173.321,208.004,248.724,292.418,355.066,412.524,463.155,525.409,568.641,614.444,680.981,677.907,646.171,677.152,686.832,693.284,717.224,722.269,728.131,718.473,751.193,777.256,782.267,751.49,710.575,0,0
650.5,195.93,205.447,218.931,211.661,205.099,183.666,155.574,128.299,108.312,96.1835,88.3349,77.0214,61.6943,50.2927,42.1187,36.352,27.5833,18.7947,13.7833,11.4964,11.4861,12.4593,12.4655,12.898,15.0615,19.3178,25.3805,34.542,40.88,51.91,62.6012,77.8441,104.043,142.125,180.573,215.105,257.924,299.575,368.093,424.033,478.017,546.458,586.651,633.232,705.248,698.823,663.911,697.333,713.174,715.435,742.498,745.099,750.539,739.2,781.275,794.346,806.381,778.49,728.501,0,0
651,200.141,212.707,225.237,218.434,210.647,188.333,160.238,131.135,112.681,99.9955,89.9178,80.5404,63.599,52.1394,43.7669,37.6061,28.7796,19.2532,14.1698,11.7033,11.771,12.9511,12.982,13.3154,15.3831,19.7454,26.1033,35.5834,42.2187,53.3295,63.6181,81.0902,107.727,145.634,186.622,224.717,265.662,309.31,382.575,435.75,502.452,565.562,599.804,652.676,729.775,726.924,682.63,722.325,732.383,736.319,773.918,767.787,775.377,765.15,808.424,816.172,835.754,800.018,747.563,0,0
651.5,208.45,215.927,231.616,225.518,218.542,194.513,165.815,134.885,117.037,103.17,92.245,83.0715,65.922,54.0871,45.4385,38.984,29.991,20.1415,14.8012,12.1257,12.275,13.3142,13.2808,13.6848,15.811,20.4659,27.0016,36.6642,43.156,54.2231,65.284,83.2718,111.009,149.001,194.387,233.46,274.745,316.377,392.033,449.053,518.569,587.268,615.286,675.973,752.432,748.562,705.918,738.921,751.945,764.639,798.357,791.509,802.938,789.188,835.353,840.784,860.064,819.106,766.33,0,0
652,213.958,222.134,232.836,230.525,225.795,203.127,171.79,141.01,121.613,106.495,95.1321,85.4737,67.5349,56.4909,47.1952,40.7325,31.0936,20.7795,15.2722,12.5713,12.668,13.8115,13.8424,14.261,16.551,21.3499,27.5029,37.8322,44.7443,56.0205,67.4712,85.0719,114.026,153.416,199.135,239.636,283.133,323.872,400.683,462.744,543.381,600.609,630.537,699.827,773.138,765.918,730.018,756.697,769.897,799.791,836.877,821.355,839.558,830.393,858.651,865.883,884.054,842.293,781.06,0,0
652.5,226.283,228.887,239.935,238.03,234.963,208.762,178.865,146.935,126.072,109.068,98.0318,88.3575,70.1423,59.1949,49.0696,42.1611,32.2819,21.7788,15.7503,13.0371,13.2109,14.5298,14.2201,14.758,17.3163,22.0691,28.1869,38.9952,46.2388,57.6454,69.7606,87.2671,117.638,158.407,204.524,248.476,291.986,331.704,412.412,478.27,559.818,617.603,645.858,725.902,796.419,784.477,754.791,776.034,793.784,832.774,865.892,842.061,865.668,862.094,890.111,889.35,911.651,875.992,795.48,0,0
653,236.554,238.862,250.32,248.815,244.8,216.316,186.987,152.871,131.444,112.365,102.099,90.6741,73.2372,61.6638,50.899,43.6265,33.4099,22.5281,16.4464,13.5253,13.7752,15.1135,14.7361,15.364,18.0806,22.8328,28.8873,40.2147,48.0538,59.2138,71.6796,90.5194,120.661,164.387,211.092,256.125,301.517,347.914,423.59,494.734,568.29,633.087,675.194,746.369,821.526,816.748,779.266,797.168,824.356,864.79,898.779,869.27,903.047,887.888,919.666,915.925,937.557,906.439,816.168,0,0
653.5,247.963,247.555,265.314,260.917,254.009,225.867,195.167,158.017,134.882,116.212,105.482,93.2751,76.2903,63.8113,52.7788,44.8236,34.1749,23.4095,17.1878,14.1269,14.2575,15.8,15.2119,15.8234,18.9318,23.8938,29.6615,40.9778,49.2793,61.4364,73.812,94.5495,125.36,170.38,217.71,266.919,309.954,361.568,440.557,510.537,583.218,658.093,700.742,764.769,853.866,841.029,809.895,820.821,851.606,896.869,932.932,899.75,939.158,914.517,955.464,950.394,967.744,938.812,836.557,0,0
654,258.235,260.923,279.555,275.04,265.924,234.695,204.429,164.282,139.215,121.184,108.983,95.3404,79.3668,66.1854,54.6269,45.7157,35.5814,24.2254,17.778,14.8225,14.803,16.2206,15.6466,16.551,19.4828,24.8488,30.6178,42.0561,50.8813,63.4665,75.8308,98.2389,129.189,174.948,227.046,276.341,318.808,379.125,453.065,528.689,605.674,684.282,727.624,783.451,870.862,870.866,848.602,858.09,879.489,925.915,965.825,930.27,971.169,955.164,979.863,981.734,992.787,976.841,856.495,0,0
654.5,268.624,274.574,288.34,284.848,274.466,246.865,214.634,168.524,143.978,124.759,111.468,98.5246,81.772,68.0976,56.9415,46.9891,36.6237,25.1907,18.4079,15.4108,15.3012,16.8704,16.2895,17.1793,20.1365,25.6315,32.3089,43.4555,52.2508,66.0224,78.6566,101.572,132.996,180.144,235.63,285.763,326.881,390.342,461.317,542.952,630.089,706.539,754.262,806.417,901.871,902.201,888.482,889.903,914.918,960.951,999.204,960.949,1000.45,978.079,1006.62,1014.83,1024.44,1006.63,881.847,0,0
655,273.319,288.249,299.337,296.507,284.213,258.837,224.163,174.663,147.599,129.08,115.197,102.143,82.3868,70.5845,58.8144,48.8299,38.2481,26.1738,18.9877,15.9074,15.9042,17.5451,16.8804,17.8635,20.4548,26.2862,33.6553,44.9183,54.2197,67.9724,81.34,104.401,136.97,187.325,242.422,292.845,337.524,405.392,476.916,552.819,654.365,733.698,769.422,836.297,931.455,930.981,928.727,926.428,945.847,989.73,1028.48,994.185,1030.08,1021.53,1043.73,1045.21,1058.35,1039.3,910.372,887.018,0
655.5,280.257,300.482,309.2,306.407,293.336,269.953,230.647,181.244,151.271,133.986,118.975,105.93,85.4015,72.9857,60.3977,50.7208,39.7273,26.8051,19.651,16.4334,16.6221,18.3053,17.5689,18.3714,21.0879,26.8106,35.3474,46.0568,56.0929,69.4306,84.0031,108.068,141.995,194.332,248.551,301.004,348.25,420.856,490.134,569.788,672.015,752.435,793.853,866.663,964.534,953.796,959.948,950.292,981.282,1029.68,1055.76,1040.13,1051.35,1042.33,1082.26,1082.11,1092.15,1075.52,938.245,905.793,0
656,289.337,311.344,320.015,313.777,301.302,277.734,234.596,188.565,155.59,137.001,123.694,108.473,88.5282,75.2777,61.7566,52.4155,40.9994,27.5559,20.4144,16.7831,16.9661,18.9527,18.1642,18.7764,21.446,27.7798,36.473,47.5166,57.8604,70.9231,86.5577,111.218,145.769,198.993,254.825,307.163,362.133,433.113,506.065,585.761,678.809,769.884,819.922,896.862,994.366,978.481,986.013,975.589,1008.86,1062.19,1079.88,1078.2,1070.48,1075.51,1113.6,1113.33,1126.41,1107.95,960.782,927.176,0
656.5,298.788,320.285,327.645,322.391,308.096,285.717,236.433,194.788,161.582,142.974,128.04,111.093,91.9717,76.5929,63.4652,53.7209,41.8043,27.9809,20.7752,17.031,17.5763,19.2646,18.5084,19.1172,22.1049,28.6588,37.1457,48.6982,58.9072,71.5173,89.3229,114.592,149.972,204.295,259.757,316.615,372.32,442.526,523.83,604.689,694.193,784.884,836.797,923.652,1019.18,1000.59,1006.33,991.563,1042.02,1092.65,1109.59,1095.02,1102.18,1102.29,1136.9,1155.15,1153.74,1134.47,971.519,949.526,0
657,307.398,328.941,333.244,326.985,314.799,291.755,240.005,201.09,166.22,147.007,129.896,112.074,94.7625,78.4093,65.018,55.0747,42.5841,28.8574,21.2256,17.5983,17.9824,19.5859,18.837,19.5029,22.5952,29.2309,37.5197,49.8452,59.5003,73.3689,91.7517,116.088,152.582,208.717,263.032,322.567,379.268,451.826,537.784,619.236,702.357,796.643,858.264,953.227,1045.42,1038.92,1024.47,1011.25,1064.93,1110.96,1137.46,1110.73,1121.77,1120.83,1158.54,1182.98,1166.52,1154.61,988.771,965.244,0
657.5,312.778,330.029,338.627,333.324,319.028,299.947,248.568,204.709,171.405,150.196,131.172,113.729,95.2815,79.2181,66.1285,56.3366,43.5566,29.511,21.8654,17.9078,18.5744,20.0354,19.0326,19.8027,23.0508,29.7583,37.8552,50.7756,60.469,74.3027,93.3737,118.227,156.262,212.763,265.414,330.607,384.643,454.204,547.514,635.199,719.436,810.614,880.164,963.38,1061.47,1064.84,1039.34,1027.25,1086.13,1121.56,1156.96,1141.27,1147.8,1136.03,1176.18,1201.01,1183.75,1166.32,1013.37,983.572,0
658,320.404,330.133,336.324,337.811,325.176,305.669,251.758,208.054,174.296,153.275,131.781,115.747,95.6105,80.724,67.2358,57.1597,44.3859,30.2833,22.1878,18.4723,18.7944,20.5743,19.2878,20.0692,23.3783,29.9322,38.1747,51.1478,62.0507,76.5861,94.6441,120.494,158.129,216.269,265.449,335.367,391.055,461.487,550.348,625.295,740.838,824.491,892.434,976.793,1080.37,1083.19,1047.62,1046.63,1099.27,1131.27,1167.88,1148.78,1165.83,1152.2,1207.14,1215.68,1203.92,1192.39,1045.65,992.162,0
658.5,326.828,332.998,342.074,340.794,327.288,306.949,255.446,210.388,175.577,153.774,133.735,118.099,95.8029,81.1828,67.6387,58.3367,45.1019,31.1914,22.9502,18.9059,19.1277,20.7135,19.3781,20.2682,23.4762,30.5057,38.2642,50.8555,63.1924,77.6456,94.9289,121.468,160.466,219.003,268.748,339.952,395.76,460.034,551.166,634.683,750.013,835.911,907.912,976.22,1079.18,1094.83,1055.36,1055.58,1099.58,1137.5,1179.88,1161.71,1178.89,1164.53,1221.84,1223.76,1211.76,1197.75,1060.91,983.154,0
659,328.886,336.606,345.493,342.335,325.591,306.75,256.989,213.25,177.603,152.103,133.061,119.982,95.7336,82.3625,68.2919,58.5403,45.5676,31.9189,23.1651,19.2186,19.1285,20.8479,19.4641,20.448,23.5242,31.0106,38.8069,50.0035,64.0968,77.8223,96.2523,123.325,159.811,217.58,270.239,339.035,398.239,465.477,550.848,631.756,764.515,845.925,914.394,980.466,1081.61,1100.19,1056.65,1056.97,1108.69,1148.51,1181.61,1165.89,1187.87,1173.4,1229.77,1233.86,1218.86,1206.96,1070.83,982.677,0
659.5,329.432,337.939,348.419,343.937,325.823,304.891,256.341,216.646,177.657,150.313,135.616,120.908,96.6332,82.7727,68.1446,58.7021,45.8455,32.4337,23.3424,19.2902,19.2315,20.7689,19.4712,20.3363,23.229,31.1733,38.7615,50.3084,63.4147,77.3068,97.309,122.796,160.054,216.508,272.848,340.78,394.414,462.99,555.819,653.444,768.592,845.945,916.869,975.566,1073.45,1099.76,1052.87,1047.07,1097.72,1159.91,1180.03,1164.63,1186,1170.2,1228.2,1252.45,1213.93,1197.77,1071.85,976.952,0
660,330.192,336.048,347.555,345.154,329.447,306.741,251.617,217.206,178.719,149.072,134.522,121.126,97.8549,83.1776,66.8213,58.3062,45.9468,32.3778,23.4165,19.3716,19.0264,20.737,19.6021,20.1664,22.9002,31.0077,39.0108,50.3709,62.9355,76.1468,97.4135,122.314,157.89,213.142,271.195,337.608,394.594,458.016,550.566,655.785,768.584,843.095,909.376,975.482,1061.58,1101.32,1042.91,1019.66,1082.19,1163.15,1175.39,1180.32,1189.83,1160.45,1219.04,1242.86,1218.26,1188.37,1061.11,966.641,952.616
660.5,327.271,333.803,346.783,341.196,330.224,306.966,245.43,213.56,177.579,148.786,135.485,121.769,98.2298,82.4772,66.045,57.9132,45.9821,32.3503,23.2844,19.2162,18.9266,20.5811,19.5125,19.781,22.7519,30.0466,38.3482,50.8157,62.1447,75.2576,96.2106,120.737,157.714,210.705,271.041,335.889,387.911,453.698,545.68,657.244,750.717,833.336,895.03,970.055,1064.18,1091.54,1033.45,1025.19,1073.88,1153.21,1160.29,1171.86,1177.98,1148.93,1214.27,1225.28,1203.34,1175.37,1040.08,961.413,928.003
661,326.283,332.206,344.474,337.254,328.857,305.975,241.973,210.717,173.811,151.315,134.383,119.527,97.372,81.0487,65.3215,57.1882,45.3048,32.2649,23.0772,19.1302,18.2922,20.3964,19.4642,19.3471,22.5708,29.2446,37.8362,50.8182,61.3961,74.8351,94.2825,118.284,154.545,205.535,265.671,330.554,384.746,446.235,539.391,643.783,741.783,820.335,875.743,961.536,1045.44,1077.51,1029.27,1013.13,1061.23,1129.3,1152.75,1168.93,1165.78,1135.18,1196.11,1188.52,1198.46,1154.42,1025.25,937.031,930.639
661.5,322.319,329.63,339.469,334.855,319.504,300.463,239.163,205.16,168.153,150.462,133.539,117.024,96.046,79.5666,65.0361,56.6077,44.8127,32.1489,22.6364,18.9975,18.0841,19.8515,18.9123,19.1854,22.4018,28.6145,37.1493,50.208,60.9289,73.865,91.2969,116.319,151.244,201.614,261.938,324.442,380.868,433.129,532.448,632.728,722.793,804.143,857.197,949.823,1028.57,1050.66,1021.35,994.202,1050.29,1102.7,1125.74,1145.48,1146.76,1119.67,1185.46,1159.64,1184.5,1128.47,998.741,919.063,925.642
662,318.648,325.938,333.457,330.191,310.942,293.684,236.103,200.922,165.066,148.67,132.385,114.865,94.3329,78.7937,63.7748,55.6797,43.7965,31.8751,22.4003,18.5832,17.8991,19.5094,18.655,19.0429,22.1197,28.1546,37.1189,48.9994,59.2849,72.3759,88.5579,112.46,147.842,194.056,256,312.604,371.91,423.421,524.71,617.452,707.107,791.818,839.477,934.381,1002.05,1029.48,1002.31,975.92,1042.74,1080.41,1094.05,1122.84,1112.87,1100.98,1158.2,1138.97,1152.94,1107.97,978.487,897.626,908.226
662.5,312.832,317.562,327.559,326.206,299.686,285.809,231.298,196.675,163.42,145.089,129.721,111.294,92.9722,77.5518,62.0851,54.2231,42.5856,31.2239,22.2062,18.3172,17.7444,19.0301,18.1799,18.8494,21.6692,27.69,36.1742,47.8413,57.0904,70.7619,85.2862,107.175,143.655,190.044,249.792,303.402,364.35,411.056,512.052,600.967,683.782,771.33,822.049,910.125,973.352,1000.07,973.763,950.213,1017.7,1062.85,1064.91,1089.69,1083.94,1084.53,1134.09,1122.82,1124.23,1079.74,959.05,883.043,891.842
663,305.05,309.553,321.181,318.771,291.871,279.122,224.736,190.214,157.557,142.325,125.526,109.289,90.8348,75.2998,61.21,52.7879,41.6959,30.5217,22.0075,18.0444,17.5187,18.9305,17.8559,18.333,21.1565,26.7689,35.4329,46.3832,55.3408,68.6236,83.0563,102.732,138.717,184.608,243.499,291.5,355.486,401.264,499.346,580.451,663.661,747.995,798.871,882.241,947.159,973.579,934.957,920.328,995.642,1040.28,1038.89,1059.05,1052.88,1057.49,1095.2,1094.34,1088.49,1048.9,935.91,861.94,873.681
663.5,296.525,304.865,312.373,308.647,282.349,270.182,219.835,184.977,150.163,139.199,122.264,105.38,88.5041,72.9255,59.3467,51.4999,41.0676,29.896,21.8409,17.7217,17.2984,18.3642,17.5011,17.7681,20.5625,25.9867,34.1407,45.0269,54.118,66.7023,79.656,99.5576,134.196,179.697,238.085,285.255,343.296,385.901,479.561,561.897,644.952,716.782,782.013,847.935,921.752,937.725,893.802,905.314,969.53,1007.31,1011.45,1025.05,1026.47,1023.94,1046.64,1067.28,1049.68,1012.33,914.371,836.596,850.193
664,287.293,293.452,301.956,296.476,276.584,261.345,215.318,179.128,145.434,136.263,119.138,101.245,87.0279,70.8269,58.6278,49.7666,40.2013,29.5225,21.2329,17.1614,16.7329,17.7681,17.0149,17.0635,19.8748,25.2512,32.7873,43.029,53.0206,64.6841,77.1032,98.0935,128.558,174.67,230.801,274.159,331.162,369.509,463.733,543.564,628.435,689.699,757.603,818.372,891.656,906.177,855.939,884.284,940.318,979.562,981.218,994.351,998.273,986.716,1000.79,1034.13,1015.6,978.497,882.987,818.06,821.383
664.5,276.113,283.651,286.821,284.865,272.274,254.311,211.025,172.377,142.284,131.598,114.467,98.056,84.6956,69.2048,56.7289,48.4499,38.9077,28.8268,21.0461,16.5081,16.1103,17.1435,16.3861,16.5202,19.2687,24.5565,31.7433,41.4297,51.7992,62.5289,75.0654,95.0062,125.445,167.705,221.886,268.492,317.373,355.961,444.931,524.498,608.776,660.119,735.524,791.186,861.468,871.221,834.255,860.692,908.413,936.987,956.152,955.584,974.595,952.17,963.387,1002.36,970.443,944.424,858.15,783.456,790.623
665,265.115,270.788,277.314,275.302,263.459,242.117,203.222,165.211,141.225,125.939,107.313,94.6631,81.6433,67.8997,55.7655,46.6389,37.8188,28.1173,20.6952,16.002,15.9266,16.5082,15.8404,15.9874,18.5771,23.6879,30.7833,39.8678,49.6792,60.4823,72.5831,91.8105,121.684,162.102,212.72,259.002,301.877,346.708,429.73,511.447,589.502,638.375,708.248,767.687,828.049,841.794,814.638,829.936,874.322,904.261,922.891,916.817,939.604,918.397,926.048,964.773,935.768,914.67,831.098,755.951,754.628
665.5,256.101,260.59,268.534,267.664,254.894,231.797,195.865,160.51,139.15,120.427,102.47,93.4996,79.3013,65.9425,54.2356,45.5161,37.0313,27.3123,20.3412,15.7585,15.5439,16.1046,15.2152,15.5296,17.9668,23.0063,29.9729,38.2715,47.6784,58.47,70.5217,88.9208,117.224,159.716,204.364,252.019,290.889,332.792,419.667,488.802,564.234,613.359,679.279,745.177,795.833,806.813,789.949,792.263,841.797,870.1,885.674,885.961,910.158,886.659,904.553,930.374,901.343,885.87,800.673,731.09,719.023
666,246.525,254.172,258.963,260.659,244.441,221.552,191.967,155.863,135.92,114.781,99.1385,90.3998,76.761,64.0306,52.9378,44.0373,36.3179,26.2415,19.9984,15.6566,15.2332,15.6785,14.6933,14.8904,17.2661,22.351,28.9374,37.0373,45.9953,55.7967,67.9543,85.3677,113.552,154.899,196.27,243.336,280.23,319.962,406.058,471.445,539.531,599.479,657.667,725.757,765.45,766.091,761.541,757.862,812.115,843.937,848.509,856.375,873.893,856.64,871.551,899.027,863.773,857.824,773.239,703.529,690.965
666.5,238.838,247.795,245.55,252.229,237.877,217.951,187.893,153.259,130.521,111.888,98.4993,87.1063,74.6915,62.2466,51.6252,42.6017,35.5314,25.9283,19.574,15.6787,14.8089,15.2178,14.1112,14.334,16.7664,21.6273,27.7063,35.994,44.5667,53.9473,65.4314,81.8463,109.475,150.812,189.738,234.257,271.664,310.101,387.653,452.384,516.186,580.122,637.992,692.132,735.432,742.438,732.093,727.083,783.189,807.992,818.044,840.08,842.975,827.24,845.584,869.91,844.165,828.397,745.566,680.892,669.069
667,233.369,241.582,233.532,243.219,229.817,213.627,184.213,151.683,124.726,109.802,97.3474,84.7056,72.4907,59.9857,49.8682,41.4637,34.4523,25.5364,19.4655,15.6395,14.4262,14.6923,13.6675,13.9952,16.12,20.7915,26.6036,34.4687,43.1066,51.4745,63.1658,78.1087,106.556,144.674,181.409,225.27,264.195,301.275,373.455,435.075,503.293,566.364,614.867,672.236,714.2,714.753,704.792,704.634,758.488,779.035,787.512,819.912,801.278,807.561,815.017,842.885,817.841,801.702,716.196,660.458,649.682
667.5,224.768,234.118,224.696,234.92,220.904,207.948,177.331,147.451,118.699,107.167,94.4268,82.3273,69.9297,58.5175,48.3982,40.5564,33.3613,25.011,19.1956,15.3632,14.1466,14.2474,13.3162,13.6124,15.7039,19.9602,25.5544,33.2802,41.7733,49.9118,60.9595,74.4462,102.991,139.633,175.109,217.002,256.357,294.895,359.792,415.512,486.334,542.016,592.722,653.23,691.149,689.899,678.617,682.782,734.31,753.74,754.323,792.976,774.321,776.478,788.491,808.358,798.179,777.072,693.386,638.277,633.618
668,216.77,225.996,219.015,227.281,215.89,202.187,170.912,142.94,115.597,104.088,92.9304,80.7898,67.7082,56.6644,46.6654,40.1541,32.1353,24.2682,19.008,15.2705,13.8427,13.7013,13.0769,13.1807,14.9508,19.1993,24.987,32.0479,40.5573,48.5936,58.8178,72.1801,100.108,134.273,168.285,210.606,249.744,286.051,347.188,404.806,473.672,525.708,567.635,635.376,676.076,665.861,657.139,657.812,715.816,735.335,726.287,763.021,738.477,746.985,765.524,781.923,770.674,759.5,666.429,622.223,615.503
668.5,207.858,217.026,213.807,218.208,212.601,195.289,165.402,139.365,111.711,101.038,90.8973,79.0522,65.6427,55.0956,44.8867,38.8551,31.1796,23.8662,18.7656,15.1302,13.5106,13.4281,12.784,12.7538,14.5785,18.408,24.3797,31.4459,39.1433,47.1069,56.9887,69.713,96.7737,129.928,163.398,202.558,240.89,275.014,336.117,392.63,454.836,506.39,549.672,609.094,652.981,648.849,644.19,638.052,688.299,714.375,706.55,737.228,718.064,723.922,741.303,756.23,751.609,739.649,645.217,603.487,597.254
669,199.445,207.505,208.699,211.883,207.331,189.996,161.549,135.491,109.313,98.484,89.3879,77.65,63.7042,53.394,43.7576,37.6228,30.1706,23.4308,18.588,14.995,13.2147,13.1923,12.5013,12.2427,14.1413,17.6396,23.5966,30.3949,37.7504,45.9157,56.2141,67.3316,94.0433,125.504,158.911,195.542,233.849,265.53,323.923,379.455,432.772,494.054,528.093,590.099,632.178,630.693,627.885,623.583,666.413,699.492,689.265,715.572,691.398,701.737,721.295,731.075,726.267,721.703,625.522,581.201,577.632
669.5,194.594,200.234,204.782,206.876,202.886,184.189,160.263,131.38,107.906,96.9129,87.1874,75.4659,61.9678,51.8046,43.1587,36.5781,29.5934,23.4909,18.3056,14.8701,13.0403,13.0033,12.158,12.0729,13.9473,16.9558,23.1935,29.661,36.8089,43.8183,54.5121,66.3133,91.0901,120.631,154.789,186.255,226.587,253.312,313.606,371.368,420.083,481.326,508.057,572.93,610.312,616.325,609.219,606.646,645.363,680.346,673.064,696.031,672.292,685.586,705.13,702.148,706.257,696.511,608.509,565.59,565.161
670,189.638,192.748,199.665,203.847,197.424,179.571,154.525,127.477,106.463,95.131,83.9843,72.9847,60.8611,49.7238,42.5596,36.3698,29.285,23.1872,18.0165,14.6996,12.8677,12.7018,11.8987,11.9409,13.5487,16.7931,22.7782,28.7632,35.742,42.0043,52.9418,65.8477,89.0608,117.032,150.889,178.884,218.131,248.347,308.328,362.38,409.755,468.531,495.774,557.18,590.997,607.374,594.458,592.509,629.23,662.24,661.394,678.147,655.021,664.17,692.034,683.768,685.742,673.12,599.65,550.431,554.856
670.5,186.482,188.714,197.404,200.38,193.17,173.069,149.982,123.948,105.072,93.0016,82.5486,71.2952,59.9218,48.6258,42.241,36.6358,29.1543,22.7737,17.766,14.7709,12.7739,12.5114,11.711,11.8312,13.2406,16.5902,22.3565,28.1319,35.2975,41.1918,51.8886,63.7282,87.1096,113.578,149.112,174.916,209.037,243.02,298.062,350.54,398.35,454.782,481.463,543.586,568.65,595.665,578.935,579.657,615.932,643.979,642.605,661.35,636.81,654.339,678.826,665.674,670.055,650.477,590.328,538.941,544.311
671,182.498,181.634,193.036,197.574,189.862,168.668,147.371,120.979,102.369,90.4936,80.0725,69.8264,59.4551,47.3421,41.9563,36.1276,29.1532,22.195,17.7739,14.6011,12.7118,12.2458,11.5118,11.6827,13.0555,16.4614,21.9561,27.4119,34.3437,40.2904,50.8262,62.1728,85.0053,110.411,145.562,170.028,202.255,237.9,290.027,342.888,386.461,442.195,469.661,529.172,555.921,582.25,561.646,564.584,599.527,625.177,622.746,645.272,631.266,636.568,664.591,652.332,654.545,632.636,576.967,530.742,530.866
671.5,177.118,177.59,189.653,193.766,185.93,165.834,144.272,117.659,101.377,87.9347,77.8004,69.017,57.9949,47.018,41.6297,35.8918,29.0091,21.8712,17.9476,14.7224,12.7707,12.1943,11.4406,11.5291,13.1256,16.2585,21.5854,27.0931,33.5753,39.2276,49.9513,60.4885,83.3272,107.082,143.38,169.779,194.336,234.654,280.967,333.304,378.198,428.744,460.834,519.488,544.241,566.411,548.243,550.053,585.262,604.246,609.745,630.569,620.091,623.445,649.19,638.942,643.221,614.945,568.362,526.063,513.824
672,173.458,175.835,183.642,189.741,183.29,162.078,141.074,114.695,99.6313,85.4878,76.2596,69.4265,56.8514,46.281,41.3729,35.5326,28.6225,21.7254,18.1549,14.6445,12.8117,12.0776,11.2056,11.135,12.9017,16.0704,21.0448,26.5908,33.0715,38.5896,48.9581,60.4667,81.5058,104.634,138.791,167.113,190.703,227.513,275.88,325.839,369.737,416.799,453.841,512.554,531.296,554.401,534.882,539.817,573.795,586.314,598.155,615.452,610.163,609.462,635.885,625.646,629.892,602.619,554.651,520.495,499.898
672.5,169.566,175.611,178.362,185.388,180.23,160.536,138.727,113.051,98.8712,83.6925,76.9814,68.2714,55.6149,46.6527,41.0123,35.1242,28.4827,21.5319,18.3617,14.9174,12.7662,12.0112,10.9868,10.9843,12.8579,15.8179,20.5757,26.2267,32.4025,38.2584,47.6995,59.8996,79.3487,102.623,135.971,162.846,187.551,221.185,269.096,321.424,369.17,408.345,446.668,496.049,516.24,537.85,520.251,529.979,559.843,570.099,588.863,605.574,594.714,596.494,621.64,612.76,613.216,595.491,546.032,509.767,483.087
673,167.411,175.077,176.847,182.41,177.738,157.203,137.509,112.23,97.2578,82.5461,76.6485,67.8857,55.2371,46.9654,40.3403,34.9061,28.0428,21.7594,18.7141,15.0293,12.8027,12.0212,10.7491,10.8518,12.7014,15.6429,20.2113,25.6643,32.1117,38.0492,46.761,58.5237,77.7585,100.567,131.994,160.674,184.732,216.467,264.203,312.611,364.312,398.662,441.389,484.774,511.132,519.917,510.839,516.221,547.088,559.354,581.757,596.033,583.91,581.62,610.11,603.423,602.454,582.92,530.751,496.908,480.95
673.5,164.736,172.556,172.669,176.818,174.394,151.961,137.095,111.129,95.6461,81.5439,76.0077,66.4403,54.6515,47.0819,39.6078,34.7879,28.2244,21.9885,18.8641,15.4589,12.8996,11.9642,10.6632,10.8382,12.4835,15.2821,19.8574,25.2348,31.6172,37.7608,46.0428,56.6702,76.5386,98.966,130.323,155.006,180.826,213.453,260.061,307.982,356.767,392.576,429.807,475.214,500.888,501.962,497.606,502.77,533.883,555.659,569.301,586.215,574.379,576.532,601.416,588.096,595.824,571.799,522.564,483.905,474.14
674,163.151,169.481,171.217,175.045,172.413,150.746,136.247,110.325,94.5116,79.7355,75.1126,65.8876,54.5413,47.0097,39.6165,34.79,28.6804,22.4305,19.1555,15.6423,13.0452,11.9689,10.6486,10.9875,12.5212,15.1117,19.6445,24.952,31.37,37.3022,45.424,54.6991,75.4125,97.5282,127.653,152.466,179.338,207.948,256.397,301.044,348.313,384.48,426.103,470.33,491.184,493.887,490.147,494.111,524.896,548.762,560.999,576.679,565.837,570.038,590.599,573.533,586.226,562.844,512.942,470.141,468.545
674.5,161.867,168.026,167.839,173.638,168.832,148.851,133.748,110.503,93.0875,79.5034,74.98,65.8168,54.8143,47.1194,39.5339,34.4698,28.9147,23.0476,19.516,15.8923,13.198,12.0245,10.7291,10.9602,12.3525,15.1647,19.4284,25.1004,31.1363,36.9543,45.107,54.1954,74.4797,96.5809,126.324,149.793,176.317,205.985,251.353,294.992,343.804,376.446,415.898,457.964,487.262,482.059,487.406,485.126,517.995,541.7,552.259,563.301,560.582,568.141,579.435,568.848,574.618,554.594,503.69,464.304,458.111
675,158.167,166.674,166.818,173.482,167.162,149.269,130.224,107.871,91.7328,80.7811,74.0233,66.0903,55.6454,47.0198,39.9597,34.9218,29.2764,23.9589,20.2655,16.2246,13.3816,12.187,10.9886,11.0417,12.1951,15.2993,19.3597,25.0043,30.8712,36.6324,44.9251,54.4488,73.3004,93.6296,124.24,150.048,176.023,204.734,248.926,288.862,337.757,369.914,412.755,448.232,480.011,481.682,480.73,479.68,512.004,530.774,543.656,554.258,552.636,560.3,571.219,561.188,564.886,546.864,505.422,459.935,440.601
675.5,155.68,167.83,168.045,172.51,166.79,147.12,128.829,108.876,91.3258,81.6938,72.6514,65.7752,56.6842,48.1155,40.3709,35.5861,29.628,25.0231,21.0558,16.7478,13.7519,12.391,11.103,11.3077,12.2283,15.4551,19.2648,25.1146,30.6903,36.1653,44.6267,54.1976,71.7081,93.1946,123.841,147.12,172.782,200.386,245.713,282.792,336.554,363.442,406.342,440.629,475.291,475.872,475.267,471.92,508.933,524.384,536.046,547.836,550.682,555.07,564.688,547.434,561.632,547.223,496.973,459.522,434.132
676,153.825,167.2,168.828,171.001,165.859,146.751,128.83,108.943,90.0149,81.6133,71.4182,66.1443,57.2871,49.2661,40.8482,36.4623,30.4132,26.1079,22.0747,17.417,14.1793,12.7076,11.3942,11.5973,12.5124,15.7627,19.5415,25.0016,30.4298,36.5336,44.4068,53.7751,70.9685,91.2284,121.683,145.945,172.282,199.038,243.716,279.558,330.839,359.716,404.181,440.579,474.219,474.064,470.435,463.211,507.333,522.587,529.2,542.439,548.33,549.507,555.977,542.965,555.048,541.677,493.474,453.828,425.452
676.5,155.112,167.76,170.274,170.242,167.81,149.447,133.005,110.071,89.3519,81.9995,71.6723,66.9487,58.5698,50.2516,41.9813,37.2593,31.8381,27.2788,23.0155,18.1704,14.7059,12.9634,11.6127,11.7688,12.7953,15.9911,19.6736,25.2072,30.3102,36.5068,44.5949,53.9096,70.4463,90.4018,121.41,143.682,171.349,199.64,240.123,280.728,327.723,360.791,398.457,435.085,469.484,469.504,465.039,458.449,503.223,517.203,524.264,541.603,546.695,550.025,552.348,535.57,544.134,541.96,488.926,449.529,427.188
677,156.779,167.962,171.66,169.815,168.879,151.706,134.316,111.621,90.1139,82.3752,72.5383,68.1004,59.4694,51.5099,43.0271,38.7305,33.1398,28.523,24.1822,19.1548,15.2583,13.1827,12.0171,12.1598,13.2128,16.4292,19.9057,25.3583,30.0773,36.7884,44.6734,54.0504,70.6141,90.8796,120.414,143.613,170.246,198.21,238.277,282.358,325.237,358.875,394.224,435.242,471.536,468.48,464.384,454.856,503.225,512.776,518.84,539.811,546.929,551.193,549.274,539.216,537.054,533.911,489.911,448.593,433.533
677.5,157.217,168.033,172.713,170.626,170.061,154.168,134.919,111.731,93.3585,82.7056,74.0153,69.2841,61.2212,52.8187,44.5024,39.9988,34.8223,30.2824,25.582,20.2013,15.9137,13.4947,12.3379,12.3257,13.7352,16.6774,19.9525,25.7891,30.2712,37.2179,44.8872,54.7423,70.8018,91.0228,120.834,143.442,168.154,197.192,241.572,284.712,322.694,360.515,388.963,434.152,469.295,469.159,464.426,451.686,500.365,508.771,508.945,539.899,540.965,549.194,549.18,544.059,537.714,534.71,487.824,445.98,436.622
678,158.939,169.823,174.81,173.641,171.089,153.712,136.217,112.162,95.503,83.1168,75.522,69.4486,62.8536,54.1097,46.0436,41.9964,36.4481,31.9637,26.9702,21.3771,16.7091,13.8337,12.8188,12.9463,14.3329,17.2101,20.3834,25.9827,30.431,37.7881,45.4726,55.5654,71.1344,91.9707,120.779,144.884,167.599,197.236,243.042,288.703,322.008,359.434,388.987,434.455,471.834,474.78,465.853,446.912,504.389,508.739,508.643,542.075,540.227,544.925,551.446,551.541,540.826,527.253,485.525,448.704,438.812
678.5,160.159,170.793,177.657,173.967,170.503,155.695,138.111,114.267,97.4971,84.6697,76.9445,70.9322,64.2734,55.8733,48.0192,43.2967,38.2517,34.076,28.8152,22.7359,17.4118,14.3242,13.2758,13.4286,14.987,17.524,21.0628,26.2655,30.858,38.6045,46.2971,56.1726,71.7469,92.3387,121.483,145.665,167.069,198.469,245.417,290.765,326.223,356.568,385.688,429.619,474.226,473.829,470.679,449.935,503.891,511.296,501.235,546.104,538.875,541.759,553.952,554.815,552.736,534.202,485.51,450.729,443.094
679,161.77,172.479,180.782,176.127,170.938,157.388,139.395,116.787,98.9422,87.232,80.5186,72.9935,66.3587,57.7663,49.631,44.8183,40.276,36.3163,30.88,24.2525,18.2883,15.0226,13.9723,14.1281,15.6383,18.1453,21.6793,26.5919,31.8657,39.4137,47.0859,56.1664,72.1779,92.7432,122.275,147.509,169.675,202.035,243.863,292.706,326.368,360.535,384.032,430.345,476.733,478.41,475.894,449.618,508.525,514.265,510.931,547.92,546.021,540.823,552.446,561.453,558.222,535.861,486.767,453.424,450.442
679.5,162.191,171.986,182.941,178.379,172.39,157.881,141.66,120.302,99.7153,90.3832,84.0741,74.0275,68.8569,60.5563,52.6461,46.7729,42.7688,39.0077,33.0127,25.8707,19.2961,15.4991,14.726,14.8766,16.2276,18.6067,22.4926,26.7149,32.2456,39.7968,48.2417,56.2516,73.1286,94.0824,123.617,145.851,171.382,203.248,244.351,291.178,330.506,360.031,384.521,428.96,479.185,481.439,479.58,456.05,509.695,518.215,518.734,550.8,543.692,550.914,553.818,562.652,558.724,545.003,490.625,455.693,451.201
680,164.58,171.593,186.304,181.481,177.856,160.058,143.416,123.677,102.349,93.6345,87.7441,76.0838,71.8022,62.736,55.5014,49.6577,45.529,41.5574,35.515,27.259,20.2895,16.3239,15.6889,15.7872,16.8194,19.4434,23.2789,27.2281,33.6083,40.7387,48.9524,56.8566,73.3132,95.5232,123.847,147.174,172.118,204.254,248.162,290.559,330.28,363.648,390.965,432.968,479.71,487.058,479.154,461.517,515.11,524.543,532.374,549.712,552.666,557.575,559.303,570.884,560.217,550.698,503.185,463.448,454.108
680.5,168.045,171.26,187.455,184.609,180.172,163.709,144.391,126.581,106.921,95.8428,91.3437,78.8852,74.7184,65.4845,58.6268,52.2836,48.1618,44.1619,37.7129,29.1702,21.5913,17.2937,16.5454,16.8062,17.5106,20.1998,24.1814,28.282,34.1545,41.5619,50.0108,58.3166,73.9981,97.0679,123.836,147.063,171.93,204.702,250.584,292.449,334.137,365.967,394.806,437.099,481.194,491.203,480.539,463.457,519.371,528.246,539.27,550.005,557.636,563.045,557.361,574.122,567.219,555.631,506.23,472.588,450.845
681,171.717,173.741,187.951,186.83,184.132,167.847,146.986,130.193,109.596,98.8127,94.0921,81.8829,77.2085,68.7722,61.5694,54.8043,51.4884,47.3307,40.7876,31.0566,22.3047,18.4986,17.5322,17.6847,18.6089,20.8856,25.1973,29.0109,34.9951,42.6392,50.093,60.4231,74.799,98.0931,123.828,148.243,171.512,204.463,253.041,294.03,335.876,370.514,404.488,439.89,483.417,493.379,478.845,465.392,524.5,532.513,536.607,551.199,558.417,566.505,562.059,577.943,571.588,563.373,516.378,478.131,455.24
681.5,176.462,178.67,190.057,190.219,188.191,170.263,148.673,133.465,114.278,99.825,96.7383,87.0711,80.3486,71.759,63.8743,57.0634,52.8307,50.555,43.0025,33.4182,23.6042,19.6991,18.3183,18.7388,19.5197,21.282,25.8734,29.9784,35.421,43.1739,50.2813,61.1431,74.8838,99.129,124.06,150.181,171.678,204.092,251.395,296.885,338.207,371.536,406.261,443.901,477.221,492.079,483.193,467.887,526.61,536.664,535.485,559.595,567.161,569.162,563.741,575.902,575.851,565.998,516.169,484.139,458.288
682,177.66,182.878,191.341,192.212,191.59,173.514,155.12,136.573,116.5,102.162,98.4311,90.3394,83.1737,74.6257,65.9485,59.5824,54.841,53.8416,45.5953,35.4773,24.5111,20.8008,19.1498,19.6988,20.616,21.9204,26.4028,30.5308,36.3308,43.9182,50.4385,62.3462,75.9141,97.9411,124.86,150.807,170.111,205.835,251.304,297.744,339.956,375.097,405.76,446.446,477.475,491.447,485.729,468.574,523.69,538.014,538.742,567.454,565.806,569.47,565.74,572.602,581.438,569.122,518.398,483.321,462.007
682.5,177.739,188.568,193.619,195.108,196.075,177.09,157.794,138.155,118.434,103.478,100.74,91.7725,85.4752,77.1384,68.66,61.4406,56.3033,56.3328,48.5202,37.432,25.9654,21.6979,20.0374,20.7228,21.3148,22.6511,26.8006,31.2559,36.9437,44.6601,51.1846,62.9012,76.1785,97.5342,123.676,150.97,169.214,208.318,249.459,299.426,339.173,373.539,404.714,446.246,477.411,490.315,483.986,471.531,525.088,539.848,538.535,572.309,565.575,573.089,562.309,567.649,585.227,564.811,519.366,477.773,469.918
683,178.455,190.321,198.053,195.535,195.157,180.518,158.927,133.194,118.964,106.109,100.673,93.4307,86.2417,79.2849,70.2789,63.7226,58.2188,57.8878,51.2795,38.9495,27.2105,22.3819,20.6818,21.436,21.7651,23.5783,27.075,31.396,37.969,45.4127,52.1792,63.1721,76.9308,97.7769,124.989,151.17,167.268,206.501,249.083,297.593,343.764,373.552,404.532,445.371,480.426,491.514,484.329,473.503,522.913,540.744,543.378,570.968,562.306,571.851,558.847,565.593,587.39,568.264,521.984,468.308,469.829
683.5,179.093,191.719,198.897,193.459,196.071,181.075,160.998,134.143,117.817,107.707,101.752,94.3927,86.7663,80.8616,72.2621,64.2225,60.2232,58.5803,52.5672,39.6445,27.8728,22.5881,21.15,21.8383,21.8877,24.1415,27.2669,31.9215,38.2903,45.8242,52.9137,62.8425,77.1698,96.685,123.762,150.258,164.371,205.069,246.389,297.054,342.68,370.018,407.903,446.163,484.099,493.269,486.911,470.118,526.58,534.305,542.306,570.794,560.346,567.906,555.118,561.586,587.658,564.195,515.399,465.483,470.856
684,179.916,189.7,198.946,191.435,194.382,182.137,160.599,134.047,117.144,108.821,101.959,95.6114,87.5709,81.6853,73.022,65.3941,61.0904,58.8555,53.6628,40.1377,27.9104,22.974,21.165,21.7914,22.236,24.2918,27.075,31.4695,38.3399,46.0063,53.8028,62.4454,76.184,97.2246,122.971,149.467,166.468,202.644,246.442,293.891,343.608,369.639,407.077,443.326,481.876,494.637,486.641,472.241,529.099,532.141,538.943,570.433,559.976,571.637,549.708,552.482,579.116,564.291,514.293,463.266,470.243
684.5,179.266,186.576,195.7,188.601,193.358,181.873,159.011,137.7,118.901,107.847,101.759,95.7356,87.9987,80.4967,72.771,65.16,61.7238,58.304,53.1758,39.6085,27.6973,22.8218,20.8771,21.6959,22.5886,24.482,26.8013,31.0903,38.1082,45.5576,53.675,61.2814,74.9394,94.7661,119.968,147.628,164.525,203.134,245.091,291.17,339.734,364.198,404.762,443.748,477.671,490.623,480.799,466.878,523.204,526.332,533.766,561.447,552.248,569.573,548.069,557.199,571.397,559.82,504.702,465.711,465.278
685,178.114,184.258,193.13,184.671,188.546,180.918,156.814,137.56,118.414,105.934,101.093,93.9212,86.9999,78.7937,71.9453,64.7149,61.4991,56.9052,52.9314,39.1028,27.2393,22.8317,20.6937,21.3764,22.5574,24.1991,26.3788,30.7017,37.5063,45.2484,53.4631,60.6238,73.7869,94.9039,118.928,145.624,165.195,201.728,243.453,286.593,335.254,361.755,400.419,436.831,473.552,486.572,480.502,464.843,519.802,521.728,530.47,555.113,549.233,565.745,549.903,550.08,566.082,552.456,503.874,466.813,462.115
685.5,175.319,181.77,188.662,184.377,183.156,178.799,153.515,136.052,116.793,104.399,98.464,91.8672,85.4795,76.1708,70.2833,62.9455,59.9877,56.5206,52.0931,37.7852,27.1622,22.433,20.5176,21.2923,22.2277,23.3967,26.0959,30.5865,36.966,44.608,52.9089,58.8346,73.493,94.4656,119.28,143.007,166.877,199.891,243.008,282.008,329.159,357.725,393.623,434.599,464.839,478.204,475.241,457.576,509.552,514.188,527.18,547.227,543.397,555.592,543.237,556.291,560.386,545.072,500.384,464.101,456.509
686,172.904,177.897,185.179,181.241,177.548,175.894,150.985,133.347,113.691,103.782,93.8927,89.9062,83.0309,73.7291,68.7638,61.2352,57.9428,55.5994,50.6387,37.0117,26.9824,22.2387,19.893,20.9005,21.7183,22.8006,25.7847,30.4573,36.0245,43.9633,51.5122,58.2993,72.8824,95.1094,118.713,140.293,164.911,196.636,240.409,279.331,323.735,355.395,390.329,430.903,458.924,474.516,469.421,450.212,500.518,507.42,519.552,541.743,533.653,544.533,534.235,553.976,557.688,541.116,495.698,461.245,449.29
686.5,168.611,174.069,182.82,180.517,173.276,173.996,149.144,129.818,110.322,102.41,91.7568,87.4943,81.1431,72.3016,66.6361,59.9589,56.2636,54.2875,48.9838,35.7397,26.7543,21.74,19.3736,20.679,21.4334,22.6245,25.7181,30.141,35.1124,43.09,50.7703,58.2343,71.8887,93.5422,117.885,138.258,165.165,191.481,236.049,275.43,314.927,351.705,384.651,426.926,450.767,465.667,460.848,441.901,489.651,497.718,510.558,533.334,525.874,535.511,523.624,548.839,545.881,533.89,487.187,451.445,444.611
687,165.572,169.619,179.457,179.219,169.086,171.002,146.255,126.235,110.836,100.805,89.6264,86.8437,78.4066,71.0988,63.5878,59.2289,54.7776,53.4818,47.445,35.358,26.4051,21.5098,18.8287,20.257,21.2312,22.6241,25.37,29.2499,34.2707,42.3249,49.4967,57.3928,71.2329,92.2374,116.815,137.073,162.084,189.715,231.841,272.411,311.102,347.034,380.246,418.093,443.11,457.079,452.359,432.674,478.642,489.331,499.196,522.734,513.293,532.136,514.368,543.376,534.422,527.564,480.704,438.409,438.348
687.5,160.878,167.885,176.491,176.286,165.717,166.644,144.509,122.955,109.557,97.9899,90.2159,85.1608,77.2122,69.8663,62.6089,59.3797,54.7379,51.8221,46.2639,35.1866,25.682,20.8581,18.9074,19.9692,20.9814,22.841,25.023,29.0466,33.8673,41.6927,48.6443,57.0739,70.9611,89.5842,114.536,135.031,157.998,187.512,229.178,269.327,306.967,338.685,371.718,409.753,438.013,451.971,446.325,430.21,467.733,479.392,486.115,505.1,506.134,521.974,510.164,533.127,521.88,517.649,472.263,423.225,428.597
688,154.954,165.377,173.152,171.112,163.75,162.193,142.161,121.243,109.15,96.6637,88.7596,83.99,75.7517,68.3153,62.3194,59.2966,53.7085,51.186,45.6684,35.44,25.4445,20.8517,18.9015,19.6983,20.8405,22.7058,24.9505,28.6985,33.3212,41.3004,47.9689,56.257,70.4125,87.9633,113.831,134.421,155.842,185.863,227.222,265.579,303.982,331.126,364.345,403.287,429.07,445.848,441.032,426.763,460.205,472.292,473.144,497.766,498.271,518.693,502.553,520.424,507.239,501.138,465.115,417.416,418.394
688.5,152.923,162.842,171.978,168.567,163.328,159.928,139.499,120.187,108.707,95.6326,88.2223,83.1176,74.9341,68.7227,62.9944,59.6195,53.1631,50.7276,46.0475,36.3827,25.3921,20.8861,19.0023,19.6491,20.7231,22.6521,24.8466,28.4749,32.9041,41.091,47.9285,55.9516,69.6516,87.5076,112.661,132.47,153.641,183.521,225.533,263.99,303.059,325.075,360.678,397.397,424.641,439.7,438.715,420.433,452.523,470.331,461.02,490.829,493.749,503.565,498.492,509.336,505.565,495.649,460.4,411.24,413.304
689,152.974,161.985,171.874,166.678,163.94,157.52,138.559,119.19,108.433,95.4817,89.179,82.7638,76.4305,69.3343,63.5653,59.3784,53.8021,51.4995,46.9536,36.8031,26.0212,21.1922,19.2614,19.8077,20.6991,22.6383,25.1609,28.4526,32.7248,41.0339,48.0532,55.9611,68.6354,87.0626,110.62,130.298,152.985,180.504,222.208,261.798,298.101,320.668,358.843,394.534,418.759,436.559,435.505,417.707,447.161,462.577,457.178,487.291,490.723,496.95,494.521,502.002,498.05,489.056,460.734,417.549,412.435
689.5,154.463,160.05,169.847,165.827,165.37,157.802,138.205,120.491,107.232,96.937,89.1665,83.2824,78.0183,71.1159,64.164,59.9453,54.5379,52.5948,48.5792,37.7607,26.404,21.7305,19.5869,19.9858,21.0136,22.9104,25.1743,28.4111,32.968,41.3207,48.5776,56.5108,68.0079,87.4392,109.57,130.556,150.906,179.792,218.652,261.388,298.187,322.32,357.454,391.411,418.923,431.938,437.467,417.307,444.318,464.144,458.462,488.749,492.983,487.572,490.142,497.096,499.128,491.152,455.39,415.633,411.62
690,156.611,162.029,169.04,167.987,165.059,157.121,138.036,120.792,107.101,98.606,91.8983,84.7929,81.2128,72.8701,65.7128,60.862,56.0019,55.9002,50.4888,38.6322,27.159,22.1529,20.2196,20.6659,21.4967,23.3515,25.4547,28.7054,33.2167,41.6109,49.11,56.7233,68.6179,87.2789,108.964,129.612,150.966,179.163,217.854,260.232,296.77,321.321,355.699,382.785,418.209,432.523,429.858,418.017,440.818,463.909,461.257,490.736,496.927,486.941,489.934,500.582,501.091,490.602,446.775,414.117,413.982
690.5,156.967,162.735,169.289,167.055,165.288,159.097,138.324,121.837,108.615,99.4466,93.1168,86.0945,82.2919,74.3392,67.4078,62.5766,58.0157,57.7745,51.8494,39.4783,28.0345,22.6432,20.6087,21.4629,22.2593,24.0745,25.8828,29.0281,33.7445,41.8775,49.9753,57.0957,68.8246,87.2889,109.357,128.881,151.43,178.46,216.772,262.05,297.265,321,355.11,385.352,417.171,431.296,428.531,418.131,447.505,462.913,465.288,490.985,497.848,487.893,494.895,500.515,506.085,488.363,442.752,409.624,409.216
691,156.511,163.247,170.412,166.838,165.051,160.813,141.026,124.163,111.67,101.89,93.6809,87.7571,83.4674,75.8523,68.9924,64.7844,60.063,59.8351,53.4212,40.4062,29.0644,23.1553,21.2758,22.2458,22.849,25.0104,26.5884,29.5647,34.2513,42.565,50.2156,57.3858,69.1536,87.989,111.006,128.025,151.143,177.461,219.276,261.892,296.967,321.487,353.628,383.207,419.759,431.397,424.12,420.81,448.43,465.193,464.549,490.868,496.531,489.974,494.455,500.983,507.648,479.84,448.48,415.145,410.468
691.5,154.986,163.654,173.292,165.019,165.919,163.018,142.229,126.675,115.007,103.175,95.1466,89.3752,85.4359,77.3391,70.0009,65.9927,62.7323,61.3565,54.3486,42.0806,29.8059,23.5793,21.8338,22.8472,23.3423,25.5895,27.1788,30.3906,35.2015,43.0465,50.8187,57.6756,69.84,89.5474,111.692,128.226,150.777,177.414,220.679,261.116,296.741,324.94,357.396,390.072,422.786,431.78,424.426,423.153,449.968,464.784,467.794,494.193,495.625,490.829,497.767,504.756,506.837,479.268,449.077,412.756,408.87
692,154.017,164.72,173.779,165.506,167.48,164.529,143.882,126.705,117.64,103.955,96.4532,90.9695,87.6273,79.6037,71.3236,67.2769,64.5148,63.3447,56.4275,43.3489,30.5573,24.0772,22.3878,23.4296,23.9492,26.3173,27.8242,30.858,35.356,43.4975,50.8598,58.2909,70.4632,90.1836,111.513,127.537,146.934,175.588,221.083,261.065,294.912,327.219,360.431,387.987,426.902,432.702,423.828,418.954,447.353,465.84,467.543,495.041,491.225,492.279,500.754,506.352,508.508,483.476,454.205,415.446,406.575
692.5,153.764,165.009,174.039,164.074,168.521,164.737,146.142,126.516,118.484,104.15,98.2642,91.2509,89.5623,81.048,72.6817,68.6077,66.4276,64.6764,57.5705,44.3514,30.9944,24.3369,22.8083,24.0059,24.2933,26.7108,28.6175,31.3261,36.1814,43.7778,51.3248,58.5155,70.1162,90.8103,111.68,127.916,145.377,175.902,220.499,260.896,294.721,326.119,357.119,388.874,427.636,433.051,425.248,415.426,446.84,466.685,471.309,495.408,488.113,493.218,500.764,505.485,511.105,487.381,457.06,413.738,404.58
693,155.169,166.112,172.585,163.559,168.934,165.049,146.925,126.357,118.078,104.372,98.6558,93.1716,90.7735,81.4797,73.9268,69.7697,67.4135,66.2013,58.8973,45.5327,31.3362,25.0117,23.1844,24.5344,24.3285,27.2092,29.2077,31.7233,36.6606,43.7173,51.3997,58.4081,69.5744,90.2777,111.04,127.257,144.179,176.433,217.69,256.56,294.458,325.229,356.521,387.926,424.829,434.207,421.627,412.712,447.79,466.787,472.777,490.998,489.993,499.229,502.353,501.743,508.553,487.429,453.653,412.443,407.223
693.5,155.602,165.244,171.383,165.046,168.378,164.333,147.345,126.618,118.082,103.354,99.0197,93.3872,90.9191,81.2582,75.282,70.0801,68.3167,67.0729,60.3758,46.087,31.8592,25.2223,23.2813,24.6031,24.8979,27.358,29.5778,31.3523,36.7249,43.7392,51.56,58.2936,69.6201,89.6603,110.054,127.904,144.307,176.746,215.848,255.081,290.863,320.999,355.748,388.576,419.567,433.14,419.839,420.231,449.518,465.562,474.349,489.109,489.898,499.975,500.403,501.086,505.834,487.331,452.854,410.069,405.031
694,155.936,163.542,169.697,164.557,167.441,162.962,147.039,126.601,117.843,104.405,99.023,93.2058,90.5388,81.4757,75.0152,70.3741,68.51,67.3543,61.1431,46.2997,32.0949,25.2827,23.1806,24.5993,25.1734,27.4248,29.3121,31.3423,36.7148,43.4235,51.1637,57.9774,70.0054,88.5809,108.406,126.278,146.613,176.067,214.306,252.961,288.306,315.456,355.896,386.947,413.284,431.354,415.477,410.971,446.575,463.287,466.714,485.438,487.104,493.674,497.506,496.124,500.974,484.28,450.684,407.641,403.11
694.5,154.491,161.803,169.279,165.609,165.561,160.68,145.835,126.535,116.83,103.869,99.9295,93.1173,89.4397,80.0041,74.5876,70.3729,68.256,67.4227,61.9297,46.418,32.5846,25.0327,23.1689,24.3088,25.456,27.4713,28.9313,31.0659,36.6287,43.3447,50.8278,57.2688,69.9838,88.0213,107.802,125.85,145.807,175.523,210.266,249.947,284.03,310.299,353.333,382.764,405.232,425.113,412.539,403.297,437.755,457.593,458.906,481.394,478.06,487.879,489.53,488.575,494.397,478.41,446.525,406.036,395.857
695,151.897,160.485,166.353,162.934,165.52,159.276,144.533,125.89,115.65,106.122,99.2877,92.3938,88.6216,79.4039,73.8115,69.0487,67.4314,65.9678,61.4775,45.9825,32.1952,24.9059,22.5719,23.9472,25.3641,27.4782,28.643,31.0116,36.2098,42.6959,49.9853,56.4634,69.7755,86.9794,106.856,123.698,144.652,173.965,203.844,246.871,278.68,306.712,346.619,374.873,397.766,420.704,401.709,391.698,429.017,451.963,449.042,471.266,471.41,481.163,482.214,483.203,481.828,475.711,439.184,401.161,391.33
695.5,147.798,158.328,163.867,160.457,162.557,156.171,142.293,122.058,114.089,104.888,97.6207,91.6465,86.6155,77.9407,73.4613,68.891,66.2318,64.074,61.2347,45.0879,31.9121,24.483,22.4478,23.6283,25.294,27.0594,28.4438,30.727,35.9595,42.1747,49.5064,55.3345,68.8111,85.9522,105.459,122.574,143.659,171.202,200.37,241.545,276.228,302.058,339.98,369.953,389.277,411.356,394.181,386.696,415.594,443.344,440.669,464.554,461.036,470.07,473.932,475.421,471.216,461.276,432.809,393.654,377.403
696,145.625,156.227,160.604,158.234,160.697,155.424,141.615,120.484,113.048,102.466,95.6802,90.9432,84.7863,77.8277,72.095,67.4116,64.5273,62.3864,59.9155,44.6279,31.3703,24.2168,22.1889,23.4132,25.0975,26.832,28.1419,30.2076,34.6414,41.5735,48.5895,54.5273,68.3531,83.7983,104.375,118.712,139.906,169.126,197.785,236.191,269.561,295.263,332.452,361.773,382.751,403.041,389.205,387.511,410.012,432.682,431.97,456.215,452.838,461.002,464.972,467.83,466.454,449.143,421.154,383.694,369.197
696.5,141.881,153.619,158.153,155.987,156.342,154.776,139.995,117.131,111.88,98.8322,93.6735,88.3499,82.6196,76.9544,70.8648,66.8117,62.9834,60.6457,58.8581,43.6865,30.8612,23.6768,22.087,23.2319,24.8284,26.3523,27.7552,29.306,33.8068,40.871,47.9859,53.7757,66.5315,82.7993,102.262,115.695,135.323,164.444,195.374,231.568,265.553,292.762,327.117,355.756,381.113,392.178,382.73,384.718,399.061,420.564,421.881,447.252,445.007,447.472,453.507,458.604,461.815,434.665,410.64,371.105,356.54
697,139.605,150.027,156.435,154.209,152.884,152.532,137.802,114.756,109.204,96.4277,91.7934,86.2384,81.7465,74.9412,69.4114,64.9755,61.8372,59.4852,58.0598,43.3929,30.4627,23.557,21.9981,23.0528,24.466,25.8001,27.3289,29.3309,32.6622,39.8636,46.9669,53.1693,65.4702,80.6453,100.609,113.763,130.893,163.152,193.509,225.13,260.859,286.358,319.564,345.547,375.375,379.93,380.436,380.605,393.314,408.736,414.126,437.897,436.668,439.956,447.83,452.314,455.213,431.292,401.763,364.046,351.491
697.5,135.14,145.577,153.044,150.492,150.355,148.809,134.715,113.385,106.213,95.3929,90.3997,83.0734,79.8073,73.3652,67.2807,63.2049,61.0613,58.778,56.4618,42.4484,30.1204,23.3995,21.4432,22.4201,24.0655,25.1404,26.8631,29.0152,32.2908,39.0365,46.3403,53.6624,64.3666,79.3206,97.7378,111.884,127.979,158.838,189.572,217.648,256.945,280.521,317.706,335.679,370.829,371.026,371.832,370.787,385.315,399.476,406.194,427.948,430.899,434.817,440.962,441.83,448.022,422.356,389.563,355.544,342.913
698,130.974,142.916,150.071,147.896,147.448,145.514,130.845,111.793,103.821,94.3145,89.4493,80.642,79,71.4801,66.0409,62.5869,59.7287,58.0561,55.4616,41.5507,29.579,23.4077,21.3356,22.2648,23.4576,24.6347,26.2735,28.9517,32.0066,38.6197,45.3718,52.9535,63.8331,77.5391,96.6504,110.759,126.983,156.662,183.511,215.014,253.44,277.466,310.682,330.452,363.471,366.744,365.944,361.069,379.691,391.511,396.102,419.901,422.703,423.973,430.424,434.931,437.555,416.869,379.665,345.159,334.238
698.5,127.621,140.805,147.029,146.611,142.959,142.18,126.622,108.941,99.9675,92.4319,87.79,77.8682,75.537,69.4756,65.7738,61.3319,59.0851,58.1318,54.2869,40.7453,29.3275,23.1761,20.996,22.1671,23.0532,24.1958,25.8096,28.2297,31.9654,38.1363,44.8261,52.5817,62.9222,77.142,94.9537,108.534,126.993,153.336,180.272,211.759,248.558,271.453,305.391,330.302,355.138,358.109,356.046,353.678,374.24,383.212,390.211,411.141,411.389,416.806,423.159,424.918,426.743,409.409,369.954,338.912,325.612
699,125.422,138.563,144.474,143.655,138.442,139.767,124.289,106.653,98.0653,89.5129,85.9694,77.1857,74.0268,68.273,64.7293,60.6395,58.364,57.6896,53.3921,40.4739,28.9707,22.9132,20.7484,21.9374,22.6048,24.0761,25.4549,27.9425,31.6332,37.8822,43.9374,51.9524,61.5587,75.6374,93.8266,106.547,124.946,149.496,177.181,211.13,245.731,268.71,300.107,325.68,349.65,354.075,345.861,348.24,366.636,378.289,381.393,401.82,402.023,404.961,410.843,416.933,412.411,400.798,359.596,328.328,315.359
699.5,123.728,136.856,141.721,140.981,137.166,136.58,122.868,104.864,95.7288,86.143,83.9712,75.8966,72.8424,67.0491,64.517,59.4398,57.5293,56.4804,53.2264,40.4677,28.9659,22.9725,20.4564,21.7686,22.411,24.2021,24.7441,27.7671,31.4645,37.2359,43.2892,51.5187,60.9316,75.0828,91.9926,105.107,121.376,148.364,175.229,206.762,240.27,264.44,295.16,321.075,339.868,343.619,334.319,342.851,362.556,370.557,373.547,390.06,392.822,395.625,400.968,408.68,402.21,394.385,354.223,321.807,308.794
700,122.303,134.009,139.569,138.498,135.165,132.977,119.39,103.411,95.1072,84.9417,82.2588,74.9459,72.1949,66.6845,63.1244,58.656,56.9236,55.7544,52.3627,40.7062,28.8595,23.03,20.5191,21.594,22.2799,24.3662,24.8893,27.798,30.977,36.6639,42.4928,50.7818,60.2188,73.487,90.1865,102.291,118.129,145.638,174.037,204.274,236.839,259.118,285.871,310.833,333.25,337.572,328.155,335.091,355.538,365.203,365.362,380.646,385.792,387.366,389.757,399.101,397.667,386.149,346.107,313.245,300.779
700.5,122.989,130.237,137.139,134.908,133.548,128.762,116.882,102.387,92.9685,83.9985,79.5705,74.3336,70.8844,66.349,62.1751,57.7866,55.8776,54.832,51.7782,41.267,28.9956,23.1834,20.6643,21.1189,22.5123,24.3198,24.8741,27.8028,30.7549,36.3257,42.1687,50.0726,59.4537,72.6858,89.4739,101.333,116.024,143.903,169.939,200.464,232.873,252.38,281.238,302.885,324.874,329.533,324.286,329.112,353.202,357.2,359.652,370.735,379.269,377.519,379.248,391.716,389.636,381.019,340.521,306.88,291.417
701,122.486,127.013,134.16,133.165,131.502,127.554,114.107,101.197,90.9371,83.2517,78.4842,74.5554,70.3507,66.3485,61.6695,56.9165,55.1773,54.5136,50.3477,41.6083,29.3731,23.2748,20.8346,21.0463,22.3239,24.1377,25.151,27.6487,30.6238,36.4258,42.2307,49.8036,58.8501,72.01,88.2346,100.384,114.024,140.281,166.743,197.206,228.26,248.815,274.588,295.343,317.83,322.835,322.477,322.794,346.452,349.38,353.253,366.647,374.938,368.849,370.079,389.364,382.859,369.746,329.021,298.194,281.081
701.5,122.808,123.495,131.801,129.649,129.94,124.693,112.317,99.3566,89.0751,83.0384,77.3176,74.4811,69.682,65.7707,60.1533,56.3743,54.8225,53.1863,50.0996,42.1577,29.7262,23.3677,20.8153,20.7647,22.4854,23.772,25.05,27.7287,30.1098,36.2517,42.0942,48.7375,58.1211,71.2649,86.6621,98.9734,111.618,138.03,163.082,194.023,224.644,244.492,272.06,289.559,310.087,315.306,316.051,319.221,339.98,341.188,349.416,358.763,369.156,362.751,362.474,383.228,372.648,361.421,320.026,292.489,273.948
702,122.193,121.616,128.626,129.028,128.262,122.877,111.818,97.8913,88.3074,81.8773,77.364,74.0829,70.2626,65.8563,59.6319,56.0754,54.7791,52.1642,49.9135,42.3637,30.0089,23.6177,20.7965,20.8507,22.4114,23.5504,25.1236,27.7103,30.0475,35.9299,41.824,48.0599,57.3406,70.2452,85.0457,98.0236,110.864,135.397,158.152,189.774,219.313,241.903,266.133,285.656,307.359,309.016,308.583,315.348,333.296,337.638,345.815,350.648,361.68,357.64,360.81,378.411,363.077,351.317,311.084,285.806,267.751
702.5,120.53,120.485,127.603,125.833,128.204,120.765,111.339,96.2381,88.9956,81.3128,76.7968,72.9808,69.6124,65.8109,59.7121,55.5882,55.0956,50.9946,49.8043,43.1017,30.5799,23.6252,20.8883,20.7953,22.4659,23.7629,25.3005,27.6651,29.5263,35.1687,41.7024,46.594,56.8882,69.909,82.9134,96.0419,109.911,132.932,156.536,184.465,213.575,236.876,261.411,284.378,302.182,301.538,301.806,308.291,327.907,332.411,337.489,338.859,353.915,353.483,354.488,369.341,355.968,343.724,309.185,277.162,263.162
703,118.742,119.523,126.395,125.166,127.156,118.434,110.129,95.612,88.9287,81.4469,76.5223,72.0772,69.3489,66.0598,60.3937,55.9377,55.3384,50.7872,50.1825,43.4242,30.9545,24.0692,21.2751,20.9757,22.5336,24.4138,25.7875,27.5826,29.2884,34.9448,41.503,46.1601,56.6362,68.1282,82.2796,94.7008,108.145,131.011,154.254,179.419,208.714,233.495,253.767,280.781,295.494,297.384,296.105,302.725,318.922,324.764,328.56,330.194,346.267,347.869,344.509,357.971,348.7,337.706,304.185,271.085,258.405
703.5,117.324,119.015,124.726,123.165,125.351,117.764,108.543,95.6816,90.1254,81.7627,76.5291,71.5663,69.6349,65.7706,61.3173,56.5087,55.4697,51.162,51.0409,44.4137,32.1542,24.7122,21.5981,20.8559,22.7409,25.0626,26.224,27.6326,29.4261,34.6393,41.5273,46.5328,55.9352,68.1096,81.5309,94.2046,108.037,128.857,152.172,177.191,201.191,229.34,247.881,278.487,288.869,291.919,293.632,297.826,314.016,317.197,319.905,324.921,338.406,337.042,335.976,352.001,341.619,332.319,302.897,267.745,252.964
704,116.98,118.212,123.394,121.182,124.266,116.4,108.276,95.786,91.3812,82.1537,77.2275,72.2783,68.9092,66.3982,62.8855,57.4361,54.2655,52.7928,51.9478,45.4799,32.9777,25.5103,21.5902,21.373,22.9775,25.6867,26.7841,27.6194,29.32,34.8422,41.174,47.5902,55.6221,66.7931,81.5963,93.6782,106.167,127.751,150.974,175.612,199.396,225.638,239.866,271.643,284.161,285.518,289.959,292.747,306.476,308.648,311.384,322.194,333.543,327.975,328.692,343.101,333.972,325.092,297.664,262.893,249.037
704.5,117.079,117.427,121.585,120.147,123.312,116.474,108.659,97.0223,92.3528,82.7645,78.4746,72.9853,69.6005,67.368,64.2268,58.1379,54.739,54.6251,53.4197,47.1377,34.0778,26.0477,22.4034,22.1153,23.6013,26.2053,27.0231,27.9438,29.84,35.3275,41.2106,49.0051,55.2668,66.5051,81.4015,92.1409,105.191,125.967,149.337,174.108,196.089,222.52,237.089,268.434,279.049,279.32,285.793,284.579,299.16,303.445,306.61,319.305,326.923,322.679,324.267,337.648,329.192,321.315,293.034,262.858,243.386
705,116.794,118.012,121.363,117.773,121.674,116.619,108.871,97.1585,93.2903,82.9392,79.3802,74.2946,71.2299,68.7632,66.0497,59.5357,56.5861,57.5188,55.2905,49.1312,35.6782,27.3095,23.3379,23.4233,24.3729,26.8693,27.8137,28.6524,30.2251,35.8086,41.4538,49.7652,55.3086,64.9974,81.1203,90.4768,103.814,124.47,147.766,172.217,195.97,219.687,236.405,263.941,274.023,275.803,281.617,279.724,293.832,299.954,303.027,312.45,318.828,313.282,325.319,330.4,325.646,314.857,287.745,260.796,239.139
705.5,117.381,117.846,121.935,118.753,123.015,118.402,111.313,97.1641,94.7249,84.6674,79.9867,75.4413,73.6571,70.1735,68.1143,62.0265,59.5672,60.0357,58.4764,51.2787,38.3013,28.7706,24.4783,24.5233,25.8382,27.6511,28.6453,28.8059,30.9259,36.3753,42.0139,49.99,55.6696,64.9706,79.8611,89.7558,102.729,122.88,147.001,170.821,192.78,216.443,232.955,260.74,270.701,272.609,277.697,275.334,289.786,292.841,300.251,309.247,313.277,305.43,317.029,324.131,319.582,308.621,283.663,258.19,237.033
706,118.321,118.595,123.848,119.082,123.738,119.055,112.495,96.9628,96.4606,87.054,81.3419,77.7554,76.3261,71.8643,69.9438,65.8117,62.5981,62.3389,61.5123,53.7861,41.0221,30.0384,26.0145,25.4526,26.712,28.8715,29.5344,30.1103,31.7512,36.8358,42.9066,50.5995,56.0046,65.4435,79.6144,88.6419,101.278,120.7,146.494,168.951,190.533,214.123,228.983,256.583,268.011,269.701,274.027,275.52,288.059,289.465,297.888,306.759,306.982,302.906,314.681,319.235,315.03,303.149,277.927,253.705,234.167
706.5,119.477,119.967,123.883,121.281,126.959,122.887,114.115,97.4353,98.8854,89.9751,83.1997,81.0194,79.6125,75.2355,71.9918,69.3436,65.5871,65.4713,66.0374,57.4212,44.3137,32.43,27.4416,26.5873,28.162,30.0952,30.9739,30.6749,32.8083,37.6108,43.9755,50.951,56.5614,66.9482,79.3524,88.4483,101.464,118.546,145.458,168.368,188.382,211.842,226.57,252.355,263.7,271.475,273.649,274.717,285.511,286.203,295.133,302.053,306.66,297.839,312.51,315.466,310.304,301.175,276.882,249.839,231.858
707,120.591,121.507,124.87,123.698,129.237,125.726,117.023,102.485,102.448,93.3185,86.4178,85.7711,82.9395,78.812,74.9787,73.1393,69.0116,68.7216,70.4277,61.4432,46.7088,34.4485,29.7219,28.1301,29.7211,31.9327,32.1719,32.0783,34.2728,38.9334,45.0886,51.4161,58.3668,68.7236,80.0633,87.4248,99.3912,116.393,145.179,166.506,187.51,208.498,225.71,248.815,261.467,269.568,270.595,272.246,284.294,286.331,293.262,297.477,304.055,297.637,310.427,315.171,312.885,299.549,272.376,249.713,229.528
707.5,120.942,123.889,127.37,126.19,130.312,128.82,121.109,106.27,106.178,97.4759,90.4791,90.011,87.2826,84.246,78.1954,76.7808,74.0672,73.1059,75.1823,65.284,50.0943,37.3555,31.7605,29.9882,31.7858,33.5669,34.3586,33.5276,35.7749,40.3699,46.4581,52.7588,60.4364,69.7148,80.1732,87.8806,99.7872,115.717,143.84,166.327,186.927,207.302,223.428,248.849,258.209,271.817,270.959,270.09,280.321,286.696,292.791,293.223,303.566,298.802,310.623,314.191,312.837,299.41,272.731,247.824,228.638
708,121.915,127.455,129.459,132.078,134.043,132.954,123.798,112.862,110.71,102.87,94.4538,94.6342,92.2473,89.5735,81.5208,81.6942,79.4332,78.7247,80.8492,69.4807,53.6732,40.3913,33.7528,31.7728,34.2286,35.9036,36.0442,35.2427,37.5775,41.7448,48.4579,54.6835,63.035,69.9262,80.9777,89.135,100.416,115.302,141.998,166.658,185.265,204.89,221.988,246.17,255.997,269.661,269.19,270.698,283.921,288.014,290.967,293.037,303.854,299.129,308.068,313.031,313.867,300.815,272.847,249.394,228
708.5,125.017,131.051,132.978,137.124,138.954,138.409,130.715,117.488,115.653,107.844,99.5517,99.5191,98.3375,95.1652,87.4167,85.7506,83.5865,84.7062,86.4608,74.4172,58.4011,43.9053,35.353,33.9428,36.481,38.3172,38.7546,37.5129,39.5821,43.4542,50.7365,57.0037,64.9911,70.6933,81.1708,90.4858,101.597,115.135,142.439,166.526,186.079,205.095,218.344,245.292,254.804,270.829,270.379,270.459,282.339,287.428,290.23,294.461,304.787,299.88,305.234,314.756,313.102,300.943,273.971,248.703,228.224
709,129.935,136.124,136.62,142.62,148.367,144.474,136.776,124.406,121.147,113.204,104.812,104.381,104.421,100.784,93.4039,91.121,88.796,92.395,93.0559,81.0224,63.2416,47.7053,37.761,36.3928,39.2439,41.2313,41.3297,39.7163,41.0905,45.4625,53.2516,59.5287,67.3988,71.3454,83.1333,91.5361,101.908,115.613,141.142,167.004,187.233,205.441,216.667,244.439,255.815,271.065,269.604,269.389,284.645,288.04,291.732,298.454,306.928,303.776,304.881,312.429,317.334,299.926,276.479,247.989,230.211
709.5,138.603,140.146,140.383,146.837,156.048,151.006,143.922,131.341,126.635,119.569,111.936,110.793,110.492,106.963,101.962,96.3025,95.601,98.1738,100.245,88.6197,68.8941,51.6786,40.3488,39.5922,42.1023,44.0852,43.8811,42.5606,43.1436,48.361,55.7805,61.8535,70.0131,73.4237,85.3131,92.8781,101.888,115.542,143.183,167.298,188.574,205.139,217.543,245.798,256.211,270.634,272.153,270.466,283.809,289.409,295.179,299.355,310.706,307.641,307.03,316.369,316.599,301.922,277.417,248.701,232.105
710,143.859,145.494,147.434,154.277,160.822,159.189,151.199,137.747,132.332,126.146,120.341,117.656,117.482,112.661,109.716,103.305,102.731,105.425,108.542,97.1207,74.4197,55.937,43.7734,42.5723,45.0007,46.9721,47.0633,45.4716,45.6873,51.0671,58.3719,64.2421,72.7663,77.0829,86.6318,93.7258,101.656,118.311,144.14,168.189,188.032,206.05,220.363,244.866,252.898,270.758,272.838,272.463,284.605,292.875,299.573,298.166,312.096,309.711,314.102,319.323,319.8,301.868,281.724,252.885,235.312
710.5,149.999,150.991,152.768,162.244,167.694,167.452,158.631,144.743,140.08,135.367,129.907,124.913,125.892,118.301,117.612,111.518,110.907,112.071,117.103,106.046,80.0948,60.7672,47.176,46.3476,48.8718,49.3939,50.4573,48.5073,48.9342,54.3316,60.9583,67.1881,75.4906,80.9813,89.5526,95.7849,102.406,120.852,145.208,168.615,187.769,206.227,224.285,246.176,256.426,270.686,275.592,274.766,286.369,297.235,302.189,300.923,313.675,310.24,318.959,326.323,322.874,306.773,286.67,253.322,239.728
711,153.718,156.644,161.877,170.642,174.896,176.634,167.767,153.53,148.601,144.252,137.693,133.561,135.145,126.625,124.875,119.505,118.982,119.948,126.432,113.44,85.7517,66.0291,51.8581,49.2165,52.4977,52.3777,54.0387,51.4342,52.7448,57.2944,63.9086,70.0511,79.1038,85.1668,92.0152,97.9003,103.438,123.051,146.413,170.276,187.803,207.593,225.169,246.634,259.811,274.295,276.207,276.953,289.107,298.155,304.035,304.61,314.876,313.588,324.199,331.672,329.518,311.71,292.278,258.939,242.963
711.5,161.527,160.299,170.188,176.657,184.138,185.348,178.195,164.176,157.66,153.372,146.242,142.695,142.909,135.484,135.29,126.299,127.46,129.458,135.466,119.304,92.0899,71.2369,57.2554,52.7707,56.7797,55.9681,57.5995,54.3177,55.6679,60.4145,66.5384,73.1705,82.1169,88.4857,95.9759,99.7638,105.53,125.738,148.206,172.541,191.818,211.822,227.026,252.818,263.449,278.582,281.246,281.319,288.996,299.847,307.72,309.045,315.877,318.037,328.112,337.971,338.158,316.503,297.259,263.011,246.816
712,170.024,166.153,178.231,185.395,193.821,193.464,188.575,175.164,167.513,161.757,155.217,152.7,151.611,147.211,144.037,136.115,135.794,138.371,144.723,127.172,98.278,76.4037,61.7077,56.0704,59.908,60.9025,60.7039,58.2143,58.8965,64.1998,70.2341,77.6103,86.3043,91.5135,98.981,102.825,108.24,127.494,150.172,175.875,196.318,215.845,230.769,259.467,265.805,282.766,284.595,283.726,292.1,304.675,314.154,317.192,322.038,324.143,332.387,344.455,342.104,322.557,302.874,269.628,254.479
712.5,178.275,172.923,189.167,192.676,202.155,200.838,200.566,185.782,174.797,170.696,163.389,162.242,159.835,157.613,153.55,146.789,145.185,146.803,153.215,137.242,105.439,81.4908,65.7422,59.7496,63.5198,65.579,63.9371,61.6129,61.3644,67.3427,73.6486,81.2938,89.5395,93.6682,101.754,104.829,110.786,131.465,153.931,178.299,200.266,219.971,236.475,265.574,271.027,286.935,289.53,288.261,296.251,308.366,318.72,324.639,327.688,328.918,338.789,349.537,349.636,329.191,308.154,276.273,260.575
713,187.912,181.605,197.188,201.088,212.771,211.476,211.094,192.399,182.546,177.547,174.312,168.623,169.244,166.463,164.503,159.036,153.335,155.337,162.227,148.983,111.838,85.9103,68.7413,63.1361,66.4216,70.3078,66.753,65.4721,64.2102,71.2742,77.4971,86.0946,92.7929,97.1181,103.565,107.681,114.532,134.13,156.295,181.686,204.248,223.024,241.123,269.679,277.975,290.326,292.253,292.779,305.796,316.939,323.819,328.249,331.789,337.21,343.523,358.246,349.785,333.029,312.811,282.407,266.13
713.5,195.412,191.056,204.2,210.268,221.538,221.391,218.898,201.237,190.642,185.212,183.325,177.339,177.541,175.76,174.369,167.363,164.389,162.207,170.11,157.576,119.437,90.3499,71.5921,66.2925,70.1806,74.1893,69.9226,68.5131,67.4977,74.5111,81.1825,89.0513,95.2503,100.746,105.849,109.742,117.845,137.352,159.173,183.855,207.66,227.787,247.834,272.556,285.495,293.628,296.729,299.574,312.585,321.716,329.509,334.273,339.005,341.797,349.008,364.7,354.708,342.661,318.879,288.244,269.311
714,202.642,198.197,210.342,217.125,228.834,230.098,226.912,209.487,201.7,190.956,191.923,184.608,185.902,183.079,183.778,174.663,172.268,170.153,178.954,165.145,125.558,95.4099,74.5121,68.924,73.7457,77.8117,73.3138,71.2478,70.071,77.003,84.4574,92.5812,98.4782,104.307,109.358,112.875,120.357,139.099,162.62,186.011,212.74,230.303,252.79,278.18,290.411,301.297,298.387,308.059,318.445,328.954,335.067,338.973,341.796,347.813,351.372,367.597,358.533,349.648,326.87,294.252,275.32
714.5,211.747,204.728,214.284,226.626,237.552,241.014,231.054,218.389,211.079,199.827,199.673,193.039,191.694,190.402,191.418,180.904,182.609,179.012,186.797,171.032,131.549,98.7237,79.2903,72.5204,77.2242,80.3824,76.1647,72.7521,72.3857,78.3352,87.9475,94.9453,101.909,107.51,111.713,116.475,121.471,141.089,166.319,189.005,214.699,234.11,257.94,279.331,292.449,308.167,305.755,314.831,327.197,334.845,340.816,346.602,346.21,348.311,354.892,371.594,365.776,359.095,332.337,300.797,280.646
715,218.001,212.253,221.166,233.962,244.601,248.332,234.226,223.677,221.739,210.103,206.524,199.787,198.98,197.372,200.792,187.46,188.419,187.019,194.168,176.857,137.851,102.45,82.6856,75.7997,80.1923,83.5333,78.8635,76.0925,74.8926,80.3618,91.8986,99.0359,108.12,110.293,114.997,119.216,123.085,143.182,169.741,192.677,218.188,239.151,259.864,282.703,297.613,316.718,309.293,323.836,331.45,341.763,344.97,353.1,353.67,351.053,360.002,375.903,372.091,366.251,337.654,306.018,286.771
715.5,221.976,220.541,225.158,242.17,250.758,250.501,241.448,230.112,230.283,219.204,213.463,207.922,205.354,207.069,206.229,195.229,196.53,193.639,201.599,184.136,144.88,106.932,86.7669,79.7334,84.1472,85.8622,82.4534,78.2146,78.3683,82.5982,96.0768,102.095,111.442,113.291,117.335,121.591,125.283,145.035,171.991,197.55,220.068,243.167,264.537,289.659,303.795,321.495,312.535,327.632,336.274,347.803,347.08,360.287,359.401,356.835,365.266,382.703,376.704,371.618,343.092,311.684,294.132
716,228.136,228.655,229.962,249.914,258.294,254.07,252.906,234.916,237.22,228.675,220.392,214.674,214.159,215.704,213.626,201.335,203.98,201.137,208.438,190.93,150.068,112.396,90.0529,83.2812,86.9737,88.9758,86.0569,81.7604,80.8962,86.1094,99.8613,106.487,114.958,116.143,120.115,123.21,127.496,147.828,173.882,202.125,223.851,247.863,267.82,297.373,309.888,325.396,319.381,332.461,342.536,353.458,351.325,363.873,370.835,362.949,373.96,388.767,384.739,375.706,348.679,317.091,301.828
716.5,234.292,235.257,233.64,256.248,264.921,259.966,264.925,245.729,242.747,232.845,228.863,221.095,223.585,224,219.87,204.326,211.974,209.643,212.852,199.997,157.536,116.906,94.3068,87.5992,89.6444,90.7125,91.0349,84.8943,84.6242,89.3668,103.171,108.725,116.426,120.072,122.947,125.324,130.127,150.503,177.179,205.044,227.233,251.719,273.741,303.644,315.553,329.189,322.462,337.258,346.565,353.205,357.158,368.578,377.324,369.076,383.889,393.592,392.826,378.242,356.097,322.338,310.457
717,241.55,241.141,237.733,262.452,274.095,270.896,278.737,256.059,250.396,238.237,235.816,225.779,231.182,232.902,227.349,213.349,221.005,217.751,220.416,204.681,162.923,121.822,98.4316,90.5971,91.1908,93.9929,94.2629,88.7068,87.2584,93.1694,106.491,113.115,118.376,122.766,125.225,127.877,131.614,150.609,179.088,206.557,232.61,254.183,274.507,306.861,318.375,334.395,330.988,343.417,354.43,358.838,361.774,374.29,384.01,371.529,391.347,398.729,397.779,384.763,363.57,328.752,315.833
717.5,248.184,246.579,245.209,268.246,284.338,281.787,285.984,267.863,257.803,243.189,246.848,234.923,238.244,242.798,235.01,222.519,228.214,229.135,228.678,210.823,168.052,126.5,100.696,94.5325,94.6711,97.911,98.3458,91.9108,90.5631,97.5177,109.613,116.419,119.182,125.502,127.914,129.248,134.222,151.43,180.742,208.117,236.439,258.423,278.465,310.074,321.07,338.63,337.123,347.125,357.312,363.195,371.379,378.863,387.897,378.818,397.231,406.746,397.951,390.271,369.088,332.761,322.223
718,255.503,252.188,255.069,279.743,294.776,292.198,293.266,276.47,266.852,248.471,253.753,243.547,244.696,250.265,241.958,235.597,234.882,237.141,239.933,219.195,172.421,129.233,103.45,97.9885,98.6748,102.773,102.157,96.6749,93.6734,101.747,112.135,120.647,124.016,127.895,129.598,130.503,136.741,153.066,183.099,211.48,238.52,259.828,280.434,312.924,326.026,345.195,341.945,351.09,363.877,373.618,377.254,384.788,394.965,376.484,403.393,408.068,400.718,396.43,374.105,341.136,329.468
718.5,263.074,259.832,264.999,286.918,302.855,297.514,300.343,282.559,274.042,257.324,261.823,251.49,253.553,258.796,248.645,246.517,241.483,244.14,247.087,229.61,178.209,134.669,106.77,101.664,103.409,107.094,105.388,99.604,97.1735,104.245,114.451,124.003,127.345,130.746,133.444,130.729,139.132,155.252,184.104,214.012,240.459,263.29,282.008,317.692,330.208,347.067,347.245,356.069,371.563,377.927,380.285,390.402,398.458,385.08,412.736,413.493,407.903,401.384,380.826,346.855,333.923
719,270.717,263.553,277.369,297.197,312.494,303.435,308.061,292.373,280.799,265.706,267.1,255.858,260.829,265.33,256.471,253.441,246.816,253.4,251.508,240.279,183.102,140.083,111.451,105.573,106.768,111.227,108.828,103.985,101.359,107.6,118.423,125.806,132.231,132.82,136.266,132.423,140.875,158.489,186.55,216.327,244.224,264.127,286.111,320.964,333.209,351.504,353.213,359.713,377.578,385.942,383.473,390.724,399.717,391.146,420.942,418.573,417.209,408.855,386.717,357.196,338.411
719.5,277.328,267.994,287.018,306.374,320.537,309.702,317.283,298.731,287.821,273.222,275.166,262.421,266.533,274.372,263.123,261.503,252.341,262.154,255.862,246.886,189.197,145.194,116.481,109.398,109.348,115.26,112.467,106.16,104.817,109.211,122.589,129.823,136.534,134.471,140.749,134.301,141.59,162.212,189.978,218.67,246.513,269.578,288.925,326.274,339.955,353.166,360.425,361.075,383.433,391.341,389.693,394.016,405.161,403.243,430.67,424.676,432.051,415.426,394.003,359.544,339.998
720,279.573,273.958,296.282,312.332,327.628,321.485,324.109,306.968,295.203,283.313,280.491,272.154,272.196,281.418,275.703,266.165,259.91,273.515,261.066,254.644,190.801,151.859,119.249,112.001,112.266,119.824,114.437,109.521,107.763,112.413,127.432,134.274,141.613,138.508,143.093,137.174,145.081,164.02,193.771,222.023,250.172,274.1,291.998,330.955,348.054,356.298,367.275,364.308,384.508,398.038,391.888,398.911,406.182,410.161,435.701,436.953,435.099,425.548,399.121,367.204,345.17
720.5,284.643,280.99,303.351,319.174,331.641,329.71,331.208,316.599,300.651,292.25,287.027,284.599,281.643,289.072,287.548,272.139,261.605,281.954,267.64,259.196,196.979,157.872,122.82,115.721,115.988,123.072,115.943,111.663,109.881,114.808,130.402,137.339,144.653,139.989,145.805,138.865,148.284,166.316,196.905,224.137,253.001,277.971,295.514,333.941,351.1,359.453,371.769,368.106,388.048,402.366,400.597,405.885,410.843,419.703,437.917,439.31,436.796,429.714,404.735,372.712,351.254
721,289.654,292.982,311.736,325.597,336.511,336.09,336.864,323.742,305.158,300.534,294.52,297.311,289.182,293.944,299.161,277.558,268.2,288.332,280.322,267.405,201.709,160.87,125.114,118.677,120.641,126.453,117.403,115.302,112.699,119.55,132.831,141.326,148.495,144.93,148.264,142.092,149.953,167.245,199.17,229.51,255.651,280.251,299.813,338.107,356.513,362.5,373.806,377.822,389.073,407.126,404.002,411.268,414.787,425.852,440.731,445.48,440.391,429.286,406.395,379.22,353.673
721.5,293.694,297.205,317.703,332.353,340.115,342.696,342.255,335.128,314.497,305.912,300.368,305.282,299.19,301.053,304.866,282.348,272.696,295.71,286.005,272.944,209.233,166.106,129.007,120.805,124.216,130.309,118.719,117.498,115.267,121.603,135.191,143.692,151.248,147.476,151.081,145.507,152.414,169.697,199.373,234.307,256.045,284.195,301.946,340.383,358.619,367.466,377.305,382.279,395.423,408.696,410.099,417.444,419.252,434.299,442.307,451.119,444.976,435.649,416.333,381.73,357.36
722,299.641,301.703,323.064,335.324,344.07,350.685,348.968,344.682,321.224,313.415,306.789,311.355,305.84,309.636,311.049,288.146,281.167,301.669,295.055,277.505,212.233,168.662,131.188,122.988,125.766,134.577,121.08,120.225,117.457,122.623,137.369,145.438,154.331,148.987,151.953,147.677,153.63,170.099,201.159,235.569,260.215,283.582,307.323,343.084,363.035,372.491,378.784,382.78,399.989,412.128,411.107,418.017,421.686,436.16,447.29,455.093,448.249,438.614,419.289,386.193,361.856
722.5,305.244,307.843,325.851,338.727,352.681,356.192,357.548,350.603,329.843,321.73,311.474,315.667,313.816,317.311,316.183,294.353,290.933,306.537,299.362,285.153,217.684,172.444,135.086,125.392,128.536,137.132,123.764,121.465,118.985,126.033,139.679,146.561,157.414,150.112,154.357,149.132,155.353,172.543,200.821,236.26,262.822,288.798,308.012,344.743,361.922,377.929,384.987,382.761,404.116,416.916,414.523,422.466,421.162,441.706,446.87,461.269,453.596,445.185,421.698,386.665,368.274
723,311.298,311.328,329.263,339.014,359.334,363.238,364.222,357.646,336.036,331.68,319.134,320.041,321.313,323.821,324.25,298.301,299.847,310.204,304.937,290.411,223.369,171.833,137.452,126.372,129.855,139.681,127.516,122.948,121.11,129.177,140.446,146.487,159.096,149.678,156.584,149.999,154.755,173.11,202.199,236.152,261.169,288.8,313.973,347.948,364.348,381.016,385.029,381.88,407.29,417.025,417.359,417.76,428.609,442.414,448.297,460.781,447.546,445.585,422.191,385.975,374
723.5,312.504,318.57,325.58,344.355,364.632,371.82,369.918,359.509,339.822,339.369,326.382,319.221,325.918,329.108,331.136,306.462,308.601,314.45,309.86,298.741,230.056,174.483,139.787,129.681,133.143,139.425,130.957,123.612,121.94,132.126,143.391,148.115,160.869,152.724,159.324,152.237,155.416,174.817,202.989,236.707,262.717,291.063,310.061,348.329,360.463,383.105,387.856,384.717,404.311,419.479,422.396,425.809,432.718,442.293,449.714,463.2,446.762,448.455,421.133,391.232,375.201
724,315.599,322.309,329.522,350.84,371.262,378.031,375.194,360.714,345.244,342.983,332.523,322.919,328.746,328.28,336.817,314.311,312.968,318.825,320.555,302.733,234.797,174.982,141.377,130.174,134.457,140.05,133.136,124.764,123.103,132.319,143.166,149.953,163.831,154.866,160.778,153.6,155.841,175.346,203.903,237.262,262.388,290.661,308.299,350.758,360.81,383.686,387.112,385.101,404.102,419.787,427.715,417.419,435.765,443.058,438.979,465.305,446.008,448.665,422.164,395.394,377.218
724.5,316.323,327.429,332.095,355.215,374.643,382.044,379.655,365.463,353.231,346.369,338.136,320.395,331.714,333.371,339.561,320.123,312.159,324.075,327.988,308.286,241.361,180.068,143.398,134.184,136.426,139.769,135.745,126.565,123.767,132.535,145.612,152.383,164.889,157.73,162.308,153.983,157.931,175.393,205.278,236.419,263.36,290.793,308.643,351.595,364.365,381.623,384.113,384.799,404.098,420.293,427.577,421.426,438.008,444.288,442.362,460.982,452.254,454.2,422.899,400.945,377.024
725,318.107,330.173,334.907,358.848,379.275,383.487,378.61,367.749,360.259,346.891,341.587,325.662,332.949,336.041,337.936,326.797,308.704,327.422,333.383,311.302,245.573,180.219,143.657,133.459,136.409,140.805,138.014,129.922,125.609,133.104,145.36,153.835,165.672,160.842,161.969,155.261,158.167,175.484,207.234,236.721,262.804,292.079,307.573,351.822,365.679,376.816,378.705,387.108,405.273,419.318,428.682,420.817,433.663,446.225,442.952,471.445,455.485,450.918,424.186,402.188,378.792
725.5,320.427,330.735,336.869,362.75,384.766,383.351,377.805,370.789,363.791,349.519,344.801,327.424,332.468,333.615,335.08,329.895,306.62,327.378,334.142,311.552,249.126,182.279,143.717,134.648,136.7,142.471,139.281,131.137,128.2,133.585,146.823,155.732,166.456,159.274,160.528,155.045,160.104,174.292,207.699,234.04,260.627,292.665,305.893,350.484,364.624,370.514,380,383.558,404.817,418.126,428.529,421.443,434.598,446.727,451.43,470.129,453.035,452.453,420.408,401.483,380.683
726,319.454,326.936,332.855,364.924,385.637,382.109,375.951,371.049,363.524,350.856,341.491,327.057,328.912,337.812,333.036,330.84,306.387,330.715,330.889,314.447,251.422,182.298,143.885,134.14,135.138,143.811,139.598,132.131,128.644,133.333,145.963,155.944,165.899,162.138,159.157,156.441,160.497,172.858,205.914,231.714,260.297,292.647,306.6,348.755,367.474,368.435,381.51,383.258,405.627,413.372,426.633,422.904,431.222,448.141,455.799,471.924,448.966,447.163,418.903,400.861,380.86
726.5,319.013,328.381,334.065,366.787,384.999,385.373,375.61,370.432,361.231,352.532,338.271,330.413,324.765,337.996,332.461,331.307,306.959,332.164,330.034,313.14,248.884,182.245,144.234,135.373,136.906,145.296,138.944,131.445,129.365,134.6,145.423,153.463,165.846,161.267,159.783,155.152,161.636,171.782,204.934,229.42,261.454,292.438,303.58,344.897,367.123,366.175,385.085,381.247,403.479,410.437,424.477,423.086,431.981,448.564,455.443,467.024,445.974,445.632,414.489,399.053,382.679
727,316.492,328.64,331.227,365.401,383.912,382.928,374.327,372.105,355.807,351.254,335.889,330.134,321.616,345.039,332.769,327.1,308.616,334.643,331.143,314.993,246.312,180.884,144.846,136.256,136.572,142.856,136.944,131.771,129.196,134.797,145.157,153.346,165.842,161.924,158.436,154.752,162.811,171.921,203.008,231.375,259.946,289.954,306.126,342.979,363.967,367.444,377.367,379.408,402.737,405.145,423.899,419.323,425.865,449.993,451.183,462.317,444.246,441.653,418.313,394.435,381.855
727.5,320.29,325.75,332.392,360.946,381.754,386.299,373.552,362.343,357.519,351.857,332.196,329.35,316.377,343.366,333.456,325.161,309.128,331.409,329.324,315.171,246.198,180.671,144.733,135.166,138.245,141.322,135.717,130.749,129.312,134.476,145.082,152.914,162.323,159.613,156.75,152.793,161.102,169.715,203.055,229.982,257.335,289.298,307.751,339.422,363.192,361.178,376.571,376.564,395.398,400.206,422.832,418.309,426.006,447.527,450.639,462.083,445.447,441.771,416.473,390.605,381.068
728,318.539,323.747,335.037,359.625,378.602,385.219,374.655,361.823,355.897,349.33,332.293,330.368,317.014,343.354,332.51,321.764,313.489,328.357,330.174,312.61,241.951,181.81,143.536,135.845,137.236,139.634,132.306,130.561,127.624,134.309,144.825,155.196,161.571,156.431,154.7,151.305,159.299,168.099,201.072,228.459,255.143,284.707,307.589,334.478,358.435,361.307,372.348,376.599,393.996,398.005,418.523,414.867,422.966,444.374,444.714,459.568,439.935,435.167,419.044,386.618,377.198
728.5,324.015,321.44,336.284,357.14,370.759,387.6,374.903,351.088,353.643,350.337,335.124,327.858,319.217,342.15,333.212,315.56,315.231,324.282,327.319,310.302,238.857,180.809,142.487,134.361,137.325,138.749,132.97,130.784,126.422,132.354,142.751,155.629,159.893,153.981,153.629,151.163,156.503,165.664,196.869,223.439,254.077,279.12,304.193,326.239,356.713,360.401,372.664,377.476,387.125,396.724,414.962,409.611,423.508,441.038,443.551,454.51,435.598,435.219,412.641,383.609,374.829
729,322.2,321.45,337.87,355.146,362.361,384.207,377.496,346.749,352.141,349.432,337.409,322.838,320.532,339.116,330.692,316.227,315.164,320.854,323.725,305.061,236.286,179.791,141.687,134.313,135.618,139.513,131.315,130.062,125.395,131.437,141.195,153.25,157.742,151.116,153.317,150.839,155.144,163.166,193.452,222.467,253.61,274.208,297.428,322.658,354.58,356.347,368.147,373.086,382.241,392.079,411.674,409.188,421.683,437.538,436.705,447.973,433.823,428.996,408.941,381.181,369.834
729.5,323.093,317.837,334.877,352.24,353.108,382.637,373.573,342.069,347.964,347.085,337.927,319.059,323.69,334.251,325.67,317.6,312.44,319.055,318.257,300.231,233.449,178.436,141.229,132.549,133.75,138.105,129.865,128.673,125.147,129.384,138.162,150.857,155.065,151.684,152.714,150.609,153.681,162.006,193.713,222.939,251.417,270.604,294.199,320.803,348.846,353.467,367.467,368.804,379.802,390.486,407.726,403.937,416.736,432.849,430.845,440.854,426.149,420.077,404.805,379.18,363.136
730,322.655,315.333,329.545,347.986,346.009,375.463,369.16,339.149,342.744,343.659,330.871,309.235,323.064,330.714,323.27,316.963,307.556,319.101,314.258,296.745,227.786,178.385,139.061,131.996,131.572,137.051,128.714,127.214,123.571,128.578,137.146,149.238,152.585,151.239,150.054,148.728,152.447,159.965,191.263,221.791,249.103,268.458,292.252,321.729,344.59,349.291,362.749,364.959,376.081,385.182,405.111,399.529,408.593,425.195,425.217,434.599,425.834,419.58,401.294,374.925,357.087
730.5,318.917,313.032,327.222,341.842,344.799,367.088,364.185,342.025,338.359,340.263,321.902,307.977,320.84,325.969,322.345,312.241,302.271,315.542,309.983,293.597,222.776,177.063,137.799,130.494,128.994,135.745,126.2,124.463,120.872,128.706,136.243,147.457,149.334,150.089,149.821,146.455,150.894,159.242,187.78,218.62,248.604,263.474,289.961,317.965,338.776,343.431,358.472,360.113,375.284,381.652,397.87,394.253,402.591,415.568,420.414,430.828,423.916,413.385,393.221,370.029,357.637
731,310.952,306.381,319.617,337.951,342.453,359.33,357.633,338.113,333.12,335.563,313.002,302.912,311.538,320.268,317.548,308.536,298.182,309.482,302.334,290.136,219.534,174.327,136.383,129.08,124.88,133.44,123.891,121.911,118.434,127.702,134.332,145.857,147.763,148.887,146.936,142.955,149.528,158.904,184.494,213.009,242.322,260.967,287.005,315.104,330.736,337.368,352.78,358.498,370.493,374.892,392.452,392.447,389.885,410.912,414.337,428.971,416.321,412.255,388.681,363.153,354.343
731.5,298.433,301.529,315.142,333.154,344.425,348.493,347.151,336.766,327.794,326.794,308.423,299.819,303.591,311.69,311.318,303.602,291.198,301.858,299.396,284.13,217.221,170.61,133.715,126.331,122.247,133.002,121.574,119.077,115.233,127.112,133.182,143.343,145.055,143.235,142.738,140.63,147.741,158.131,180.528,208.246,238.433,259.657,283.956,310.539,323.329,331.691,348.274,351.988,364.32,371.673,385.881,388.769,386.044,402.895,409.091,421.649,412.887,409.837,383.087,354.071,353.207
732,288.577,295.054,310.319,328.374,336.132,340.624,342.043,325.92,326.417,318.247,302.367,299.548,294.618,309.728,304.057,298.752,288.687,295.576,293.711,275.901,215.692,166.428,132.555,124.044,121.905,131.081,118.285,114.94,114.26,125.243,132.208,139.519,142.298,139.462,138.093,137.109,145.98,156.989,180.302,205.894,232.886,257.231,279.025,308.788,317.034,327.539,341.938,346.334,360.526,367.795,378.869,386.083,381.141,399.551,403.218,415.146,402.362,405.095,374.84,349.52,348.88
732.5,280.951,290.397,306.98,323.339,331.927,328.321,335.17,318.113,323.487,306.676,300.509,292.785,292.954,305.038,298.384,293.482,285.318,287.572,291.076,269.947,211.117,164.082,130.384,120.527,119.162,128.886,113.842,110.949,112.638,123.601,128.804,134.908,137.982,136.917,135.111,134.874,143.727,151.321,179.035,205.933,228.927,254.106,275.154,303.995,313.848,321.687,338.281,341.98,356.337,364.578,373.182,377.576,372.498,396.408,394.142,405.391,395.901,398.984,370.25,344.07,343.173
733,276.911,283.784,304.578,317.325,327.853,322.712,329.207,308.744,317.02,299.049,292.893,286.395,286.916,297.97,291.891,285.567,281.829,282.272,287.532,264.795,208.633,161.003,127.711,117.775,118.272,126.3,110.966,109.02,111.379,120.769,126.088,132.537,135.671,133.865,131.565,131.636,141.018,148.906,174.042,204.096,225.657,248.691,268.969,298.214,308.525,317.337,332.486,338.256,351.341,358.361,365.784,371.672,371.408,389.728,383.823,397.474,388.341,392.455,366.145,339.056,337.958
733.5,278.532,279.62,300.433,308.389,323.688,312.912,322.03,300.555,310.95,290.653,288.992,281.186,281.619,290.218,283.137,280.747,275.424,272.605,279.898,261.202,204.255,156.526,124.895,114.343,114.648,123.226,108.452,108.502,108.18,118.511,122.6,130.698,132.512,132.224,129.171,129.892,137.693,145.965,171.977,201.595,221.069,243.549,264.553,295.754,299.746,312.802,328.376,335.288,344.646,350.73,358.169,361.957,364.374,384.53,375.384,389.372,381.976,384.752,360.399,335.13,329.662
734,273.686,273.539,293.211,297.746,319.38,310.105,315.581,296.145,300.044,285.266,283.342,278.181,275.737,278.29,274.378,272.785,267.69,261.827,274.215,250.751,201.081,151.82,121.896,110.632,112.407,119.399,107.19,106.385,105.58,114.289,119.747,128.983,129.66,130.379,127.316,127.391,134.97,144.678,169.561,198.316,214.528,238.633,259.413,289.792,293.192,308.232,322.28,331.382,340.782,342.804,353.235,355.416,361.551,372.701,368.847,386.468,375.763,376.51,355.225,331.372,325.257
734.5,268.441,267.433,286.538,286.352,309.141,303.419,307.826,287.412,294.244,281.283,276.564,272.227,270.226,269.65,265.029,267.7,260.201,255.096,267.619,242.021,197.15,146.329,119.265,106.938,111.067,116.459,106.018,105.26,102.126,110.789,117.73,126.253,128.447,128.125,126.663,124.68,130.885,144.597,168.778,194.964,209.12,233.004,254.613,283.367,285.664,306.358,316,324.929,334.816,339.191,347.84,349.598,355.898,361.721,363.285,377.18,366.26,368.52,348.18,327.32,320.379
735,261.141,261.646,280.934,279.494,301.78,291.867,298.856,282.737,288.365,277.816,267.754,263.475,262.379,263.865,259.75,260.861,254.834,249.465,262.168,233.382,194.441,141.158,116.716,104.656,110.492,113.739,104.095,102.993,99.4683,106.774,115.102,122.329,126.552,125.65,123.789,120.665,127.452,141.172,164.942,191.51,205.137,231.781,251.231,276.561,278.505,302.252,311.001,318.068,326.63,333.216,339.031,345.841,347.705,351.985,359.207,368.071,359.937,361.632,343.331,317.892,313.791
735.5,254.922,255.225,274.861,273.358,295.834,283.608,288.504,275.878,281.318,271.81,256.986,253.118,254.188,256.948,257.55,254.716,249.108,243.617,255.423,227.721,189.076,137.867,113.603,102.158,107.92,111.426,101.492,99.9599,96.4153,103.216,111.715,119.128,124.269,122.406,122.089,117.205,123.95,138.392,161.566,186.095,204.402,228.672,244.508,268.907,276.146,299.879,306.839,310.191,317.94,327.62,331.719,341.419,342.291,345.501,352.985,355.866,351.052,353.823,333.104,310.108,305.887
736,251.325,245.948,267.688,265.879,287.094,278.127,277.353,271.037,271.757,262.426,244.881,242.888,248.195,252.08,252.951,249.264,244.997,238.611,247.395,222.02,184.863,133.792,109.06,98.7692,105.463,108.539,98.2221,97.3981,94.7014,100.42,108.735,116.258,122.377,118.18,118.372,114.951,120.726,133.893,157.358,181.881,199.06,225.959,240.81,263.575,271.432,293.024,301.081,303.262,308.651,320.889,324.647,334.857,334.479,340.983,343.429,350.179,345.091,343.29,325.599,301.642,299.164
736.5,245.645,240.021,258.212,258.911,280.624,269.529,266.755,263.984,261.609,252.289,238.232,235.897,241.784,246.188,246.111,242.096,238.771,230.201,239.012,212.216,179.979,131.38,105.765,96.9056,101.358,105.306,95.2503,93.7535,92.2356,98.3784,105.611,112.883,119.297,115.27,115.186,114.416,118.631,129.856,154.426,176.296,196.237,220.256,236.392,257.257,266.599,287.012,294.789,296.794,301.974,314.715,318.779,325.25,326.853,336.483,340.374,341.213,339.313,340.809,316.977,297.118,290.691
737,238.6,233.388,250.257,249.012,271.969,267.154,258.685,258.061,251.816,241.617,234.569,230.267,235.144,239.238,235.84,234.518,231.142,221.702,231.183,203.216,174.863,126.828,101.634,94.2548,98.1897,101.399,92.2505,90.8484,89.8259,96.8788,102.069,110.044,116.825,110.742,112.202,113.429,115.21,126.751,152.152,173.345,194.713,214.567,231.584,255.376,263.555,279.837,286.531,289.873,297.516,307.758,311.309,314.351,321.857,329.551,332.015,333.052,334.047,337.293,309.105,291.843,284.794
737.5,231.002,228.389,242.927,242.426,262.735,262.205,252.254,250.403,241.258,233.334,233.151,226.039,230.562,233.728,229.005,225.469,224.556,213.114,223.515,196.937,168.407,124.296,98.2572,91.4891,93.6117,97.6907,90.1776,87.9645,86.4997,93.4084,98.4274,106.339,112.619,107.933,108.253,111.488,112.623,125.257,149.031,170.234,189.571,210.116,227.304,252.126,258.718,271.76,280.545,282.658,289.768,300.31,304.935,306.654,310.718,321.533,328.125,326.007,322.557,334.692,302.069,285.354,276.158
738,222.51,223.054,237.251,234.733,256.045,253.149,244.617,243.848,238.006,228.647,230.458,220.664,225.026,228.269,221.821,215.938,213.552,205.64,217.468,192.881,162.625,121.005,94.2605,89.0048,89.9914,93.9037,87.1881,83.5825,83.6946,90.2289,96.436,103.143,109.009,105.54,105.759,108.314,108.975,124.224,147.509,167.837,186.29,205.786,220.656,249.177,256.109,265.945,273.584,275.122,284.12,294.789,297.966,296.455,302.659,311.218,321.491,318.833,315.755,328.134,296.76,280.855,271.882
738.5,217.849,217.903,228.852,229.416,247.476,245.476,237.442,237.735,231.448,221.287,224.395,212.618,218.157,222.34,214.067,208.027,203.948,199.689,211.744,189.76,158.013,116.831,90.9858,86.5043,84.6588,91.1,83.2763,81.219,80.4273,87.0863,93.522,101.672,105.217,104.218,103.871,105.647,106.57,122.774,142.965,163.956,182.098,200.53,216.506,241.595,249.591,259.446,267.489,266.742,275.984,290.745,288.686,293.483,295.258,304.416,314.036,311.986,305.609,318.569,291.13,272.729,266.026
739,209.641,213.915,221.311,226.611,240.417,237.694,232.661,231.773,224.7,211.263,216.677,205.446,209.118,214.891,206.412,201.397,195.74,195.377,204.475,185.836,153.173,113.407,87.7143,83.717,82.0103,88.675,79.4209,78.1724,77.3009,83.2568,90.5576,99.1544,101.932,101.908,102.046,103.077,104.335,118.341,140.578,161.147,180.118,195.175,211.655,233.709,240.637,252.304,262.618,260.349,269.331,283.471,280.542,287.395,290.198,304.699,308.409,307.048,299.519,306.027,284.88,266.694,261.267
739.5,203.082,208.459,213.706,220.873,233.056,227.513,227.762,226.316,215.501,202.501,208.281,198.627,201.83,207.88,199.464,195.05,189.72,191.378,197.782,180.984,146.429,109.6,84.7113,81.1824,79.9165,85.8531,76.8902,76.6229,75.2375,80.9853,86.8847,94.9732,97.9337,99.5063,99.0164,101.309,101.249,114.918,137.383,157.876,176.499,189.746,206.048,225.939,235.411,245.931,255.887,251.934,261.848,276.653,273.435,280.396,282.435,299.638,299.441,301.485,293.8,296.085,280.952,257.92,253.68
740,194.518,202.054,208.04,215.933,225.475,219.172,223.388,217.096,207.865,194.533,199.522,193.538,193.813,199.641,193.476,188.425,183.264,185.27,190.856,175.835,139.841,105.677,81.5752,78.0941,78.4491,82.4952,75.4567,74.6253,74.0192,78.3979,83.0856,91.7561,95.0155,94.9878,95.0836,98.3239,99.4598,112.324,133.838,155.993,173.413,186.176,201.905,220.027,229.066,240.349,250.053,246.613,255.168,269.551,266.78,271.705,277.553,292.476,287.941,296.124,289.525,286.108,273.599,250.995,246.819
740.5,188.819,194.953,202.75,208.489,218.356,209.214,216.937,210.776,203.169,191.584,192.182,185.703,186.366,191.204,186.883,180.799,180.078,176.843,182.36,169.124,134.474,102.476,79.2688,74.8021,76.6207,78.6062,74.0904,72.9762,71.2612,75.661,79.3167,87.7046,92.7833,90.8464,91.1739,96.3354,97.4102,110.674,130.875,152.556,169.268,183.12,196.776,213.413,226.103,234.924,244.282,242.798,247.103,263.797,265.087,266.368,272.537,283.727,279.307,286.421,284.989,278.525,269.328,243.898,242.389
741,181.866,187.461,197.394,202.551,212.32,202.883,212.117,202.135,200.245,188.334,185.148,179.07,179.079,182.648,181.563,174.018,174.357,170.075,177.284,162.154,129.603,98.8396,76.8802,71.5255,74.0842,75.1166,72.3724,70.7173,69.1759,73.8522,77.6821,85.4375,90.6264,87.7907,89.1168,93.3374,96.2248,107.113,126.438,148.702,166.562,180.684,191.632,209.299,222.302,233.568,238.429,239.752,241.287,258.082,256.978,260.024,268.131,275.178,271.667,280.576,277.207,274.525,263.854,238.584,238.939
741.5,174.901,179.126,192.242,197.782,204.832,200.81,204.963,196.615,194.785,182.775,179.81,171.569,172.857,176.034,174.511,169.245,167.558,162.563,170.529,156.617,127.236,95.5997,74.5071,69.32,71.3195,71.8656,69.6602,69.013,66.7448,70.8082,76.0052,82.4347,88.8352,84.9769,87.0934,90.6851,94.9681,104.045,123.316,143.339,162.974,176.361,187.787,202.353,216.746,228.589,230.802,233.411,234.105,251.009,254.962,255.907,261.873,268.541,265.535,274.059,269.35,266.438,260.785,232.567,233.703
742,169.763,172.013,185.412,191.1,198.376,199.975,198.189,189.261,189.95,178.032,172.358,165.232,167.33,167.517,165.908,163.528,162.281,157.534,164.884,150.013,123.315,92.2974,71.4435,66.3917,68.9108,68.5562,67.3022,66.0518,65.054,68.6625,74.0288,79.691,85.5232,83.4436,85.2992,88.1852,92.3875,101.033,118.955,139.682,157.183,171.371,183.443,200.406,210.783,223.294,225.501,228.303,226.805,244.014,247.202,248.95,256.355,262.469,260.176,266.625,262.606,258.982,253.789,226.06,227.499
742.5,162.095,165.112,179.064,184.746,191.919,193.16,191.185,180.186,182.347,173.478,165.881,160.158,161.923,162.63,159.448,159.453,156.782,152.898,157.961,145.943,117.504,87.5146,68.774,64.4262,66.4054,66.7986,64.4866,63.8832,62.5877,65.9969,72.1184,76.8435,81.8806,80.0045,82.9229,85.6315,89.958,98.3354,115.394,136.114,153.44,167.61,179.145,194.748,206.571,214.235,218.14,221.813,221.941,235.791,243.631,242.534,248.046,256.289,255.292,258.915,258.702,252.613,248.024,222.947,220.934
743,159.123,162.615,172.838,178.518,185.885,184.992,184.857,171.826,175.106,168.296,160.608,154.863,156.191,155.855,152.005,153.71,149.82,148.161,151.597,140.312,112.386,84.4386,66.2313,62.2199,64.3699,63.4939,62.3222,61.5401,60.8716,64.441,69.5288,74.5887,79.4446,78.159,80.9051,83.0583,87.0354,94.7086,112.246,133.267,148.515,161.235,175.42,192.503,203.984,207.515,212.463,216.149,220.17,231.029,238.236,237.075,240.796,251.623,250.588,255.304,253.824,246.089,240.263,220.408,213.047
743.5,153.806,158.324,167.304,170.944,179.959,176.564,178.866,165.044,168.837,162.476,155.15,150.546,150.491,151.135,147.26,147.873,145.472,141.619,144.466,134.964,109.024,80.8772,64.145,60.1866,61.2069,60.9292,59.9174,59.7505,58.6134,62.2215,67.0898,71.9737,76.8161,75.8489,77.5812,81.0459,84.1215,92.618,109.634,130.406,144.824,156.889,170.054,187.035,198.905,202.642,206.118,210.021,215.333,226.074,232.276,232.106,233.632,245.168,243.56,247.169,249.301,241.371,234.785,215.134,207.784
744,150.955,153.746,162.44,163.609,173.238,166.826,169.569,158.222,163.809,155.334,149.738,145.647,145.034,144.303,139.915,142.58,137.922,136.956,139.541,129.169,104.728,77.2721,62.1402,58.0614,58.6479,58.4497,57.8661,57.5248,56.0005,60.7215,63.8783,70.3864,74.7535,73.7616,75.6471,78.5898,81.9382,90.9886,105.977,126.043,139.922,149.887,166.574,181.794,192.835,198.808,202.287,203.88,211.089,221.098,227.19,226.319,224.678,237.584,240.624,242.744,241.648,234.757,227.833,210.138,202.318
744.5,146.482,148.795,156.095,158.23,167.818,159.647,164.707,155.011,157.05,150.2,144.86,140.748,139.017,138.053,136.065,137.638,134.243,131.668,134.076,121.941,101.392,74.3992,60.3947,55.5833,56.4113,56.0664,55.5262,56.0017,53.6659,58.244,61.5432,68.4233,70.7758,71.2782,73.7162,76.2188,78.9773,91.1585,103.34,122.118,135.82,144.455,162.278,177.726,186.007,196.242,196.27,197.263,203.848,215.885,221.71,219.925,218.375,232.195,234.588,234.222,235.781,230.481,224.125,203.946,198.543
745,140.995,144.084,149.439,154.187,162.079,152.652,153.516,150.755,150.562,144.286,137.839,136.42,133.773,131.59,130.133,132.659,129.177,127.717,129.172,117.147,97.5981,70.6929,57.9835,53.5636,53.9379,53.872,53.7519,54.104,51.2909,56.393,59.6082,66.5496,68.2828,69.6693,72.3279,73.088,76.9419,89.0162,100.581,119.317,133.335,138.684,158.53,171.31,181.873,191.849,192.831,191.032,198.612,209.363,215.981,212.877,213.021,225.445,233.078,225.959,227.747,224.391,218.943,198.623,193.722
745.5,136.294,137.894,143.781,149.337,156.942,149.66,148.027,145.421,143.955,138.588,133.155,132.016,126.877,127.376,126.016,127.253,124.27,122.912,124.035,113.171,93.5688,68.0438,55.4517,51.5737,51.8006,52.2135,51.5574,52.1103,49.4577,53.9631,57.934,64.2306,66.0781,68.1934,70.3593,71.4274,74.5423,86.2969,97.9797,116.86,131.405,133.954,153.84,166.292,178.845,184.558,189.352,187.645,193.241,204.869,209.598,208.955,206.693,219.472,227.106,221.598,220.476,220.345,214.214,192.938,188.406
746,131.158,134.253,138.526,144.11,151.374,146.772,143.228,139.798,138.846,134.482,126.929,127.656,123.493,124.977,122.176,121.64,119.416,117.573,119.066,110.246,88.7778,65.4965,53.615,49.1224,49.9821,50.6184,49.7696,49.9127,47.2396,52.3632,55.9541,62.0596,64.9024,66.2327,68.2615,69.8625,72.8497,83.6187,95.9581,113.426,129.309,131.628,151.595,161.37,174.711,181.281,184.997,183.873,189.65,198.821,203.123,202.285,201.442,215.198,221.673,216.564,213.671,215.862,209.035,187.652,181.979
746.5,127.862,129.078,134.762,137.869,146.621,143.426,140.23,133.933,132.667,128.627,123.712,123.15,120.232,123.001,118.26,116.314,114.66,111.75,113.021,106.601,84.8788,64.0976,51.6273,47.0826,48.5743,49.1091,47.6819,47.6689,45.6472,50.0502,53.765,59.7679,62.9306,64.0879,65.3462,68.4222,70.3537,81.4417,93.2559,110.517,125.508,130.057,147.324,158.269,172.095,176.022,181.767,179.016,185.135,194.989,198.647,199.762,197.31,208.996,215.634,212.08,206.766,209.776,203.259,181.268,177.1
747,123.906,125.49,129.352,132.418,142.45,139.599,139.344,130.796,128.996,122.805,118.61,118.752,116.305,118.353,114.278,111.858,110.991,107.027,106.429,101.465,82.4742,62.093,49.8168,45.2425,47.2226,48.1731,45.277,45.3643,44.0831,48.0067,51.846,57.9997,61.4348,61.5197,63.2644,66.2371,68.5616,79.5139,90.7676,106.533,122.439,128.096,143.593,152.941,168.147,172.394,175.304,174.067,181.074,189.971,193.04,194.335,192.156,203.289,208.83,205.517,202.014,204.543,197.741,177.3,171.68
747.5,119.21,121.358,123.776,127.065,137.795,135.475,132.434,126.941,124.925,118.046,113.77,112.169,113.478,113.726,110.035,107.398,106.504,102.971,101.907,97.6199,79.9982,59.6799,47.5888,43.6349,45.0816,46.2535,43.7398,43.8712,43.0169,46.4036,49.8679,56.1495,59.5128,59.2287,61.6124,64.549,66.8885,77.7033,87.9938,104.532,118.997,126.811,139.371,149.98,163.216,168.067,171.426,169.214,176.058,185.715,186.35,190.349,186.469,196.026,201.219,200.14,197.35,200.891,189.585,172.223,170.059
748,115.81,116.672,119.418,122.453,133.81,131.461,128.186,124.999,121.752,113.177,110.449,107.991,108.601,109.364,105.382,103.293,102.963,99.1216,98.5577,94.3,77.6954,57.5063,45.6376,42.3414,43.3426,45.427,41.9659,42.1443,41.687,44.3627,48.2933,54.2511,57.2829,57.4862,60.1686,62.8005,65.8384,75.541,85.0249,100.325,116.558,123.574,135.326,145.582,158.406,163.843,167.057,163.702,171.981,181.454,179.245,186.027,180.711,191.49,194.45,195.683,195.329,196.834,184.309,168.545,166.378
748.5,110.881,113.141,117.071,119.042,130.164,127.589,123.17,120.893,116.578,110.105,106.892,103.767,103.75,105.089,102.074,99.7314,98.4931,96.5788,95.9726,90.3301,74.7827,55.8798,43.8606,40.584,41.4097,43.8665,40.7605,40.5786,40.6028,42.9376,46.4877,51.7311,54.7179,55.4027,58.3294,61.2739,64.1095,72.8203,84.0445,98.3926,112.603,120.214,131.18,142.896,152.538,159.55,161.633,159.378,168.352,176.168,173.202,181.349,175.679,186.018,186.981,191.389,191.278,193.046,179.127,166.075,163.72
749,106.385,107.644,113.902,114.997,125.815,123.278,119.435,116.984,112.119,106.51,104.202,101.573,100.121,101.75,99.3784,96.4291,94.2471,93.8339,92.5091,86.8441,72.2128,53.9256,42.2452,39.6659,39.4021,42.2367,39.3746,38.6909,39.3382,41.1393,45.0823,49.9916,52.0404,53.2486,56.328,59.269,62.5823,70.849,82.6175,95.5894,109.948,115.933,126.278,139.069,148.667,156.303,157.969,156.243,164.68,171.732,168.721,177.438,171.156,179.873,181.551,186.478,188.127,188.766,175.03,163.494,159.4
749.5,102.367,103.731,111.201,112.386,120.919,120.723,115.823,112.088,107.213,102.865,100.32,97.7852,96.5316,98.6337,96.1618,92.0589,90.8742,90.5647,89.6244,83.4876,69.2012,52.2867,40.7747,38.2754,37.5302,40.4395,37.7061,36.9482,37.6615,39.6331,44.1273,47.7545,50.0023,51.5046,54.4449,57.3802,60.7911,68.7766,80.7817,94.0489,106.504,112.301,122.82,135.936,146.157,151.439,153.461,153.619,159.729,166.541,165.246,172.631,168.956,175.249,177.177,180.409,183.627,183.13,169.6,160.054,154.203
750,99.2256,99.3403,106.496,108.885,116.197,115.752,111.411,106.657,103.841,99.6586,96.4777,93.9789,93.2444,95.652,93.4271,88.451,87.0041,86.0364,85.9331,80.4677,66.673,49.8459,39.5252,36.7857,36.6376,38.7316,36.4189,35.1413,35.958,38.4841,42.9271,46.3376,47.9377,49.6846,53.291,55.0261,59.131,67.0357,78.8513,90.8324,104.123,109.835,118.532,133.141,141.381,147.131,149.209,150.342,155.89,163.23,163.135,166.19,165.076,171.626,171.775,173.517,177.706,177.961,164.074,156.342,149.707
750.5,96.3078,96.1579,103.229,103.981,112.028,112.198,107.074,101.547,100.284,96.479,92.4679,90.364,91.1079,92.3158,89.8325,85.0222,84.4959,82.0305,83.259,77.3312,63.6623,47.9725,38.1694,35.3013,35.765,37.0153,34.9786,34.064,34.2089,37.4979,41.3426,44.8087,46.7932,48.0588,51.5952,53.8922,57.5496,64.3316,76.4263,88.7908,101.462,106.347,114.526,129.075,138.754,141.837,146.754,146.507,150.424,158.756,160.553,161.448,163.671,167.204,168.317,167.919,171.322,173.096,155.651,151.721,146.22
751,93.1057,93.7519,99.6322,100.141,107.657,108.362,101.88,97.2388,97.6586,92.8974,89.3225,86.7629,88.0536,89.0127,86.4631,81.5362,80.7909,78.5619,79.8851,74.4219,60.7246,45.756,36.9745,33.8202,34.6881,35.4199,33.8451,33.1537,33.0282,36.072,39.5874,43.5636,45.5655,46.0053,50.0289,52.1649,56.4586,62.0211,73.5393,86.9314,98.2158,102.992,112.557,126.191,134.726,137.432,143.002,142.641,147.874,155.005,156.827,156.635,161.866,163.765,162.783,163.638,166.601,168.533,151.595,146.927,142.292
751.5,89.0248,91.3416,96.8212,97.349,102.58,103.674,99.0751,92.7619,94.6235,89.1354,86.6494,83.2178,85.256,84.5217,82.9649,78.5606,77.3506,75.8502,77.2522,71.2593,57.5891,44.1811,35.4978,32.3079,33.8563,33.2571,32.5383,32.2293,32.1836,35.1479,38.1091,41.7708,44.213,44.4383,48.5228,51.2031,54.0658,60.6722,71.4178,84.745,95.5991,99.8,109.058,121.21,132.176,134.36,138.881,138.319,143.856,150.592,152.788,153.442,157.04,158.181,157.184,158.196,161.827,163.816,147.801,141.978,138.699
752,84.2377,89.2031,92.9891,93.9145,98.3933,100.28,96.2431,89.9621,92.0886,86.0485,82.2378,79.6877,81.4945,80.7945,79.597,74.7566,74.2243,73.4593,74.8742,68.9182,54.7037,42.4235,34.1738,31.3265,32.0561,31.7376,31.2858,31.1799,31.0371,33.7978,36.4813,40.3533,42.6427,43.0893,47.2108,50.0282,52.1816,59.6722,69.4944,82.8985,93.5381,96.5148,106.66,118.148,129.781,132.129,134.681,135.94,139.675,146.005,149.083,149.139,150.969,152.581,151.61,155.854,158.238,159.156,145.715,137.345,134.734
752.5,82.0217,87.0124,89.3253,90.6879,95.1782,97.2088,94.7762,87.9504,88.3527,81.2842,78.2233,76.6861,78.2248,77.5997,75.8498,72.049,70.9217,71.7922,71.9247,65.233,52.2937,40.8537,32.8801,29.8166,30.835,30.4062,30.1052,29.9011,30.3395,32.8071,34.9877,38.6543,40.9765,41.6923,45.7579,48.5491,50.6411,58.6103,67.8202,80.7269,90.8272,92.8621,104,114.565,126.286,129.407,130.333,132.389,135.373,142.449,144.566,143.808,146.754,147.237,146.94,150.305,154.144,154.726,142.036,132.86,131.155
753,79.4833,84.3453,85.1118,87.6549,92.429,95.9346,91.935,87.2146,84.4151,78.7759,74.6257,73.7375,74.5739,74.3276,73.1304,70.2875,68.6551,69.7487,69.7643,62.5079,50.5778,39.4125,31.6024,28.8905,29.5109,29.6784,29.2953,28.8354,29.3779,31.3677,34.1443,37.3343,39.3681,40.0446,44.1186,47.1209,49.4187,57.0895,66.1446,78.7232,88.8122,90.9859,101.932,111.277,122.136,125.892,125.754,127.302,131.488,137.469,141.566,140.509,142.666,141.956,140.377,147.636,149.967,150.442,139.131,129.095,126.68
753.5,77.0185,82.244,81.1519,85.8352,88.2509,93.1066,88.6708,84.6227,80.492,75.2818,72.2141,71.4626,72.0715,71.1973,70.126,67.9772,67.5189,67.2352,66.8672,60.073,48.6852,37.8768,29.869,27.6457,28.8958,29.3179,28.0181,27.8292,28.338,30.3246,33.1581,35.9225,38.0268,39.5261,42.2271,45.4664,47.8524,55.3632,63.6636,76.5967,85.6391,89.2641,98.9529,109.045,119.163,122.544,121.635,122.986,127.596,133.427,137.307,137.518,138.837,139.038,137.719,142.425,145.33,146.527,134.336,125.744,124.256
754,74.8571,79.2247,78.3294,84.1499,86.1932,90.3754,85.7648,82.8311,76.9205,72.3308,70.1916,68.8409,68.8199,68.9615,67.5554,65.9156,65.3939,65.2421,63.9605,58.3148,47.5958,36.2873,28.4133,26.2912,27.4256,28.655,26.7998,26.9922,27.2278,29.3661,32.1696,34.4995,37.005,38.2743,41.0404,43.845,46.4533,53.9496,61.6734,74.3676,83.2533,87.7811,96.9985,106.593,115.894,118.992,118.721,119.843,125.209,129.767,132.025,134.712,134.685,135.021,134.541,138.787,141.229,142.947,131.611,122.286,120.301
754.5,71.6877,76.12,76.8946,82.2076,83.3575,86.3614,83.1368,80.1222,75.1819,69.786,66.6624,65.4975,66.3348,66.0425,64.949,64.1696,63.3012,63.1244,61.6154,55.8394,46.4506,34.4431,27.1935,25.281,26.0973,27.7373,25.9969,26.1331,26.3343,28.5955,31.3399,33.2201,36.088,37.0171,39.6039,42.6992,44.7217,52.2932,59.3197,71.9142,80.4332,85.4356,94.8191,103.786,113.495,116.164,116.076,116.993,122.054,126.134,127.51,131.35,131.499,133.302,133.212,134.74,136.41,139.265,128.67,118.062,117.013
755,69.6649,73.1866,75.9103,79.3548,81.9324,82.8168,81.2344,78.1099,72.8435,67.0142,64.5074,63.412,63.9776,63.8133,62.6925,62.2379,60.4235,60.8002,59.5896,54.5868,44.9857,32.7573,26.3599,24.3718,25.0792,26.6401,25.1213,25.1471,25.4535,27.2116,30.0166,32.25,35.3156,35.7755,37.6483,41.3916,43.7648,50.3994,57.3141,69.6835,77.5472,82.2147,92.5099,100.891,109.627,113.355,113.052,114.705,118.316,122.263,123.121,127.795,126.64,131.473,131.231,130.315,132.907,134.862,123.791,114.902,112.455
755.5,68.0986,70.0102,73.5962,76.2794,79.2444,78.9585,78.1985,75.5169,71.5646,65.3916,62.3197,61.7505,61.7935,61.081,60.8526,59.8203,57.6474,58.548,57.3017,52.3598,43.5736,31.7185,25.4781,23.541,24.0033,25.1993,24.6232,24.223,24.5577,26.0319,29.105,31.6748,34.4783,34.653,36.198,40.1979,42.811,48.3917,56.2712,67.3582,76.2493,79.4296,90.3616,97.6782,106.006,110.721,110.368,111.247,115.122,119.631,119.15,123.834,123.006,128.87,128.632,128.263,129.731,130.838,119.928,111.654,109.64
756,67.0531,68.4409,69.8523,73.3577,76.3725,75.5531,75.6193,72.4717,69.5624,63.6357,61.1629,60.5737,60.2317,58.9887,58.9002,57.3603,54.9633,54.9931,55.8504,51.8567,41.7908,30.7019,24.5513,23.0354,23.2673,24.1946,23.5266,23.3929,23.6708,24.877,28.2078,30.3116,33.3544,33.6121,35.3459,39.1587,41.9153,46.5257,54.5974,64.7244,72.4274,77.4662,87.2482,95.2609,102.459,108.136,106.528,108.753,110.802,115.542,117.164,119.53,119.12,125.091,125.256,125.202,126.852,125.721,115.763,109.646,106.245
756.5,64.8662,66.8619,66.6124,71.3516,73.7529,71.9099,73.0528,70.0697,66.9366,61.5611,59.2462,58.9342,57.8627,56.7683,57.5763,56.0586,53.0383,52.2916,54.0658,49.9179,40.4597,29.7831,23.7503,22.2442,22.4667,23.1095,22.8816,22.6114,22.7556,24.0866,26.9887,29.5916,32.3726,32.3713,34.54,38.0423,40.9138,45.6469,53.3069,63.0454,71.2357,75.1218,84.6311,92.4895,99.3197,105.306,103.052,106.828,107.783,112.706,113.419,116.215,115.494,120.395,122.356,123.3,123.817,122.434,112.348,107.575,103.127
757,63.1725,65.5375,64.612,69.1316,72.2425,69.8039,69.6545,67.3758,64.3545,59.2987,57.4064,57.047,56.0782,54.727,55.6484,54.199,50.6808,49.6442,52.4514,48.4352,39.0066,28.6817,22.9779,21.5345,21.8106,22.4011,22.3959,22.0681,21.8801,23.5794,25.9688,28.1003,31.2143,31.3505,34.0018,36.2514,39.705,44.7597,51.3384,60.6918,69.293,73.4922,82.2098,89.9134,96.5402,101.748,99.7378,103.55,103.383,109.768,109.94,112.102,112.439,116.527,119.991,119.354,119.708,119.596,110.323,104.538,99.9431
757.5,60.9618,63.516,62.6713,66.6559,69.8545,66.704,67.2428,65.0678,62.2654,58.1659,54.188,54.9762,52.955,52.1855,53.6375,52.0688,49.2334,47.5509,50.9283,46.1599,37.5238,27.6674,21.9835,20.5902,21.1598,21.6302,21.9097,21.4534,21.2107,22.8291,25.0799,27.2739,30.2932,30.5856,32.8859,35.1019,38.4283,44.1162,50.2084,59.5655,67.3446,72.0665,79.9225,87.6356,93.681,98.5681,96.2367,100.319,100.707,107.527,107.344,109.092,109.766,113.427,115.511,115.523,116.743,115.676,108.186,102.47,97.4798
758,58.8378,60.9587,60.8917,64.9357,66.6615,64.4255,64.9928,62.8873,59.8496,56.0193,52.5718,52.887,51.117,50.7243,51.2882,50.3854,47.9516,46.509,49.229,43.9272,35.9355,27.0275,21.1863,19.928,20.7686,20.9323,21.3194,20.7869,20.5816,22.2006,24.2348,26.0607,29.3024,29.5495,32.1049,34.2347,37.0234,42.8724,48.5577,58.2743,65.9166,70.4929,78.1009,85.6154,91.3099,95.704,92.5119,97.5068,97.3577,104.534,104.228,106.331,107.242,110.537,113.119,112.464,113.669,112.999,105.397,99.1882,94.5028
758.5,57.7059,59.111,59.4843,63.2927,63.6087,62.6241,63.168,60.9206,57.527,54.5406,51.136,51.192,48.2082,48.9232,49.7436,48.7283,46.8704,45.5686,47.3672,42.6661,34.5752,26.089,20.3773,19.2149,20.2755,20.3858,20.459,19.9142,19.9986,21.6071,23.8897,25.5296,28.327,28.7986,31.4578,33.3587,35.7685,41.6408,47.4953,57.3922,63.5562,67.9676,76.7309,83.501,88.8072,92.6254,90.3578,93.9719,95.3713,101.927,101.878,103.1,105.077,108.893,110.135,109.958,110.732,110.066,102.947,95.5261,92.2389
759,55.9291,56.9618,57.7618,61.8882,61.2426,61.5317,61.9519,58.2372,55.303,51.6667,50.242,48.7069,47.5701,47.3245,48.2204,47.081,45.7588,44.1661,45.8488,40.8762,33.2073,25.1711,19.7002,18.5749,19.6449,19.8844,19.6634,19.185,19.3086,20.9972,23.2097,24.3015,27.3871,27.9907,30.8616,32.5488,34.4765,40.1198,46.3713,56.1654,61.8698,65.6759,74.989,81.3981,87.3778,90.3042,88.8207,91.2486,92.8717,99.3017,99.3891,101.753,103.223,106.474,107.492,107.685,108.224,107.196,100.292,91.8925,89.0629
759.5,55.0103,55.4001,55.7283,60.3637,60.0745,59.2417,59.4686,55.9005,53.5924,50.2088,49.1886,46.9831,45.9131,46.1107,47.0153,45.5251,44.5612,43.2128,44.0047,39.9408,32.4687,24.1062,18.9401,17.9617,18.881,19.4237,18.9841,18.4412,18.4805,20.3466,22.4076,23.6411,26.5851,27.4788,30.14,31.87,33.5947,39.0748,45.5125,54.5536,59.7037,63.2265,73.1251,79.6081,85.002,88.835,87.7956,88.2864,90.8918,96.4893,96.7357,98.5738,100.778,103.892,104.91,104.608,105.727,104.428,97.9474,89.1975,86.5734
760,53.5811,54.0785,53.2554,58.6575,58.7036,56.9683,58.4676,53.94,51.812,48.8709,47.851,45.7105,45.0255,44.5834,45.1419,43.7882,43.4604,41.5109,42.4201,37.953,31.1044,23.1675,18.4051,17.2492,18.0875,19.0128,18.404,17.7836,17.9497,19.8086,21.6614,22.8321,25.64,26.4519,29.493,31.1173,32.6234,37.874,44.6602,52.9865,58.5619,61.83,71.3883,77.646,83.502,87.6482,85.237,85.8423,87.921,93.898,94.9723,96.5738,97.6155,100.902,102.249,102.354,102.836,101.205,94.7522,87.8422,83.8281
760.5,52.0409,52.6884,51.5829,56.861,57.1757,54.512,56.324,52.5017,50.0745,47.3178,45.6764,44.7533,44.3579,43.3114,43.6708,42.4516,42.0966,40.3315,40.4184,36.2147,30.1185,22.4671,18.0479,16.7963,17.4531,18.4583,17.7224,17.1556,17.3277,18.9338,21.0207,22.7035,25.1624,25.537,28.6228,30.6402,32.0039,37.0002,43.4218,51.4002,56.9327,60.3145,69.8387,75.7396,81.623,85.1366,82.8408,84.3657,84.318,91.0827,92.8608,93.8892,95.2085,97.7512,98.9807,100.045,99.5118,99.016,92.1106,85.6116,81.8804
761,50.1753,51.0055,50.5129,54.9211,55.7966,53.485,54.3136,51.2243,49.1445,46.0083,43.742,44.1887,43.0764,41.619,42.1622,40.9477,40.9884,39.1378,38.85,34.9402,28.8509,21.7837,17.5819,16.3778,16.7904,18.0265,17.07,16.6432,16.7006,18.4225,20.4779,22.4206,24.1535,24.8708,27.8625,29.7828,31.38,36.1709,41.874,50.3422,55.7106,58.3623,67.7996,73.8931,80.1711,83.5732,80.8916,83.0058,82.5095,87.9957,90.0193,91.9037,92.9858,94.5583,96.7014,98.1848,96.9439,97.3329,90.3557,83.5732,80.6815
761.5,48.2782,49.2045,49.4883,53.2726,54.398,52.4262,52.4384,49.44,47.2527,44.2709,42.2214,43.0437,42.3999,40.1659,41.046,39.5867,39.606,37.9859,37.3275,33.792,28.0444,21.1998,17.2027,16.1339,16.2552,17.4906,16.3713,15.998,16.2715,17.9982,20.0213,21.884,23.4005,24.1641,26.9691,28.8299,30.4486,35.7175,40.6804,49.0702,54.0148,57.0143,65.5883,72.0727,78.0163,80.6115,78.857,81.2344,80.5939,86.1692,87.3373,89.46,90.8031,92.1701,94.01,94.8853,94.8776,95.2339,88.9418,81.1559,79.6338
762,46.5438,47.6225,47.958,51.7617,52.8634,50.8534,50.7599,47.9808,46.2452,43.0795,41.5568,41.9503,41.0332,38.7525,39.5117,37.8588,38.233,37.388,36.8044,33.2096,27.3278,20.6113,16.7241,15.581,15.733,16.9989,15.8899,15.5779,15.9467,17.452,19.3515,21.2761,22.6424,23.8953,26.0804,27.7953,29.525,34.9196,39.3309,48.004,53.3826,55.8464,63.4784,69.9957,75.4013,78.3032,77.152,79.3107,79.4609,84.2893,85.5189,87.3304,89.1999,90.0513,92.9459,92.3804,92.8766,91.9018,87.3358,79.6092,77.5896
762.5,45.6644,46.4521,46.784,50.1247,51.2761,49.5449,49.6056,47.0309,44.3213,41.4848,40.1617,40.8996,39.2013,37.8311,37.7853,37.0199,37.152,36.8515,36.2458,32.668,26.7175,19.8727,16.1166,15.2292,15.1368,16.2871,15.3151,14.9792,15.6626,16.8844,18.6733,20.7368,22.1639,23.5244,25.3755,27.2054,29.2133,34.4046,38.6196,46.9948,52.4081,54.6484,62.0067,67.8698,73.5746,75.8377,75.7623,77.3226,77.8036,83.3162,83.6889,85.316,87.5309,87.615,90.3796,89.7983,90.2401,90.0299,84.3002,78.9112,76.192
763,43.6374,45.1328,45.566,48.2449,49.8853,47.408,48.0122,46.4873,42.9963,39.5848,39.1261,39.7921,37.8994,37.059,36.7031,35.5012,36.0665,36.1908,35.5735,32.3224,25.8871,19.2325,15.4961,14.7087,14.6353,15.8207,15.205,14.8008,15.2502,16.3645,17.9251,19.9189,21.5422,23.2361,24.6266,26.3653,28.3198,33.5118,37.7371,46.1384,51.594,53.9674,60.5344,66.6686,72.1392,73.6197,73.4439,74.8955,76.4747,81.7151,82.8484,83.0256,85.2203,85.7252,88.3003,87.9771,87.6313,87.2762,82.6257,77.1497,73.8737
763.5,42.4868,43.7784,44.2687,46.7777,48.3652,46.6413,46.9459,45.6728,41.9824,38.7362,37.9832,38.5186,36.4176,36.4469,35.9268,34.7323,34.6467,35.3667,34.6433,31.7151,24.9825,18.7829,15.0865,14.3845,14.4955,15.3064,14.8512,14.2843,14.8617,15.995,17.4043,19.3819,21.0229,22.7493,24.2036,25.8402,27.7223,32.5448,37.2359,44.7635,50.4376,52.7166,59.3831,65.1764,70.2057,71.8255,71.9705,71.8037,74.9311,79.3756,80.9088,81.0288,82.8258,83.824,85.9105,86.2082,85.9861,86.0214,80.146,75.2561,71.598
764,41.4657,42.6305,43.3668,45.6227,47.2748,46.0867,45.3354,44.8657,41.6816,38.0707,37.5695,37.5817,34.8899,35.6493,35.0996,33.8828,33.7236,34.1137,33.2459,30.8266,24.4125,18.3114,14.8147,13.9509,14.4287,14.9378,14.5675,13.8722,14.4956,15.5699,17.0627,18.5812,20.4732,21.8993,23.6416,25.2638,27.1546,31.6387,36.6831,43.4816,49.4051,51.7142,58.3918,63.5197,68.36,70.1697,69.8695,70.273,73.368,77.724,79.3899,79.4294,80.2737,81.7106,84.4009,85.2905,84.3402,84.2821,78.3263,73.419,70.0283
764.5,40.2933,41.255,42.2181,44.2018,45.7318,45.7375,43.8846,43.614,40.8087,37.1672,36.8976,36.4952,34.0589,34.6586,34.004,33.0721,31.9726,32.6331,32.02,29.7613,23.8034,17.9985,14.527,13.5906,13.9205,14.4543,14.0772,13.4771,14.0882,15.1366,16.7156,18.0498,20.1007,21.0901,23.0422,24.525,26.3857,30.9139,35.6237,42.3476,48.1824,50.5331,57.6095,62.4798,66.6349,68.936,68.5252,68.7997,71.5169,75.591,77.8629,76.9294,79.2615,79.6706,82.5046,83.7269,82.4215,82.2371,76.6543,72.1438,68.695
765,39.6648,39.7725,41.1598,42.9868,44.5707,45.3029,42.6632,42.8201,39.8954,36.5152,36.3263,35.7036,32.6415,33.6483,33.0783,31.9196,31.2465,31.6152,31.2982,29.0116,23.4555,17.5759,14.1695,13.2148,13.7285,14.1371,13.7329,13.1555,13.4964,14.8268,16.3253,17.4303,19.7133,20.6563,22.5309,24.1668,25.9933,30.4428,34.8781,41.5753,46.9779,49.5386,56.3864,60.7149,65.4463,67.4185,66.5422,68.7334,70.4526,74.0695,76.1979,75.3015,76.8786,78.3489,80.6423,81.8102,80.2801,80.6631,75.6506,70.3538,66.2923
765.5,38.7848,38.8545,40.0312,42.6304,43.4524,44.0336,41.9449,41.5379,38.8813,35.6383,35.849,34.8536,31.6148,32.6839,32.3649,31.2813,30.2514,30.3993,30.2393,28.0391,22.9261,17.2615,13.9176,12.7674,13.2661,13.8262,13.4755,12.9648,13.1265,14.6081,15.7839,17.2082,19.1944,20.3746,21.6892,23.615,25.5615,29.9732,34.0032,40.8026,45.8629,48.5968,55.3115,59.2428,64.0504,65.9017,65.2199,67.5065,68.3085,71.9885,74.6165,73.2535,75.1773,76.9004,78.9159,79.811,77.7971,78.7093,73.928,68.5287,64.6301
766,37.6198,38.3863,38.7743,41.6512,42.4238,43.127,41.3594,40.2566,37.9728,34.2878,34.9153,33.8258,31.0237,31.6118,32.1411,30.607,29.9465,29.4148,29.4021,27.4595,22.5335,16.9494,13.586,12.4415,12.951,13.5969,13.2316,12.7267,12.8748,14.322,15.3309,17.0325,18.7513,20.1117,21.0223,23.1626,25.1733,29.2434,33.1776,39.5015,44.7937,47.3231,54.4455,57.442,62.374,64.1941,63.9419,65.5999,66.8269,70.2924,72.4222,72.1585,74.0023,75.5378,76.6323,78.1511,76.1004,76.9888,72.7412,66.3028,61.9541
766.5,36.6407,38.1264,37.9601,41.146,41.0144,41.9053,40.7334,38.6934,36.9017,33.3445,34.0328,32.7659,30.5118,30.7776,31.5977,30.4802,29.1852,28.548,28.7708,26.9306,21.8543,16.5044,13.3489,12.1261,12.6613,13.1559,12.9195,12.4204,12.5679,13.9476,14.9148,16.7771,18.2957,19.6868,20.5082,23.0128,24.6635,28.6827,32.32,38.6789,43.7106,46.4897,53.1816,54.7572,61.2374,62.9389,62.4909,64.074,65.2123,68.8523,70.5314,70.0709,72.6639,73.516,74.5118,76.195,74.7025,75.6943,70.8125,63.9297,59.7765
767,36.01,37.4079,37.2287,40.1378,40.2845,40.7982,39.6792,37.3769,35.7244,32.6129,33.2304,31.6124,30.4686,30.1899,30.6903,29.3923,28.5777,28.0182,28.4305,26.4704,21.4139,15.7714,12.9286,11.7057,12.4464,12.7092,12.5771,12.2203,12.2683,13.5188,14.5563,16.3741,17.6624,19.128,19.8234,22.1831,23.9584,28.1357,31.7162,37.9544,43.0857,45.4771,51.9651,53.3623,59.513,61.2067,61.2021,62.2122,64.1971,67.2067,68.3514,68.3708,71.1358,72.3987,72.2446,74.8756,73.4167,73.6566,68.6327,62.1227,58.852
767.5,35.6824,36.6054,36.7501,39.2817,39.7161,39.8059,39.1146,36.3291,34.7258,32.293,32.5967,30.5177,30.5315,29.2463,29.8002,28.4277,27.6783,27.7761,28.0923,25.6816,20.9749,15.2683,12.6485,11.5087,12.0063,12.2771,12.1777,12.0029,12.0525,13.1792,14.1616,15.7329,17.0962,18.3467,19.5409,21.9567,23.3899,27.4223,31.0375,36.5952,42.0496,44.5345,50.5315,52.4829,58.1004,60.3637,60.2514,61.5112,62.7811,65.8222,67.2913,66.8109,69.1274,70.1327,70.3292,72.7349,71.6405,71.7431,66.6435,60.8914,57.8699
768,35.0825,35.5211,36.3015,38.4722,39.3622,38.7362,37.6151,35.9415,34.219,31.7216,31.6364,29.9778,30.1888,28.686,28.9584,27.6938,27.17,27.1899,27.608,24.9741,20.5717,14.6839,12.2428,11.1952,11.7053,11.9215,11.8333,11.7158,11.7892,13.0651,13.9497,15.2673,16.8223,17.769,18.859,21.016,22.8333,26.7891,30.4325,35.6264,41.1371,43.6236,49.0371,52.6902,56.6137,58.9286,59.1131,59.8598,60.8344,65.1152,65.3325,65.3969,67.3579,68.1203,67.8372,71.2456,69.7983,70.1219,64.9897,59.9172,57.4165
768.5,34.1835,34.5633,35.2411,37.2554,38.5163,38.2532,36.8546,35.4244,33.8171,30.9432,30.4862,29.2347,28.8641,27.9788,28.2637,26.9345,26.3289,26.3289,27.2449,24.3129,19.9479,14.6115,12.0228,10.8289,11.4976,11.7468,11.6089,11.426,11.5907,12.9823,13.6987,14.9498,16.5457,17.2942,18.3385,20.4115,22.3595,25.9967,29.9484,34.827,40.1325,42.585,47.7502,51.5337,55.4634,57.9256,57.6768,59.1219,59.2785,63.4257,63.9793,64.1935,66.5893,65.8957,66.1262,69.5326,67.9466,68.5295,63.2419,58.7972,56.6221
769,33.0056,33.7651,34.4129,36.4138,37.8838,37.5296,36.348,34.7236,33.5146,30.5015,29.1801,28.9638,28.0231,27.761,27.3608,26.6092,25.8705,25.7993,26.5961,23.908,19.4873,14.3526,11.6976,10.6374,11.3134,11.6363,11.3864,11.0752,11.2307,12.6769,13.6153,14.7058,16.4132,16.9542,18.077,19.8009,22.0663,25.3152,29.1934,34.2545,38.9988,41.8293,47.035,50.3201,54.4215,56.4517,56.412,57.3431,57.1455,62.1779,61.6085,62.656,64.8028,64.5041,64.572,67.6065,66.9886,66.7851,61.8297,57.5584,55.4003
769.5,32.2989,33.1066,33.5173,35.7967,36.8013,36.8235,35.6567,33.7076,32.6974,29.7642,28.3295,28.2004,27.2233,27.4589,26.8362,25.5957,25.1558,25.2035,25.9723,23.4394,18.9235,14.2828,11.4891,10.3766,10.99,11.463,11.239,10.6175,10.893,12.3567,13.3517,14.5275,16.0477,16.7077,17.8028,19.3442,21.6242,24.6837,28.6659,33.337,37.8842,41.4157,45.7223,48.9035,53.5024,55.039,54.8023,56.4899,55.6896,59.9982,60.4504,61.9685,62.8639,62.7299,63.2852,65.9501,65.3197,65.2655,59.9319,56.2278,55.1868
770,31.7946,32.6351,32.7343,35.2603,36.072,35.8604,34.9956,32.7877,31.931,29.3794,27.8476,27.4663,26.8141,26.8683,26.1457,25.3308,24.637,24.8925,25.3573,23.186,18.6461,13.9682,11.2403,10.3206,10.6399,11.2486,11.044,10.4454,10.571,11.9901,13.0898,14.3551,15.7402,16.1524,17.4987,18.8742,20.9265,23.9307,27.7743,32.6524,37.0031,40.5885,44.2675,47.6881,52.0142,53.261,53.5863,54.7249,54.5418,58.0239,58.8136,59.8891,61.0642,61.766,60.8657,64.4896,64.4788,63.7037,58.4331,54.9807,53.9602
770.5,31.0942,32.3346,32.4887,34.5885,35.1408,35.2171,33.4957,32.2397,31.2065,28.703,26.9859,27.062,25.9949,26.4598,25.9687,24.7997,23.8806,24.4713,25.0261,22.7531,18.3196,13.7002,11.0425,10.1831,10.3241,11.0018,10.772,10.2607,10.3832,11.6782,12.8837,14.127,15.3114,15.7483,17.2502,18.2899,20.3319,23.1209,27.2094,31.7768,35.9649,39.3246,42.7631,46.1317,50.4953,52.2285,52.0989,53.486,53.3685,56.6062,57.4085,57.8091,60.0879,60.5556,59.6565,62.94,63.0621,62.6302,56.1127,53.5632,53.0595
771,30.5837,31.924,32.1816,34.2593,34.2656,34.857,32.7383,31.6814,30.6324,27.855,26.3395,26.791,25.4092,25.4501,25.5707,24.2964,23.7185,23.7201,24.4311,22.5082,18.0635,13.3561,10.8353,10.1215,10.0357,10.7222,10.5729,10.1173,10.2403,11.4279,12.4748,13.8873,15.0621,15.3973,16.8705,17.9769,19.6651,22.6353,26.3045,31.0892,35.1443,38.2868,41.4513,45.2072,48.8602,50.2176,51.0537,52.0085,52.7501,54.8926,55.7348,55.7823,58.5509,58.9784,57.9106,61.4,61.9955,61.075,54.2543,52.5479,51.6784
771.5,30.1215,31.1976,31.6657,33.6374,33.5111,34.5004,32.2184,31.0452,29.9858,27.3976,25.9736,26.4211,25.1927,24.8511,25.6115,23.8902,23.322,23.2611,23.7988,22.3086,17.6353,13.1538,10.6875,10.0595,9.94748,10.4889,10.2166,10.0425,10.1036,11.3027,12.4961,13.6262,14.6954,14.9801,16.489,17.5914,19.0554,22.0626,25.8174,30.1535,34.3617,37.4871,40.8707,44.0322,47.4496,49.0149,49.3973,50.7782,51.1944,53.436,54.4689,54.1873,57.5558,57.167,56.9488,59.9499,60.4915,59.4687,52.8807,51.0818,50.2148
772,29.7167,30.3193,30.8826,33.0853,32.9176,33.8822,32.0676,30.1163,29.1295,27.1524,25.8338,25.9742,24.7484,24.635,25.2574,23.2975,22.8925,22.7359,23.138,21.8228,17.3567,12.9843,10.5906,9.81985,9.77513,10.2104,10.0916,9.82701,9.92584,11.1205,12.2096,13.2856,14.5518,14.667,16.1247,17.1499,18.6251,21.588,25.1249,29.4685,33.9672,36.3786,40.0418,42.7724,46.4732,47.4261,48.1546,49.4218,50.114,51.9205,52.952,52.9067,56.2699,55.3682,55.7087,58.2927,58.7968,57.3246,52.2423,49.6524,48.1181
772.5,28.9043,29.1798,30.1833,32.3902,32.15,33.1705,31.7612,29.2999,28.4843,26.8161,25.4981,25.0492,24.5294,24.3916,24.8373,22.9744,22.6076,22.4609,22.8649,21.513,17.1529,12.7791,10.4699,9.6126,9.74584,9.91752,9.81128,9.72011,9.64424,10.8885,12.0875,13.0153,14.1485,14.4431,15.8161,16.681,18.2008,20.9807,24.5114,28.9225,33.0075,35.2252,38.9622,42.2769,45.6492,46.4045,46.7135,48.3082,48.6765,50.9082,51.5269,52.141,54.3278,53.6159,54.6395,57.0601,56.8474,55.6025,50.7923,48.4719,46.7944
773,28.1742,27.8662,29.2679,31.7963,31.3559,32.3064,31.2028,28.0503,27.6685,26.4093,25.0668,24.2272,24.2273,23.9552,24.4804,22.7005,22.4262,22.3997,22.5858,21.1882,16.9402,12.5941,10.0581,9.38856,9.40342,9.671,9.63225,9.5205,9.42657,10.668,11.8097,12.628,13.9415,14.1965,15.3459,16.1417,17.5766,20.5516,24.013,28.1412,32.1651,33.9912,37.8245,41.5417,44.4952,44.9388,45.6573,47.2307,48.0648,49.6765,49.9029,51.0083,53.1915,52.42,53.7376,55.8445,55.1016,54.1577,49.8801,46.294,45.1874
773.5,27.5468,27.066,28.5827,30.9723,30.5277,31.3891,30.5282,27.7105,27.4207,25.9566,24.6714,23.708,24.0251,23.5722,24.1305,22.3364,22.1569,22.1631,22.0108,21.0221,16.7012,12.4104,9.76328,9.22539,9.19455,9.55038,9.46512,9.38814,9.24714,10.3847,11.5023,12.2422,13.6551,14.0557,14.9214,15.9848,17.1446,20.0454,23.5397,27.2458,31.2299,32.9239,36.7922,40.998,43.3978,43.734,44.1607,46.3388,47.0574,48.2119,48.1502,50.0768,51.5443,50.847,52.4498,54.5455,53.6985,52.7677,48.4535,45.4314,44.5243
774,27.1451,26.8582,28.0972,30.1534,29.9245,29.9729,29.9236,27.2111,26.9592,25.4598,24.6297,23.5023,23.6191,23.4293,23.6643,22.2632,21.8688,21.5234,21.6953,20.796,16.3709,12.1328,9.55463,9.06225,9.05926,9.55693,9.39705,9.22747,9.08388,10.1738,11.3108,11.9493,13.405,13.7811,14.6297,15.5628,16.6381,19.5064,22.9206,26.4479,30.1757,31.7741,36.0262,40.1701,42.2727,42.4184,43.2717,45.1229,45.6784,47.2077,47.0604,48.9859,50.0059,49.4975,50.6273,53.3031,52.4999,51.4879,47.6288,43.9315,42.9011
774.5,27.0051,26.5746,27.7398,29.3533,29.166,29.2142,29.3264,27.1809,26.4069,24.8407,24.275,23.093,23.189,23.3051,23.3675,22.0794,21.4188,21.2404,21.3885,20.1588,16.1283,11.9545,9.56641,8.96089,9.04551,9.62727,9.42071,9.11116,8.97446,10.002,11.0555,11.6952,13.0845,13.4887,14.4754,15.2707,16.3469,19.1355,22.4355,25.6733,29.5276,31.1117,35.0551,39.0754,41.0016,41.4827,41.9146,43.8195,44.3844,45.6212,45.9327,47.9305,48.8526,48.1709,49.5508,51.5347,51.2647,50.1558,45.9664,43.247,41.9466
775,26.3373,25.9983,27.3956,28.8597,28.4848,28.4346,28.6869,27.3139,25.7286,24.141,23.8592,22.9548,22.7401,23.1004,23.0717,21.7606,21.0628,20.8525,21.3098,19.8716,15.7488,11.8168,9.56583,8.95149,9.0123,9.48803,9.34272,8.98412,8.83375,9.76681,10.8671,11.5222,12.9428,13.272,14.3311,14.7966,15.922,18.7144,21.8485,25.2539,28.6639,29.9599,34.2965,38.098,39.8313,40.4342,41.1832,42.5522,42.602,44.0967,45.1771,46.4592,47.2397,47.2154,48.0221,50.0376,50.2624,49.1975,44.5122,42.1246,40.4955
775.5,25.5295,25.2842,26.8971,28.2562,27.7477,28.0717,28.2274,27.0757,25.3762,23.8978,23.4146,22.364,22.2928,22.5612,22.8805,21.5178,20.8931,20.6323,21.023,19.592,15.492,11.7132,9.39665,8.88484,9.03313,9.41492,9.14651,8.89348,8.61543,9.56062,10.5713,11.3487,12.7145,13.0848,13.9364,14.3642,15.6084,18.2324,21.2938,24.896,27.986,29.3923,33.4029,37.1445,38.711,39.8041,40.0072,40.9719,41.5873,43.0442,44.2572,45.4102,45.958,46.1278,46.8078,48.4858,49.3554,47.8985,43.3628,41.3606,39.7078
776,24.657,24.6766,26.2142,27.899,27.6025,27.5201,27.5612,26.7755,25.0692,23.7409,23.2088,21.8527,22.0023,22.273,22.7797,21.2052,20.8216,20.4312,20.5541,19.2915,15.1681,11.6264,9.24058,8.83678,8.8472,9.21148,8.94873,8.75519,8.54183,9.44191,10.3494,11.1834,12.577,12.6002,13.471,14.0857,15.1979,17.7841,20.7802,24.3714,27.4611,28.3732,32.6277,35.6349,37.5975,38.6856,39.2499,39.6977,40.7202,42.2491,43.2729,44.3227,44.9783,45.7332,45.5741,47.8215,48.4522,46.5923,41.9804,40.3117,38.6222
776.5,24.1594,24.3826,25.299,27.7114,27.2693,27.2023,27.0864,26.2806,24.7105,23.6345,22.8771,21.5368,22.0302,21.7643,22.3714,21.0476,20.5743,20.2321,20.3859,19.2679,14.9772,11.4256,9.05907,8.66685,8.79335,9.1338,8.77066,8.69543,8.40013,9.35646,10.1271,11.0067,12.1961,12.4084,13.2002,13.7543,14.8043,17.3099,20.1433,23.6619,26.8688,27.7118,31.8262,34.4349,36.7637,38.1705,38.1978,38.4586,40.472,41.194,42.2211,43.4189,43.7755,44.6414,45.0569,46.3278,47.5045,45.4651,41.0343,39.4773,37.7491
777,23.7951,23.8554,24.6368,27.148,27.1385,26.9993,26.322,25.9641,24.3054,23.289,22.8377,20.9886,21.8312,21.2136,21.9429,20.8697,20.2269,19.8728,20.1882,18.8422,14.9232,11.2921,8.98344,8.56727,8.67933,9.00007,8.7004,8.58099,8.32482,9.23606,10.0841,10.8792,11.9164,12.1446,12.7757,13.5603,14.5704,16.8787,19.6392,22.7871,26.2323,27.24,31.231,33.2398,35.8005,37.3581,37.4988,37.5857,39.9203,40.3939,41.2584,42.4011,43.2284,44.2011,44.1681,45.2767,46.2784,44.5473,39.8825,38.6311,36.786
777.5,23.7121,23.4488,24.1855,26.5186,26.7093,26.8855,25.9811,25.7244,23.7731,22.6395,22.5458,20.6167,21.5799,20.756,21.5709,20.6641,20.1157,19.5238,20.0157,18.4786,14.9196,11.0699,8.86856,8.42351,8.66998,8.99502,8.54401,8.41179,8.3152,9.11157,9.95675,10.7776,11.6385,11.857,12.6958,13.2666,14.2918,16.1872,19.246,22.1726,25.716,26.8838,30.399,32.5633,34.7255,36.5245,36.8876,36.9156,38.9887,39.2717,39.7646,41.2006,42.0661,42.578,43.221,43.5869,45.3226,43.3871,38.7967,37.5036,35.4854
778,23.6362,23.1422,23.8314,25.8499,26.4668,26.2287,25.2491,25.2109,23.2732,22.3206,22.2941,20.4654,21.2462,20.7857,21.2074,20.3053,19.8253,19.4791,19.9923,18.3788,14.9342,10.8244,8.81743,8.4211,8.52724,8.95626,8.46666,8.22261,8.20342,8.87659,9.8761,10.7291,11.4275,11.6492,12.4027,12.9789,13.9358,15.6983,18.7355,21.556,25.146,26.3067,29.8898,31.576,33.8382,35.5816,36.1794,35.7765,38.0389,38.2149,38.4118,40.1107,41.055,41.7294,42.2882,42.4375,44.2421,42.2295,37.844,36.3926,34.4278
778.5,23.1463,22.882,23.7556,25.2662,26.1701,25.5148,24.9069,25.011,22.9599,21.8673,21.9643,20.5045,20.8607,20.5869,20.8844,19.9697,19.811,19.1033,19.8053,18.2462,14.776,10.7597,8.60386,8.29388,8.46559,8.91237,8.36714,8.04777,8.06712,8.60738,9.6779,10.6651,11.305,11.5135,12.2394,12.8578,13.6389,15.1051,18.3371,21.1088,24.535,25.8291,29.2325,30.9711,33.0273,34.5183,34.9955,34.7201,36.9727,37.5836,37.601,39.1569,40.128,40.6002,41.4019,41.7987,43.4672,40.8602,37.6511,35.3853,33.6423
779,22.6951,22.6489,23.2789,24.799,25.6654,24.9853,24.4335,24.6797,22.6368,21.5725,21.7172,20.3992,20.4474,20.6165,20.3477,19.5855,19.6722,18.9509,19.667,18.1023,14.5759,10.6849,8.51172,8.19314,8.24261,8.7776,8.4035,8.00804,7.87426,8.45368,9.5938,10.5893,11.221,11.3959,11.8659,12.4841,13.3494,14.7195,17.8002,20.4174,23.6406,25.1961,28.5989,30.0485,32.1053,33.8393,34.1542,33.932,35.4364,36.9981,36.7362,38.3042,39.0143,39.61,40.5806,41.3389,42.1387,40.1353,37.0596,34.8459,33.0855
779.5,22.1232,22.3613,23.0435,24.426,24.9798,24.6546,24.1328,24.5162,22.745,21.0768,21.4433,20.4374,20.1501,20.4347,19.9847,19.335,19.6585,18.7456,19.4773,17.8789,14.3966,10.595,8.40679,8.06679,8.15247,8.72066,8.35861,7.88461,7.73788,8.31475,9.33371,10.5101,11.0642,11.262,11.7122,12.143,13.1823,14.3947,17.4573,20.0367,23.0468,24.591,28.0379,29.4433,31.1872,33.0612,33.1253,33.2104,34.4116,35.7505,36.4671,37.5179,38.0457,38.741,39.2396,40.8098,41.1798,38.596,36.5474,33.9911,32.6418
780,21.635,22.1637,22.7191,24.0732,24.4873,24.3472,24.0403,24.1193,22.474,20.8471,21.1366,20.0505,19.9883,20.2354,19.8501,19.1128,19.488,18.4253,19.2189,17.6473,14.2859,10.5027,8.38385,7.96903,8.0633,8.61893,8.14894,7.82836,7.58356,8.32745,9.32899,10.4295,10.664,11.1247,11.4397,11.7012,13.0284,14.2179,17.0289,19.7573,22.3255,24.2433,27.4363,29.1913,30.6448,32.3666,32.5461,32.4171,33.6688,34.9175,35.9639,36.7954,37.3205,37.8163,38.362,39.2637,40.1601,37.7521,35.7203,33.2898,31.6847
780.5,21.1105,21.9848,22.6244,23.7257,24.2736,23.8581,23.6075,23.7768,22.1814,20.5341,20.8368,19.8607,19.9237,19.9212,19.5486,18.946,19.0706,18.3618,18.9707,17.4998,13.9721,10.2762,8.26025,7.92065,8.07963,8.54762,8.03742,7.80497,7.58835,8.25439,9.18454,10.3254,10.4722,10.9184,11.2757,11.4627,12.7296,13.9486,16.6368,19.4763,22.0379,23.8742,26.6268,28.9116,30.2183,31.844,31.8239,31.4086,33.1565,33.7064,35.5945,36.1581,36.313,37.0554,37.3833,38.1609,39.3228,36.2598,34.99,32.253,30.8672
781,20.8315,21.7293,22.4198,23.6141,24.0413,23.4373,23.2944,23.3588,21.8706,20.6159,20.5468,19.5969,19.7969,19.6429,19.1983,18.6539,18.6559,18.3495,18.5969,17.3397,13.78,10.1731,8.156,7.80236,7.91774,8.42185,7.94795,7.76848,7.53677,8.29127,9.25988,10.0876,10.2526,10.8278,11.1263,11.2992,12.4447,13.6411,16.2302,18.8916,21.4104,23.5,25.8614,28.6001,29.5499,31.5282,31.0292,30.9745,32.5152,33.0317,34.8323,35.0703,35.6392,36.0034,36.7762,37.2838,38.4168,35.5082,34.2852,31.5418,29.9512
781.5,20.802,21.3399,22.1851,23.1594,23.6751,22.8435,23.0635,23.1239,21.65,20.622,20.342,19.4795,19.6137,19.3464,19.137,18.1648,18.2387,18.1685,18.4502,17.1895,13.6582,10.1781,7.99939,7.56552,7.76173,8.28168,7.88161,7.71997,7.50316,8.19867,8.99618,9.83205,10.136,10.5661,10.8913,11.1222,12.1082,13.3468,15.9309,18.6236,20.9945,22.9578,25.2228,27.8701,29.0866,30.7774,30.1787,30.4071,31.8931,32.1748,34.1192,34.045,35.0648,35.5801,35.9791,35.9806,37.7982,34.6378,33.3579,30.5642,29.2247
782,20.5647,20.804,21.8215,22.9034,23.3038,22.2314,22.9202,22.6647,21.3837,20.5071,20.1294,19.2589,19.2991,19.1361,18.9462,17.8943,17.9905,17.9198,18.1483,17.1116,13.5129,10.2289,7.98368,7.31746,7.66929,8.23432,7.89456,7.61162,7.42906,8.11036,8.88808,9.44454,10.0027,10.34,10.7107,11.015,11.8537,13.0423,15.6262,18.2454,20.6452,22.5951,24.4699,27.3665,28.2044,30.2689,29.2784,29.9768,31.2624,31.9741,33.5242,33.188,34.7345,34.4876,35.0826,35.9606,36.8159,34.5893,32.5719,30.0297,28.7733
782.5,20.5957,20.4873,21.3608,22.2928,22.789,21.6328,22.6367,22.1095,20.879,20.4954,19.7258,18.8883,19.0988,19.091,18.947,17.825,17.8098,17.8046,18.0034,17.0916,13.4539,10.2391,7.9837,7.12717,7.52224,8.05486,7.71685,7.50672,7.21721,7.9833,8.63285,9.14317,9.85141,10.2113,10.5494,10.8759,11.6597,12.8336,15.3226,18.2192,20.1485,22.4003,23.812,26.6956,28.0059,29.2876,28.7093,29.4378,30.9893,31.7736,32.7194,32.5339,34.3415,34.1571,34.1883,35.2715,36.2393,34.2662,32.1255,29.4071,28.3237
783,19.9414,20.2268,21.0975,21.784,22.2812,21.3935,22.3456,21.7373,20.3967,20.1069,19.3865,18.5933,18.7433,18.8725,18.8699,17.7935,17.6005,17.3997,17.7803,16.8372,13.2729,10.2309,7.95327,6.97872,7.50619,8.03072,7.58884,7.40936,7.07294,7.96665,8.64244,9.03733,9.78397,10.1249,10.5352,10.6375,11.4294,12.6807,15.0072,17.9325,19.8851,22.2851,23.2291,25.9697,27.2821,28.6672,28.0152,28.8242,30.3229,31.2153,32.0109,32.3072,33.6066,32.9795,33.5736,35.1598,35.3273,34.0612,31.6677,28.7957,27.9536
783.5,19.5272,19.9204,20.8656,21.6229,22.2764,21.4664,21.6558,21.1717,20.0618,20.0159,18.8629,18.1646,18.6834,18.5448,18.6516,17.533,17.6258,17.3166,17.2695,16.6896,13.0293,10.0807,7.99603,7.08082,7.4589,7.97042,7.52169,7.3178,6.89614,7.84175,8.65968,9.0567,9.74552,9.95778,10.4028,10.4562,11.1447,12.517,14.8825,17.6291,19.607,21.9453,22.9852,25.4031,26.7885,27.9826,27.8806,28.4211,29.855,30.4228,31.2863,31.747,32.8882,32.6606,32.9834,34.6417,34.5794,33.3827,31.0593,28.4841,27.6429
784,19.2889,19.4917,20.5536,21.6176,21.9515,21.8177,21.5563,20.9625,19.7991,19.7448,18.7591,17.8128,18.3745,18.4425,18.5925,17.4148,17.5255,17.2485,17.4003,16.4758,13.0186,9.9765,7.84402,7.0398,7.40229,7.94112,7.47106,7.19014,6.8669,7.9068,8.68617,9.1202,9.65447,9.79975,10.2718,10.2477,11.0397,12.2861,14.3285,17.2446,19.2453,21.5897,22.4905,24.9479,26.5661,27.4913,27.627,27.7169,28.9761,29.7454,30.9572,31.0033,32.1923,32.1302,32.4271,34.1435,33.8529,32.5532,30.1302,28.2151,27.0606
784.5,19.3118,19.1112,20.2308,21.537,21.4115,21.876,21.0508,20.5556,19.5007,19.4784,18.5592,17.6681,18.144,18.3065,18.4816,17.3991,17.5543,17.1803,17.046,16.4311,12.9517,9.89872,7.80784,7.1587,7.40691,7.8975,7.36395,7.11822,6.78657,7.7773,8.58983,9.08819,9.53622,9.6993,10.1161,10.0522,10.8413,11.987,13.9794,16.9363,19.0499,21.1894,22.3695,24.5976,26.2677,26.9454,27.1821,26.9844,28.4441,29.4382,30.358,30.3828,31.5418,31.9944,31.7648,33.2852,33.3041,31.9871,29.6063,27.4933,26.7342
785,19.1068,18.8482,19.9942,21.3544,21.2176,21.5558,20.8481,20.1445,19.4489,19.2146,18.6475,17.6005,18.0177,18.5723,18.2884,17.1115,17.4323,17.2401,16.9542,16.314,13.0348,9.81032,7.61906,7.19216,7.32744,7.77975,7.15883,6.95885,6.76792,7.57943,8.48575,8.97613,9.33992,9.56566,9.99377,9.96343,10.7345,11.7817,13.7303,16.6653,18.5852,20.8118,21.9102,24.5637,26.0634,26.5542,26.6633,26.2967,27.841,29.2067,29.8995,30.0491,30.924,31.1315,31.0329,32.8809,32.5389,31.4774,29.0646,26.933,26.3146
785.5,18.8327,18.6451,19.6664,21.187,20.8391,21.329,20.4212,19.8379,19.22,18.9813,18.2899,17.7101,17.9124,18.3222,18.138,16.9925,17.2747,17.2007,16.8884,16.148,12.9341,9.73842,7.49373,7.21359,7.24956,7.7092,7.03473,6.89552,6.69543,7.37817,8.33463,8.89915,9.24993,9.51728,9.87654,9.86095,10.4784,11.5227,13.6746,16.5207,18.3098,20.514,21.4737,24.2373,25.7321,26.0528,26.0162,25.6397,27.5933,28.8041,29.2016,29.7648,30.4215,30.3704,30.7252,32.3433,32.1734,31.3478,28.5292,26.324,25.5924
786,18.59,18.2694,19.5342,20.9881,20.7858,21.0422,20.2714,19.1096,18.8705,18.9704,17.9211,17.6761,17.8754,18.1197,18.039,16.5909,16.9744,17.0667,16.6718,16.186,12.7272,9.60729,7.35182,7.16424,7.14678,7.56983,7.02775,6.78682,6.62266,7.20013,8.16765,8.70004,9.11815,9.39154,9.75963,9.6588,10.2963,11.3945,13.5486,16.2264,18.1343,19.9407,21.4018,23.9194,25.1593,25.5272,25.6805,25.2786,27.4502,28.214,28.7899,29.2346,29.626,29.6338,30.0542,31.5961,31.6712,31.0153,28.0063,25.9294,25.0924
786.5,18.4599,17.7812,19.4375,20.7304,20.6801,20.6542,20.1273,19.3134,18.8315,18.8244,17.5602,17.7501,17.6673,17.9736,17.9154,16.4043,16.7547,17.1529,16.3797,16.0605,12.7481,9.51149,7.14145,7.1527,7.11671,7.50639,7.04167,6.78301,6.51709,7.25282,7.95615,8.52828,9.16572,9.28558,9.59965,9.55975,10.0902,11.2455,13.2696,15.9743,17.567,19.535,21.1015,23.3067,24.6697,25.4178,25.2908,25.0133,27.0577,27.9177,28.1831,28.7841,28.9858,29.2118,29.5048,31.1668,31.089,30.6156,27.7222,25.7161,24.6445
787,18.4745,17.5519,19.4449,20.5183,20.593,20.2939,19.9684,19.572,18.671,18.9182,17.2792,17.3378,17.4223,17.9887,17.6751,16.3751,16.5767,16.9602,16.1476,16.0809,12.7364,9.45539,7.02857,7.05785,7.06677,7.36488,7.01076,6.70922,6.454,7.19951,7.71753,8.49897,8.95882,9.2801,9.46268,9.3172,9.91494,11.1483,13.0393,15.6815,17.2357,19.0465,20.9713,22.953,24.0907,24.8964,24.81,24.8695,26.7213,27.4347,27.759,28.3186,28.2238,29.1825,29.0797,30.3529,30.3484,30.0397,27.1149,25.509,24.4432
787.5,18.5416,16.9033,19.2815,20.2407,20.5511,20.0407,19.6806,19.6361,18.6839,18.9315,17.2782,17.1518,17.2705,17.8553,17.0911,16.3674,16.505,16.744,16.0617,15.9203,12.705,9.39933,6.98329,7.00361,7.01509,7.24201,6.96324,6.74026,6.48274,7.23228,7.6113,8.45067,8.91859,9.23051,9.2856,9.27168,9.71339,11.1185,12.7678,15.4826,16.9222,18.9617,20.7139,22.412,23.5857,24.6088,24.2587,24.6023,26.4036,27.0198,27.3572,27.9272,28.0797,28.8773,28.7215,29.7483,29.8257,29.4814,26.8008,25.2303,24.4009
788,18.2631,16.765,18.7967,20.0268,20.2822,19.9098,19.6228,19.5846,18.3847,18.7345,17.1819,17.0614,17.2925,17.5826,16.6657,16.459,16.3122,16.4493,16.0344,15.7481,12.5105,9.31365,6.85758,6.97846,6.91013,7.10671,6.82438,6.70822,6.45078,7.10708,7.54306,8.5349,8.82575,9.16332,9.19797,9.07566,9.56617,10.919,12.5884,15.0778,16.7717,18.7946,20.3535,22.0544,22.9472,24.1733,23.7305,24.3141,26.1125,26.6308,26.8798,27.2014,27.7408,28.1914,28.76,29.3387,29.3244,29.061,26.4896,24.9766,23.8182
788.5,17.9956,16.5339,18.54,19.6082,20.0645,19.815,19.5671,19.1994,18.2086,18.532,17.1455,16.7981,17.2512,17.3901,16.4675,16.3798,16.0448,15.9885,15.7842,15.4708,12.4435,9.1978,6.74334,6.9276,6.82604,7.086,6.72412,6.71698,6.43809,7.08311,7.50144,8.39965,8.69604,8.98719,9.00704,9.02294,9.40469,10.7181,12.4179,14.7584,16.5665,18.617,19.9521,21.5978,22.2504,23.8998,23.2903,23.9344,25.5522,26.217,26.6095,26.7124,27.314,27.663,28.3197,29.0492,28.6763,28.6147,26.2052,24.4978,23.2633
789,17.7652,16.6592,17.9587,19.2016,19.6321,19.6131,19.5586,19.2093,17.7946,18.3228,17.0924,16.5148,16.9045,17.0688,16.4185,15.9076,15.8468,15.89,15.5721,15.1875,12.3468,9.07479,6.71295,6.86999,6.7846,7.11092,6.66639,6.61496,6.43839,7.10174,7.5181,8.30829,8.53316,8.8893,8.87442,8.92522,9.38808,10.5459,12.3174,14.5318,16.3703,18.179,19.4432,21.318,21.6954,23.427,23.0984,23.5527,25.1206,25.7162,25.8913,25.9054,26.8411,27.3403,27.7288,28.8422,28.3821,28.3018,25.9073,24.0013,23.1888
789.5,17.4858,16.7619,17.5116,18.7693,19.3989,19.2531,19.5778,19.3894,17.6259,18.0828,17.1104,16.2133,16.5592,16.7055,16.533,15.6488,15.3423,15.8834,15.4961,14.9467,12.4091,8.92079,6.7153,6.79784,6.77993,7.13553,6.55815,6.54981,6.3608,7.12992,7.40449,8.18074,8.42115,8.74246,8.75264,8.85544,9.13156,10.3288,12.1588,14.4199,16.0877,17.8783,19.0638,21.0891,21.1754,22.9537,22.9112,23.3496,24.5617,25.2676,25.4058,25.5476,26.2008,26.9222,27.3443,28.2444,27.8035,28.0061,25.5972,23.5191,22.9556
790,17.3308,16.6476,17.1771,18.5441,19.015,18.7788,19.3459,19.3428,17.677,17.7612,17.2028,16.0977,16.3859,16.3321,16.4396,15.6971,15.2657,15.8079,15.3451,14.9227,12.2629,8.84049,6.79954,6.72891,6.78857,7.04189,6.52377,6.44006,6.26491,7.03356,7.35909,8.09556,8.3721,8.63927,8.70778,8.72744,9.02332,10.0779,12.0569,14.255,15.8539,17.4602,18.7356,20.9344,21.1067,22.7786,22.8389,22.9802,24.3118,24.6948,24.8407,25.1765,25.9371,26.3864,26.6551,27.7129,27.4937,27.4012,24.957,23.4039,22.8005
790.5,17.1429,16.6277,16.8677,18.1125,18.945,18.6099,19.182,19.2204,17.801,17.5529,17.0206,15.9924,16.3742,16.0715,16.2817,15.7073,15.1029,15.6625,15.4894,14.9899,12.1044,8.74742,6.81209,6.70859,6.65911,7.02914,6.47245,6.36616,6.22692,6.9397,7.35267,8.02927,8.34672,8.55798,8.54182,8.51641,8.79269,9.84979,11.815,14.0463,15.6961,17.1278,18.4702,20.592,20.8792,22.4147,22.4857,22.7153,23.9768,24.4171,24.5846,25.0524,25.6058,25.9132,26.4637,27.1346,26.933,27.0019,24.636,23.0377,22.2588
791,16.862,16.3134,16.8231,17.8347,18.6877,18.3867,19.0285,18.9156,17.5982,17.3109,16.7463,15.5172,16.5721,15.7845,16.2038,15.7141,15.3244,15.5193,15.109,14.8671,11.8337,8.68387,6.73268,6.66751,6.55013,6.99987,6.41304,6.32621,6.14979,6.77582,7.30665,7.97675,8.25959,8.4856,8.48697,8.37557,8.83722,9.72886,11.635,13.7309,15.3824,16.6035,18.2382,20.315,20.7273,22.1889,22.2709,22.3386,23.7943,23.9658,24.2435,24.873,25.3759,25.4186,25.762,26.8616,26.3968,26.4646,24.0469,22.8882,21.8271
791.5,16.8251,16.1151,16.4697,18.0714,18.7584,18.4115,18.8222,18.7446,17.4439,17.4374,16.5167,15.3415,16.5855,15.7089,16.0974,15.6287,15.1616,15.379,15.019,14.7,11.7387,8.67002,6.71964,6.58981,6.45516,6.91119,6.43441,6.35634,6.13303,6.74686,7.20387,7.90945,8.19133,8.3432,8.29378,8.40943,8.75817,9.59651,11.4642,13.5723,15.2386,16.3237,17.8947,19.8968,20.6063,21.7892,21.9099,21.8765,23.5183,23.8089,23.744,24.5343,24.9571,25.2819,25.4728,26.424,26.0121,26.1061,23.8038,22.5509,21.5657
792,16.5341,15.8503,16.4574,17.8767,18.7014,18.5035,18.7005,18.5975,17.2639,17.2753,16.3516,15.0473,16.4662,15.7206,16.1257,15.4665,15.1482,15.2646,14.8927,14.5176,11.639,8.66572,6.67523,6.51251,6.38787,6.85003,6.38628,6.32446,6.13743,6.64415,7.18121,7.84609,8.12992,8.20395,8.27835,8.31526,8.7072,9.59616,11.2651,13.3525,14.9544,16.0053,17.6873,19.7549,20.4917,21.411,21.6242,21.6972,23.2509,23.4998,23.2952,24.155,24.6975,25.1649,25.2698,25.9602,25.8076,25.4114,23.498,21.9168,21.2542
792.5,16.3549,15.7981,16.5457,17.8242,18.6896,18.4356,18.3736,18.3957,17.0656,17.1741,16.1843,15.1152,16.2158,15.7614,15.9634,15.1715,14.5838,15.1181,14.871,14.2436,11.6067,8.69491,6.71549,6.45021,6.36083,6.76748,6.34825,6.2695,6.10756,6.53436,7.10972,7.75495,8.02431,8.0449,8.17048,8.20756,8.64269,9.45266,11.1143,13.1801,14.7222,16.0233,17.3268,19.4758,19.994,21.1326,21.3947,21.2814,23.0135,23.1073,23.2426,23.8502,24.3749,24.8577,25.0976,25.7261,25.7276,24.9217,23.2188,21.5009,21.0797
793,16.2975,15.5485,16.5789,17.7384,18.4748,18.0285,18.3171,18.2127,17.1817,16.9682,16.0777,14.9582,16.0054,15.7564,15.7433,14.9888,14.3294,14.9343,14.7901,14.1078,11.4248,8.66033,6.63017,6.37134,6.38059,6.71201,6.24419,6.1107,5.97884,6.53613,7.07795,7.66138,7.87328,7.93078,8.05101,8.08446,8.56517,9.31239,10.8059,13.0405,14.4827,16.0689,17.0414,19.5081,19.6963,20.9207,21.2261,21.318,22.6048,22.9995,23.0656,23.2118,24.3435,24.6565,24.7055,25.2833,25.4782,24.6705,22.5453,21.0845,20.813
793.5,16.1188,15.4141,16.4853,17.524,18.2784,17.9521,18.1787,17.9912,17.1099,16.6547,15.9325,14.7461,15.7161,15.8614,15.5566,14.7924,14.0528,14.5647,14.8055,13.8287,11.4556,8.53612,6.58875,6.3165,6.4398,6.65189,6.18575,5.93053,5.84371,6.50974,7.0084,7.56184,7.75257,7.89302,7.9581,7.92545,8.44467,9.23879,10.6697,13.032,14.3212,15.9208,16.7546,19.3655,19.2791,20.5635,21.0509,20.9789,22.2775,22.8101,22.844,22.7284,23.969,24.3139,24.3993,24.7732,25.2275,24.3913,21.7706,20.9932,20.4904
794,16.0381,15.4167,16.3765,17.4671,17.9719,17.8433,17.8824,17.7891,16.9164,16.5446,15.8376,14.6934,15.4352,15.7225,15.1381,14.7419,13.9388,13.9579,14.7213,13.6549,11.2877,8.49474,6.5792,6.19838,6.40017,6.53819,6.13669,5.80369,5.73565,6.49362,6.98142,7.40904,7.59899,7.80413,7.716,7.80305,8.39542,9.06663,10.4887,12.8593,13.9658,15.7467,16.4715,19.0756,19.0055,20.3746,20.8552,20.6836,21.9126,22.5151,22.5002,22.4281,23.6897,23.6834,23.9896,24.3765,24.8672,23.8568,21.502,20.7347,19.9999
794.5,15.8842,15.4371,16.1255,17.2368,17.6728,17.8376,17.7927,17.5473,16.8627,16.4055,15.7544,14.7982,15.0188,15.4991,14.9227,14.6599,13.9525,13.684,14.4481,13.2827,10.9319,8.37707,6.45761,6.0742,6.39301,6.43248,6.10868,5.68823,5.72353,6.41095,6.91748,7.32158,7.60329,7.65948,7.57109,7.73685,8.22141,8.83933,10.3235,12.7031,13.8585,15.5101,16.1327,18.6745,18.7382,19.9943,20.5245,20.1205,21.698,22.0613,22.2629,22.166,23.0636,23.4745,23.9219,23.8624,24.171,23.2769,21.3431,20.5521,19.5999
795,15.8351,15.3491,16.033,16.7523,17.4063,17.4703,17.7057,17.3321,16.807,16.323,15.4214,15.0286,14.7381,15.2654,14.5097,14.4784,13.8272,13.3495,14.1828,13.3131,10.7214,8.2814,6.42139,5.96746,6.26327,6.38421,6.05165,5.73818,5.74755,6.3476,6.82998,7.20262,7.47746,7.50483,7.42286,7.70908,8.02734,8.5792,10.0588,12.4681,13.6521,15.2554,15.8729,18.1904,18.4652,19.608,20.1917,19.9289,21.4147,21.621,21.9619,21.9082,22.5323,23.1181,23.6879,23.7694,23.6517,22.8422,21.2507,20.2892,19.2696
795.5,15.5599,15.1052,15.9967,16.2134,17.2816,17.3123,17.2662,17.1545,16.6915,16.0736,15.0104,14.827,14.704,15.134,14.4371,14.1933,13.5862,13.6487,14.0666,13.3137,10.5209,8.119,6.38084,5.8313,6.19918,6.32293,5.98226,5.7914,5.75501,6.17942,6.77492,7.16904,7.35187,7.3981,7.27122,7.56353,7.85346,8.37583,9.91193,12.185,13.4895,15.0177,15.7631,17.7602,18.2845,19.2658,19.7604,19.7823,21.3391,21.2166,21.5059,21.5555,22.0334,23.0583,23.234,23.3463,23.3397,22.7718,20.8701,20.3551,18.8532
796,15.1396,14.9374,15.8456,15.8163,16.8194,17.1232,16.8779,16.9816,16.5077,15.767,14.7709,14.6735,14.6701,14.7472,14.2424,14.0248,13.2163,13.5375,13.9936,13.4484,10.6251,7.80945,6.3401,5.83066,6.04231,6.38216,5.80381,5.80054,5.75105,6.08085,6.68885,7.13409,7.24998,7.38988,7.25466,7.51956,7.69502,8.20273,9.86085,11.8889,13.315,14.8014,15.613,17.3343,18.0243,19.0324,19.443,19.4806,20.8891,21.0499,20.8632,21.2774,21.734,22.648,22.7255,23.1438,22.7901,22.4655,20.5474,20.0247,18.775
796.5,14.731,14.7423,15.6405,15.7547,16.3466,17.052,16.6884,16.8096,16.1336,15.4258,14.5855,14.4507,14.5624,14.5845,14.2359,13.79,13.0915,13.4587,14.0934,13.1969,10.5078,7.5778,6.32652,5.74251,6.01646,6.40079,5.67813,5.77893,5.70396,5.97235,6.63663,7.0959,7.14319,7.34815,7.17799,7.32447,7.5228,8.17704,9.84901,11.5889,13.0845,14.6797,15.4861,17.1843,17.8482,18.8953,18.9432,19.2813,20.5895,20.6446,20.5566,20.9453,21.2915,22.3073,22.5055,22.9223,22.552,22.5974,20.2962,19.8135,18.7265
797,14.5711,14.612,15.3954,15.5808,15.9184,16.8274,16.592,16.5412,15.725,15.1804,14.4135,14.3626,14.2352,14.333,14.2206,13.6846,13.1377,13.177,13.9163,12.9899,10.352,7.58748,6.26192,5.64947,5.92555,6.35183,5.55325,5.68244,5.60225,5.95657,6.53385,6.99297,7.06623,7.31496,7.15979,7.31091,7.45939,8.13196,9.69179,11.2134,12.9123,14.4977,15.2922,17.0005,17.4922,18.9063,18.5964,18.8669,19.968,20.3374,19.993,20.4128,21.1112,22.0331,22.3682,22.5835,22.0385,22.1826,20.2407,19.4098,18.5375
797.5,14.4767,14.4438,15.1352,15.526,15.4974,16.493,16.5165,16.3005,15.4404,15.0138,14.0288,14.122,13.8401,14.3579,14.201,13.7519,13.2378,13.2702,13.7955,12.8658,10.2057,7.60445,6.15227,5.62395,5.89794,6.2303,5.50298,5.52887,5.53586,5.94338,6.45137,6.94963,6.92309,7.23493,7.18223,7.09976,7.39997,8.03866,9.60972,10.8589,12.8031,14.3266,15.1954,16.7575,17.1412,18.7742,18.3475,18.6165,19.7588,19.9043,19.7999,19.8019,20.787,21.646,22.0335,22.376,21.9115,21.7193,19.8647,19.0769,18.3762
798,14.4587,14.1687,15.0641,15.1553,15.2769,16.2723,16.1635,16.1819,14.8992,14.7925,13.6795,13.8682,13.5479,14.2559,14.0848,13.5968,13.1595,13.1884,13.6509,12.6088,10.0952,7.59435,6.10997,5.53677,5.83513,6.06699,5.45601,5.40756,5.47658,5.94499,6.37096,6.79909,6.86561,7.07022,7.13739,6.98268,7.32687,8.01384,9.45312,10.5979,12.696,14.1354,14.9904,16.5121,16.9738,18.3571,18.1702,18.475,19.5824,19.5556,19.7807,19.2959,20.5321,21.2452,21.7667,21.992,21.5278,21.487,19.5607,18.9453,17.9355
798.5,14.066,14.0411,14.7955,14.767,15.0299,16.0718,15.8279,16.153,14.5135,14.536,13.6037,13.6501,13.3799,14.1573,13.8342,13.3857,13.0296,13.1568,13.4772,12.4266,9.93686,7.53075,5.97946,5.62993,5.81107,5.89918,5.37953,5.31386,5.43543,5.86487,6.26219,6.71522,6.81195,6.95733,7.05873,6.84375,7.19877,8.01945,9.31684,10.509,12.5399,13.8664,14.6892,16.3237,16.6644,18.1238,17.9637,18.0926,19.4532,19.4129,19.622,19.2245,20.2816,20.8131,21.3089,21.8639,21.0776,21.061,19.183,18.3417,17.6093
799,13.7716,13.6571,14.5427,14.673,14.975,15.8255,15.5501,15.8806,14.2145,14.1522,13.5839,13.3999,13.373,14.0329,13.6273,13.1426,12.7328,13.1389,13.2095,12.1126,9.82051,7.42425,5.86146,5.54367,5.73019,5.77691,5.33533,5.25668,5.33691,5.78714,6.19969,6.58223,6.8205,6.84392,6.96163,6.76033,7.11776,7.90911,9.23319,10.5343,12.2535,13.6216,14.3152,16.026,16.4669,17.6697,17.6904,17.8585,19.1792,19.2952,19.4111,19.0389,19.9547,20.2217,21.1011,21.7036,20.756,20.8578,18.9081,18.0288,17.3152
799.5,13.5577,13.3582,14.2844,14.4735,14.9758,15.691,15.3193,15.6504,13.9421,13.956,13.4403,13.2461,13.451,13.8032,13.1928,12.9784,12.4008,12.8775,13.1375,11.9033,9.76541,7.34978,5.72938,5.50067,5.67484,5.65923,5.2665,5.16338,5.22991,5.60157,6.10783,6.48368,6.83799,6.73693,6.87268,6.68685,7.06903,7.75271,8.93597,10.3448,12.0076,13.3731,14.0706,16.0093,16.0732,17.2501,17.3944,17.5065,18.8929,19.186,19.3729,19.1805,19.5841,19.8531,20.833,21.4023,20.5035,20.4392,18.7377,17.5184,17.263
800,13.3668,13.1495,14.0587,14.3157,14.6553,15.6072,15.1152,15.3267,13.8776,13.8319,13.1917,13.1551,13.1765,13.468,12.8401,12.8791,12.3788,12.5317,12.8732,11.88,9.6987,7.26257,5.58342,5.43479,5.57471,5.55598,5.26721,5.19095,5.12713,5.52774,6.04922,6.35955,6.80043,6.63616,6.75249,6.63329,6.98895,7.58002,8.84994,10.3673,11.7568,13.0963,13.9232,15.6676,15.8385,17.105,17.1402,17.2656,18.6153,19.0163,19.1662,19.056,19.1022,19.438,20.6136,20.9633,20.1773,20.177,18.7387,17.2611,16.9791
